rank,root_id,cell_type,pattern,current_predicted_nt,verified_nt,E1_confident_wrongness,E2_evidence_for_correct,suspicion_score,score_type,evidence_source,evidence_confidence,proposed_action
1,720575940629274935,ORN_DL3,ORN_SER_confusion,SER,ACH,0.93,0.02,0.9114,full (E1 x E2),"Carlsson et al., 2010; Yasuyama et al. 1999",5.0,"Review for relabel: classifier predicted SER, literature verifies ACH (source: Carlsson et al., 2010; Yasuyama et al. 1999, confidence 5.0/5)"
2,720575940621886630,R7,categorical_blindspot_HIST,GLUT,HIST,0.91,,0.91,categorical_blindspot (E1 only),"Davis et al., 2020",4.0,"Review for relabel: classifier predicted GLUT, literature verifies HIST (source: Davis et al., 2020, confidence 4.0/5)"
3,720575940623071270,ORN_DL3,ORN_SER_confusion,SER,ACH,0.93,0.03,0.9021,full (E1 x E2),"Carlsson et al., 2010; Yasuyama et al. 1999",5.0,"Review for relabel: classifier predicted SER, literature verifies ACH (source: Carlsson et al., 2010; Yasuyama et al. 1999, confidence 5.0/5)"
4,720575940627820649,ORN_DL3,ORN_SER_confusion,SER,ACH,0.92,0.02,0.9016000000000001,full (E1 x E2),"Carlsson et al., 2010; Yasuyama et al. 1999",5.0,"Review for relabel: classifier predicted SER, literature verifies ACH (source: Carlsson et al., 2010; Yasuyama et al. 1999, confidence 5.0/5)"
5,720575940630033962,ORN_DL3,ORN_SER_confusion,SER,ACH,0.92,0.03,0.8924,full (E1 x E2),"Carlsson et al., 2010; Yasuyama et al. 1999",5.0,"Review for relabel: classifier predicted SER, literature verifies ACH (source: Carlsson et al., 2010; Yasuyama et al. 1999, confidence 5.0/5)"
6,720575940625992206,R7,categorical_blindspot_HIST,GLUT,HIST,0.89,,0.89,categorical_blindspot (E1 only),"Davis et al., 2020",4.0,"Review for relabel: classifier predicted GLUT, literature verifies HIST (source: Davis et al., 2020, confidence 4.0/5)"
7,720575940636942447,R7,categorical_blindspot_HIST,GLUT,HIST,0.89,,0.89,categorical_blindspot (E1 only),"Davis et al., 2020",4.0,"Review for relabel: classifier predicted GLUT, literature verifies HIST (source: Davis et al., 2020, confidence 4.0/5)"
8,720575940620453169,R7,categorical_blindspot_HIST,ACH,HIST,0.89,,0.89,categorical_blindspot (E1 only),"Davis et al., 2020",4.0,"Review for relabel: classifier predicted ACH, literature verifies HIST (source: Davis et al., 2020, confidence 4.0/5)"
9,720575940621931958,R7,categorical_blindspot_HIST,GLUT,HIST,0.88,,0.88,categorical_blindspot (E1 only),"Davis et al., 2020",4.0,"Review for relabel: classifier predicted GLUT, literature verifies HIST (source: Davis et al., 2020, confidence 4.0/5)"
10,720575940631278444,R7,categorical_blindspot_HIST,GLUT,HIST,0.88,,0.88,categorical_blindspot (E1 only),"Davis et al., 2020",4.0,"Review for relabel: classifier predicted GLUT, literature verifies HIST (source: Davis et al., 2020, confidence 4.0/5)"
11,720575940631544740,ORN_DL3,ORN_SER_confusion,SER,ACH,0.89,0.02,0.8722,full (E1 x E2),"Carlsson et al., 2010; Yasuyama et al. 1999",5.0,"Review for relabel: classifier predicted SER, literature verifies ACH (source: Carlsson et al., 2010; Yasuyama et al. 1999, confidence 5.0/5)"
12,720575940624248870,R7,categorical_blindspot_HIST,GLUT,HIST,0.87,,0.87,categorical_blindspot (E1 only),"Davis et al., 2020",4.0,"Review for relabel: classifier predicted GLUT, literature verifies HIST (source: Davis et al., 2020, confidence 4.0/5)"
13,720575940606450110,R7,categorical_blindspot_HIST,GLUT,HIST,0.87,,0.87,categorical_blindspot (E1 only),"Davis et al., 2020",4.0,"Review for relabel: classifier predicted GLUT, literature verifies HIST (source: Davis et al., 2020, confidence 4.0/5)"
14,720575940635483031,R7,categorical_blindspot_HIST,GLUT,HIST,0.87,,0.87,categorical_blindspot (E1 only),"Davis et al., 2020",4.0,"Review for relabel: classifier predicted GLUT, literature verifies HIST (source: Davis et al., 2020, confidence 4.0/5)"
15,720575940609726731,R7,categorical_blindspot_HIST,GLUT,HIST,0.86,,0.86,categorical_blindspot (E1 only),"Davis et al., 2020",4.0,"Review for relabel: classifier predicted GLUT, literature verifies HIST (source: Davis et al., 2020, confidence 4.0/5)"
16,720575940618089428,R7,categorical_blindspot_HIST,GLUT,HIST,0.86,,0.86,categorical_blindspot (E1 only),"Davis et al., 2020",4.0,"Review for relabel: classifier predicted GLUT, literature verifies HIST (source: Davis et al., 2020, confidence 4.0/5)"
17,720575940626583059,ORN_DL3,ORN_SER_confusion,SER,ACH,0.91,0.06,0.8553999999999999,full (E1 x E2),"Carlsson et al., 2010; Yasuyama et al. 1999",5.0,"Review for relabel: classifier predicted SER, literature verifies ACH (source: Carlsson et al., 2010; Yasuyama et al. 1999, confidence 5.0/5)"
18,720575940619304212,ORN_DL3,ORN_SER_confusion,SER,ACH,0.9,0.05,0.855,full (E1 x E2),"Carlsson et al., 2010; Yasuyama et al. 1999",5.0,"Review for relabel: classifier predicted SER, literature verifies ACH (source: Carlsson et al., 2010; Yasuyama et al. 1999, confidence 5.0/5)"
19,720575940626614053,R8,categorical_blindspot_HIST,GLUT,"ACH,HIST",0.86,0.01,0.8513999999999999,full (E1 x E2),"Davis et al., 2020; Sarthy 1991",5.0,"Review for relabel: classifier predicted GLUT, literature verifies ACH/HIST (source: Davis et al., 2020; Sarthy 1991, confidence 5.0/5)"
20,720575940631237238,R7,categorical_blindspot_HIST,GLUT,HIST,0.85,,0.85,categorical_blindspot (E1 only),"Davis et al., 2020",4.0,"Review for relabel: classifier predicted GLUT, literature verifies HIST (source: Davis et al., 2020, confidence 4.0/5)"
21,720575940653401846,R7,categorical_blindspot_HIST,GABA,HIST,0.85,,0.85,categorical_blindspot (E1 only),"Davis et al., 2020",4.0,"Review for relabel: classifier predicted GABA, literature verifies HIST (source: Davis et al., 2020, confidence 4.0/5)"
22,720575940620255092,ORN_DL3,ORN_SER_confusion,SER,ACH,0.87,0.03,0.8439,full (E1 x E2),"Carlsson et al., 2010; Yasuyama et al. 1999",5.0,"Review for relabel: classifier predicted SER, literature verifies ACH (source: Carlsson et al., 2010; Yasuyama et al. 1999, confidence 5.0/5)"
23,720575940628164907,ORN_DL3,ORN_SER_confusion,SER,ACH,0.86,0.02,0.8428,full (E1 x E2),"Carlsson et al., 2010; Yasuyama et al. 1999",5.0,"Review for relabel: classifier predicted SER, literature verifies ACH (source: Carlsson et al., 2010; Yasuyama et al. 1999, confidence 5.0/5)"
24,720575940619045957,R7,categorical_blindspot_HIST,GLUT,HIST,0.84,,0.84,categorical_blindspot (E1 only),"Davis et al., 2020",4.0,"Review for relabel: classifier predicted GLUT, literature verifies HIST (source: Davis et al., 2020, confidence 4.0/5)"
25,720575940606377062,R7,categorical_blindspot_HIST,GLUT,HIST,0.84,,0.84,categorical_blindspot (E1 only),"Davis et al., 2020",4.0,"Review for relabel: classifier predicted GLUT, literature verifies HIST (source: Davis et al., 2020, confidence 4.0/5)"
26,720575940613278194,R7,categorical_blindspot_HIST,GLUT,HIST,0.84,,0.84,categorical_blindspot (E1 only),"Davis et al., 2020",4.0,"Review for relabel: classifier predicted GLUT, literature verifies HIST (source: Davis et al., 2020, confidence 4.0/5)"
27,720575940628426257,R7,categorical_blindspot_HIST,GLUT,HIST,0.84,,0.84,categorical_blindspot (E1 only),"Davis et al., 2020",4.0,"Review for relabel: classifier predicted GLUT, literature verifies HIST (source: Davis et al., 2020, confidence 4.0/5)"
28,720575940615790230,R7,categorical_blindspot_HIST,GLUT,HIST,0.84,,0.84,categorical_blindspot (E1 only),"Davis et al., 2020",4.0,"Review for relabel: classifier predicted GLUT, literature verifies HIST (source: Davis et al., 2020, confidence 4.0/5)"
29,720575940608368050,R7,categorical_blindspot_HIST,ACH,HIST,0.84,,0.84,categorical_blindspot (E1 only),"Davis et al., 2020",4.0,"Review for relabel: classifier predicted ACH, literature verifies HIST (source: Davis et al., 2020, confidence 4.0/5)"
30,720575940619029589,ORN_DA3,ORN_SER_confusion,SER,ACH,0.86,0.03,0.8341999999999999,full (E1 x E2),"Carlsson et al., 2010; Yasuyama et al. 1999",5.0,"Review for relabel: classifier predicted SER, literature verifies ACH (source: Carlsson et al., 2010; Yasuyama et al. 1999, confidence 5.0/5)"
31,720575940647182627,R7,categorical_blindspot_HIST,GLUT,HIST,0.83,,0.83,categorical_blindspot (E1 only),"Davis et al., 2020",4.0,"Review for relabel: classifier predicted GLUT, literature verifies HIST (source: Davis et al., 2020, confidence 4.0/5)"
32,720575940626872593,ORN_DL3,ORN_SER_confusion,SER,ACH,0.9,0.08,0.8280000000000001,full (E1 x E2),"Carlsson et al., 2010; Yasuyama et al. 1999",5.0,"Review for relabel: classifier predicted SER, literature verifies ACH (source: Carlsson et al., 2010; Yasuyama et al. 1999, confidence 5.0/5)"
33,720575940620537264,ORN_DL3,ORN_SER_confusion,SER,ACH,0.86,0.04,0.8256,full (E1 x E2),"Carlsson et al., 2010; Yasuyama et al. 1999",5.0,"Review for relabel: classifier predicted SER, literature verifies ACH (source: Carlsson et al., 2010; Yasuyama et al. 1999, confidence 5.0/5)"
34,720575940626996632,ORN_DL3,ORN_SER_confusion,SER,ACH,0.83,0.01,0.8217,full (E1 x E2),"Carlsson et al., 2010; Yasuyama et al. 1999",5.0,"Review for relabel: classifier predicted SER, literature verifies ACH (source: Carlsson et al., 2010; Yasuyama et al. 1999, confidence 5.0/5)"
35,720575940612948210,R7,categorical_blindspot_HIST,GLUT,HIST,0.82,,0.82,categorical_blindspot (E1 only),"Davis et al., 2020",4.0,"Review for relabel: classifier predicted GLUT, literature verifies HIST (source: Davis et al., 2020, confidence 4.0/5)"
36,720575940639698766,R7,categorical_blindspot_HIST,GLUT,HIST,0.82,,0.82,categorical_blindspot (E1 only),"Davis et al., 2020",4.0,"Review for relabel: classifier predicted GLUT, literature verifies HIST (source: Davis et al., 2020, confidence 4.0/5)"
37,720575940613514098,R7,categorical_blindspot_HIST,GLUT,HIST,0.82,,0.82,categorical_blindspot (E1 only),"Davis et al., 2020",4.0,"Review for relabel: classifier predicted GLUT, literature verifies HIST (source: Davis et al., 2020, confidence 4.0/5)"
38,720575940620451800,R7,categorical_blindspot_HIST,GLUT,HIST,0.82,,0.82,categorical_blindspot (E1 only),"Davis et al., 2020",4.0,"Review for relabel: classifier predicted GLUT, literature verifies HIST (source: Davis et al., 2020, confidence 4.0/5)"
39,720575940632419395,R7,categorical_blindspot_HIST,GLUT,HIST,0.81,,0.81,categorical_blindspot (E1 only),"Davis et al., 2020",4.0,"Review for relabel: classifier predicted GLUT, literature verifies HIST (source: Davis et al., 2020, confidence 4.0/5)"
40,720575940626341424,R8,categorical_blindspot_HIST,GLUT,"ACH,HIST",0.83,0.03,0.8050999999999999,full (E1 x E2),"Davis et al., 2020; Sarthy 1991",5.0,"Review for relabel: classifier predicted GLUT, literature verifies ACH/HIST (source: Davis et al., 2020; Sarthy 1991, confidence 5.0/5)"
41,720575940636388750,ORN_DL3,ORN_SER_confusion,SER,ACH,0.89,0.1,0.801,full (E1 x E2),"Carlsson et al., 2010; Yasuyama et al. 1999",5.0,"Review for relabel: classifier predicted SER, literature verifies ACH (source: Carlsson et al., 2010; Yasuyama et al. 1999, confidence 5.0/5)"
42,720575940630990732,ORN_DL3,ORN_SER_confusion,SER,ACH,0.88,0.09,0.8008000000000001,full (E1 x E2),"Carlsson et al., 2010; Yasuyama et al. 1999",5.0,"Review for relabel: classifier predicted SER, literature verifies ACH (source: Carlsson et al., 2010; Yasuyama et al. 1999, confidence 5.0/5)"
43,720575940629904748,ORN_DL3,ORN_SER_confusion,SER,ACH,0.87,0.08,0.8004,full (E1 x E2),"Carlsson et al., 2010; Yasuyama et al. 1999",5.0,"Review for relabel: classifier predicted SER, literature verifies ACH (source: Carlsson et al., 2010; Yasuyama et al. 1999, confidence 5.0/5)"
44,720575940622087489,R7,categorical_blindspot_HIST,GLUT,HIST,0.8,,0.8,categorical_blindspot (E1 only),"Davis et al., 2020",4.0,"Review for relabel: classifier predicted GLUT, literature verifies HIST (source: Davis et al., 2020, confidence 4.0/5)"
45,720575940615406226,R7,categorical_blindspot_HIST,GLUT,HIST,0.8,,0.8,categorical_blindspot (E1 only),"Davis et al., 2020",4.0,"Review for relabel: classifier predicted GLUT, literature verifies HIST (source: Davis et al., 2020, confidence 4.0/5)"
46,720575940627159704,ORN_DL3,ORN_SER_confusion,SER,ACH,0.86,0.07,0.7998,full (E1 x E2),"Carlsson et al., 2010; Yasuyama et al. 1999",5.0,"Review for relabel: classifier predicted SER, literature verifies ACH (source: Carlsson et al., 2010; Yasuyama et al. 1999, confidence 5.0/5)"
47,720575940624180628,R7,categorical_blindspot_HIST,GLUT,HIST,0.79,,0.79,categorical_blindspot (E1 only),"Davis et al., 2020",4.0,"Review for relabel: classifier predicted GLUT, literature verifies HIST (source: Davis et al., 2020, confidence 4.0/5)"
48,720575940618818305,R7,categorical_blindspot_HIST,GLUT,HIST,0.79,,0.79,categorical_blindspot (E1 only),"Davis et al., 2020",4.0,"Review for relabel: classifier predicted GLUT, literature verifies HIST (source: Davis et al., 2020, confidence 4.0/5)"
49,720575940618169273,R7,categorical_blindspot_HIST,GABA,HIST,0.78,,0.78,categorical_blindspot (E1 only),"Davis et al., 2020",4.0,"Review for relabel: classifier predicted GABA, literature verifies HIST (source: Davis et al., 2020, confidence 4.0/5)"
50,720575940624931509,R7,categorical_blindspot_HIST,GLUT,HIST,0.78,,0.78,categorical_blindspot (E1 only),"Davis et al., 2020",4.0,"Review for relabel: classifier predicted GLUT, literature verifies HIST (source: Davis et al., 2020, confidence 4.0/5)"
51,720575940619973211,ORN_DL3,ORN_SER_confusion,SER,ACH,0.86,0.1,0.774,full (E1 x E2),"Carlsson et al., 2010; Yasuyama et al. 1999",5.0,"Review for relabel: classifier predicted SER, literature verifies ACH (source: Carlsson et al., 2010; Yasuyama et al. 1999, confidence 5.0/5)"
52,720575940623925180,ORN_DL3,ORN_SER_confusion,SER,ACH,0.84,0.08,0.7728,full (E1 x E2),"Carlsson et al., 2010; Yasuyama et al. 1999",5.0,"Review for relabel: classifier predicted SER, literature verifies ACH (source: Carlsson et al., 2010; Yasuyama et al. 1999, confidence 5.0/5)"
53,720575940637965621,ORN_DL3,ORN_SER_confusion,SER,ACH,0.83,0.07,0.7718999999999999,full (E1 x E2),"Carlsson et al., 2010; Yasuyama et al. 1999",5.0,"Review for relabel: classifier predicted SER, literature verifies ACH (source: Carlsson et al., 2010; Yasuyama et al. 1999, confidence 5.0/5)"
54,720575940621662145,R7,categorical_blindspot_HIST,GLUT,HIST,0.77,,0.77,categorical_blindspot (E1 only),"Davis et al., 2020",4.0,"Review for relabel: classifier predicted GLUT, literature verifies HIST (source: Davis et al., 2020, confidence 4.0/5)"
55,720575940633496863,R7,categorical_blindspot_HIST,GLUT,HIST,0.77,,0.77,categorical_blindspot (E1 only),"Davis et al., 2020",4.0,"Review for relabel: classifier predicted GLUT, literature verifies HIST (source: Davis et al., 2020, confidence 4.0/5)"
56,720575940630370379,ORN_DL3,ORN_SER_confusion,SER,ACH,0.85,0.1,0.765,full (E1 x E2),"Carlsson et al., 2010; Yasuyama et al. 1999",5.0,"Review for relabel: classifier predicted SER, literature verifies ACH (source: Carlsson et al., 2010; Yasuyama et al. 1999, confidence 5.0/5)"
57,720575940623374156,R7,categorical_blindspot_HIST,ACH,HIST,0.76,,0.76,categorical_blindspot (E1 only),"Davis et al., 2020",4.0,"Review for relabel: classifier predicted ACH, literature verifies HIST (source: Davis et al., 2020, confidence 4.0/5)"
58,720575940613447338,R7,categorical_blindspot_HIST,GABA,HIST,0.76,,0.76,categorical_blindspot (E1 only),"Davis et al., 2020",4.0,"Review for relabel: classifier predicted GABA, literature verifies HIST (source: Davis et al., 2020, confidence 4.0/5)"
59,720575940613161386,R7,categorical_blindspot_HIST,GLUT,HIST,0.76,,0.76,categorical_blindspot (E1 only),"Davis et al., 2020",4.0,"Review for relabel: classifier predicted GLUT, literature verifies HIST (source: Davis et al., 2020, confidence 4.0/5)"
60,720575940628816917,R7,categorical_blindspot_HIST,GLUT,HIST,0.76,,0.76,categorical_blindspot (E1 only),"Davis et al., 2020",4.0,"Review for relabel: classifier predicted GLUT, literature verifies HIST (source: Davis et al., 2020, confidence 4.0/5)"
61,720575940628898792,R7,categorical_blindspot_HIST,GABA,HIST,0.76,,0.76,categorical_blindspot (E1 only),"Davis et al., 2020",4.0,"Review for relabel: classifier predicted GABA, literature verifies HIST (source: Davis et al., 2020, confidence 4.0/5)"
62,720575940630202050,R7,categorical_blindspot_HIST,GABA,HIST,0.76,,0.76,categorical_blindspot (E1 only),"Davis et al., 2020",4.0,"Review for relabel: classifier predicted GABA, literature verifies HIST (source: Davis et al., 2020, confidence 4.0/5)"
63,720575940621914392,ORN_DL3,ORN_SER_confusion,SER,ACH,0.84,0.1,0.756,full (E1 x E2),"Carlsson et al., 2010; Yasuyama et al. 1999",5.0,"Review for relabel: classifier predicted SER, literature verifies ACH (source: Carlsson et al., 2010; Yasuyama et al. 1999, confidence 5.0/5)"
64,720575940619408965,R7,categorical_blindspot_HIST,GLUT,HIST,0.75,,0.75,categorical_blindspot (E1 only),"Davis et al., 2020",4.0,"Review for relabel: classifier predicted GLUT, literature verifies HIST (source: Davis et al., 2020, confidence 4.0/5)"
65,720575940606367166,R7,categorical_blindspot_HIST,GABA,HIST,0.75,,0.75,categorical_blindspot (E1 only),"Davis et al., 2020",4.0,"Review for relabel: classifier predicted GABA, literature verifies HIST (source: Davis et al., 2020, confidence 4.0/5)"
66,720575940611027012,Dm9,Dm9_GLUT_confirmed_via_direct_literature_search,ACH,GLUT,0.75,0.01,0.7424999999999999,full (E1 x E2),"Davis et al., 2020 (as cited in Kind et al., 2021, eLife, doi:10.7554/eLife.71858); Schnaitmann et al., 2024, Front. Mol. Neurosci., doi:10.3389/fnmol.2024.1347540",4.0,"Review for relabel: classifier predicted ACH, literature verifies GLUT (source: Davis et al., 2020 (as cited in Kind et al., 2021, eLife, doi:10.7554/eLife.71858); Schnaitmann et al., 2024, Front. Mol. Neurosci., doi:10.3389/fnmol.2024.1347540)"
67,720575940624698109,R7,categorical_blindspot_HIST,GABA,HIST,0.74,,0.74,categorical_blindspot (E1 only),"Davis et al., 2020",4.0,"Review for relabel: classifier predicted GABA, literature verifies HIST (source: Davis et al., 2020, confidence 4.0/5)"
68,720575940633049671,R7,categorical_blindspot_HIST,GLUT,HIST,0.74,,0.74,categorical_blindspot (E1 only),"Davis et al., 2020",4.0,"Review for relabel: classifier predicted GLUT, literature verifies HIST (source: Davis et al., 2020, confidence 4.0/5)"
69,720575940660740481,R7,categorical_blindspot_HIST,GABA,HIST,0.74,,0.74,categorical_blindspot (E1 only),"Davis et al., 2020",4.0,"Review for relabel: classifier predicted GABA, literature verifies HIST (source: Davis et al., 2020, confidence 4.0/5)"
70,720575940621441006,R7,categorical_blindspot_HIST,GLUT,HIST,0.74,,0.74,categorical_blindspot (E1 only),"Davis et al., 2020",4.0,"Review for relabel: classifier predicted GLUT, literature verifies HIST (source: Davis et al., 2020, confidence 4.0/5)"
71,720575940633988179,R7,categorical_blindspot_HIST,GLUT,HIST,0.74,,0.74,categorical_blindspot (E1 only),"Davis et al., 2020",4.0,"Review for relabel: classifier predicted GLUT, literature verifies HIST (source: Davis et al., 2020, confidence 4.0/5)"
72,720575940628986954,R7,categorical_blindspot_HIST,GLUT,HIST,0.74,,0.74,categorical_blindspot (E1 only),"Davis et al., 2020",4.0,"Review for relabel: classifier predicted GLUT, literature verifies HIST (source: Davis et al., 2020, confidence 4.0/5)"
73,720575940626918074,R7,categorical_blindspot_HIST,GLUT,HIST,0.74,,0.74,categorical_blindspot (E1 only),"Davis et al., 2020",4.0,"Review for relabel: classifier predicted GLUT, literature verifies HIST (source: Davis et al., 2020, confidence 4.0/5)"
74,720575940648192900,R7,categorical_blindspot_HIST,GLUT,HIST,0.74,,0.74,categorical_blindspot (E1 only),"Davis et al., 2020",4.0,"Review for relabel: classifier predicted GLUT, literature verifies HIST (source: Davis et al., 2020, confidence 4.0/5)"
75,720575940622464383,R7,categorical_blindspot_HIST,GABA,HIST,0.74,,0.74,categorical_blindspot (E1 only),"Davis et al., 2020",4.0,"Review for relabel: classifier predicted GABA, literature verifies HIST (source: Davis et al., 2020, confidence 4.0/5)"
76,720575940627970898,R7,categorical_blindspot_HIST,GABA,HIST,0.74,,0.74,categorical_blindspot (E1 only),"Davis et al., 2020",4.0,"Review for relabel: classifier predicted GABA, literature verifies HIST (source: Davis et al., 2020, confidence 4.0/5)"
77,720575940646380654,R8,categorical_blindspot_HIST,GLUT,"ACH,HIST",0.79,0.07,0.7347,full (E1 x E2),"Davis et al., 2020; Sarthy 1991",5.0,"Review for relabel: classifier predicted GLUT, literature verifies ACH/HIST (source: Davis et al., 2020; Sarthy 1991, confidence 5.0/5)"
78,720575940628277327,ORN_DL3,ORN_SER_confusion,SER,ACH,0.85,0.14,0.731,full (E1 x E2),"Carlsson et al., 2010; Yasuyama et al. 1999",5.0,"Review for relabel: classifier predicted SER, literature verifies ACH (source: Carlsson et al., 2010; Yasuyama et al. 1999, confidence 5.0/5)"
79,720575940615093398,ORN_DL3,ORN_SER_confusion,SER,ACH,0.84,0.13,0.7308,full (E1 x E2),"Carlsson et al., 2010; Yasuyama et al. 1999",5.0,"Review for relabel: classifier predicted SER, literature verifies ACH (source: Carlsson et al., 2010; Yasuyama et al. 1999, confidence 5.0/5)"
80,720575940625880846,R7,categorical_blindspot_HIST,GLUT,HIST,0.73,,0.73,categorical_blindspot (E1 only),"Davis et al., 2020",4.0,"Review for relabel: classifier predicted GLUT, literature verifies HIST (source: Davis et al., 2020, confidence 4.0/5)"
81,720575940606508646,R7,categorical_blindspot_HIST,GABA,HIST,0.73,,0.73,categorical_blindspot (E1 only),"Davis et al., 2020",4.0,"Review for relabel: classifier predicted GABA, literature verifies HIST (source: Davis et al., 2020, confidence 4.0/5)"
82,720575940618676737,R7,categorical_blindspot_HIST,GLUT,HIST,0.73,,0.73,categorical_blindspot (E1 only),"Davis et al., 2020",4.0,"Review for relabel: classifier predicted GLUT, literature verifies HIST (source: Davis et al., 2020, confidence 4.0/5)"
83,720575940634012243,R7,categorical_blindspot_HIST,ACH,HIST,0.73,,0.73,categorical_blindspot (E1 only),"Davis et al., 2020",4.0,"Review for relabel: classifier predicted ACH, literature verifies HIST (source: Davis et al., 2020, confidence 4.0/5)"
84,720575940632242450,R7,categorical_blindspot_HIST,GLUT,HIST,0.73,,0.73,categorical_blindspot (E1 only),"Davis et al., 2020",4.0,"Review for relabel: classifier predicted GLUT, literature verifies HIST (source: Davis et al., 2020, confidence 4.0/5)"
85,720575940647181091,R7,categorical_blindspot_HIST,GABA,HIST,0.73,,0.73,categorical_blindspot (E1 only),"Davis et al., 2020",4.0,"Review for relabel: classifier predicted GABA, literature verifies HIST (source: Davis et al., 2020, confidence 4.0/5)"
86,720575940630502138,R7,categorical_blindspot_HIST,GLUT,HIST,0.73,,0.73,categorical_blindspot (E1 only),"Davis et al., 2020",4.0,"Review for relabel: classifier predicted GLUT, literature verifies HIST (source: Davis et al., 2020, confidence 4.0/5)"
87,720575940626826682,R7,categorical_blindspot_HIST,GLUT,HIST,0.72,,0.72,categorical_blindspot (E1 only),"Davis et al., 2020",4.0,"Review for relabel: classifier predicted GLUT, literature verifies HIST (source: Davis et al., 2020, confidence 4.0/5)"
88,720575940622361215,R7,categorical_blindspot_HIST,GABA,HIST,0.72,,0.72,categorical_blindspot (E1 only),"Davis et al., 2020",4.0,"Review for relabel: classifier predicted GABA, literature verifies HIST (source: Davis et al., 2020, confidence 4.0/5)"
89,720575940625417447,R7,categorical_blindspot_HIST,GLUT,HIST,0.72,,0.72,categorical_blindspot (E1 only),"Davis et al., 2020",4.0,"Review for relabel: classifier predicted GLUT, literature verifies HIST (source: Davis et al., 2020, confidence 4.0/5)"
90,720575940630679749,ORN_DL3,ORN_SER_confusion,SER,ACH,0.78,0.08,0.7176,full (E1 x E2),"Carlsson et al., 2010; Yasuyama et al. 1999",5.0,"Review for relabel: classifier predicted SER, literature verifies ACH (source: Carlsson et al., 2010; Yasuyama et al. 1999, confidence 5.0/5)"
91,720575940627251786,ORN_DL3,ORN_SER_confusion,SER,ACH,0.82,0.13,0.7133999999999999,full (E1 x E2),"Carlsson et al., 2010; Yasuyama et al. 1999",5.0,"Review for relabel: classifier predicted SER, literature verifies ACH (source: Carlsson et al., 2010; Yasuyama et al. 1999, confidence 5.0/5)"
92,720575940640113616,ORN_DL3,ORN_SER_confusion,SER,ACH,0.81,0.12,0.7128000000000001,full (E1 x E2),"Carlsson et al., 2010; Yasuyama et al. 1999",5.0,"Review for relabel: classifier predicted SER, literature verifies ACH (source: Carlsson et al., 2010; Yasuyama et al. 1999, confidence 5.0/5)"
93,720575940645899799,R7,categorical_blindspot_HIST,GABA,HIST,0.71,,0.71,categorical_blindspot (E1 only),"Davis et al., 2020",4.0,"Review for relabel: classifier predicted GABA, literature verifies HIST (source: Davis et al., 2020, confidence 4.0/5)"
94,720575940618186555,R7,categorical_blindspot_HIST,GLUT,HIST,0.71,,0.71,categorical_blindspot (E1 only),"Davis et al., 2020",4.0,"Review for relabel: classifier predicted GLUT, literature verifies HIST (source: Davis et al., 2020, confidence 4.0/5)"
95,720575940640581235,R7,categorical_blindspot_HIST,GABA,HIST,0.71,,0.71,categorical_blindspot (E1 only),"Davis et al., 2020",4.0,"Review for relabel: classifier predicted GABA, literature verifies HIST (source: Davis et al., 2020, confidence 4.0/5)"
96,720575940628738728,R7,categorical_blindspot_HIST,GLUT,HIST,0.71,,0.71,categorical_blindspot (E1 only),"Davis et al., 2020",4.0,"Review for relabel: classifier predicted GLUT, literature verifies HIST (source: Davis et al., 2020, confidence 4.0/5)"
97,720575940637806766,R7,categorical_blindspot_HIST,GABA,HIST,0.71,,0.71,categorical_blindspot (E1 only),"Davis et al., 2020",4.0,"Review for relabel: classifier predicted GABA, literature verifies HIST (source: Davis et al., 2020, confidence 4.0/5)"
98,720575940639054569,R8,categorical_blindspot_HIST,GLUT,"ACH,HIST",0.77,0.08,0.7084,full (E1 x E2),"Davis et al., 2020; Sarthy 1991",5.0,"Review for relabel: classifier predicted GLUT, literature verifies ACH/HIST (source: Davis et al., 2020; Sarthy 1991, confidence 5.0/5)"
99,720575940639176932,Dm9,Dm9_GLUT_confirmed_via_direct_literature_search,ACH,GLUT,0.73,0.03,0.7081,full (E1 x E2),"Davis et al., 2020 (as cited in Kind et al., 2021, eLife, doi:10.7554/eLife.71858); Schnaitmann et al., 2024, Front. Mol. Neurosci., doi:10.3389/fnmol.2024.1347540",4.0,"Review for relabel: classifier predicted ACH, literature verifies GLUT (source: Davis et al., 2020 (as cited in Kind et al., 2021, eLife, doi:10.7554/eLife.71858); Schnaitmann et al., 2024, Front. Mol. Neurosci., doi:10.3389/fnmol.2024.1347540)"
100,720575940626984906,Dm9,Dm9_GLUT_confirmed_via_direct_literature_search,ACH,GLUT,0.72,0.02,0.7056,full (E1 x E2),"Davis et al., 2020 (as cited in Kind et al., 2021, eLife, doi:10.7554/eLife.71858); Schnaitmann et al., 2024, Front. Mol. Neurosci., doi:10.3389/fnmol.2024.1347540",4.0,"Review for relabel: classifier predicted ACH, literature verifies GLUT (source: Davis et al., 2020 (as cited in Kind et al., 2021, eLife, doi:10.7554/eLife.71858); Schnaitmann et al., 2024, Front. Mol. Neurosci., doi:10.3389/fnmol.2024.1347540)"
101,720575940621555309,R7,categorical_blindspot_HIST,GABA,HIST,0.7,,0.7,categorical_blindspot (E1 only),"Davis et al., 2020",4.0,"Review for relabel: classifier predicted GABA, literature verifies HIST (source: Davis et al., 2020, confidence 4.0/5)"
102,720575940615781179,R7,categorical_blindspot_HIST,GLUT,HIST,0.7,,0.7,categorical_blindspot (E1 only),"Davis et al., 2020",4.0,"Review for relabel: classifier predicted GLUT, literature verifies HIST (source: Davis et al., 2020, confidence 4.0/5)"
103,720575940621545819,R7,categorical_blindspot_HIST,GABA,HIST,0.7,,0.7,categorical_blindspot (E1 only),"Davis et al., 2020",4.0,"Review for relabel: classifier predicted GABA, literature verifies HIST (source: Davis et al., 2020, confidence 4.0/5)"
104,720575940632586297,R7,categorical_blindspot_HIST,GLUT,HIST,0.7,,0.7,categorical_blindspot (E1 only),"Davis et al., 2020",4.0,"Review for relabel: classifier predicted GLUT, literature verifies HIST (source: Davis et al., 2020, confidence 4.0/5)"
105,720575940614299107,R7,categorical_blindspot_HIST,GABA,HIST,0.7,,0.7,categorical_blindspot (E1 only),"Davis et al., 2020",4.0,"Review for relabel: classifier predicted GABA, literature verifies HIST (source: Davis et al., 2020, confidence 4.0/5)"
106,720575940629797904,R7,categorical_blindspot_HIST,ACH,HIST,0.7,,0.7,categorical_blindspot (E1 only),"Davis et al., 2020",4.0,"Review for relabel: classifier predicted ACH, literature verifies HIST (source: Davis et al., 2020, confidence 4.0/5)"
107,720575940631638981,R7,categorical_blindspot_HIST,GLUT,HIST,0.7,,0.7,categorical_blindspot (E1 only),"Davis et al., 2020",4.0,"Review for relabel: classifier predicted GLUT, literature verifies HIST (source: Davis et al., 2020, confidence 4.0/5)"
108,720575940621442731,R7,categorical_blindspot_HIST,ACH,HIST,0.7,,0.7,categorical_blindspot (E1 only),"Davis et al., 2020",4.0,"Review for relabel: classifier predicted ACH, literature verifies HIST (source: Davis et al., 2020, confidence 4.0/5)"
109,720575940624028003,R7,categorical_blindspot_HIST,GLUT,HIST,0.7,,0.7,categorical_blindspot (E1 only),"Davis et al., 2020",4.0,"Review for relabel: classifier predicted GLUT, literature verifies HIST (source: Davis et al., 2020, confidence 4.0/5)"
110,720575940616616390,R7,categorical_blindspot_HIST,GABA,HIST,0.7,,0.7,categorical_blindspot (E1 only),"Davis et al., 2020",4.0,"Review for relabel: classifier predicted GABA, literature verifies HIST (source: Davis et al., 2020, confidence 4.0/5)"
111,720575940633228940,R7,categorical_blindspot_HIST,GABA,HIST,0.7,,0.7,categorical_blindspot (E1 only),"Davis et al., 2020",4.0,"Review for relabel: classifier predicted GABA, literature verifies HIST (source: Davis et al., 2020, confidence 4.0/5)"
112,720575940624510099,Dm9,Dm9_GLUT_confirmed_via_direct_literature_search,ACH,GLUT,0.72,0.03,0.6983999999999999,full (E1 x E2),"Davis et al., 2020 (as cited in Kind et al., 2021, eLife, doi:10.7554/eLife.71858); Schnaitmann et al., 2024, Front. Mol. Neurosci., doi:10.3389/fnmol.2024.1347540",4.0,"Review for relabel: classifier predicted ACH, literature verifies GLUT (source: Davis et al., 2020 (as cited in Kind et al., 2021, eLife, doi:10.7554/eLife.71858); Schnaitmann et al., 2024, Front. Mol. Neurosci., doi:10.3389/fnmol.2024.1347540)"
113,720575940629853015,ORN_DL3,ORN_SER_confusion,SER,ACH,0.78,0.11,0.6942,full (E1 x E2),"Carlsson et al., 2010; Yasuyama et al. 1999",5.0,"Review for relabel: classifier predicted SER, literature verifies ACH (source: Carlsson et al., 2010; Yasuyama et al. 1999, confidence 5.0/5)"
114,720575940625308391,R7,categorical_blindspot_HIST,GABA,HIST,0.69,,0.69,categorical_blindspot (E1 only),"Davis et al., 2020",4.0,"Review for relabel: classifier predicted GABA, literature verifies HIST (source: Davis et al., 2020, confidence 4.0/5)"
115,720575940615153071,R7,categorical_blindspot_HIST,GLUT,HIST,0.69,,0.69,categorical_blindspot (E1 only),"Davis et al., 2020",4.0,"Review for relabel: classifier predicted GLUT, literature verifies HIST (source: Davis et al., 2020, confidence 4.0/5)"
116,720575940631732687,R7,categorical_blindspot_HIST,GLUT,HIST,0.69,,0.69,categorical_blindspot (E1 only),"Davis et al., 2020",4.0,"Review for relabel: classifier predicted GLUT, literature verifies HIST (source: Davis et al., 2020, confidence 4.0/5)"
117,720575940635300448,R7,categorical_blindspot_HIST,GLUT,HIST,0.69,,0.69,categorical_blindspot (E1 only),"Davis et al., 2020",4.0,"Review for relabel: classifier predicted GLUT, literature verifies HIST (source: Davis et al., 2020, confidence 4.0/5)"
118,720575940630585644,R7,categorical_blindspot_HIST,GABA,HIST,0.69,,0.69,categorical_blindspot (E1 only),"Davis et al., 2020",4.0,"Review for relabel: classifier predicted GABA, literature verifies HIST (source: Davis et al., 2020, confidence 4.0/5)"
119,720575940621082138,ORN_DL3,ORN_SER_confusion,SER,ACH,0.8,0.14,0.6880000000000001,full (E1 x E2),"Carlsson et al., 2010; Yasuyama et al. 1999",5.0,"Review for relabel: classifier predicted SER, literature verifies ACH (source: Carlsson et al., 2010; Yasuyama et al. 1999, confidence 5.0/5)"
120,720575940616364545,ORN_DL3,ORN_SER_confusion,SER,ACH,0.73,0.06,0.6861999999999999,full (E1 x E2),"Carlsson et al., 2010; Yasuyama et al. 1999",5.0,"Review for relabel: classifier predicted SER, literature verifies ACH (source: Carlsson et al., 2010; Yasuyama et al. 1999, confidence 5.0/5)"
121,720575940632368459,Dm9,Dm9_GLUT_confirmed_via_direct_literature_search,ACH,GLUT,0.7,0.02,0.6859999999999999,full (E1 x E2),"Davis et al., 2020 (as cited in Kind et al., 2021, eLife, doi:10.7554/eLife.71858); Schnaitmann et al., 2024, Front. Mol. Neurosci., doi:10.3389/fnmol.2024.1347540",4.0,"Review for relabel: classifier predicted ACH, literature verifies GLUT (source: Davis et al., 2020 (as cited in Kind et al., 2021, eLife, doi:10.7554/eLife.71858); Schnaitmann et al., 2024, Front. Mol. Neurosci., doi:10.3389/fnmol.2024.1347540)"
122,720575940639089571,ORN_DL3,ORN_SER_confusion,SER,ACH,0.76,0.1,0.684,full (E1 x E2),"Carlsson et al., 2010; Yasuyama et al. 1999",5.0,"Review for relabel: classifier predicted SER, literature verifies ACH (source: Carlsson et al., 2010; Yasuyama et al. 1999, confidence 5.0/5)"
123,720575940614929361,R8,categorical_blindspot_HIST,GLUT,"ACH,HIST",0.72,0.05,0.6839999999999999,full (E1 x E2),"Davis et al., 2020; Sarthy 1991",5.0,"Review for relabel: classifier predicted GLUT, literature verifies ACH/HIST (source: Davis et al., 2020; Sarthy 1991, confidence 5.0/5)"
124,720575940626022183,R7,categorical_blindspot_HIST,GLUT,HIST,0.68,,0.68,categorical_blindspot (E1 only),"Davis et al., 2020",4.0,"Review for relabel: classifier predicted GLUT, literature verifies HIST (source: Davis et al., 2020, confidence 4.0/5)"
125,720575940618867101,R7,categorical_blindspot_HIST,GLUT,HIST,0.68,,0.68,categorical_blindspot (E1 only),"Davis et al., 2020",4.0,"Review for relabel: classifier predicted GLUT, literature verifies HIST (source: Davis et al., 2020, confidence 4.0/5)"
126,720575940632880441,R7,categorical_blindspot_HIST,GABA,HIST,0.68,,0.68,categorical_blindspot (E1 only),"Davis et al., 2020",4.0,"Review for relabel: classifier predicted GABA, literature verifies HIST (source: Davis et al., 2020, confidence 4.0/5)"
127,720575940621961382,R7,categorical_blindspot_HIST,GABA,HIST,0.68,,0.68,categorical_blindspot (E1 only),"Davis et al., 2020",4.0,"Review for relabel: classifier predicted GABA, literature verifies HIST (source: Davis et al., 2020, confidence 4.0/5)"
128,720575940633017415,R7,categorical_blindspot_HIST,GABA,HIST,0.68,,0.68,categorical_blindspot (E1 only),"Davis et al., 2020",4.0,"Review for relabel: classifier predicted GABA, literature verifies HIST (source: Davis et al., 2020, confidence 4.0/5)"
129,720575940632484419,R7,categorical_blindspot_HIST,GABA,HIST,0.68,,0.68,categorical_blindspot (E1 only),"Davis et al., 2020",4.0,"Review for relabel: classifier predicted GABA, literature verifies HIST (source: Davis et al., 2020, confidence 4.0/5)"
130,720575940644221038,ORN_DL3,ORN_SER_confusion,SER,ACH,0.8,0.15,0.68,full (E1 x E2),"Carlsson et al., 2010; Yasuyama et al. 1999",5.0,"Review for relabel: classifier predicted SER, literature verifies ACH (source: Carlsson et al., 2010; Yasuyama et al. 1999, confidence 5.0/5)"
131,720575940636660855,R7,categorical_blindspot_HIST,GABA,HIST,0.68,,0.68,categorical_blindspot (E1 only),"Davis et al., 2020",4.0,"Review for relabel: classifier predicted GABA, literature verifies HIST (source: Davis et al., 2020, confidence 4.0/5)"
132,720575940626042126,Dm9,Dm9_GLUT_confirmed_via_direct_literature_search,ACH,GLUT,0.7,0.03,0.6789999999999999,full (E1 x E2),"Davis et al., 2020 (as cited in Kind et al., 2021, eLife, doi:10.7554/eLife.71858); Schnaitmann et al., 2024, Front. Mol. Neurosci., doi:10.3389/fnmol.2024.1347540",4.0,"Review for relabel: classifier predicted ACH, literature verifies GLUT (source: Davis et al., 2020 (as cited in Kind et al., 2021, eLife, doi:10.7554/eLife.71858); Schnaitmann et al., 2024, Front. Mol. Neurosci., doi:10.3389/fnmol.2024.1347540)"
133,720575940640179645,Dm9,Dm9_GLUT_confirmed_via_direct_literature_search,ACH,GLUT,0.7,0.03,0.6789999999999999,full (E1 x E2),"Davis et al., 2020 (as cited in Kind et al., 2021, eLife, doi:10.7554/eLife.71858); Schnaitmann et al., 2024, Front. Mol. Neurosci., doi:10.3389/fnmol.2024.1347540",4.0,"Review for relabel: classifier predicted ACH, literature verifies GLUT (source: Davis et al., 2020 (as cited in Kind et al., 2021, eLife, doi:10.7554/eLife.71858); Schnaitmann et al., 2024, Front. Mol. Neurosci., doi:10.3389/fnmol.2024.1347540)"
134,720575940626162707,ORN_DL3,ORN_SER_confusion,SER,ACH,0.78,0.13,0.6786,full (E1 x E2),"Carlsson et al., 2010; Yasuyama et al. 1999",5.0,"Review for relabel: classifier predicted SER, literature verifies ACH (source: Carlsson et al., 2010; Yasuyama et al. 1999, confidence 5.0/5)"
135,720575940618528347,R7,categorical_blindspot_HIST,GABA,HIST,0.67,,0.67,categorical_blindspot (E1 only),"Davis et al., 2020",4.0,"Review for relabel: classifier predicted GABA, literature verifies HIST (source: Davis et al., 2020, confidence 4.0/5)"
136,720575940619741494,R7,categorical_blindspot_HIST,ACH,HIST,0.67,,0.67,categorical_blindspot (E1 only),"Davis et al., 2020",4.0,"Review for relabel: classifier predicted ACH, literature verifies HIST (source: Davis et al., 2020, confidence 4.0/5)"
137,720575940626634698,R7,categorical_blindspot_HIST,GLUT,HIST,0.67,,0.67,categorical_blindspot (E1 only),"Davis et al., 2020",4.0,"Review for relabel: classifier predicted GLUT, literature verifies HIST (source: Davis et al., 2020, confidence 4.0/5)"
138,720575940613171698,R7,categorical_blindspot_HIST,GLUT,HIST,0.67,,0.67,categorical_blindspot (E1 only),"Davis et al., 2020",4.0,"Review for relabel: classifier predicted GLUT, literature verifies HIST (source: Davis et al., 2020, confidence 4.0/5)"
139,720575940612419790,R7,categorical_blindspot_HIST,GABA,HIST,0.67,,0.67,categorical_blindspot (E1 only),"Davis et al., 2020",4.0,"Review for relabel: classifier predicted GABA, literature verifies HIST (source: Davis et al., 2020, confidence 4.0/5)"
140,720575940617911611,R7,categorical_blindspot_HIST,GLUT,HIST,0.67,,0.67,categorical_blindspot (E1 only),"Davis et al., 2020",4.0,"Review for relabel: classifier predicted GLUT, literature verifies HIST (source: Davis et al., 2020, confidence 4.0/5)"
141,720575940617806475,R7,categorical_blindspot_HIST,GLUT,HIST,0.67,,0.67,categorical_blindspot (E1 only),"Davis et al., 2020",4.0,"Review for relabel: classifier predicted GLUT, literature verifies HIST (source: Davis et al., 2020, confidence 4.0/5)"
142,720575940628835840,ORN_DL3,ORN_SER_confusion,SER,ACH,0.77,0.13,0.6699,full (E1 x E2),"Carlsson et al., 2010; Yasuyama et al. 1999",5.0,"Review for relabel: classifier predicted SER, literature verifies ACH (source: Carlsson et al., 2010; Yasuyama et al. 1999, confidence 5.0/5)"
143,720575940622394294,Dm9,Dm9_GLUT_confirmed_via_direct_literature_search,ACH,GLUT,0.7,0.05,0.6649999999999999,full (E1 x E2),"Davis et al., 2020 (as cited in Kind et al., 2021, eLife, doi:10.7554/eLife.71858); Schnaitmann et al., 2024, Front. Mol. Neurosci., doi:10.3389/fnmol.2024.1347540",4.0,"Review for relabel: classifier predicted ACH, literature verifies GLUT (source: Davis et al., 2020 (as cited in Kind et al., 2021, eLife, doi:10.7554/eLife.71858); Schnaitmann et al., 2024, Front. Mol. Neurosci., doi:10.3389/fnmol.2024.1347540)"
144,720575940623816596,ORN_DL4,ORN_SER_confusion,SER,ACH,0.73,0.09,0.6643,full (E1 x E2),"Carlsson et al., 2010; Yasuyama et al. 1999",5.0,"Review for relabel: classifier predicted SER, literature verifies ACH (source: Carlsson et al., 2010; Yasuyama et al. 1999, confidence 5.0/5)"
145,720575940628004733,Dm9,Dm9_GLUT_confirmed_via_direct_literature_search,ACH,GLUT,0.69,0.04,0.6623999999999999,full (E1 x E2),"Davis et al., 2020 (as cited in Kind et al., 2021, eLife, doi:10.7554/eLife.71858); Schnaitmann et al., 2024, Front. Mol. Neurosci., doi:10.3389/fnmol.2024.1347540",4.0,"Review for relabel: classifier predicted ACH, literature verifies GLUT (source: Davis et al., 2020 (as cited in Kind et al., 2021, eLife, doi:10.7554/eLife.71858); Schnaitmann et al., 2024, Front. Mol. Neurosci., doi:10.3389/fnmol.2024.1347540)"
146,720575940621996454,Dm9,Dm9_GLUT_confirmed_via_direct_literature_search,ACH,GLUT,0.71,0.07,0.6602999999999999,full (E1 x E2),"Davis et al., 2020 (as cited in Kind et al., 2021, eLife, doi:10.7554/eLife.71858); Schnaitmann et al., 2024, Front. Mol. Neurosci., doi:10.3389/fnmol.2024.1347540",4.0,"Review for relabel: classifier predicted ACH, literature verifies GLUT (source: Davis et al., 2020 (as cited in Kind et al., 2021, eLife, doi:10.7554/eLife.71858); Schnaitmann et al., 2024, Front. Mol. Neurosci., doi:10.3389/fnmol.2024.1347540)"
147,720575940632396875,R7,categorical_blindspot_HIST,GABA,HIST,0.66,,0.66,categorical_blindspot (E1 only),"Davis et al., 2020",4.0,"Review for relabel: classifier predicted GABA, literature verifies HIST (source: Davis et al., 2020, confidence 4.0/5)"
148,720575940609505545,R7,categorical_blindspot_HIST,GLUT,HIST,0.66,,0.66,categorical_blindspot (E1 only),"Davis et al., 2020",4.0,"Review for relabel: classifier predicted GLUT, literature verifies HIST (source: Davis et al., 2020, confidence 4.0/5)"
149,720575940625983219,R7,categorical_blindspot_HIST,GLUT,HIST,0.66,,0.66,categorical_blindspot (E1 only),"Davis et al., 2020",4.0,"Review for relabel: classifier predicted GLUT, literature verifies HIST (source: Davis et al., 2020, confidence 4.0/5)"
150,720575940628128275,R7,categorical_blindspot_HIST,GLUT,HIST,0.66,,0.66,categorical_blindspot (E1 only),"Davis et al., 2020",4.0,"Review for relabel: classifier predicted GLUT, literature verifies HIST (source: Davis et al., 2020, confidence 4.0/5)"
151,720575940625602023,R7,categorical_blindspot_HIST,GABA,HIST,0.66,,0.66,categorical_blindspot (E1 only),"Davis et al., 2020",4.0,"Review for relabel: classifier predicted GABA, literature verifies HIST (source: Davis et al., 2020, confidence 4.0/5)"
152,720575940626802238,R7,categorical_blindspot_HIST,ACH,HIST,0.66,,0.66,categorical_blindspot (E1 only),"Davis et al., 2020",4.0,"Review for relabel: classifier predicted ACH, literature verifies HIST (source: Davis et al., 2020, confidence 4.0/5)"
153,720575940632570593,ORN_DL3,ORN_SER_confusion,SER,ACH,0.74,0.11,0.6586,full (E1 x E2),"Carlsson et al., 2010; Yasuyama et al. 1999",5.0,"Review for relabel: classifier predicted SER, literature verifies ACH (source: Carlsson et al., 2010; Yasuyama et al. 1999, confidence 5.0/5)"
154,720575940628299786,Dm9,Dm9_GLUT_confirmed_via_direct_literature_search,ACH,GLUT,0.69,0.05,0.6555,full (E1 x E2),"Davis et al., 2020 (as cited in Kind et al., 2021, eLife, doi:10.7554/eLife.71858); Schnaitmann et al., 2024, Front. Mol. Neurosci., doi:10.3389/fnmol.2024.1347540",4.0,"Review for relabel: classifier predicted ACH, literature verifies GLUT (source: Davis et al., 2020 (as cited in Kind et al., 2021, eLife, doi:10.7554/eLife.71858); Schnaitmann et al., 2024, Front. Mol. Neurosci., doi:10.3389/fnmol.2024.1347540)"
155,720575940631932108,ORN_DL3,ORN_SER_confusion,SER,ACH,0.78,0.16,0.6552,full (E1 x E2),"Carlsson et al., 2010; Yasuyama et al. 1999",5.0,"Review for relabel: classifier predicted SER, literature verifies ACH (source: Carlsson et al., 2010; Yasuyama et al. 1999, confidence 5.0/5)"
156,720575940616291551,R7,categorical_blindspot_HIST,GABA,HIST,0.65,,0.65,categorical_blindspot (E1 only),"Davis et al., 2020",4.0,"Review for relabel: classifier predicted GABA, literature verifies HIST (source: Davis et al., 2020, confidence 4.0/5)"
157,720575940625930995,R7,categorical_blindspot_HIST,ACH,HIST,0.65,,0.65,categorical_blindspot (E1 only),"Davis et al., 2020",4.0,"Review for relabel: classifier predicted ACH, literature verifies HIST (source: Davis et al., 2020, confidence 4.0/5)"
158,720575940632709945,R7,categorical_blindspot_HIST,GABA,HIST,0.65,,0.65,categorical_blindspot (E1 only),"Davis et al., 2020",4.0,"Review for relabel: classifier predicted GABA, literature verifies HIST (source: Davis et al., 2020, confidence 4.0/5)"
159,720575940633341604,R7,categorical_blindspot_HIST,GABA,HIST,0.65,,0.65,categorical_blindspot (E1 only),"Davis et al., 2020",4.0,"Review for relabel: classifier predicted GABA, literature verifies HIST (source: Davis et al., 2020, confidence 4.0/5)"
160,720575940621297032,R7,categorical_blindspot_HIST,GABA,HIST,0.65,,0.65,categorical_blindspot (E1 only),"Davis et al., 2020",4.0,"Review for relabel: classifier predicted GABA, literature verifies HIST (source: Davis et al., 2020, confidence 4.0/5)"
161,720575940624283016,R7,categorical_blindspot_HIST,GLUT,HIST,0.65,,0.65,categorical_blindspot (E1 only),"Davis et al., 2020",4.0,"Review for relabel: classifier predicted GLUT, literature verifies HIST (source: Davis et al., 2020, confidence 4.0/5)"
162,720575940621707174,R7,categorical_blindspot_HIST,ACH,HIST,0.65,,0.65,categorical_blindspot (E1 only),"Davis et al., 2020",4.0,"Review for relabel: classifier predicted ACH, literature verifies HIST (source: Davis et al., 2020, confidence 4.0/5)"
163,720575940619924278,R7,categorical_blindspot_HIST,GLUT,HIST,0.65,,0.65,categorical_blindspot (E1 only),"Davis et al., 2020",4.0,"Review for relabel: classifier predicted GLUT, literature verifies HIST (source: Davis et al., 2020, confidence 4.0/5)"
164,720575940647793716,R7,categorical_blindspot_HIST,GLUT,HIST,0.65,,0.65,categorical_blindspot (E1 only),"Davis et al., 2020",4.0,"Review for relabel: classifier predicted GLUT, literature verifies HIST (source: Davis et al., 2020, confidence 4.0/5)"
165,720575940637259895,R7,categorical_blindspot_HIST,GLUT,HIST,0.65,,0.65,categorical_blindspot (E1 only),"Davis et al., 2020",4.0,"Review for relabel: classifier predicted GLUT, literature verifies HIST (source: Davis et al., 2020, confidence 4.0/5)"
166,720575940618202329,R7,categorical_blindspot_HIST,GLUT,HIST,0.65,,0.65,categorical_blindspot (E1 only),"Davis et al., 2020",4.0,"Review for relabel: classifier predicted GLUT, literature verifies HIST (source: Davis et al., 2020, confidence 4.0/5)"
167,720575940621399462,ORN_DL3,ORN_SER_confusion,SER,ACH,0.73,0.11,0.6496999999999999,full (E1 x E2),"Carlsson et al., 2010; Yasuyama et al. 1999",5.0,"Review for relabel: classifier predicted SER, literature verifies ACH (source: Carlsson et al., 2010; Yasuyama et al. 1999, confidence 5.0/5)"
168,720575940629425994,R8,categorical_blindspot_HIST,GLUT,"ACH,HIST",0.73,0.11,0.6496999999999999,full (E1 x E2),"Davis et al., 2020; Sarthy 1991",5.0,"Review for relabel: classifier predicted GLUT, literature verifies ACH/HIST (source: Davis et al., 2020; Sarthy 1991, confidence 5.0/5)"
169,720575940625581208,ORN_V,ORN_SER_confusion,SER,ACH,0.67,0.04,0.6432,full (E1 x E2),"Carlsson et al., 2010; Yasuyama et al. 1999",5.0,"Review for relabel: classifier predicted SER, literature verifies ACH (source: Carlsson et al., 2010; Yasuyama et al. 1999, confidence 5.0/5)"
170,720575940614998526,TmY16,TmY16_signature_scan_novel_candidate,GABA,GLUT,0.72,0.11,0.6408,full (E1 x E2),"Nern et al., 2024 (bioRxiv), published 2025 Nature 641:1225-1237 -- EASI-FISH/connectome-driven visual system neural inventory",3.0,"Review for relabel: classifier predicted GABA, signature-scan + literature match indicates GLUT (source: Nern et al., 2024 (bioRxiv), published 2025 Nature 641:1225-1237 -- EASI-FISH/connectome-driven visual system neural inventory). NOTE: exact per-cell-type data point not independently re-verified beyond the cited paper's existence and topical match -- confirm against the paper's supplementary table before applying."
171,720575940624957623,Dm9,Dm9_GLUT_confirmed_via_direct_literature_search,ACH,GLUT,0.66,0.03,0.6402,full (E1 x E2),"Davis et al., 2020 (as cited in Kind et al., 2021, eLife, doi:10.7554/eLife.71858); Schnaitmann et al., 2024, Front. Mol. Neurosci., doi:10.3389/fnmol.2024.1347540",4.0,"Review for relabel: classifier predicted ACH, literature verifies GLUT (source: Davis et al., 2020 (as cited in Kind et al., 2021, eLife, doi:10.7554/eLife.71858); Schnaitmann et al., 2024, Front. Mol. Neurosci., doi:10.3389/fnmol.2024.1347540)"
172,720575940630995200,R7,categorical_blindspot_HIST,GLUT,HIST,0.64,,0.64,categorical_blindspot (E1 only),"Davis et al., 2020",4.0,"Review for relabel: classifier predicted GLUT, literature verifies HIST (source: Davis et al., 2020, confidence 4.0/5)"
173,720575940630275522,R7,categorical_blindspot_HIST,GABA,HIST,0.64,,0.64,categorical_blindspot (E1 only),"Davis et al., 2020",4.0,"Review for relabel: classifier predicted GABA, literature verifies HIST (source: Davis et al., 2020, confidence 4.0/5)"
174,720575940624106948,R7,categorical_blindspot_HIST,ACH,HIST,0.64,,0.64,categorical_blindspot (E1 only),"Davis et al., 2020",4.0,"Review for relabel: classifier predicted ACH, literature verifies HIST (source: Davis et al., 2020, confidence 4.0/5)"
175,720575940623132329,R7,categorical_blindspot_HIST,GLUT,HIST,0.64,,0.64,categorical_blindspot (E1 only),"Davis et al., 2020",4.0,"Review for relabel: classifier predicted GLUT, literature verifies HIST (source: Davis et al., 2020, confidence 4.0/5)"
176,720575940616799174,R7,categorical_blindspot_HIST,ACH,HIST,0.64,,0.64,categorical_blindspot (E1 only),"Davis et al., 2020",4.0,"Review for relabel: classifier predicted ACH, literature verifies HIST (source: Davis et al., 2020, confidence 4.0/5)"
177,720575940624609461,R7,categorical_blindspot_HIST,GLUT,HIST,0.64,,0.64,categorical_blindspot (E1 only),"Davis et al., 2020",4.0,"Review for relabel: classifier predicted GLUT, literature verifies HIST (source: Davis et al., 2020, confidence 4.0/5)"
178,720575940635079324,R7,categorical_blindspot_HIST,GLUT,HIST,0.64,,0.64,categorical_blindspot (E1 only),"Davis et al., 2020",4.0,"Review for relabel: classifier predicted GLUT, literature verifies HIST (source: Davis et al., 2020, confidence 4.0/5)"
179,720575940619144000,R7,categorical_blindspot_HIST,GLUT,HIST,0.64,,0.64,categorical_blindspot (E1 only),"Davis et al., 2020",4.0,"Review for relabel: classifier predicted GLUT, literature verifies HIST (source: Davis et al., 2020, confidence 4.0/5)"
180,720575940608110466,R7,categorical_blindspot_HIST,GLUT,HIST,0.64,,0.64,categorical_blindspot (E1 only),"Davis et al., 2020",4.0,"Review for relabel: classifier predicted GLUT, literature verifies HIST (source: Davis et al., 2020, confidence 4.0/5)"
181,720575940636390263,R7,categorical_blindspot_HIST,GABA,HIST,0.64,,0.64,categorical_blindspot (E1 only),"Davis et al., 2020",4.0,"Review for relabel: classifier predicted GABA, literature verifies HIST (source: Davis et al., 2020, confidence 4.0/5)"
182,720575940628239162,R7,categorical_blindspot_HIST,GLUT,HIST,0.64,,0.64,categorical_blindspot (E1 only),"Davis et al., 2020",4.0,"Review for relabel: classifier predicted GLUT, literature verifies HIST (source: Davis et al., 2020, confidence 4.0/5)"
183,720575940625093813,R7,categorical_blindspot_HIST,GABA,HIST,0.64,,0.64,categorical_blindspot (E1 only),"Davis et al., 2020",4.0,"Review for relabel: classifier predicted GABA, literature verifies HIST (source: Davis et al., 2020, confidence 4.0/5)"
184,720575940606534502,R7,categorical_blindspot_HIST,GLUT,HIST,0.64,,0.64,categorical_blindspot (E1 only),"Davis et al., 2020",4.0,"Review for relabel: classifier predicted GLUT, literature verifies HIST (source: Davis et al., 2020, confidence 4.0/5)"
185,720575940630852138,ORN_DL3,ORN_SER_confusion,SER,ACH,0.77,0.17,0.6391,full (E1 x E2),"Carlsson et al., 2010; Yasuyama et al. 1999",5.0,"Review for relabel: classifier predicted SER, literature verifies ACH (source: Carlsson et al., 2010; Yasuyama et al. 1999, confidence 5.0/5)"
186,720575940620673776,ORN_DL3,ORN_SER_confusion,SER,ACH,0.77,0.17,0.6391,full (E1 x E2),"Carlsson et al., 2010; Yasuyama et al. 1999",5.0,"Review for relabel: classifier predicted SER, literature verifies ACH (source: Carlsson et al., 2010; Yasuyama et al. 1999, confidence 5.0/5)"
187,720575940627064778,Dm9,Dm9_GLUT_confirmed_via_direct_literature_search,ACH,GLUT,0.67,0.05,0.6365,full (E1 x E2),"Davis et al., 2020 (as cited in Kind et al., 2021, eLife, doi:10.7554/eLife.71858); Schnaitmann et al., 2024, Front. Mol. Neurosci., doi:10.3389/fnmol.2024.1347540",4.0,"Review for relabel: classifier predicted ACH, literature verifies GLUT (source: Davis et al., 2020 (as cited in Kind et al., 2021, eLife, doi:10.7554/eLife.71858); Schnaitmann et al., 2024, Front. Mol. Neurosci., doi:10.3389/fnmol.2024.1347540)"
188,720575940625194313,Dm9,Dm9_GLUT_confirmed_via_direct_literature_search,ACH,GLUT,0.69,0.08,0.6348,full (E1 x E2),"Davis et al., 2020 (as cited in Kind et al., 2021, eLife, doi:10.7554/eLife.71858); Schnaitmann et al., 2024, Front. Mol. Neurosci., doi:10.3389/fnmol.2024.1347540",4.0,"Review for relabel: classifier predicted ACH, literature verifies GLUT (source: Davis et al., 2020 (as cited in Kind et al., 2021, eLife, doi:10.7554/eLife.71858); Schnaitmann et al., 2024, Front. Mol. Neurosci., doi:10.3389/fnmol.2024.1347540)"
189,720575940641215104,hDeltaK,hDeltaK_signature_scan_novel_candidate,SER,ACH,0.64,0.01,0.6336,full (E1 x E2),"Wolff et al., 2024 (bioRxiv), published 2025 eLife RP104764 -- EASI-FISH neurotransmitter profiling of central complex cell types",3.0,"Review for relabel: classifier predicted SER, signature-scan + literature match indicates ACH (source: Wolff et al., 2024 (bioRxiv), published 2025 eLife RP104764 -- EASI-FISH neurotransmitter profiling of central complex cell types). NOTE: exact per-cell-type data point not independently re-verified beyond the cited paper's existence and topical match -- confirm against the paper's supplementary table before applying."
190,720575940623152734,Dm9,Dm9_GLUT_confirmed_via_direct_literature_search,ACH,GLUT,0.66,0.04,0.6336,full (E1 x E2),"Davis et al., 2020 (as cited in Kind et al., 2021, eLife, doi:10.7554/eLife.71858); Schnaitmann et al., 2024, Front. Mol. Neurosci., doi:10.3389/fnmol.2024.1347540",4.0,"Review for relabel: classifier predicted ACH, literature verifies GLUT (source: Davis et al., 2020 (as cited in Kind et al., 2021, eLife, doi:10.7554/eLife.71858); Schnaitmann et al., 2024, Front. Mol. Neurosci., doi:10.3389/fnmol.2024.1347540)"
191,720575940629946896,Dm9,Dm9_GLUT_confirmed_via_direct_literature_search,ACH,GLUT,0.66,0.04,0.6336,full (E1 x E2),"Davis et al., 2020 (as cited in Kind et al., 2021, eLife, doi:10.7554/eLife.71858); Schnaitmann et al., 2024, Front. Mol. Neurosci., doi:10.3389/fnmol.2024.1347540",4.0,"Review for relabel: classifier predicted ACH, literature verifies GLUT (source: Davis et al., 2020 (as cited in Kind et al., 2021, eLife, doi:10.7554/eLife.71858); Schnaitmann et al., 2024, Front. Mol. Neurosci., doi:10.3389/fnmol.2024.1347540)"
192,720575940620667608,Dm9,Dm9_GLUT_confirmed_via_direct_literature_search,ACH,GLUT,0.66,0.04,0.6336,full (E1 x E2),"Davis et al., 2020 (as cited in Kind et al., 2021, eLife, doi:10.7554/eLife.71858); Schnaitmann et al., 2024, Front. Mol. Neurosci., doi:10.3389/fnmol.2024.1347540",4.0,"Review for relabel: classifier predicted ACH, literature verifies GLUT (source: Davis et al., 2020 (as cited in Kind et al., 2021, eLife, doi:10.7554/eLife.71858); Schnaitmann et al., 2024, Front. Mol. Neurosci., doi:10.3389/fnmol.2024.1347540)"
193,720575940628280911,ORN_DL3,ORN_SER_confusion,SER,ACH,0.76,0.17,0.6308,full (E1 x E2),"Carlsson et al., 2010; Yasuyama et al. 1999",5.0,"Review for relabel: classifier predicted SER, literature verifies ACH (source: Carlsson et al., 2010; Yasuyama et al. 1999, confidence 5.0/5)"
194,720575940640558755,R7,categorical_blindspot_HIST,GABA,HIST,0.63,,0.63,categorical_blindspot (E1 only),"Davis et al., 2020",4.0,"Review for relabel: classifier predicted GABA, literature verifies HIST (source: Davis et al., 2020, confidence 4.0/5)"
195,720575940635374231,R7,categorical_blindspot_HIST,GLUT,HIST,0.63,,0.63,categorical_blindspot (E1 only),"Davis et al., 2020",4.0,"Review for relabel: classifier predicted GLUT, literature verifies HIST (source: Davis et al., 2020, confidence 4.0/5)"
196,720575940609758985,R7,categorical_blindspot_HIST,GABA,HIST,0.63,,0.63,categorical_blindspot (E1 only),"Davis et al., 2020",4.0,"Review for relabel: classifier predicted GABA, literature verifies HIST (source: Davis et al., 2020, confidence 4.0/5)"
197,720575940631312758,R7,categorical_blindspot_HIST,GABA,HIST,0.63,,0.63,categorical_blindspot (E1 only),"Davis et al., 2020",4.0,"Review for relabel: classifier predicted GABA, literature verifies HIST (source: Davis et al., 2020, confidence 4.0/5)"
198,720575940622943207,R7,categorical_blindspot_HIST,GLUT,HIST,0.63,,0.63,categorical_blindspot (E1 only),"Davis et al., 2020",4.0,"Review for relabel: classifier predicted GLUT, literature verifies HIST (source: Davis et al., 2020, confidence 4.0/5)"
199,720575940606471345,R7,categorical_blindspot_HIST,GLUT,HIST,0.63,,0.63,categorical_blindspot (E1 only),"Davis et al., 2020",4.0,"Review for relabel: classifier predicted GLUT, literature verifies HIST (source: Davis et al., 2020, confidence 4.0/5)"
200,720575940614457581,R7,categorical_blindspot_HIST,GLUT,HIST,0.63,,0.63,categorical_blindspot (E1 only),"Davis et al., 2020",4.0,"Review for relabel: classifier predicted GLUT, literature verifies HIST (source: Davis et al., 2020, confidence 4.0/5)"
201,720575940614251747,R7,categorical_blindspot_HIST,GABA,HIST,0.63,,0.63,categorical_blindspot (E1 only),"Davis et al., 2020",4.0,"Review for relabel: classifier predicted GABA, literature verifies HIST (source: Davis et al., 2020, confidence 4.0/5)"
202,720575940605266865,ORN_DL3,ORN_SER_confusion,SER,ACH,0.73,0.14,0.6278,full (E1 x E2),"Carlsson et al., 2010; Yasuyama et al. 1999",5.0,"Review for relabel: classifier predicted SER, literature verifies ACH (source: Carlsson et al., 2010; Yasuyama et al. 1999, confidence 5.0/5)"
203,720575940626371898,hDeltaK,hDeltaK_signature_scan_novel_candidate,SER,ACH,0.64,0.02,0.6272,full (E1 x E2),"Wolff et al., 2024 (bioRxiv), published 2025 eLife RP104764 -- EASI-FISH neurotransmitter profiling of central complex cell types",3.0,"Review for relabel: classifier predicted SER, signature-scan + literature match indicates ACH (source: Wolff et al., 2024 (bioRxiv), published 2025 eLife RP104764 -- EASI-FISH neurotransmitter profiling of central complex cell types). NOTE: exact per-cell-type data point not independently re-verified beyond the cited paper's existence and topical match -- confirm against the paper's supplementary table before applying."
204,720575940628294666,Dm9,Dm9_GLUT_confirmed_via_direct_literature_search,ACH,GLUT,0.66,0.05,0.627,full (E1 x E2),"Davis et al., 2020 (as cited in Kind et al., 2021, eLife, doi:10.7554/eLife.71858); Schnaitmann et al., 2024, Front. Mol. Neurosci., doi:10.3389/fnmol.2024.1347540",4.0,"Review for relabel: classifier predicted ACH, literature verifies GLUT (source: Davis et al., 2020 (as cited in Kind et al., 2021, eLife, doi:10.7554/eLife.71858); Schnaitmann et al., 2024, Front. Mol. Neurosci., doi:10.3389/fnmol.2024.1347540)"
205,720575940624546598,Dm9,Dm9_GLUT_confirmed_via_direct_literature_search,ACH,GLUT,0.66,0.05,0.627,full (E1 x E2),"Davis et al., 2020 (as cited in Kind et al., 2021, eLife, doi:10.7554/eLife.71858); Schnaitmann et al., 2024, Front. Mol. Neurosci., doi:10.3389/fnmol.2024.1347540",4.0,"Review for relabel: classifier predicted ACH, literature verifies GLUT (source: Davis et al., 2020 (as cited in Kind et al., 2021, eLife, doi:10.7554/eLife.71858); Schnaitmann et al., 2024, Front. Mol. Neurosci., doi:10.3389/fnmol.2024.1347540)"
206,720575940629390065,Dm12,Dm_GLUT_confusion,GABA,GLUT,0.66,0.05,0.627,full (E1 x E2),"Davis et al., 2020",4.0,"Review for relabel: classifier predicted GABA, literature verifies GLUT (source: Davis et al., 2020, confidence 4.0/5)"
207,720575940632243218,R8,categorical_blindspot_HIST,GLUT,"ACH,HIST",0.72,0.13,0.6264,full (E1 x E2),"Davis et al., 2020; Sarthy 1991",5.0,"Review for relabel: classifier predicted GLUT, literature verifies ACH/HIST (source: Davis et al., 2020; Sarthy 1991, confidence 5.0/5)"
208,720575940625022352,ORN_DL4,ORN_SER_confusion,SER,ACH,0.72,0.13,0.6264,full (E1 x E2),"Carlsson et al., 2010; Yasuyama et al. 1999",5.0,"Review for relabel: classifier predicted SER, literature verifies ACH (source: Carlsson et al., 2010; Yasuyama et al. 1999, confidence 5.0/5)"
209,720575940623944547,Dm9,Dm9_GLUT_confirmed_via_direct_literature_search,ACH,GLUT,0.68,0.08,0.6256,full (E1 x E2),"Davis et al., 2020 (as cited in Kind et al., 2021, eLife, doi:10.7554/eLife.71858); Schnaitmann et al., 2024, Front. Mol. Neurosci., doi:10.3389/fnmol.2024.1347540",4.0,"Review for relabel: classifier predicted ACH, literature verifies GLUT (source: Davis et al., 2020 (as cited in Kind et al., 2021, eLife, doi:10.7554/eLife.71858); Schnaitmann et al., 2024, Front. Mol. Neurosci., doi:10.3389/fnmol.2024.1347540)"
210,720575940644429984,TmY16,TmY16_signature_scan_novel_candidate,GABA,GLUT,0.71,0.12,0.6248,full (E1 x E2),"Nern et al., 2024 (bioRxiv), published 2025 Nature 641:1225-1237 -- EASI-FISH/connectome-driven visual system neural inventory",3.0,"Review for relabel: classifier predicted GABA, signature-scan + literature match indicates GLUT (source: Nern et al., 2024 (bioRxiv), published 2025 Nature 641:1225-1237 -- EASI-FISH/connectome-driven visual system neural inventory). NOTE: exact per-cell-type data point not independently re-verified beyond the cited paper's existence and topical match -- confirm against the paper's supplementary table before applying."
211,720575940620960592,Dm9,Dm9_GLUT_confirmed_via_direct_literature_search,ACH,GLUT,0.64,0.03,0.6208,full (E1 x E2),"Davis et al., 2020 (as cited in Kind et al., 2021, eLife, doi:10.7554/eLife.71858); Schnaitmann et al., 2024, Front. Mol. Neurosci., doi:10.3389/fnmol.2024.1347540",4.0,"Review for relabel: classifier predicted ACH, literature verifies GLUT (source: Davis et al., 2020 (as cited in Kind et al., 2021, eLife, doi:10.7554/eLife.71858); Schnaitmann et al., 2024, Front. Mol. Neurosci., doi:10.3389/fnmol.2024.1347540)"
212,720575940627147978,Dm9,Dm9_GLUT_confirmed_via_direct_literature_search,ACH,GLUT,0.64,0.03,0.6208,full (E1 x E2),"Davis et al., 2020 (as cited in Kind et al., 2021, eLife, doi:10.7554/eLife.71858); Schnaitmann et al., 2024, Front. Mol. Neurosci., doi:10.3389/fnmol.2024.1347540",4.0,"Review for relabel: classifier predicted ACH, literature verifies GLUT (source: Davis et al., 2020 (as cited in Kind et al., 2021, eLife, doi:10.7554/eLife.71858); Schnaitmann et al., 2024, Front. Mol. Neurosci., doi:10.3389/fnmol.2024.1347540)"
213,720575940629765675,R7,categorical_blindspot_HIST,GLUT,HIST,0.62,,0.62,categorical_blindspot (E1 only),"Davis et al., 2020",4.0,"Review for relabel: classifier predicted GLUT, literature verifies HIST (source: Davis et al., 2020, confidence 4.0/5)"
214,720575940617796923,R7,categorical_blindspot_HIST,GLUT,HIST,0.62,,0.62,categorical_blindspot (E1 only),"Davis et al., 2020",4.0,"Review for relabel: classifier predicted GLUT, literature verifies HIST (source: Davis et al., 2020, confidence 4.0/5)"
215,720575940625812408,R7,categorical_blindspot_HIST,GLUT,HIST,0.62,,0.62,categorical_blindspot (E1 only),"Davis et al., 2020",4.0,"Review for relabel: classifier predicted GLUT, literature verifies HIST (source: Davis et al., 2020, confidence 4.0/5)"
216,720575940635075740,R7,categorical_blindspot_HIST,GABA,HIST,0.62,,0.62,categorical_blindspot (E1 only),"Davis et al., 2020",4.0,"Review for relabel: classifier predicted GABA, literature verifies HIST (source: Davis et al., 2020, confidence 4.0/5)"
217,720575940624271338,R7,categorical_blindspot_HIST,GLUT,HIST,0.62,,0.62,categorical_blindspot (E1 only),"Davis et al., 2020",4.0,"Review for relabel: classifier predicted GLUT, literature verifies HIST (source: Davis et al., 2020, confidence 4.0/5)"
218,720575940625872973,R7,categorical_blindspot_HIST,GLUT,HIST,0.62,,0.62,categorical_blindspot (E1 only),"Davis et al., 2020",4.0,"Review for relabel: classifier predicted GLUT, literature verifies HIST (source: Davis et al., 2020, confidence 4.0/5)"
219,720575940616705734,R7,categorical_blindspot_HIST,GABA,HIST,0.62,,0.62,categorical_blindspot (E1 only),"Davis et al., 2020",4.0,"Review for relabel: classifier predicted GABA, literature verifies HIST (source: Davis et al., 2020, confidence 4.0/5)"
220,720575940622106790,R7,categorical_blindspot_HIST,GLUT,HIST,0.62,,0.62,categorical_blindspot (E1 only),"Davis et al., 2020",4.0,"Review for relabel: classifier predicted GLUT, literature verifies HIST (source: Davis et al., 2020, confidence 4.0/5)"
221,720575940611645650,R7,categorical_blindspot_HIST,GABA,HIST,0.62,,0.62,categorical_blindspot (E1 only),"Davis et al., 2020",4.0,"Review for relabel: classifier predicted GABA, literature verifies HIST (source: Davis et al., 2020, confidence 4.0/5)"
222,720575940636781167,R8,categorical_blindspot_HIST,GLUT,"ACH,HIST",0.68,0.09,0.6188,full (E1 x E2),"Davis et al., 2020; Sarthy 1991",5.0,"Review for relabel: classifier predicted GLUT, literature verifies ACH/HIST (source: Davis et al., 2020; Sarthy 1991, confidence 5.0/5)"
223,720575940625660647,Dm9,Dm9_GLUT_confirmed_via_direct_literature_search,ACH,GLUT,0.65,0.05,0.6174999999999999,full (E1 x E2),"Davis et al., 2020 (as cited in Kind et al., 2021, eLife, doi:10.7554/eLife.71858); Schnaitmann et al., 2024, Front. Mol. Neurosci., doi:10.3389/fnmol.2024.1347540",4.0,"Review for relabel: classifier predicted ACH, literature verifies GLUT (source: Davis et al., 2020 (as cited in Kind et al., 2021, eLife, doi:10.7554/eLife.71858); Schnaitmann et al., 2024, Front. Mol. Neurosci., doi:10.3389/fnmol.2024.1347540)"
224,720575940620034462,Dm9,Dm9_GLUT_confirmed_via_direct_literature_search,ACH,GLUT,0.65,0.05,0.6174999999999999,full (E1 x E2),"Davis et al., 2020 (as cited in Kind et al., 2021, eLife, doi:10.7554/eLife.71858); Schnaitmann et al., 2024, Front. Mol. Neurosci., doi:10.3389/fnmol.2024.1347540",4.0,"Review for relabel: classifier predicted ACH, literature verifies GLUT (source: Davis et al., 2020 (as cited in Kind et al., 2021, eLife, doi:10.7554/eLife.71858); Schnaitmann et al., 2024, Front. Mol. Neurosci., doi:10.3389/fnmol.2024.1347540)"
225,720575940636110943,Dm9,Dm9_GLUT_confirmed_via_direct_literature_search,ACH,GLUT,0.65,0.05,0.6174999999999999,full (E1 x E2),"Davis et al., 2020 (as cited in Kind et al., 2021, eLife, doi:10.7554/eLife.71858); Schnaitmann et al., 2024, Front. Mol. Neurosci., doi:10.3389/fnmol.2024.1347540",4.0,"Review for relabel: classifier predicted ACH, literature verifies GLUT (source: Davis et al., 2020 (as cited in Kind et al., 2021, eLife, doi:10.7554/eLife.71858); Schnaitmann et al., 2024, Front. Mol. Neurosci., doi:10.3389/fnmol.2024.1347540)"
226,720575940621391457,R8,categorical_blindspot_HIST,GLUT,"ACH,HIST",0.65,0.05,0.6174999999999999,full (E1 x E2),"Davis et al., 2020; Sarthy 1991",5.0,"Review for relabel: classifier predicted GLUT, literature verifies ACH/HIST (source: Davis et al., 2020; Sarthy 1991, confidence 5.0/5)"
227,720575940626399550,ORN_DA3,ORN_SER_confusion,SER,ACH,0.77,0.2,0.6160000000000001,full (E1 x E2),"Carlsson et al., 2010; Yasuyama et al. 1999",5.0,"Review for relabel: classifier predicted SER, literature verifies ACH (source: Carlsson et al., 2010; Yasuyama et al. 1999, confidence 5.0/5)"
228,720575940632357451,Dm9,Dm9_GLUT_confirmed_via_direct_literature_search,ACH,GLUT,0.64,0.04,0.6144,full (E1 x E2),"Davis et al., 2020 (as cited in Kind et al., 2021, eLife, doi:10.7554/eLife.71858); Schnaitmann et al., 2024, Front. Mol. Neurosci., doi:10.3389/fnmol.2024.1347540",4.0,"Review for relabel: classifier predicted ACH, literature verifies GLUT (source: Davis et al., 2020 (as cited in Kind et al., 2021, eLife, doi:10.7554/eLife.71858); Schnaitmann et al., 2024, Front. Mol. Neurosci., doi:10.3389/fnmol.2024.1347540)"
229,720575940618247897,R8,categorical_blindspot_HIST,GLUT,"ACH,HIST",0.64,0.04,0.6144,full (E1 x E2),"Davis et al., 2020; Sarthy 1991",5.0,"Review for relabel: classifier predicted GLUT, literature verifies ACH/HIST (source: Davis et al., 2020; Sarthy 1991, confidence 5.0/5)"
230,720575940624465299,Dm9,Dm9_GLUT_confirmed_via_direct_literature_search,ACH,GLUT,0.66,0.07,0.6138,full (E1 x E2),"Davis et al., 2020 (as cited in Kind et al., 2021, eLife, doi:10.7554/eLife.71858); Schnaitmann et al., 2024, Front. Mol. Neurosci., doi:10.3389/fnmol.2024.1347540",4.0,"Review for relabel: classifier predicted ACH, literature verifies GLUT (source: Davis et al., 2020 (as cited in Kind et al., 2021, eLife, doi:10.7554/eLife.71858); Schnaitmann et al., 2024, Front. Mol. Neurosci., doi:10.3389/fnmol.2024.1347540)"
231,720575940613858922,ORN_DL3,ORN_SER_confusion,SER,ACH,0.73,0.16,0.6132,full (E1 x E2),"Carlsson et al., 2010; Yasuyama et al. 1999",5.0,"Review for relabel: classifier predicted SER, literature verifies ACH (source: Carlsson et al., 2010; Yasuyama et al. 1999, confidence 5.0/5)"
232,720575940634297299,Dm9,Dm9_GLUT_confirmed_via_direct_literature_search,ACH,GLUT,0.63,0.03,0.6111,full (E1 x E2),"Davis et al., 2020 (as cited in Kind et al., 2021, eLife, doi:10.7554/eLife.71858); Schnaitmann et al., 2024, Front. Mol. Neurosci., doi:10.3389/fnmol.2024.1347540",4.0,"Review for relabel: classifier predicted ACH, literature verifies GLUT (source: Davis et al., 2020 (as cited in Kind et al., 2021, eLife, doi:10.7554/eLife.71858); Schnaitmann et al., 2024, Front. Mol. Neurosci., doi:10.3389/fnmol.2024.1347540)"
233,720575940617296827,Dm9,Dm9_GLUT_confirmed_via_direct_literature_search,ACH,GLUT,0.63,0.03,0.6111,full (E1 x E2),"Davis et al., 2020 (as cited in Kind et al., 2021, eLife, doi:10.7554/eLife.71858); Schnaitmann et al., 2024, Front. Mol. Neurosci., doi:10.3389/fnmol.2024.1347540",4.0,"Review for relabel: classifier predicted ACH, literature verifies GLUT (source: Davis et al., 2020 (as cited in Kind et al., 2021, eLife, doi:10.7554/eLife.71858); Schnaitmann et al., 2024, Front. Mol. Neurosci., doi:10.3389/fnmol.2024.1347540)"
234,720575940629369930,Dm9,Dm9_GLUT_confirmed_via_direct_literature_search,ACH,GLUT,0.65,0.06,0.611,full (E1 x E2),"Davis et al., 2020 (as cited in Kind et al., 2021, eLife, doi:10.7554/eLife.71858); Schnaitmann et al., 2024, Front. Mol. Neurosci., doi:10.3389/fnmol.2024.1347540",4.0,"Review for relabel: classifier predicted ACH, literature verifies GLUT (source: Davis et al., 2020 (as cited in Kind et al., 2021, eLife, doi:10.7554/eLife.71858); Schnaitmann et al., 2024, Front. Mol. Neurosci., doi:10.3389/fnmol.2024.1347540)"
235,720575940621581421,R7,categorical_blindspot_HIST,GABA,HIST,0.61,,0.61,categorical_blindspot (E1 only),"Davis et al., 2020",4.0,"Review for relabel: classifier predicted GABA, literature verifies HIST (source: Davis et al., 2020, confidence 4.0/5)"
236,720575940638404580,R7,categorical_blindspot_HIST,GLUT,HIST,0.61,,0.61,categorical_blindspot (E1 only),"Davis et al., 2020",4.0,"Review for relabel: classifier predicted GLUT, literature verifies HIST (source: Davis et al., 2020, confidence 4.0/5)"
237,720575940628304954,R7,categorical_blindspot_HIST,GLUT,HIST,0.61,,0.61,categorical_blindspot (E1 only),"Davis et al., 2020",4.0,"Review for relabel: classifier predicted GLUT, literature verifies HIST (source: Davis et al., 2020, confidence 4.0/5)"
238,720575940627961481,R7,categorical_blindspot_HIST,GABA,HIST,0.61,,0.61,categorical_blindspot (E1 only),"Davis et al., 2020",4.0,"Review for relabel: classifier predicted GABA, literature verifies HIST (source: Davis et al., 2020, confidence 4.0/5)"
239,720575940613619865,R7,categorical_blindspot_HIST,GLUT,HIST,0.61,,0.61,categorical_blindspot (E1 only),"Davis et al., 2020",4.0,"Review for relabel: classifier predicted GLUT, literature verifies HIST (source: Davis et al., 2020, confidence 4.0/5)"
240,720575940630898944,R7,categorical_blindspot_HIST,GABA,HIST,0.61,,0.61,categorical_blindspot (E1 only),"Davis et al., 2020",4.0,"Review for relabel: classifier predicted GABA, literature verifies HIST (source: Davis et al., 2020, confidence 4.0/5)"
241,720575940630958454,R7,categorical_blindspot_HIST,GABA,HIST,0.61,,0.61,categorical_blindspot (E1 only),"Davis et al., 2020",4.0,"Review for relabel: classifier predicted GABA, literature verifies HIST (source: Davis et al., 2020, confidence 4.0/5)"
242,720575940616115010,R7,categorical_blindspot_HIST,GLUT,HIST,0.61,,0.61,categorical_blindspot (E1 only),"Davis et al., 2020",4.0,"Review for relabel: classifier predicted GLUT, literature verifies HIST (source: Davis et al., 2020, confidence 4.0/5)"
243,720575940632869423,R7,categorical_blindspot_HIST,GABA,HIST,0.61,,0.61,categorical_blindspot (E1 only),"Davis et al., 2020",4.0,"Review for relabel: classifier predicted GABA, literature verifies HIST (source: Davis et al., 2020, confidence 4.0/5)"
244,720575940632666435,R7,categorical_blindspot_HIST,GABA,HIST,0.61,,0.61,categorical_blindspot (E1 only),"Davis et al., 2020",4.0,"Review for relabel: classifier predicted GABA, literature verifies HIST (source: Davis et al., 2020, confidence 4.0/5)"
245,720575940610174403,R7,categorical_blindspot_HIST,GLUT,HIST,0.61,,0.61,categorical_blindspot (E1 only),"Davis et al., 2020",4.0,"Review for relabel: classifier predicted GLUT, literature verifies HIST (source: Davis et al., 2020, confidence 4.0/5)"
246,720575940624336324,R7,categorical_blindspot_HIST,GABA,HIST,0.61,,0.61,categorical_blindspot (E1 only),"Davis et al., 2020",4.0,"Review for relabel: classifier predicted GABA, literature verifies HIST (source: Davis et al., 2020, confidence 4.0/5)"
247,720575940615079079,R7,categorical_blindspot_HIST,GABA,HIST,0.61,,0.61,categorical_blindspot (E1 only),"Davis et al., 2020",4.0,"Review for relabel: classifier predicted GABA, literature verifies HIST (source: Davis et al., 2020, confidence 4.0/5)"
248,720575940626344781,R7,categorical_blindspot_HIST,GABA,HIST,0.61,,0.61,categorical_blindspot (E1 only),"Davis et al., 2020",4.0,"Review for relabel: classifier predicted GABA, literature verifies HIST (source: Davis et al., 2020, confidence 4.0/5)"
249,720575940618566557,R7,categorical_blindspot_HIST,GABA,HIST,0.61,,0.61,categorical_blindspot (E1 only),"Davis et al., 2020",4.0,"Review for relabel: classifier predicted GABA, literature verifies HIST (source: Davis et al., 2020, confidence 4.0/5)"
250,720575940633686317,R7,categorical_blindspot_HIST,GABA,HIST,0.61,,0.61,categorical_blindspot (E1 only),"Davis et al., 2020",4.0,"Review for relabel: classifier predicted GABA, literature verifies HIST (source: Davis et al., 2020, confidence 4.0/5)"
251,720575940629083377,R7,categorical_blindspot_HIST,GLUT,HIST,0.61,,0.61,categorical_blindspot (E1 only),"Davis et al., 2020",4.0,"Review for relabel: classifier predicted GLUT, literature verifies HIST (source: Davis et al., 2020, confidence 4.0/5)"
252,720575940636094815,R7,categorical_blindspot_HIST,GLUT,HIST,0.61,,0.61,categorical_blindspot (E1 only),"Davis et al., 2020",4.0,"Review for relabel: classifier predicted GLUT, literature verifies HIST (source: Davis et al., 2020, confidence 4.0/5)"
253,720575940644542755,R7,categorical_blindspot_HIST,GABA,HIST,0.61,,0.61,categorical_blindspot (E1 only),"Davis et al., 2020",4.0,"Review for relabel: classifier predicted GABA, literature verifies HIST (source: Davis et al., 2020, confidence 4.0/5)"
254,720575940629703785,Dm9,Dm9_GLUT_confirmed_via_direct_literature_search,ACH,GLUT,0.64,0.05,0.608,full (E1 x E2),"Davis et al., 2020 (as cited in Kind et al., 2021, eLife, doi:10.7554/eLife.71858); Schnaitmann et al., 2024, Front. Mol. Neurosci., doi:10.3389/fnmol.2024.1347540",4.0,"Review for relabel: classifier predicted ACH, literature verifies GLUT (source: Davis et al., 2020 (as cited in Kind et al., 2021, eLife, doi:10.7554/eLife.71858); Schnaitmann et al., 2024, Front. Mol. Neurosci., doi:10.3389/fnmol.2024.1347540)"
255,720575940621922998,R8,categorical_blindspot_HIST,GLUT,"ACH,HIST",0.66,0.08,0.6072000000000001,full (E1 x E2),"Davis et al., 2020; Sarthy 1991",5.0,"Review for relabel: classifier predicted GLUT, literature verifies ACH/HIST (source: Davis et al., 2020; Sarthy 1991, confidence 5.0/5)"
256,720575940613042728,ORN_DL4,ORN_SER_confusion,SER,ACH,0.69,0.12,0.6072,full (E1 x E2),"Carlsson et al., 2010; Yasuyama et al. 1999",5.0,"Review for relabel: classifier predicted SER, literature verifies ACH (source: Carlsson et al., 2010; Yasuyama et al. 1999, confidence 5.0/5)"
257,720575940633155655,Dm9,Dm9_GLUT_confirmed_via_direct_literature_search,ACH,GLUT,0.65,0.07,0.6044999999999999,full (E1 x E2),"Davis et al., 2020 (as cited in Kind et al., 2021, eLife, doi:10.7554/eLife.71858); Schnaitmann et al., 2024, Front. Mol. Neurosci., doi:10.3389/fnmol.2024.1347540",4.0,"Review for relabel: classifier predicted ACH, literature verifies GLUT (source: Davis et al., 2020 (as cited in Kind et al., 2021, eLife, doi:10.7554/eLife.71858); Schnaitmann et al., 2024, Front. Mol. Neurosci., doi:10.3389/fnmol.2024.1347540)"
258,720575940620348342,ORN_DL3,ORN_SER_confusion,SER,ACH,0.71,0.15,0.6034999999999999,full (E1 x E2),"Carlsson et al., 2010; Yasuyama et al. 1999",5.0,"Review for relabel: classifier predicted SER, literature verifies ACH (source: Carlsson et al., 2010; Yasuyama et al. 1999, confidence 5.0/5)"
259,720575940633940761,ORN_DL3,ORN_SER_confusion,SER,ACH,0.71,0.15,0.6034999999999999,full (E1 x E2),"Carlsson et al., 2010; Yasuyama et al. 1999",5.0,"Review for relabel: classifier predicted SER, literature verifies ACH (source: Carlsson et al., 2010; Yasuyama et al. 1999, confidence 5.0/5)"
260,720575940625187390,ORN_DA3,ORN_SER_confusion,SER,ACH,0.66,0.09,0.6006,full (E1 x E2),"Carlsson et al., 2010; Yasuyama et al. 1999",5.0,"Review for relabel: classifier predicted SER, literature verifies ACH (source: Carlsson et al., 2010; Yasuyama et al. 1999, confidence 5.0/5)"
261,720575940638525662,R7,categorical_blindspot_HIST,ACH,HIST,0.6,,0.6,categorical_blindspot (E1 only),"Davis et al., 2020",4.0,"Review for relabel: classifier predicted ACH, literature verifies HIST (source: Davis et al., 2020, confidence 4.0/5)"
262,720575940635525995,R7,categorical_blindspot_HIST,GABA,HIST,0.6,,0.6,categorical_blindspot (E1 only),"Davis et al., 2020",4.0,"Review for relabel: classifier predicted GABA, literature verifies HIST (source: Davis et al., 2020, confidence 4.0/5)"
263,720575940621306644,R7,categorical_blindspot_HIST,GABA,HIST,0.6,,0.6,categorical_blindspot (E1 only),"Davis et al., 2020",4.0,"Review for relabel: classifier predicted GABA, literature verifies HIST (source: Davis et al., 2020, confidence 4.0/5)"
264,720575940617839243,R7,categorical_blindspot_HIST,GLUT,HIST,0.6,,0.6,categorical_blindspot (E1 only),"Davis et al., 2020",4.0,"Review for relabel: classifier predicted GLUT, literature verifies HIST (source: Davis et al., 2020, confidence 4.0/5)"
265,720575940621179329,R7,categorical_blindspot_HIST,GABA,HIST,0.6,,0.6,categorical_blindspot (E1 only),"Davis et al., 2020",4.0,"Review for relabel: classifier predicted GABA, literature verifies HIST (source: Davis et al., 2020, confidence 4.0/5)"
266,720575940621661377,R7,categorical_blindspot_HIST,GABA,HIST,0.6,,0.6,categorical_blindspot (E1 only),"Davis et al., 2020",4.0,"Review for relabel: classifier predicted GABA, literature verifies HIST (source: Davis et al., 2020, confidence 4.0/5)"
267,720575940609276681,R7,categorical_blindspot_HIST,GABA,HIST,0.6,,0.6,categorical_blindspot (E1 only),"Davis et al., 2020",4.0,"Review for relabel: classifier predicted GABA, literature verifies HIST (source: Davis et al., 2020, confidence 4.0/5)"
268,720575940625158206,R7,categorical_blindspot_HIST,ACH,HIST,0.6,,0.6,categorical_blindspot (E1 only),"Davis et al., 2020",4.0,"Review for relabel: classifier predicted ACH, literature verifies HIST (source: Davis et al., 2020, confidence 4.0/5)"
269,720575940640280117,Dm9,Dm9_GLUT_confirmed_via_direct_literature_search,ACH,GLUT,0.63,0.05,0.5984999999999999,full (E1 x E2),"Davis et al., 2020 (as cited in Kind et al., 2021, eLife, doi:10.7554/eLife.71858); Schnaitmann et al., 2024, Front. Mol. Neurosci., doi:10.3389/fnmol.2024.1347540",4.0,"Review for relabel: classifier predicted ACH, literature verifies GLUT (source: Davis et al., 2020 (as cited in Kind et al., 2021, eLife, doi:10.7554/eLife.71858); Schnaitmann et al., 2024, Front. Mol. Neurosci., doi:10.3389/fnmol.2024.1347540)"
270,720575940631863127,Dm9,Dm9_GLUT_confirmed_via_direct_literature_search,ACH,GLUT,0.63,0.05,0.5984999999999999,full (E1 x E2),"Davis et al., 2020 (as cited in Kind et al., 2021, eLife, doi:10.7554/eLife.71858); Schnaitmann et al., 2024, Front. Mol. Neurosci., doi:10.3389/fnmol.2024.1347540",4.0,"Review for relabel: classifier predicted ACH, literature verifies GLUT (source: Davis et al., 2020 (as cited in Kind et al., 2021, eLife, doi:10.7554/eLife.71858); Schnaitmann et al., 2024, Front. Mol. Neurosci., doi:10.3389/fnmol.2024.1347540)"
271,720575940631321675,ORN_DL3,ORN_SER_confusion,SER,ACH,0.71,0.16,0.5963999999999999,full (E1 x E2),"Carlsson et al., 2010; Yasuyama et al. 1999",5.0,"Review for relabel: classifier predicted SER, literature verifies ACH (source: Carlsson et al., 2010; Yasuyama et al. 1999, confidence 5.0/5)"
272,720575940644699296,TmY16,TmY16_signature_scan_novel_candidate,GABA,GLUT,0.67,0.11,0.5963,full (E1 x E2),"Nern et al., 2024 (bioRxiv), published 2025 Nature 641:1225-1237 -- EASI-FISH/connectome-driven visual system neural inventory",3.0,"Review for relabel: classifier predicted GABA, signature-scan + literature match indicates GLUT (source: Nern et al., 2024 (bioRxiv), published 2025 Nature 641:1225-1237 -- EASI-FISH/connectome-driven visual system neural inventory). NOTE: exact per-cell-type data point not independently re-verified beyond the cited paper's existence and topical match -- confirm against the paper's supplementary table before applying."
273,720575940632437971,ORN_DL3,ORN_SER_confusion,SER,ACH,0.69,0.14,0.5933999999999999,full (E1 x E2),"Carlsson et al., 2010; Yasuyama et al. 1999",5.0,"Review for relabel: classifier predicted SER, literature verifies ACH (source: Carlsson et al., 2010; Yasuyama et al. 1999, confidence 5.0/5)"
274,720575940624711216,ORN_DL3,ORN_SER_confusion,SER,ACH,0.69,0.14,0.5933999999999999,full (E1 x E2),"Carlsson et al., 2010; Yasuyama et al. 1999",5.0,"Review for relabel: classifier predicted SER, literature verifies ACH (source: Carlsson et al., 2010; Yasuyama et al. 1999, confidence 5.0/5)"
275,720575940639028312,ORN_DA3,ORN_SER_confusion,SER,ACH,0.75,0.21,0.5925,full (E1 x E2),"Carlsson et al., 2010; Yasuyama et al. 1999",5.0,"Review for relabel: classifier predicted SER, literature verifies ACH (source: Carlsson et al., 2010; Yasuyama et al. 1999, confidence 5.0/5)"
276,720575940625176250,ORN_DL3,ORN_SER_confusion,SER,ACH,0.73,0.19,0.5913,full (E1 x E2),"Carlsson et al., 2010; Yasuyama et al. 1999",5.0,"Review for relabel: classifier predicted SER, literature verifies ACH (source: Carlsson et al., 2010; Yasuyama et al. 1999, confidence 5.0/5)"
277,720575940641063632,R7,categorical_blindspot_HIST,GABA,HIST,0.59,,0.59,categorical_blindspot (E1 only),"Davis et al., 2020",4.0,"Review for relabel: classifier predicted GABA, literature verifies HIST (source: Davis et al., 2020, confidence 4.0/5)"
278,720575940626644068,R7,categorical_blindspot_HIST,GABA,HIST,0.59,,0.59,categorical_blindspot (E1 only),"Davis et al., 2020",4.0,"Review for relabel: classifier predicted GABA, literature verifies HIST (source: Davis et al., 2020, confidence 4.0/5)"
279,720575940606506272,R7,categorical_blindspot_HIST,GABA,HIST,0.59,,0.59,categorical_blindspot (E1 only),"Davis et al., 2020",4.0,"Review for relabel: classifier predicted GABA, literature verifies HIST (source: Davis et al., 2020, confidence 4.0/5)"
280,720575940629102922,R7,categorical_blindspot_HIST,GABA,HIST,0.59,,0.59,categorical_blindspot (E1 only),"Davis et al., 2020",4.0,"Review for relabel: classifier predicted GABA, literature verifies HIST (source: Davis et al., 2020, confidence 4.0/5)"
281,720575940638106736,R7,categorical_blindspot_HIST,ACH,HIST,0.59,,0.59,categorical_blindspot (E1 only),"Davis et al., 2020",4.0,"Review for relabel: classifier predicted ACH, literature verifies HIST (source: Davis et al., 2020, confidence 4.0/5)"
282,720575940613418137,R7,categorical_blindspot_HIST,GABA,HIST,0.59,,0.59,categorical_blindspot (E1 only),"Davis et al., 2020",4.0,"Review for relabel: classifier predicted GABA, literature verifies HIST (source: Davis et al., 2020, confidence 4.0/5)"
283,720575940629510249,R7,categorical_blindspot_HIST,GLUT,HIST,0.59,,0.59,categorical_blindspot (E1 only),"Davis et al., 2020",4.0,"Review for relabel: classifier predicted GLUT, literature verifies HIST (source: Davis et al., 2020, confidence 4.0/5)"
284,720575940625137405,R7,categorical_blindspot_HIST,GABA,HIST,0.59,,0.59,categorical_blindspot (E1 only),"Davis et al., 2020",4.0,"Review for relabel: classifier predicted GABA, literature verifies HIST (source: Davis et al., 2020, confidence 4.0/5)"
285,720575940621749613,R7,categorical_blindspot_HIST,GABA,HIST,0.59,,0.59,categorical_blindspot (E1 only),"Davis et al., 2020",4.0,"Review for relabel: classifier predicted GABA, literature verifies HIST (source: Davis et al., 2020, confidence 4.0/5)"
286,720575940631197496,R7,categorical_blindspot_HIST,GLUT,HIST,0.59,,0.59,categorical_blindspot (E1 only),"Davis et al., 2020",4.0,"Review for relabel: classifier predicted GLUT, literature verifies HIST (source: Davis et al., 2020, confidence 4.0/5)"
287,720575940631242700,R7,categorical_blindspot_HIST,GABA,HIST,0.59,,0.59,categorical_blindspot (E1 only),"Davis et al., 2020",4.0,"Review for relabel: classifier predicted GABA, literature verifies HIST (source: Davis et al., 2020, confidence 4.0/5)"
288,720575940632832583,R7,categorical_blindspot_HIST,ACH,HIST,0.59,,0.59,categorical_blindspot (E1 only),"Davis et al., 2020",4.0,"Review for relabel: classifier predicted ACH, literature verifies HIST (source: Davis et al., 2020, confidence 4.0/5)"
289,720575940613153253,R7,categorical_blindspot_HIST,GABA,HIST,0.59,,0.59,categorical_blindspot (E1 only),"Davis et al., 2020",4.0,"Review for relabel: classifier predicted GABA, literature verifies HIST (source: Davis et al., 2020, confidence 4.0/5)"
290,720575940626839088,Dm9,Dm9_GLUT_confirmed_via_direct_literature_search,ACH,GLUT,0.64,0.08,0.5888,full (E1 x E2),"Davis et al., 2020 (as cited in Kind et al., 2021, eLife, doi:10.7554/eLife.71858); Schnaitmann et al., 2024, Front. Mol. Neurosci., doi:10.3389/fnmol.2024.1347540",4.0,"Review for relabel: classifier predicted ACH, literature verifies GLUT (source: Davis et al., 2020 (as cited in Kind et al., 2021, eLife, doi:10.7554/eLife.71858); Schnaitmann et al., 2024, Front. Mol. Neurosci., doi:10.3389/fnmol.2024.1347540)"
291,720575940615783097,hDeltaK,hDeltaK_signature_scan_novel_candidate,SER,ACH,0.6,0.02,0.588,full (E1 x E2),"Wolff et al., 2024 (bioRxiv), published 2025 eLife RP104764 -- EASI-FISH neurotransmitter profiling of central complex cell types",3.0,"Review for relabel: classifier predicted SER, signature-scan + literature match indicates ACH (source: Wolff et al., 2024 (bioRxiv), published 2025 eLife RP104764 -- EASI-FISH neurotransmitter profiling of central complex cell types). NOTE: exact per-cell-type data point not independently re-verified beyond the cited paper's existence and topical match -- confirm against the paper's supplementary table before applying."
292,720575940620337072,ORN_DA4m,ORN_SER_confusion,SER,ACH,0.66,0.11,0.5874,full (E1 x E2),"Carlsson et al., 2010; Yasuyama et al. 1999",5.0,"Review for relabel: classifier predicted SER, literature verifies ACH (source: Carlsson et al., 2010; Yasuyama et al. 1999, confidence 5.0/5)"
293,720575940626152269,R8,categorical_blindspot_HIST,GLUT,"ACH,HIST",0.61,0.04,0.5856,full (E1 x E2),"Davis et al., 2020; Sarthy 1991",5.0,"Review for relabel: classifier predicted GLUT, literature verifies ACH/HIST (source: Davis et al., 2020; Sarthy 1991, confidence 5.0/5)"
294,720575940633283921,Dm9,Dm9_GLUT_confirmed_via_direct_literature_search,ACH,GLUT,0.65,0.1,0.5850000000000001,full (E1 x E2),"Davis et al., 2020 (as cited in Kind et al., 2021, eLife, doi:10.7554/eLife.71858); Schnaitmann et al., 2024, Front. Mol. Neurosci., doi:10.3389/fnmol.2024.1347540",4.0,"Review for relabel: classifier predicted ACH, literature verifies GLUT (source: Davis et al., 2020 (as cited in Kind et al., 2021, eLife, doi:10.7554/eLife.71858); Schnaitmann et al., 2024, Front. Mol. Neurosci., doi:10.3389/fnmol.2024.1347540)"
295,720575940625736525,R8,categorical_blindspot_HIST,GABA,"ACH,HIST",0.72,0.19,0.5832,full (E1 x E2),"Davis et al., 2020; Sarthy 1991",5.0,"Review for relabel: classifier predicted GABA, literature verifies ACH/HIST (source: Davis et al., 2020; Sarthy 1991, confidence 5.0/5)"
296,720575940624739581,Dm9,Dm9_GLUT_confirmed_via_direct_literature_search,ACH,GLUT,0.67,0.13,0.5829000000000001,full (E1 x E2),"Davis et al., 2020 (as cited in Kind et al., 2021, eLife, doi:10.7554/eLife.71858); Schnaitmann et al., 2024, Front. Mol. Neurosci., doi:10.3389/fnmol.2024.1347540",4.0,"Review for relabel: classifier predicted ACH, literature verifies GLUT (source: Davis et al., 2020 (as cited in Kind et al., 2021, eLife, doi:10.7554/eLife.71858); Schnaitmann et al., 2024, Front. Mol. Neurosci., doi:10.3389/fnmol.2024.1347540)"
297,720575940624694078,ORN_DL3,ORN_SER_confusion,SER,ACH,0.71,0.18,0.5822,full (E1 x E2),"Carlsson et al., 2010; Yasuyama et al. 1999",5.0,"Review for relabel: classifier predicted SER, literature verifies ACH (source: Carlsson et al., 2010; Yasuyama et al. 1999, confidence 5.0/5)"
298,720575940641591248,hDeltaK,hDeltaK_signature_scan_novel_candidate,SER,ACH,0.6,0.03,0.582,full (E1 x E2),"Wolff et al., 2024 (bioRxiv), published 2025 eLife RP104764 -- EASI-FISH neurotransmitter profiling of central complex cell types",3.0,"Review for relabel: classifier predicted SER, signature-scan + literature match indicates ACH (source: Wolff et al., 2024 (bioRxiv), published 2025 eLife RP104764 -- EASI-FISH neurotransmitter profiling of central complex cell types). NOTE: exact per-cell-type data point not independently re-verified beyond the cited paper's existence and topical match -- confirm against the paper's supplementary table before applying."
299,720575940616295647,Dm9,Dm9_GLUT_confirmed_via_direct_literature_search,ACH,GLUT,0.6,0.03,0.582,full (E1 x E2),"Davis et al., 2020 (as cited in Kind et al., 2021, eLife, doi:10.7554/eLife.71858); Schnaitmann et al., 2024, Front. Mol. Neurosci., doi:10.3389/fnmol.2024.1347540",4.0,"Review for relabel: classifier predicted ACH, literature verifies GLUT (source: Davis et al., 2020 (as cited in Kind et al., 2021, eLife, doi:10.7554/eLife.71858); Schnaitmann et al., 2024, Front. Mol. Neurosci., doi:10.3389/fnmol.2024.1347540)"
300,720575940635530848,R8,categorical_blindspot_HIST,GLUT,"ACH,HIST",0.7,0.17,0.581,full (E1 x E2),"Davis et al., 2020; Sarthy 1991",5.0,"Review for relabel: classifier predicted GLUT, literature verifies ACH/HIST (source: Davis et al., 2020; Sarthy 1991, confidence 5.0/5)"
301,720575940616581981,ORN_DM3,ORN_SER_confusion,SER,ACH,0.7,0.17,0.581,full (E1 x E2),"Carlsson et al., 2010; Yasuyama et al. 1999",5.0,"Review for relabel: classifier predicted SER, literature verifies ACH (source: Carlsson et al., 2010; Yasuyama et al. 1999, confidence 5.0/5)"
302,720575940633849901,R7,categorical_blindspot_HIST,GLUT,HIST,0.58,,0.58,categorical_blindspot (E1 only),"Davis et al., 2020",4.0,"Review for relabel: classifier predicted GLUT, literature verifies HIST (source: Davis et al., 2020, confidence 4.0/5)"
303,720575940625397140,R7,categorical_blindspot_HIST,GABA,HIST,0.58,,0.58,categorical_blindspot (E1 only),"Davis et al., 2020",4.0,"Review for relabel: classifier predicted GABA, literature verifies HIST (source: Davis et al., 2020, confidence 4.0/5)"
304,720575940606247456,R7,categorical_blindspot_HIST,OCT,HIST,0.58,,0.58,categorical_blindspot (E1 only),"Davis et al., 2020",4.0,"Review for relabel: classifier predicted OCT, literature verifies HIST (source: Davis et al., 2020, confidence 4.0/5)"
305,720575940620643787,R7,categorical_blindspot_HIST,ACH,HIST,0.58,,0.58,categorical_blindspot (E1 only),"Davis et al., 2020",4.0,"Review for relabel: classifier predicted ACH, literature verifies HIST (source: Davis et al., 2020, confidence 4.0/5)"
306,720575940624008703,R7,categorical_blindspot_HIST,GABA,HIST,0.58,,0.58,categorical_blindspot (E1 only),"Davis et al., 2020",4.0,"Review for relabel: classifier predicted GABA, literature verifies HIST (source: Davis et al., 2020, confidence 4.0/5)"
307,720575940623124905,R7,categorical_blindspot_HIST,GLUT,HIST,0.58,,0.58,categorical_blindspot (E1 only),"Davis et al., 2020",4.0,"Review for relabel: classifier predicted GLUT, literature verifies HIST (source: Davis et al., 2020, confidence 4.0/5)"
308,720575940620746320,R7,categorical_blindspot_HIST,GLUT,HIST,0.58,,0.58,categorical_blindspot (E1 only),"Davis et al., 2020",4.0,"Review for relabel: classifier predicted GLUT, literature verifies HIST (source: Davis et al., 2020, confidence 4.0/5)"
309,720575940618193625,R7,categorical_blindspot_HIST,GLUT,HIST,0.58,,0.58,categorical_blindspot (E1 only),"Davis et al., 2020",4.0,"Review for relabel: classifier predicted GLUT, literature verifies HIST (source: Davis et al., 2020, confidence 4.0/5)"
310,720575940633478829,R7,categorical_blindspot_HIST,GABA,HIST,0.58,,0.58,categorical_blindspot (E1 only),"Davis et al., 2020",4.0,"Review for relabel: classifier predicted GABA, literature verifies HIST (source: Davis et al., 2020, confidence 4.0/5)"
311,720575940633842146,R7,categorical_blindspot_HIST,GABA,HIST,0.58,,0.58,categorical_blindspot (E1 only),"Davis et al., 2020",4.0,"Review for relabel: classifier predicted GABA, literature verifies HIST (source: Davis et al., 2020, confidence 4.0/5)"
312,720575940625750164,R7,categorical_blindspot_HIST,GLUT,HIST,0.58,,0.58,categorical_blindspot (E1 only),"Davis et al., 2020",4.0,"Review for relabel: classifier predicted GLUT, literature verifies HIST (source: Davis et al., 2020, confidence 4.0/5)"
313,720575940647406115,R7,categorical_blindspot_HIST,GABA,HIST,0.58,,0.58,categorical_blindspot (E1 only),"Davis et al., 2020",4.0,"Review for relabel: classifier predicted GABA, literature verifies HIST (source: Davis et al., 2020, confidence 4.0/5)"
314,720575940625675960,R7,categorical_blindspot_HIST,GLUT,HIST,0.58,,0.58,categorical_blindspot (E1 only),"Davis et al., 2020",4.0,"Review for relabel: classifier predicted GLUT, literature verifies HIST (source: Davis et al., 2020, confidence 4.0/5)"
315,720575940628008264,R7,categorical_blindspot_HIST,GABA,HIST,0.58,,0.58,categorical_blindspot (E1 only),"Davis et al., 2020",4.0,"Review for relabel: classifier predicted GABA, literature verifies HIST (source: Davis et al., 2020, confidence 4.0/5)"
316,720575940634881561,R7,categorical_blindspot_HIST,GABA,HIST,0.58,,0.58,categorical_blindspot (E1 only),"Davis et al., 2020",4.0,"Review for relabel: classifier predicted GABA, literature verifies HIST (source: Davis et al., 2020, confidence 4.0/5)"
317,720575940643065997,R7,categorical_blindspot_HIST,GABA,HIST,0.58,,0.58,categorical_blindspot (E1 only),"Davis et al., 2020",4.0,"Review for relabel: classifier predicted GABA, literature verifies HIST (source: Davis et al., 2020, confidence 4.0/5)"
318,720575940612566165,TmY16,TmY16_signature_scan_novel_candidate,GABA,GLUT,0.65,0.11,0.5785,full (E1 x E2),"Nern et al., 2024 (bioRxiv), published 2025 Nature 641:1225-1237 -- EASI-FISH/connectome-driven visual system neural inventory",3.0,"Review for relabel: classifier predicted GABA, signature-scan + literature match indicates GLUT (source: Nern et al., 2024 (bioRxiv), published 2025 Nature 641:1225-1237 -- EASI-FISH/connectome-driven visual system neural inventory). NOTE: exact per-cell-type data point not independently re-verified beyond the cited paper's existence and topical match -- confirm against the paper's supplementary table before applying."
319,720575940622333027,ORN_DL3,ORN_SER_confusion,SER,ACH,0.73,0.21,0.5767,full (E1 x E2),"Carlsson et al., 2010; Yasuyama et al. 1999",5.0,"Review for relabel: classifier predicted SER, literature verifies ACH (source: Carlsson et al., 2010; Yasuyama et al. 1999, confidence 5.0/5)"
320,720575940620085115,Dm9,Dm9_GLUT_confirmed_via_direct_literature_search,ACH,GLUT,0.6,0.04,0.576,full (E1 x E2),"Davis et al., 2020 (as cited in Kind et al., 2021, eLife, doi:10.7554/eLife.71858); Schnaitmann et al., 2024, Front. Mol. Neurosci., doi:10.3389/fnmol.2024.1347540",4.0,"Review for relabel: classifier predicted ACH, literature verifies GLUT (source: Davis et al., 2020 (as cited in Kind et al., 2021, eLife, doi:10.7554/eLife.71858); Schnaitmann et al., 2024, Front. Mol. Neurosci., doi:10.3389/fnmol.2024.1347540)"
321,720575940626279557,ORN_DL3,ORN_SER_confusion,SER,ACH,0.7,0.18,0.574,full (E1 x E2),"Carlsson et al., 2010; Yasuyama et al. 1999",5.0,"Review for relabel: classifier predicted SER, literature verifies ACH (source: Carlsson et al., 2010; Yasuyama et al. 1999, confidence 5.0/5)"
322,720575940625191497,Dm9,Dm9_GLUT_confirmed_via_direct_literature_search,ACH,GLUT,0.59,0.03,0.5722999999999999,full (E1 x E2),"Davis et al., 2020 (as cited in Kind et al., 2021, eLife, doi:10.7554/eLife.71858); Schnaitmann et al., 2024, Front. Mol. Neurosci., doi:10.3389/fnmol.2024.1347540",4.0,"Review for relabel: classifier predicted ACH, literature verifies GLUT (source: Davis et al., 2020 (as cited in Kind et al., 2021, eLife, doi:10.7554/eLife.71858); Schnaitmann et al., 2024, Front. Mol. Neurosci., doi:10.3389/fnmol.2024.1347540)"
323,720575940622497776,R8,categorical_blindspot_HIST,GLUT,"ACH,HIST",0.65,0.12,0.5720000000000001,full (E1 x E2),"Davis et al., 2020; Sarthy 1991",5.0,"Review for relabel: classifier predicted GLUT, literature verifies ACH/HIST (source: Davis et al., 2020; Sarthy 1991, confidence 5.0/5)"
324,720575940624232339,Dm9,Dm9_GLUT_confirmed_via_direct_literature_search,ACH,GLUT,0.62,0.08,0.5704,full (E1 x E2),"Davis et al., 2020 (as cited in Kind et al., 2021, eLife, doi:10.7554/eLife.71858); Schnaitmann et al., 2024, Front. Mol. Neurosci., doi:10.3389/fnmol.2024.1347540",4.0,"Review for relabel: classifier predicted ACH, literature verifies GLUT (source: Davis et al., 2020 (as cited in Kind et al., 2021, eLife, doi:10.7554/eLife.71858); Schnaitmann et al., 2024, Front. Mol. Neurosci., doi:10.3389/fnmol.2024.1347540)"
325,720575940630529402,R7,categorical_blindspot_HIST,ACH,HIST,0.57,,0.57,categorical_blindspot (E1 only),"Davis et al., 2020",4.0,"Review for relabel: classifier predicted ACH, literature verifies HIST (source: Davis et al., 2020, confidence 4.0/5)"
326,720575940616369474,R7,categorical_blindspot_HIST,ACH,HIST,0.57,,0.57,categorical_blindspot (E1 only),"Davis et al., 2020",4.0,"Review for relabel: classifier predicted ACH, literature verifies HIST (source: Davis et al., 2020, confidence 4.0/5)"
327,720575940628842500,Dm9,Dm9_GLUT_confirmed_via_direct_literature_search,ACH,GLUT,0.6,0.05,0.57,full (E1 x E2),"Davis et al., 2020 (as cited in Kind et al., 2021, eLife, doi:10.7554/eLife.71858); Schnaitmann et al., 2024, Front. Mol. Neurosci., doi:10.3389/fnmol.2024.1347540",4.0,"Review for relabel: classifier predicted ACH, literature verifies GLUT (source: Davis et al., 2020 (as cited in Kind et al., 2021, eLife, doi:10.7554/eLife.71858); Schnaitmann et al., 2024, Front. Mol. Neurosci., doi:10.3389/fnmol.2024.1347540)"
328,720575940633464109,R7,categorical_blindspot_HIST,GLUT,HIST,0.57,,0.57,categorical_blindspot (E1 only),"Davis et al., 2020",4.0,"Review for relabel: classifier predicted GLUT, literature verifies HIST (source: Davis et al., 2020, confidence 4.0/5)"
329,720575940635568026,R7,categorical_blindspot_HIST,GABA,HIST,0.57,,0.57,categorical_blindspot (E1 only),"Davis et al., 2020",4.0,"Review for relabel: classifier predicted GABA, literature verifies HIST (source: Davis et al., 2020, confidence 4.0/5)"
330,720575940614860851,R7,categorical_blindspot_HIST,GABA,HIST,0.57,,0.57,categorical_blindspot (E1 only),"Davis et al., 2020",4.0,"Review for relabel: classifier predicted GABA, literature verifies HIST (source: Davis et al., 2020, confidence 4.0/5)"
331,720575940618508774,R7,categorical_blindspot_HIST,GABA,HIST,0.57,,0.57,categorical_blindspot (E1 only),"Davis et al., 2020",4.0,"Review for relabel: classifier predicted GABA, literature verifies HIST (source: Davis et al., 2020, confidence 4.0/5)"
332,720575940629425001,R7,categorical_blindspot_HIST,GABA,HIST,0.57,,0.57,categorical_blindspot (E1 only),"Davis et al., 2020",4.0,"Review for relabel: classifier predicted GABA, literature verifies HIST (source: Davis et al., 2020, confidence 4.0/5)"
333,720575940613737330,R7,categorical_blindspot_HIST,GLUT,HIST,0.57,,0.57,categorical_blindspot (E1 only),"Davis et al., 2020",4.0,"Review for relabel: classifier predicted GLUT, literature verifies HIST (source: Davis et al., 2020, confidence 4.0/5)"
334,720575940639439174,R7,categorical_blindspot_HIST,GLUT,HIST,0.57,,0.57,categorical_blindspot (E1 only),"Davis et al., 2020",4.0,"Review for relabel: classifier predicted GLUT, literature verifies HIST (source: Davis et al., 2020, confidence 4.0/5)"
335,720575940622382006,Dm9,Dm9_GLUT_confirmed_via_direct_literature_search,ACH,GLUT,0.6,0.05,0.57,full (E1 x E2),"Davis et al., 2020 (as cited in Kind et al., 2021, eLife, doi:10.7554/eLife.71858); Schnaitmann et al., 2024, Front. Mol. Neurosci., doi:10.3389/fnmol.2024.1347540",4.0,"Review for relabel: classifier predicted ACH, literature verifies GLUT (source: Davis et al., 2020 (as cited in Kind et al., 2021, eLife, doi:10.7554/eLife.71858); Schnaitmann et al., 2024, Front. Mol. Neurosci., doi:10.3389/fnmol.2024.1347540)"
336,720575940620890704,Dm9,Dm9_GLUT_confirmed_via_direct_literature_search,ACH,GLUT,0.6,0.05,0.57,full (E1 x E2),"Davis et al., 2020 (as cited in Kind et al., 2021, eLife, doi:10.7554/eLife.71858); Schnaitmann et al., 2024, Front. Mol. Neurosci., doi:10.3389/fnmol.2024.1347540",4.0,"Review for relabel: classifier predicted ACH, literature verifies GLUT (source: Davis et al., 2020 (as cited in Kind et al., 2021, eLife, doi:10.7554/eLife.71858); Schnaitmann et al., 2024, Front. Mol. Neurosci., doi:10.3389/fnmol.2024.1347540)"
337,720575940624379844,R7,categorical_blindspot_HIST,GLUT,HIST,0.57,,0.57,categorical_blindspot (E1 only),"Davis et al., 2020",4.0,"Review for relabel: classifier predicted GLUT, literature verifies HIST (source: Davis et al., 2020, confidence 4.0/5)"
338,720575940624488595,R7,categorical_blindspot_HIST,GLUT,HIST,0.57,,0.57,categorical_blindspot (E1 only),"Davis et al., 2020",4.0,"Review for relabel: classifier predicted GLUT, literature verifies HIST (source: Davis et al., 2020, confidence 4.0/5)"
339,720575940624989960,R7,categorical_blindspot_HIST,GLUT,HIST,0.57,,0.57,categorical_blindspot (E1 only),"Davis et al., 2020",4.0,"Review for relabel: classifier predicted GLUT, literature verifies HIST (source: Davis et al., 2020, confidence 4.0/5)"
340,720575940606495422,R7,categorical_blindspot_HIST,GABA,HIST,0.57,,0.57,categorical_blindspot (E1 only),"Davis et al., 2020",4.0,"Review for relabel: classifier predicted GABA, literature verifies HIST (source: Davis et al., 2020, confidence 4.0/5)"
341,720575940621710318,Dm9,Dm9_GLUT_confirmed_via_direct_literature_search,ACH,GLUT,0.64,0.11,0.5696,full (E1 x E2),"Davis et al., 2020 (as cited in Kind et al., 2021, eLife, doi:10.7554/eLife.71858); Schnaitmann et al., 2024, Front. Mol. Neurosci., doi:10.3389/fnmol.2024.1347540",4.0,"Review for relabel: classifier predicted ACH, literature verifies GLUT (source: Davis et al., 2020 (as cited in Kind et al., 2021, eLife, doi:10.7554/eLife.71858); Schnaitmann et al., 2024, Front. Mol. Neurosci., doi:10.3389/fnmol.2024.1347540)"
342,720575940615969898,R8,categorical_blindspot_HIST,GLUT,"ACH,HIST",0.67,0.15,0.5695,full (E1 x E2),"Davis et al., 2020; Sarthy 1991",5.0,"Review for relabel: classifier predicted GLUT, literature verifies ACH/HIST (source: Davis et al., 2020; Sarthy 1991, confidence 5.0/5)"
343,720575940622111398,Dm9,Dm9_GLUT_confirmed_via_direct_literature_search,ACH,GLUT,0.61,0.07,0.5672999999999999,full (E1 x E2),"Davis et al., 2020 (as cited in Kind et al., 2021, eLife, doi:10.7554/eLife.71858); Schnaitmann et al., 2024, Front. Mol. Neurosci., doi:10.3389/fnmol.2024.1347540",4.0,"Review for relabel: classifier predicted ACH, literature verifies GLUT (source: Davis et al., 2020 (as cited in Kind et al., 2021, eLife, doi:10.7554/eLife.71858); Schnaitmann et al., 2024, Front. Mol. Neurosci., doi:10.3389/fnmol.2024.1347540)"
344,720575940638975578,Dm9,Dm9_GLUT_confirmed_via_direct_literature_search,ACH,GLUT,0.61,0.07,0.5672999999999999,full (E1 x E2),"Davis et al., 2020 (as cited in Kind et al., 2021, eLife, doi:10.7554/eLife.71858); Schnaitmann et al., 2024, Front. Mol. Neurosci., doi:10.3389/fnmol.2024.1347540",4.0,"Review for relabel: classifier predicted ACH, literature verifies GLUT (source: Davis et al., 2020 (as cited in Kind et al., 2021, eLife, doi:10.7554/eLife.71858); Schnaitmann et al., 2024, Front. Mol. Neurosci., doi:10.3389/fnmol.2024.1347540)"
345,720575940629432838,Dm9,Dm9_GLUT_confirmed_via_direct_literature_search,ACH,GLUT,0.61,0.07,0.5672999999999999,full (E1 x E2),"Davis et al., 2020 (as cited in Kind et al., 2021, eLife, doi:10.7554/eLife.71858); Schnaitmann et al., 2024, Front. Mol. Neurosci., doi:10.3389/fnmol.2024.1347540",4.0,"Review for relabel: classifier predicted ACH, literature verifies GLUT (source: Davis et al., 2020 (as cited in Kind et al., 2021, eLife, doi:10.7554/eLife.71858); Schnaitmann et al., 2024, Front. Mol. Neurosci., doi:10.3389/fnmol.2024.1347540)"
346,720575940625088509,Dm9,Dm9_GLUT_confirmed_via_direct_literature_search,ACH,GLUT,0.63,0.1,0.5670000000000001,full (E1 x E2),"Davis et al., 2020 (as cited in Kind et al., 2021, eLife, doi:10.7554/eLife.71858); Schnaitmann et al., 2024, Front. Mol. Neurosci., doi:10.3389/fnmol.2024.1347540",4.0,"Review for relabel: classifier predicted ACH, literature verifies GLUT (source: Davis et al., 2020 (as cited in Kind et al., 2021, eLife, doi:10.7554/eLife.71858); Schnaitmann et al., 2024, Front. Mol. Neurosci., doi:10.3389/fnmol.2024.1347540)"
347,720575940611803090,Dm9,Dm9_GLUT_confirmed_via_direct_literature_search,ACH,GLUT,0.63,0.1,0.5670000000000001,full (E1 x E2),"Davis et al., 2020 (as cited in Kind et al., 2021, eLife, doi:10.7554/eLife.71858); Schnaitmann et al., 2024, Front. Mol. Neurosci., doi:10.3389/fnmol.2024.1347540",4.0,"Review for relabel: classifier predicted ACH, literature verifies GLUT (source: Davis et al., 2020 (as cited in Kind et al., 2021, eLife, doi:10.7554/eLife.71858); Schnaitmann et al., 2024, Front. Mol. Neurosci., doi:10.3389/fnmol.2024.1347540)"
348,720575940613591705,Dm9,Dm9_GLUT_confirmed_via_direct_literature_search,ACH,GLUT,0.59,0.04,0.5663999999999999,full (E1 x E2),"Davis et al., 2020 (as cited in Kind et al., 2021, eLife, doi:10.7554/eLife.71858); Schnaitmann et al., 2024, Front. Mol. Neurosci., doi:10.3389/fnmol.2024.1347540",4.0,"Review for relabel: classifier predicted ACH, literature verifies GLUT (source: Davis et al., 2020 (as cited in Kind et al., 2021, eLife, doi:10.7554/eLife.71858); Schnaitmann et al., 2024, Front. Mol. Neurosci., doi:10.3389/fnmol.2024.1347540)"
349,720575940614357407,ORN_DL4,ORN_SER_confusion,SER,ACH,0.69,0.18,0.5658,full (E1 x E2),"Carlsson et al., 2010; Yasuyama et al. 1999",5.0,"Review for relabel: classifier predicted SER, literature verifies ACH (source: Carlsson et al., 2010; Yasuyama et al. 1999, confidence 5.0/5)"
350,720575940627228328,hDeltaK,hDeltaK_signature_scan_novel_candidate,SER,ACH,0.57,0.01,0.5642999999999999,full (E1 x E2),"Wolff et al., 2024 (bioRxiv), published 2025 eLife RP104764 -- EASI-FISH neurotransmitter profiling of central complex cell types",3.0,"Review for relabel: classifier predicted SER, signature-scan + literature match indicates ACH (source: Wolff et al., 2024 (bioRxiv), published 2025 eLife RP104764 -- EASI-FISH neurotransmitter profiling of central complex cell types). NOTE: exact per-cell-type data point not independently re-verified beyond the cited paper's existence and topical match -- confirm against the paper's supplementary table before applying."
351,720575940648617092,Dm9,Dm9_GLUT_confirmed_via_direct_literature_search,ACH,GLUT,0.6,0.06,0.564,full (E1 x E2),"Davis et al., 2020 (as cited in Kind et al., 2021, eLife, doi:10.7554/eLife.71858); Schnaitmann et al., 2024, Front. Mol. Neurosci., doi:10.3389/fnmol.2024.1347540",4.0,"Review for relabel: classifier predicted ACH, literature verifies GLUT (source: Davis et al., 2020 (as cited in Kind et al., 2021, eLife, doi:10.7554/eLife.71858); Schnaitmann et al., 2024, Front. Mol. Neurosci., doi:10.3389/fnmol.2024.1347540)"
352,720575940612973096,hDeltaK,hDeltaK_signature_scan_novel_candidate,SER,ACH,0.58,0.03,0.5626,full (E1 x E2),"Wolff et al., 2024 (bioRxiv), published 2025 eLife RP104764 -- EASI-FISH neurotransmitter profiling of central complex cell types",3.0,"Review for relabel: classifier predicted SER, signature-scan + literature match indicates ACH (source: Wolff et al., 2024 (bioRxiv), published 2025 eLife RP104764 -- EASI-FISH neurotransmitter profiling of central complex cell types). NOTE: exact per-cell-type data point not independently re-verified beyond the cited paper's existence and topical match -- confirm against the paper's supplementary table before applying."
353,720575940639674200,R8,categorical_blindspot_HIST,GLUT,"ACH,HIST",0.66,0.15,0.561,full (E1 x E2),"Davis et al., 2020; Sarthy 1991",5.0,"Review for relabel: classifier predicted GLUT, literature verifies ACH/HIST (source: Davis et al., 2020; Sarthy 1991, confidence 5.0/5)"
354,720575940624496019,Dm9,Dm9_GLUT_confirmed_via_direct_literature_search,ACH,GLUT,0.59,0.05,0.5605,full (E1 x E2),"Davis et al., 2020 (as cited in Kind et al., 2021, eLife, doi:10.7554/eLife.71858); Schnaitmann et al., 2024, Front. Mol. Neurosci., doi:10.3389/fnmol.2024.1347540",4.0,"Review for relabel: classifier predicted ACH, literature verifies GLUT (source: Davis et al., 2020 (as cited in Kind et al., 2021, eLife, doi:10.7554/eLife.71858); Schnaitmann et al., 2024, Front. Mol. Neurosci., doi:10.3389/fnmol.2024.1347540)"
355,720575940627202916,Dm9,Dm9_GLUT_confirmed_via_direct_literature_search,ACH,GLUT,0.59,0.05,0.5605,full (E1 x E2),"Davis et al., 2020 (as cited in Kind et al., 2021, eLife, doi:10.7554/eLife.71858); Schnaitmann et al., 2024, Front. Mol. Neurosci., doi:10.3389/fnmol.2024.1347540",4.0,"Review for relabel: classifier predicted ACH, literature verifies GLUT (source: Davis et al., 2020 (as cited in Kind et al., 2021, eLife, doi:10.7554/eLife.71858); Schnaitmann et al., 2024, Front. Mol. Neurosci., doi:10.3389/fnmol.2024.1347540)"
356,720575940630238567,R8,categorical_blindspot_HIST,GLUT,"ACH,HIST",0.59,0.05,0.5605,full (E1 x E2),"Davis et al., 2020; Sarthy 1991",5.0,"Review for relabel: classifier predicted GLUT, literature verifies ACH/HIST (source: Davis et al., 2020; Sarthy 1991, confidence 5.0/5)"
357,720575940618762397,R7,categorical_blindspot_HIST,GABA,HIST,0.56,,0.56,categorical_blindspot (E1 only),"Davis et al., 2020",4.0,"Review for relabel: classifier predicted GABA, literature verifies HIST (source: Davis et al., 2020, confidence 4.0/5)"
358,720575940622193432,R7,categorical_blindspot_HIST,GLUT,HIST,0.56,,0.56,categorical_blindspot (E1 only),"Davis et al., 2020",4.0,"Review for relabel: classifier predicted GLUT, literature verifies HIST (source: Davis et al., 2020, confidence 4.0/5)"
359,720575940647849012,R7,categorical_blindspot_HIST,GABA,HIST,0.56,,0.56,categorical_blindspot (E1 only),"Davis et al., 2020",4.0,"Review for relabel: classifier predicted GABA, literature verifies HIST (source: Davis et al., 2020, confidence 4.0/5)"
360,720575940660884097,R7,categorical_blindspot_HIST,GABA,HIST,0.56,,0.56,categorical_blindspot (E1 only),"Davis et al., 2020",4.0,"Review for relabel: classifier predicted GABA, literature verifies HIST (source: Davis et al., 2020, confidence 4.0/5)"
361,720575940622112182,R7,categorical_blindspot_HIST,GLUT,HIST,0.56,,0.56,categorical_blindspot (E1 only),"Davis et al., 2020",4.0,"Review for relabel: classifier predicted GLUT, literature verifies HIST (source: Davis et al., 2020, confidence 4.0/5)"
362,720575940621235732,R7,categorical_blindspot_HIST,ACH,HIST,0.56,,0.56,categorical_blindspot (E1 only),"Davis et al., 2020",4.0,"Review for relabel: classifier predicted ACH, literature verifies HIST (source: Davis et al., 2020, confidence 4.0/5)"
363,720575940630826231,R7,categorical_blindspot_HIST,GABA,HIST,0.56,,0.56,categorical_blindspot (E1 only),"Davis et al., 2020",4.0,"Review for relabel: classifier predicted GABA, literature verifies HIST (source: Davis et al., 2020, confidence 4.0/5)"
364,720575940627548930,R7,categorical_blindspot_HIST,GLUT,HIST,0.56,,0.56,categorical_blindspot (E1 only),"Davis et al., 2020",4.0,"Review for relabel: classifier predicted GLUT, literature verifies HIST (source: Davis et al., 2020, confidence 4.0/5)"
365,720575940637921392,R7,categorical_blindspot_HIST,ACH,HIST,0.56,,0.56,categorical_blindspot (E1 only),"Davis et al., 2020",4.0,"Review for relabel: classifier predicted ACH, literature verifies HIST (source: Davis et al., 2020, confidence 4.0/5)"
366,720575940627799677,R7,categorical_blindspot_HIST,GABA,HIST,0.56,,0.56,categorical_blindspot (E1 only),"Davis et al., 2020",4.0,"Review for relabel: classifier predicted GABA, literature verifies HIST (source: Davis et al., 2020, confidence 4.0/5)"
367,720575940614692271,R7,categorical_blindspot_HIST,GABA,HIST,0.56,,0.56,categorical_blindspot (E1 only),"Davis et al., 2020",4.0,"Review for relabel: classifier predicted GABA, literature verifies HIST (source: Davis et al., 2020, confidence 4.0/5)"
368,720575940627797641,R7,categorical_blindspot_HIST,GABA,HIST,0.56,,0.56,categorical_blindspot (E1 only),"Davis et al., 2020",4.0,"Review for relabel: classifier predicted GABA, literature verifies HIST (source: Davis et al., 2020, confidence 4.0/5)"
369,720575940628416017,R7,categorical_blindspot_HIST,GABA,HIST,0.56,,0.56,categorical_blindspot (E1 only),"Davis et al., 2020",4.0,"Review for relabel: classifier predicted GABA, literature verifies HIST (source: Davis et al., 2020, confidence 4.0/5)"
370,720575940637030007,R8,categorical_blindspot_HIST,GABA,"ACH,HIST",0.65,0.14,0.559,full (E1 x E2),"Davis et al., 2020; Sarthy 1991",5.0,"Review for relabel: classifier predicted GABA, literature verifies ACH/HIST (source: Davis et al., 2020; Sarthy 1991, confidence 5.0/5)"
371,720575940640765603,Dm9,Dm9_GLUT_confirmed_via_direct_literature_search,ACH,GLUT,0.6,0.07,0.5579999999999999,full (E1 x E2),"Davis et al., 2020 (as cited in Kind et al., 2021, eLife, doi:10.7554/eLife.71858); Schnaitmann et al., 2024, Front. Mol. Neurosci., doi:10.3389/fnmol.2024.1347540",4.0,"Review for relabel: classifier predicted ACH, literature verifies GLUT (source: Davis et al., 2020 (as cited in Kind et al., 2021, eLife, doi:10.7554/eLife.71858); Schnaitmann et al., 2024, Front. Mol. Neurosci., doi:10.3389/fnmol.2024.1347540)"
372,720575940624142889,Dm9,Dm9_GLUT_confirmed_via_direct_literature_search,ACH,GLUT,0.6,0.07,0.5579999999999999,full (E1 x E2),"Davis et al., 2020 (as cited in Kind et al., 2021, eLife, doi:10.7554/eLife.71858); Schnaitmann et al., 2024, Front. Mol. Neurosci., doi:10.3389/fnmol.2024.1347540",4.0,"Review for relabel: classifier predicted ACH, literature verifies GLUT (source: Davis et al., 2020 (as cited in Kind et al., 2021, eLife, doi:10.7554/eLife.71858); Schnaitmann et al., 2024, Front. Mol. Neurosci., doi:10.3389/fnmol.2024.1347540)"
373,720575940627185064,ORN_DA4m,ORN_SER_confusion,SER,ACH,0.68,0.18,0.5576000000000001,full (E1 x E2),"Carlsson et al., 2010; Yasuyama et al. 1999",5.0,"Review for relabel: classifier predicted SER, literature verifies ACH (source: Carlsson et al., 2010; Yasuyama et al. 1999, confidence 5.0/5)"
374,720575940631551852,Dm9,Dm9_GLUT_confirmed_via_direct_literature_search,ACH,GLUT,0.58,0.04,0.5568,full (E1 x E2),"Davis et al., 2020 (as cited in Kind et al., 2021, eLife, doi:10.7554/eLife.71858); Schnaitmann et al., 2024, Front. Mol. Neurosci., doi:10.3389/fnmol.2024.1347540",4.0,"Review for relabel: classifier predicted ACH, literature verifies GLUT (source: Davis et al., 2020 (as cited in Kind et al., 2021, eLife, doi:10.7554/eLife.71858); Schnaitmann et al., 2024, Front. Mol. Neurosci., doi:10.3389/fnmol.2024.1347540)"
375,720575940625517035,Dm9,Dm9_GLUT_confirmed_via_direct_literature_search,ACH,GLUT,0.58,0.04,0.5568,full (E1 x E2),"Davis et al., 2020 (as cited in Kind et al., 2021, eLife, doi:10.7554/eLife.71858); Schnaitmann et al., 2024, Front. Mol. Neurosci., doi:10.3389/fnmol.2024.1347540",4.0,"Review for relabel: classifier predicted ACH, literature verifies GLUT (source: Davis et al., 2020 (as cited in Kind et al., 2021, eLife, doi:10.7554/eLife.71858); Schnaitmann et al., 2024, Front. Mol. Neurosci., doi:10.3389/fnmol.2024.1347540)"
376,720575940630742316,R8,categorical_blindspot_HIST,GLUT,"ACH,HIST",0.64,0.13,0.5568,full (E1 x E2),"Davis et al., 2020; Sarthy 1991",5.0,"Review for relabel: classifier predicted GLUT, literature verifies ACH/HIST (source: Davis et al., 2020; Sarthy 1991, confidence 5.0/5)"
377,720575940620842699,Dm9,Dm9_GLUT_confirmed_via_direct_literature_search,ACH,GLUT,0.58,0.04,0.5568,full (E1 x E2),"Davis et al., 2020 (as cited in Kind et al., 2021, eLife, doi:10.7554/eLife.71858); Schnaitmann et al., 2024, Front. Mol. Neurosci., doi:10.3389/fnmol.2024.1347540",4.0,"Review for relabel: classifier predicted ACH, literature verifies GLUT (source: Davis et al., 2020 (as cited in Kind et al., 2021, eLife, doi:10.7554/eLife.71858); Schnaitmann et al., 2024, Front. Mol. Neurosci., doi:10.3389/fnmol.2024.1347540)"
378,720575940631547991,R8,categorical_blindspot_HIST,GLUT,"ACH,HIST",0.64,0.13,0.5568,full (E1 x E2),"Davis et al., 2020; Sarthy 1991",5.0,"Review for relabel: classifier predicted GLUT, literature verifies ACH/HIST (source: Davis et al., 2020; Sarthy 1991, confidence 5.0/5)"
379,720575940624488851,Dm9,Dm9_GLUT_confirmed_via_direct_literature_search,ACH,GLUT,0.61,0.09,0.5551,full (E1 x E2),"Davis et al., 2020 (as cited in Kind et al., 2021, eLife, doi:10.7554/eLife.71858); Schnaitmann et al., 2024, Front. Mol. Neurosci., doi:10.3389/fnmol.2024.1347540",4.0,"Review for relabel: classifier predicted ACH, literature verifies GLUT (source: Davis et al., 2020 (as cited in Kind et al., 2021, eLife, doi:10.7554/eLife.71858); Schnaitmann et al., 2024, Front. Mol. Neurosci., doi:10.3389/fnmol.2024.1347540)"
380,720575940618833565,Dm9,Dm9_GLUT_confirmed_via_direct_literature_search,ACH,GLUT,0.59,0.06,0.5546,full (E1 x E2),"Davis et al., 2020 (as cited in Kind et al., 2021, eLife, doi:10.7554/eLife.71858); Schnaitmann et al., 2024, Front. Mol. Neurosci., doi:10.3389/fnmol.2024.1347540",4.0,"Review for relabel: classifier predicted ACH, literature verifies GLUT (source: Davis et al., 2020 (as cited in Kind et al., 2021, eLife, doi:10.7554/eLife.71858); Schnaitmann et al., 2024, Front. Mol. Neurosci., doi:10.3389/fnmol.2024.1347540)"
381,720575940616546975,Dm9,Dm9_GLUT_confirmed_via_direct_literature_search,ACH,GLUT,0.59,0.06,0.5546,full (E1 x E2),"Davis et al., 2020 (as cited in Kind et al., 2021, eLife, doi:10.7554/eLife.71858); Schnaitmann et al., 2024, Front. Mol. Neurosci., doi:10.3389/fnmol.2024.1347540",4.0,"Review for relabel: classifier predicted ACH, literature verifies GLUT (source: Davis et al., 2020 (as cited in Kind et al., 2021, eLife, doi:10.7554/eLife.71858); Schnaitmann et al., 2024, Front. Mol. Neurosci., doi:10.3389/fnmol.2024.1347540)"
382,720575940626501458,ORN_DL3,ORN_SER_confusion,SER,ACH,0.63,0.12,0.5544,full (E1 x E2),"Carlsson et al., 2010; Yasuyama et al. 1999",5.0,"Review for relabel: classifier predicted SER, literature verifies ACH (source: Carlsson et al., 2010; Yasuyama et al. 1999, confidence 5.0/5)"
383,720575940609867310,ORN_DL3,ORN_SER_confusion,SER,ACH,0.7,0.21,0.5529999999999999,full (E1 x E2),"Carlsson et al., 2010; Yasuyama et al. 1999",5.0,"Review for relabel: classifier predicted SER, literature verifies ACH (source: Carlsson et al., 2010; Yasuyama et al. 1999, confidence 5.0/5)"
384,720575940625604076,Dm9,Dm9_GLUT_confirmed_via_direct_literature_search,ACH,GLUT,0.6,0.08,0.552,full (E1 x E2),"Davis et al., 2020 (as cited in Kind et al., 2021, eLife, doi:10.7554/eLife.71858); Schnaitmann et al., 2024, Front. Mol. Neurosci., doi:10.3389/fnmol.2024.1347540",4.0,"Review for relabel: classifier predicted ACH, literature verifies GLUT (source: Davis et al., 2020 (as cited in Kind et al., 2021, eLife, doi:10.7554/eLife.71858); Schnaitmann et al., 2024, Front. Mol. Neurosci., doi:10.3389/fnmol.2024.1347540)"
385,720575940650003577,ORN_DA4l,ORN_SER_confusion,SER,ACH,0.69,0.2,0.5519999999999999,full (E1 x E2),"Carlsson et al., 2010; Yasuyama et al. 1999",5.0,"Review for relabel: classifier predicted SER, literature verifies ACH (source: Carlsson et al., 2010; Yasuyama et al. 1999, confidence 5.0/5)"
386,720575940623961955,Dm9,Dm9_GLUT_confirmed_via_direct_literature_search,ACH,GLUT,0.58,0.05,0.5509999999999999,full (E1 x E2),"Davis et al., 2020 (as cited in Kind et al., 2021, eLife, doi:10.7554/eLife.71858); Schnaitmann et al., 2024, Front. Mol. Neurosci., doi:10.3389/fnmol.2024.1347540",4.0,"Review for relabel: classifier predicted ACH, literature verifies GLUT (source: Davis et al., 2020 (as cited in Kind et al., 2021, eLife, doi:10.7554/eLife.71858); Schnaitmann et al., 2024, Front. Mol. Neurosci., doi:10.3389/fnmol.2024.1347540)"
387,720575940620167083,ORN_DL3,ORN_SER_confusion,SER,ACH,0.64,0.14,0.5504,full (E1 x E2),"Carlsson et al., 2010; Yasuyama et al. 1999",5.0,"Review for relabel: classifier predicted SER, literature verifies ACH (source: Carlsson et al., 2010; Yasuyama et al. 1999, confidence 5.0/5)"
388,720575940615856607,R7,categorical_blindspot_HIST,GLUT,HIST,0.55,,0.55,categorical_blindspot (E1 only),"Davis et al., 2020",4.0,"Review for relabel: classifier predicted GLUT, literature verifies HIST (source: Davis et al., 2020, confidence 4.0/5)"
389,720575940612615577,R7,categorical_blindspot_HIST,ACH,HIST,0.55,,0.55,categorical_blindspot (E1 only),"Davis et al., 2020",4.0,"Review for relabel: classifier predicted ACH, literature verifies HIST (source: Davis et al., 2020, confidence 4.0/5)"
390,720575940644883656,R7,categorical_blindspot_HIST,GABA,HIST,0.55,,0.55,categorical_blindspot (E1 only),"Davis et al., 2020",4.0,"Review for relabel: classifier predicted GABA, literature verifies HIST (source: Davis et al., 2020, confidence 4.0/5)"
391,720575940624346820,R7,categorical_blindspot_HIST,GABA,HIST,0.55,,0.55,categorical_blindspot (E1 only),"Davis et al., 2020",4.0,"Review for relabel: classifier predicted GABA, literature verifies HIST (source: Davis et al., 2020, confidence 4.0/5)"
392,720575940623883561,R7,categorical_blindspot_HIST,GLUT,HIST,0.55,,0.55,categorical_blindspot (E1 only),"Davis et al., 2020",4.0,"Review for relabel: classifier predicted GLUT, literature verifies HIST (source: Davis et al., 2020, confidence 4.0/5)"
393,720575940630694594,R7,categorical_blindspot_HIST,GLUT,HIST,0.55,,0.55,categorical_blindspot (E1 only),"Davis et al., 2020",4.0,"Review for relabel: classifier predicted GLUT, literature verifies HIST (source: Davis et al., 2020, confidence 4.0/5)"
394,720575940622616581,R7,categorical_blindspot_HIST,GABA,HIST,0.55,,0.55,categorical_blindspot (E1 only),"Davis et al., 2020",4.0,"Review for relabel: classifier predicted GABA, literature verifies HIST (source: Davis et al., 2020, confidence 4.0/5)"
395,720575940619219269,R7,categorical_blindspot_HIST,GABA,HIST,0.55,,0.55,categorical_blindspot (E1 only),"Davis et al., 2020",4.0,"Review for relabel: classifier predicted GABA, literature verifies HIST (source: Davis et al., 2020, confidence 4.0/5)"
396,720575940633146705,R7,categorical_blindspot_HIST,ACH,HIST,0.55,,0.55,categorical_blindspot (E1 only),"Davis et al., 2020",4.0,"Review for relabel: classifier predicted ACH, literature verifies HIST (source: Davis et al., 2020, confidence 4.0/5)"
397,720575940615537314,R7,categorical_blindspot_HIST,GABA,HIST,0.55,,0.55,categorical_blindspot (E1 only),"Davis et al., 2020",4.0,"Review for relabel: classifier predicted GABA, literature verifies HIST (source: Davis et al., 2020, confidence 4.0/5)"
398,720575940631635052,R7,categorical_blindspot_HIST,GABA,HIST,0.55,,0.55,categorical_blindspot (E1 only),"Davis et al., 2020",4.0,"Review for relabel: classifier predicted GABA, literature verifies HIST (source: Davis et al., 2020, confidence 4.0/5)"
399,720575940628184914,R7,categorical_blindspot_HIST,ACH,HIST,0.55,,0.55,categorical_blindspot (E1 only),"Davis et al., 2020",4.0,"Review for relabel: classifier predicted ACH, literature verifies HIST (source: Davis et al., 2020, confidence 4.0/5)"
400,720575940617800331,R7,categorical_blindspot_HIST,GLUT,HIST,0.55,,0.55,categorical_blindspot (E1 only),"Davis et al., 2020",4.0,"Review for relabel: classifier predicted GLUT, literature verifies HIST (source: Davis et al., 2020, confidence 4.0/5)"
401,720575940635494810,R7,categorical_blindspot_HIST,GABA,HIST,0.55,,0.55,categorical_blindspot (E1 only),"Davis et al., 2020",4.0,"Review for relabel: classifier predicted GABA, literature verifies HIST (source: Davis et al., 2020, confidence 4.0/5)"
402,720575940630383607,R7,categorical_blindspot_HIST,GABA,HIST,0.55,,0.55,categorical_blindspot (E1 only),"Davis et al., 2020",4.0,"Review for relabel: classifier predicted GABA, literature verifies HIST (source: Davis et al., 2020, confidence 4.0/5)"
403,720575940624918535,R7,categorical_blindspot_HIST,ACH,HIST,0.55,,0.55,categorical_blindspot (E1 only),"Davis et al., 2020",4.0,"Review for relabel: classifier predicted ACH, literature verifies HIST (source: Davis et al., 2020, confidence 4.0/5)"
404,720575940624090918,R7,categorical_blindspot_HIST,GLUT,HIST,0.55,,0.55,categorical_blindspot (E1 only),"Davis et al., 2020",4.0,"Review for relabel: classifier predicted GLUT, literature verifies HIST (source: Davis et al., 2020, confidence 4.0/5)"
405,720575940624151432,R7,categorical_blindspot_HIST,GLUT,HIST,0.55,,0.55,categorical_blindspot (E1 only),"Davis et al., 2020",4.0,"Review for relabel: classifier predicted GLUT, literature verifies HIST (source: Davis et al., 2020, confidence 4.0/5)"
406,720575940616899073,ORN_DL4,ORN_SER_confusion,SER,ACH,0.67,0.18,0.5494000000000001,full (E1 x E2),"Carlsson et al., 2010; Yasuyama et al. 1999",5.0,"Review for relabel: classifier predicted SER, literature verifies ACH (source: Carlsson et al., 2010; Yasuyama et al. 1999, confidence 5.0/5)"
407,720575940631885143,Dm9,Dm9_GLUT_confirmed_via_direct_literature_search,ACH,GLUT,0.61,0.1,0.549,full (E1 x E2),"Davis et al., 2020 (as cited in Kind et al., 2021, eLife, doi:10.7554/eLife.71858); Schnaitmann et al., 2024, Front. Mol. Neurosci., doi:10.3389/fnmol.2024.1347540",4.0,"Review for relabel: classifier predicted ACH, literature verifies GLUT (source: Davis et al., 2020 (as cited in Kind et al., 2021, eLife, doi:10.7554/eLife.71858); Schnaitmann et al., 2024, Front. Mol. Neurosci., doi:10.3389/fnmol.2024.1347540)"
408,720575940646048535,Dm9,Dm9_GLUT_confirmed_via_direct_literature_search,ACH,GLUT,0.57,0.04,0.5471999999999999,full (E1 x E2),"Davis et al., 2020 (as cited in Kind et al., 2021, eLife, doi:10.7554/eLife.71858); Schnaitmann et al., 2024, Front. Mol. Neurosci., doi:10.3389/fnmol.2024.1347540",4.0,"Review for relabel: classifier predicted ACH, literature verifies GLUT (source: Davis et al., 2020 (as cited in Kind et al., 2021, eLife, doi:10.7554/eLife.71858); Schnaitmann et al., 2024, Front. Mol. Neurosci., doi:10.3389/fnmol.2024.1347540)"
409,720575940617104434,Dm12,Dm_GLUT_confusion,GABA,GLUT,0.58,0.06,0.5451999999999999,full (E1 x E2),"Davis et al., 2020",4.0,"Review for relabel: classifier predicted GABA, literature verifies GLUT (source: Davis et al., 2020, confidence 4.0/5)"
410,720575940632969272,Dm9,Dm9_GLUT_confirmed_via_direct_literature_search,ACH,GLUT,0.58,0.06,0.5451999999999999,full (E1 x E2),"Davis et al., 2020 (as cited in Kind et al., 2021, eLife, doi:10.7554/eLife.71858); Schnaitmann et al., 2024, Front. Mol. Neurosci., doi:10.3389/fnmol.2024.1347540",4.0,"Review for relabel: classifier predicted ACH, literature verifies GLUT (source: Davis et al., 2020 (as cited in Kind et al., 2021, eLife, doi:10.7554/eLife.71858); Schnaitmann et al., 2024, Front. Mol. Neurosci., doi:10.3389/fnmol.2024.1347540)"
411,720575940641239181,hDeltaK,hDeltaK_signature_scan_novel_candidate,SER,ACH,0.55,0.01,0.5445,full (E1 x E2),"Wolff et al., 2024 (bioRxiv), published 2025 eLife RP104764 -- EASI-FISH neurotransmitter profiling of central complex cell types",3.0,"Review for relabel: classifier predicted SER, signature-scan + literature match indicates ACH (source: Wolff et al., 2024 (bioRxiv), published 2025 eLife RP104764 -- EASI-FISH neurotransmitter profiling of central complex cell types). NOTE: exact per-cell-type data point not independently re-verified beyond the cited paper's existence and topical match -- confirm against the paper's supplementary table before applying."
412,720575940639130345,Dm9,Dm9_GLUT_confirmed_via_direct_literature_search,ACH,GLUT,0.56,0.03,0.5432,full (E1 x E2),"Davis et al., 2020 (as cited in Kind et al., 2021, eLife, doi:10.7554/eLife.71858); Schnaitmann et al., 2024, Front. Mol. Neurosci., doi:10.3389/fnmol.2024.1347540",4.0,"Review for relabel: classifier predicted ACH, literature verifies GLUT (source: Davis et al., 2020 (as cited in Kind et al., 2021, eLife, doi:10.7554/eLife.71858); Schnaitmann et al., 2024, Front. Mol. Neurosci., doi:10.3389/fnmol.2024.1347540)"
413,720575940616019818,Dm9,Dm9_GLUT_confirmed_via_direct_literature_search,ACH,GLUT,0.61,0.11,0.5429,full (E1 x E2),"Davis et al., 2020 (as cited in Kind et al., 2021, eLife, doi:10.7554/eLife.71858); Schnaitmann et al., 2024, Front. Mol. Neurosci., doi:10.3389/fnmol.2024.1347540",4.0,"Review for relabel: classifier predicted ACH, literature verifies GLUT (source: Davis et al., 2020 (as cited in Kind et al., 2021, eLife, doi:10.7554/eLife.71858); Schnaitmann et al., 2024, Front. Mol. Neurosci., doi:10.3389/fnmol.2024.1347540)"
414,720575940613496729,Dm9,Dm9_GLUT_confirmed_via_direct_literature_search,ACH,GLUT,0.59,0.08,0.5428,full (E1 x E2),"Davis et al., 2020 (as cited in Kind et al., 2021, eLife, doi:10.7554/eLife.71858); Schnaitmann et al., 2024, Front. Mol. Neurosci., doi:10.3389/fnmol.2024.1347540",4.0,"Review for relabel: classifier predicted ACH, literature verifies GLUT (source: Davis et al., 2020 (as cited in Kind et al., 2021, eLife, doi:10.7554/eLife.71858); Schnaitmann et al., 2024, Front. Mol. Neurosci., doi:10.3389/fnmol.2024.1347540)"
415,720575940623155294,Dm9,Dm9_GLUT_confirmed_via_direct_literature_search,ACH,GLUT,0.57,0.05,0.5415,full (E1 x E2),"Davis et al., 2020 (as cited in Kind et al., 2021, eLife, doi:10.7554/eLife.71858); Schnaitmann et al., 2024, Front. Mol. Neurosci., doi:10.3389/fnmol.2024.1347540",4.0,"Review for relabel: classifier predicted ACH, literature verifies GLUT (source: Davis et al., 2020 (as cited in Kind et al., 2021, eLife, doi:10.7554/eLife.71858); Schnaitmann et al., 2024, Front. Mol. Neurosci., doi:10.3389/fnmol.2024.1347540)"
416,720575940624020521,R8,categorical_blindspot_HIST,GLUT,"ACH,HIST",0.66,0.18,0.5412,full (E1 x E2),"Davis et al., 2020; Sarthy 1991",5.0,"Review for relabel: classifier predicted GLUT, literature verifies ACH/HIST (source: Davis et al., 2020; Sarthy 1991, confidence 5.0/5)"
417,720575940630314110,R7,categorical_blindspot_HIST,GABA,HIST,0.54,,0.54,categorical_blindspot (E1 only),"Davis et al., 2020",4.0,"Review for relabel: classifier predicted GABA, literature verifies HIST (source: Davis et al., 2020, confidence 4.0/5)"
418,720575940631065900,R7,categorical_blindspot_HIST,GLUT,HIST,0.54,,0.54,categorical_blindspot (E1 only),"Davis et al., 2020",4.0,"Review for relabel: classifier predicted GLUT, literature verifies HIST (source: Davis et al., 2020, confidence 4.0/5)"
419,720575940625141995,R7,categorical_blindspot_HIST,GABA,HIST,0.54,,0.54,categorical_blindspot (E1 only),"Davis et al., 2020",4.0,"Review for relabel: classifier predicted GABA, literature verifies HIST (source: Davis et al., 2020, confidence 4.0/5)"
420,720575940648473476,R7,categorical_blindspot_HIST,GABA,HIST,0.54,,0.54,categorical_blindspot (E1 only),"Davis et al., 2020",4.0,"Review for relabel: classifier predicted GABA, literature verifies HIST (source: Davis et al., 2020, confidence 4.0/5)"
421,720575940627574915,Dm9,Dm9_GLUT_confirmed_via_direct_literature_search,ACH,GLUT,0.6,0.1,0.54,full (E1 x E2),"Davis et al., 2020 (as cited in Kind et al., 2021, eLife, doi:10.7554/eLife.71858); Schnaitmann et al., 2024, Front. Mol. Neurosci., doi:10.3389/fnmol.2024.1347540",4.0,"Review for relabel: classifier predicted ACH, literature verifies GLUT (source: Davis et al., 2020 (as cited in Kind et al., 2021, eLife, doi:10.7554/eLife.71858); Schnaitmann et al., 2024, Front. Mol. Neurosci., doi:10.3389/fnmol.2024.1347540)"
422,720575940647750196,R7,categorical_blindspot_HIST,GLUT,HIST,0.54,,0.54,categorical_blindspot (E1 only),"Davis et al., 2020",4.0,"Review for relabel: classifier predicted GLUT, literature verifies HIST (source: Davis et al., 2020, confidence 4.0/5)"
423,720575940639864765,R7,categorical_blindspot_HIST,GABA,HIST,0.54,,0.54,categorical_blindspot (E1 only),"Davis et al., 2020",4.0,"Review for relabel: classifier predicted GABA, literature verifies HIST (source: Davis et al., 2020, confidence 4.0/5)"
424,720575940628036221,Dm9,Dm9_GLUT_confirmed_via_direct_literature_search,ACH,GLUT,0.6,0.1,0.54,full (E1 x E2),"Davis et al., 2020 (as cited in Kind et al., 2021, eLife, doi:10.7554/eLife.71858); Schnaitmann et al., 2024, Front. Mol. Neurosci., doi:10.3389/fnmol.2024.1347540",4.0,"Review for relabel: classifier predicted ACH, literature verifies GLUT (source: Davis et al., 2020 (as cited in Kind et al., 2021, eLife, doi:10.7554/eLife.71858); Schnaitmann et al., 2024, Front. Mol. Neurosci., doi:10.3389/fnmol.2024.1347540)"
425,720575940634206690,R7,categorical_blindspot_HIST,GABA,HIST,0.54,,0.54,categorical_blindspot (E1 only),"Davis et al., 2020",4.0,"Review for relabel: classifier predicted GABA, literature verifies HIST (source: Davis et al., 2020, confidence 4.0/5)"
426,720575940632657512,R7,categorical_blindspot_HIST,GABA,HIST,0.54,,0.54,categorical_blindspot (E1 only),"Davis et al., 2020",4.0,"Review for relabel: classifier predicted GABA, literature verifies HIST (source: Davis et al., 2020, confidence 4.0/5)"
427,720575940631080822,R7,categorical_blindspot_HIST,GLUT,HIST,0.54,,0.54,categorical_blindspot (E1 only),"Davis et al., 2020",4.0,"Review for relabel: classifier predicted GLUT, literature verifies HIST (source: Davis et al., 2020, confidence 4.0/5)"
428,720575940645877271,R8,categorical_blindspot_HIST,GLUT,"ACH,HIST",0.65,0.17,0.5395,full (E1 x E2),"Davis et al., 2020; Sarthy 1991",5.0,"Review for relabel: classifier predicted GLUT, literature verifies ACH/HIST (source: Davis et al., 2020; Sarthy 1991, confidence 5.0/5)"
429,720575940608135554,Dm9,Dm9_GLUT_confirmed_via_direct_literature_search,ACH,GLUT,0.58,0.07,0.5393999999999999,full (E1 x E2),"Davis et al., 2020 (as cited in Kind et al., 2021, eLife, doi:10.7554/eLife.71858); Schnaitmann et al., 2024, Front. Mol. Neurosci., doi:10.3389/fnmol.2024.1347540",4.0,"Review for relabel: classifier predicted ACH, literature verifies GLUT (source: Davis et al., 2020 (as cited in Kind et al., 2021, eLife, doi:10.7554/eLife.71858); Schnaitmann et al., 2024, Front. Mol. Neurosci., doi:10.3389/fnmol.2024.1347540)"
430,720575940625420290,ORN_DL3,ORN_SER_confusion,SER,ACH,0.69,0.22,0.5382,full (E1 x E2),"Carlsson et al., 2010; Yasuyama et al. 1999",5.0,"Review for relabel: classifier predicted SER, literature verifies ACH (source: Carlsson et al., 2010; Yasuyama et al. 1999, confidence 5.0/5)"
431,720575940624390438,Dm12,Dm_GLUT_confusion,GABA,GLUT,0.64,0.16,0.5376,full (E1 x E2),"Davis et al., 2020",4.0,"Review for relabel: classifier predicted GABA, literature verifies GLUT (source: Davis et al., 2020, confidence 4.0/5)"
432,720575940628398791,ORN_DL3,ORN_SER_confusion,SER,ACH,0.68,0.21,0.5372,full (E1 x E2),"Carlsson et al., 2010; Yasuyama et al. 1999",5.0,"Review for relabel: classifier predicted SER, literature verifies ACH (source: Carlsson et al., 2010; Yasuyama et al. 1999, confidence 5.0/5)"
433,720575940615601826,Dm9,Dm9_GLUT_confirmed_via_direct_literature_search,ACH,GLUT,0.59,0.09,0.5369,full (E1 x E2),"Davis et al., 2020 (as cited in Kind et al., 2021, eLife, doi:10.7554/eLife.71858); Schnaitmann et al., 2024, Front. Mol. Neurosci., doi:10.3389/fnmol.2024.1347540",4.0,"Review for relabel: classifier predicted ACH, literature verifies GLUT (source: Davis et al., 2020 (as cited in Kind et al., 2021, eLife, doi:10.7554/eLife.71858); Schnaitmann et al., 2024, Front. Mol. Neurosci., doi:10.3389/fnmol.2024.1347540)"
434,720575940636147551,Dm9,Dm9_GLUT_confirmed_via_direct_literature_search,ACH,GLUT,0.57,0.06,0.5357999999999999,full (E1 x E2),"Davis et al., 2020 (as cited in Kind et al., 2021, eLife, doi:10.7554/eLife.71858); Schnaitmann et al., 2024, Front. Mol. Neurosci., doi:10.3389/fnmol.2024.1347540",4.0,"Review for relabel: classifier predicted ACH, literature verifies GLUT (source: Davis et al., 2020 (as cited in Kind et al., 2021, eLife, doi:10.7554/eLife.71858); Schnaitmann et al., 2024, Front. Mol. Neurosci., doi:10.3389/fnmol.2024.1347540)"
435,720575940617678166,Dm9,Dm9_GLUT_confirmed_via_direct_literature_search,ACH,GLUT,0.57,0.06,0.5357999999999999,full (E1 x E2),"Davis et al., 2020 (as cited in Kind et al., 2021, eLife, doi:10.7554/eLife.71858); Schnaitmann et al., 2024, Front. Mol. Neurosci., doi:10.3389/fnmol.2024.1347540",4.0,"Review for relabel: classifier predicted ACH, literature verifies GLUT (source: Davis et al., 2020 (as cited in Kind et al., 2021, eLife, doi:10.7554/eLife.71858); Schnaitmann et al., 2024, Front. Mol. Neurosci., doi:10.3389/fnmol.2024.1347540)"
436,720575940628036733,Dm9,Dm9_GLUT_confirmed_via_direct_literature_search,ACH,GLUT,0.58,0.08,0.5336,full (E1 x E2),"Davis et al., 2020 (as cited in Kind et al., 2021, eLife, doi:10.7554/eLife.71858); Schnaitmann et al., 2024, Front. Mol. Neurosci., doi:10.3389/fnmol.2024.1347540",4.0,"Review for relabel: classifier predicted ACH, literature verifies GLUT (source: Davis et al., 2020 (as cited in Kind et al., 2021, eLife, doi:10.7554/eLife.71858); Schnaitmann et al., 2024, Front. Mol. Neurosci., doi:10.3389/fnmol.2024.1347540)"
437,720575940622310582,Dm9,Dm9_GLUT_confirmed_via_direct_literature_search,ACH,GLUT,0.58,0.08,0.5336,full (E1 x E2),"Davis et al., 2020 (as cited in Kind et al., 2021, eLife, doi:10.7554/eLife.71858); Schnaitmann et al., 2024, Front. Mol. Neurosci., doi:10.3389/fnmol.2024.1347540",4.0,"Review for relabel: classifier predicted ACH, literature verifies GLUT (source: Davis et al., 2020 (as cited in Kind et al., 2021, eLife, doi:10.7554/eLife.71858); Schnaitmann et al., 2024, Front. Mol. Neurosci., doi:10.3389/fnmol.2024.1347540)"
438,720575940607837707,hDeltaK,hDeltaK_signature_scan_novel_candidate,SER,ACH,0.55,0.03,0.5335,full (E1 x E2),"Wolff et al., 2024 (bioRxiv), published 2025 eLife RP104764 -- EASI-FISH neurotransmitter profiling of central complex cell types",3.0,"Review for relabel: classifier predicted SER, signature-scan + literature match indicates ACH (source: Wolff et al., 2024 (bioRxiv), published 2025 eLife RP104764 -- EASI-FISH neurotransmitter profiling of central complex cell types). NOTE: exact per-cell-type data point not independently re-verified beyond the cited paper's existence and topical match -- confirm against the paper's supplementary table before applying."
439,720575940621407659,Dm12,Dm_GLUT_confusion,GABA,GLUT,0.65,0.18,0.533,full (E1 x E2),"Davis et al., 2020",4.0,"Review for relabel: classifier predicted GABA, literature verifies GLUT (source: Davis et al., 2020, confidence 4.0/5)"
440,720575940631314479,ORN_DA3,ORN_SER_confusion,SER,ACH,0.71,0.25,0.5325,full (E1 x E2),"Carlsson et al., 2010; Yasuyama et al. 1999",5.0,"Review for relabel: classifier predicted SER, literature verifies ACH (source: Carlsson et al., 2010; Yasuyama et al. 1999, confidence 5.0/5)"
441,720575940627258810,Dm9,Dm9_GLUT_confirmed_via_direct_literature_search,ACH,GLUT,0.56,0.05,0.532,full (E1 x E2),"Davis et al., 2020 (as cited in Kind et al., 2021, eLife, doi:10.7554/eLife.71858); Schnaitmann et al., 2024, Front. Mol. Neurosci., doi:10.3389/fnmol.2024.1347540",4.0,"Review for relabel: classifier predicted ACH, literature verifies GLUT (source: Davis et al., 2020 (as cited in Kind et al., 2021, eLife, doi:10.7554/eLife.71858); Schnaitmann et al., 2024, Front. Mol. Neurosci., doi:10.3389/fnmol.2024.1347540)"
442,720575940618738853,ORN_V,ORN_SER_confusion,GABA,ACH,0.69,0.23,0.5313,full (E1 x E2),"Carlsson et al., 2010; Yasuyama et al. 1999",5.0,"Review for relabel: classifier predicted GABA, literature verifies ACH (source: Carlsson et al., 2010; Yasuyama et al. 1999, confidence 5.0/5)"
443,720575940633791277,R8,categorical_blindspot_HIST,GLUT,"ACH,HIST",0.64,0.17,0.5312,full (E1 x E2),"Davis et al., 2020; Sarthy 1991",5.0,"Review for relabel: classifier predicted GLUT, literature verifies ACH/HIST (source: Davis et al., 2020; Sarthy 1991, confidence 5.0/5)"
444,720575940629166953,R8,categorical_blindspot_HIST,GLUT,"ACH,HIST",0.61,0.13,0.5307,full (E1 x E2),"Davis et al., 2020; Sarthy 1991",5.0,"Review for relabel: classifier predicted GLUT, literature verifies ACH/HIST (source: Davis et al., 2020; Sarthy 1991, confidence 5.0/5)"
445,720575940621581061,ORN_DL4,ORN_SER_confusion,SER,ACH,0.61,0.13,0.5307,full (E1 x E2),"Carlsson et al., 2010; Yasuyama et al. 1999",5.0,"Review for relabel: classifier predicted SER, literature verifies ACH (source: Carlsson et al., 2010; Yasuyama et al. 1999, confidence 5.0/5)"
446,720575940621557743,R7,categorical_blindspot_HIST,GLUT,HIST,0.53,,0.53,categorical_blindspot (E1 only),"Davis et al., 2020",4.0,"Review for relabel: classifier predicted GLUT, literature verifies HIST (source: Davis et al., 2020, confidence 4.0/5)"
447,720575940611660152,R7,categorical_blindspot_HIST,GLUT,HIST,0.53,,0.53,categorical_blindspot (E1 only),"Davis et al., 2020",4.0,"Review for relabel: classifier predicted GLUT, literature verifies HIST (source: Davis et al., 2020, confidence 4.0/5)"
448,720575940644088480,R7,categorical_blindspot_HIST,GABA,HIST,0.53,,0.53,categorical_blindspot (E1 only),"Davis et al., 2020",4.0,"Review for relabel: classifier predicted GABA, literature verifies HIST (source: Davis et al., 2020, confidence 4.0/5)"
449,720575940627937157,R7,categorical_blindspot_HIST,GLUT,HIST,0.53,,0.53,categorical_blindspot (E1 only),"Davis et al., 2020",4.0,"Review for relabel: classifier predicted GLUT, literature verifies HIST (source: Davis et al., 2020, confidence 4.0/5)"
450,720575940616533826,R7,categorical_blindspot_HIST,GLUT,HIST,0.53,,0.53,categorical_blindspot (E1 only),"Davis et al., 2020",4.0,"Review for relabel: classifier predicted GLUT, literature verifies HIST (source: Davis et al., 2020, confidence 4.0/5)"
451,720575940626886602,R7,categorical_blindspot_HIST,GABA,HIST,0.53,,0.53,categorical_blindspot (E1 only),"Davis et al., 2020",4.0,"Review for relabel: classifier predicted GABA, literature verifies HIST (source: Davis et al., 2020, confidence 4.0/5)"
452,720575940622306486,R7,categorical_blindspot_HIST,ACH,HIST,0.53,,0.53,categorical_blindspot (E1 only),"Davis et al., 2020",4.0,"Review for relabel: classifier predicted ACH, literature verifies HIST (source: Davis et al., 2020, confidence 4.0/5)"
453,720575940647041315,R7,categorical_blindspot_HIST,GLUT,HIST,0.53,,0.53,categorical_blindspot (E1 only),"Davis et al., 2020",4.0,"Review for relabel: classifier predicted GLUT, literature verifies HIST (source: Davis et al., 2020, confidence 4.0/5)"
454,720575940629799323,R7,categorical_blindspot_HIST,GABA,HIST,0.53,,0.53,categorical_blindspot (E1 only),"Davis et al., 2020",4.0,"Review for relabel: classifier predicted GABA, literature verifies HIST (source: Davis et al., 2020, confidence 4.0/5)"
455,720575940639102015,R7,categorical_blindspot_HIST,GABA,HIST,0.53,,0.53,categorical_blindspot (E1 only),"Davis et al., 2020",4.0,"Review for relabel: classifier predicted GABA, literature verifies HIST (source: Davis et al., 2020, confidence 4.0/5)"
456,720575940622683007,R8,categorical_blindspot_HIST,GLUT,"ACH,HIST",0.67,0.21,0.5293000000000001,full (E1 x E2),"Davis et al., 2020; Sarthy 1991",5.0,"Review for relabel: classifier predicted GLUT, literature verifies ACH/HIST (source: Davis et al., 2020; Sarthy 1991, confidence 5.0/5)"
457,720575940631725087,hDeltaK,hDeltaK_signature_scan_novel_candidate,SER,ACH,0.54,0.02,0.5292,full (E1 x E2),"Wolff et al., 2024 (bioRxiv), published 2025 eLife RP104764 -- EASI-FISH neurotransmitter profiling of central complex cell types",3.0,"Review for relabel: classifier predicted SER, signature-scan + literature match indicates ACH (source: Wolff et al., 2024 (bioRxiv), published 2025 eLife RP104764 -- EASI-FISH neurotransmitter profiling of central complex cell types). NOTE: exact per-cell-type data point not independently re-verified beyond the cited paper's existence and topical match -- confirm against the paper's supplementary table before applying."
458,720575940623376598,Dm1,Dm_GLUT_confusion,GABA,GLUT,0.66,0.2,0.528,full (E1 x E2),"Davis et al., 2020",4.0,"Review for relabel: classifier predicted GABA, literature verifies GLUT (source: Davis et al., 2020, confidence 4.0/5)"
459,720575940625967036,Dm9,Dm9_GLUT_confirmed_via_direct_literature_search,ACH,GLUT,0.55,0.04,0.528,full (E1 x E2),"Davis et al., 2020 (as cited in Kind et al., 2021, eLife, doi:10.7554/eLife.71858); Schnaitmann et al., 2024, Front. Mol. Neurosci., doi:10.3389/fnmol.2024.1347540",4.0,"Review for relabel: classifier predicted ACH, literature verifies GLUT (source: Davis et al., 2020 (as cited in Kind et al., 2021, eLife, doi:10.7554/eLife.71858); Schnaitmann et al., 2024, Front. Mol. Neurosci., doi:10.3389/fnmol.2024.1347540)"
460,720575940634447841,Dm9,Dm9_GLUT_confirmed_via_direct_literature_search,ACH,GLUT,0.58,0.09,0.5277999999999999,full (E1 x E2),"Davis et al., 2020 (as cited in Kind et al., 2021, eLife, doi:10.7554/eLife.71858); Schnaitmann et al., 2024, Front. Mol. Neurosci., doi:10.3389/fnmol.2024.1347540",4.0,"Review for relabel: classifier predicted ACH, literature verifies GLUT (source: Davis et al., 2020 (as cited in Kind et al., 2021, eLife, doi:10.7554/eLife.71858); Schnaitmann et al., 2024, Front. Mol. Neurosci., doi:10.3389/fnmol.2024.1347540)"
461,720575940621397675,R8,categorical_blindspot_HIST,GLUT,"ACH,HIST",0.62,0.15,0.527,full (E1 x E2),"Davis et al., 2020; Sarthy 1991",5.0,"Review for relabel: classifier predicted GLUT, literature verifies ACH/HIST (source: Davis et al., 2020; Sarthy 1991, confidence 5.0/5)"
462,720575940632365899,Dm9,Dm9_GLUT_confirmed_via_direct_literature_search,ACH,GLUT,0.56,0.06,0.5264,full (E1 x E2),"Davis et al., 2020 (as cited in Kind et al., 2021, eLife, doi:10.7554/eLife.71858); Schnaitmann et al., 2024, Front. Mol. Neurosci., doi:10.3389/fnmol.2024.1347540",4.0,"Review for relabel: classifier predicted ACH, literature verifies GLUT (source: Davis et al., 2020 (as cited in Kind et al., 2021, eLife, doi:10.7554/eLife.71858); Schnaitmann et al., 2024, Front. Mol. Neurosci., doi:10.3389/fnmol.2024.1347540)"
463,720575940641703376,Dm9,Dm9_GLUT_confirmed_via_direct_literature_search,ACH,GLUT,0.56,0.06,0.5264,full (E1 x E2),"Davis et al., 2020 (as cited in Kind et al., 2021, eLife, doi:10.7554/eLife.71858); Schnaitmann et al., 2024, Front. Mol. Neurosci., doi:10.3389/fnmol.2024.1347540",4.0,"Review for relabel: classifier predicted ACH, literature verifies GLUT (source: Davis et al., 2020 (as cited in Kind et al., 2021, eLife, doi:10.7554/eLife.71858); Schnaitmann et al., 2024, Front. Mol. Neurosci., doi:10.3389/fnmol.2024.1347540)"
464,720575940636138591,Dm9,Dm9_GLUT_confirmed_via_direct_literature_search,ACH,GLUT,0.56,0.06,0.5264,full (E1 x E2),"Davis et al., 2020 (as cited in Kind et al., 2021, eLife, doi:10.7554/eLife.71858); Schnaitmann et al., 2024, Front. Mol. Neurosci., doi:10.3389/fnmol.2024.1347540",4.0,"Review for relabel: classifier predicted ACH, literature verifies GLUT (source: Davis et al., 2020 (as cited in Kind et al., 2021, eLife, doi:10.7554/eLife.71858); Schnaitmann et al., 2024, Front. Mol. Neurosci., doi:10.3389/fnmol.2024.1347540)"
465,720575940627133130,Dm9,Dm9_GLUT_confirmed_via_direct_literature_search,ACH,GLUT,0.56,0.06,0.5264,full (E1 x E2),"Davis et al., 2020 (as cited in Kind et al., 2021, eLife, doi:10.7554/eLife.71858); Schnaitmann et al., 2024, Front. Mol. Neurosci., doi:10.3389/fnmol.2024.1347540",4.0,"Review for relabel: classifier predicted ACH, literature verifies GLUT (source: Davis et al., 2020 (as cited in Kind et al., 2021, eLife, doi:10.7554/eLife.71858); Schnaitmann et al., 2024, Front. Mol. Neurosci., doi:10.3389/fnmol.2024.1347540)"
466,720575940630603255,R8,categorical_blindspot_HIST,GLUT,"ACH,HIST",0.64,0.18,0.5248,full (E1 x E2),"Davis et al., 2020; Sarthy 1991",5.0,"Review for relabel: classifier predicted GLUT, literature verifies ACH/HIST (source: Davis et al., 2020; Sarthy 1991, confidence 5.0/5)"
467,720575940640748659,Dm9,Dm9_GLUT_confirmed_via_direct_literature_search,ACH,GLUT,0.61,0.14,0.5246,full (E1 x E2),"Davis et al., 2020 (as cited in Kind et al., 2021, eLife, doi:10.7554/eLife.71858); Schnaitmann et al., 2024, Front. Mol. Neurosci., doi:10.3389/fnmol.2024.1347540",4.0,"Review for relabel: classifier predicted ACH, literature verifies GLUT (source: Davis et al., 2020 (as cited in Kind et al., 2021, eLife, doi:10.7554/eLife.71858); Schnaitmann et al., 2024, Front. Mol. Neurosci., doi:10.3389/fnmol.2024.1347540)"
468,720575940640765859,Dm9,Dm9_GLUT_confirmed_via_direct_literature_search,ACH,GLUT,0.61,0.14,0.5246,full (E1 x E2),"Davis et al., 2020 (as cited in Kind et al., 2021, eLife, doi:10.7554/eLife.71858); Schnaitmann et al., 2024, Front. Mol. Neurosci., doi:10.3389/fnmol.2024.1347540",4.0,"Review for relabel: classifier predicted ACH, literature verifies GLUT (source: Davis et al., 2020 (as cited in Kind et al., 2021, eLife, doi:10.7554/eLife.71858); Schnaitmann et al., 2024, Front. Mol. Neurosci., doi:10.3389/fnmol.2024.1347540)"
469,720575940634761208,ORN_DL3,ORN_SER_confusion,SER,ACH,0.69,0.24,0.5244,full (E1 x E2),"Carlsson et al., 2010; Yasuyama et al. 1999",5.0,"Review for relabel: classifier predicted SER, literature verifies ACH (source: Carlsson et al., 2010; Yasuyama et al. 1999, confidence 5.0/5)"
470,720575940631948741,Dm9,Dm9_GLUT_confirmed_via_direct_literature_search,ACH,GLUT,0.54,0.03,0.5238,full (E1 x E2),"Davis et al., 2020 (as cited in Kind et al., 2021, eLife, doi:10.7554/eLife.71858); Schnaitmann et al., 2024, Front. Mol. Neurosci., doi:10.3389/fnmol.2024.1347540",4.0,"Review for relabel: classifier predicted ACH, literature verifies GLUT (source: Davis et al., 2020 (as cited in Kind et al., 2021, eLife, doi:10.7554/eLife.71858); Schnaitmann et al., 2024, Front. Mol. Neurosci., doi:10.3389/fnmol.2024.1347540)"
471,720575940632765288,Dm12,Dm_GLUT_confusion,GABA,GLUT,0.68,0.23,0.5236000000000001,full (E1 x E2),"Davis et al., 2020",4.0,"Review for relabel: classifier predicted GABA, literature verifies GLUT (source: Davis et al., 2020, confidence 4.0/5)"
472,720575940620627109,R8,categorical_blindspot_HIST,GABA,"ACH,HIST",0.63,0.17,0.5229,full (E1 x E2),"Davis et al., 2020; Sarthy 1991",5.0,"Review for relabel: classifier predicted GABA, literature verifies ACH/HIST (source: Davis et al., 2020; Sarthy 1991, confidence 5.0/5)"
473,720575940614153955,R8,categorical_blindspot_HIST,GLUT,"ACH,HIST",0.67,0.22,0.5226000000000001,full (E1 x E2),"Davis et al., 2020; Sarthy 1991",5.0,"Review for relabel: classifier predicted GLUT, literature verifies ACH/HIST (source: Davis et al., 2020; Sarthy 1991, confidence 5.0/5)"
474,720575940628024701,Dm9,Dm9_GLUT_confirmed_via_direct_literature_search,ACH,GLUT,0.55,0.05,0.5225,full (E1 x E2),"Davis et al., 2020 (as cited in Kind et al., 2021, eLife, doi:10.7554/eLife.71858); Schnaitmann et al., 2024, Front. Mol. Neurosci., doi:10.3389/fnmol.2024.1347540",4.0,"Review for relabel: classifier predicted ACH, literature verifies GLUT (source: Davis et al., 2020 (as cited in Kind et al., 2021, eLife, doi:10.7554/eLife.71858); Schnaitmann et al., 2024, Front. Mol. Neurosci., doi:10.3389/fnmol.2024.1347540)"
475,720575940627951134,Dm9,Dm9_GLUT_confirmed_via_direct_literature_search,ACH,GLUT,0.58,0.1,0.522,full (E1 x E2),"Davis et al., 2020 (as cited in Kind et al., 2021, eLife, doi:10.7554/eLife.71858); Schnaitmann et al., 2024, Front. Mol. Neurosci., doi:10.3389/fnmol.2024.1347540",4.0,"Review for relabel: classifier predicted ACH, literature verifies GLUT (source: Davis et al., 2020 (as cited in Kind et al., 2021, eLife, doi:10.7554/eLife.71858); Schnaitmann et al., 2024, Front. Mol. Neurosci., doi:10.3389/fnmol.2024.1347540)"
476,720575940656106145,Dm9,Dm9_GLUT_confirmed_via_direct_literature_search,ACH,GLUT,0.6,0.13,0.522,full (E1 x E2),"Davis et al., 2020 (as cited in Kind et al., 2021, eLife, doi:10.7554/eLife.71858); Schnaitmann et al., 2024, Front. Mol. Neurosci., doi:10.3389/fnmol.2024.1347540",4.0,"Review for relabel: classifier predicted ACH, literature verifies GLUT (source: Davis et al., 2020 (as cited in Kind et al., 2021, eLife, doi:10.7554/eLife.71858); Schnaitmann et al., 2024, Front. Mol. Neurosci., doi:10.3389/fnmol.2024.1347540)"
477,720575940625385451,R8,categorical_blindspot_HIST,GLUT,"ACH,HIST",0.66,0.21,0.5214000000000001,full (E1 x E2),"Davis et al., 2020; Sarthy 1991",5.0,"Review for relabel: classifier predicted GLUT, literature verifies ACH/HIST (source: Davis et al., 2020; Sarthy 1991, confidence 5.0/5)"
478,720575940631166535,ORN_DM3,ORN_SER_confusion,SER,ACH,0.62,0.16,0.5207999999999999,full (E1 x E2),"Carlsson et al., 2010; Yasuyama et al. 1999",5.0,"Review for relabel: classifier predicted SER, literature verifies ACH (source: Carlsson et al., 2010; Yasuyama et al. 1999, confidence 5.0/5)"
479,720575940624267667,R7,categorical_blindspot_HIST,ACH,HIST,0.52,,0.52,categorical_blindspot (E1 only),"Davis et al., 2020",4.0,"Review for relabel: classifier predicted ACH, literature verifies HIST (source: Davis et al., 2020, confidence 4.0/5)"
480,720575940616831794,R7,categorical_blindspot_HIST,GLUT,HIST,0.52,,0.52,categorical_blindspot (E1 only),"Davis et al., 2020",4.0,"Review for relabel: classifier predicted GLUT, literature verifies HIST (source: Davis et al., 2020, confidence 4.0/5)"
481,720575940611818594,R7,categorical_blindspot_HIST,ACH,HIST,0.52,,0.52,categorical_blindspot (E1 only),"Davis et al., 2020",4.0,"Review for relabel: classifier predicted ACH, literature verifies HIST (source: Davis et al., 2020, confidence 4.0/5)"
482,720575940618594333,R7,categorical_blindspot_HIST,GLUT,HIST,0.52,,0.52,categorical_blindspot (E1 only),"Davis et al., 2020",4.0,"Review for relabel: classifier predicted GLUT, literature verifies HIST (source: Davis et al., 2020, confidence 4.0/5)"
483,720575940609197321,R7,categorical_blindspot_HIST,GABA,HIST,0.52,,0.52,categorical_blindspot (E1 only),"Davis et al., 2020",4.0,"Review for relabel: classifier predicted GABA, literature verifies HIST (source: Davis et al., 2020, confidence 4.0/5)"
484,720575940624571882,R7,categorical_blindspot_HIST,GABA,HIST,0.52,,0.52,categorical_blindspot (E1 only),"Davis et al., 2020",4.0,"Review for relabel: classifier predicted GABA, literature verifies HIST (source: Davis et al., 2020, confidence 4.0/5)"
485,720575940619909359,R7,categorical_blindspot_HIST,GABA,HIST,0.52,,0.52,categorical_blindspot (E1 only),"Davis et al., 2020",4.0,"Review for relabel: classifier predicted GABA, literature verifies HIST (source: Davis et al., 2020, confidence 4.0/5)"
486,720575940625272980,R7,categorical_blindspot_HIST,GLUT,HIST,0.52,,0.52,categorical_blindspot (E1 only),"Davis et al., 2020",4.0,"Review for relabel: classifier predicted GLUT, literature verifies HIST (source: Davis et al., 2020, confidence 4.0/5)"
487,720575940615318178,R7,categorical_blindspot_HIST,GABA,HIST,0.52,,0.52,categorical_blindspot (E1 only),"Davis et al., 2020",4.0,"Review for relabel: classifier predicted GABA, literature verifies HIST (source: Davis et al., 2020, confidence 4.0/5)"
488,720575940615271591,R7,categorical_blindspot_HIST,GLUT,HIST,0.52,,0.52,categorical_blindspot (E1 only),"Davis et al., 2020",4.0,"Review for relabel: classifier predicted GLUT, literature verifies HIST (source: Davis et al., 2020, confidence 4.0/5)"
489,720575940632266794,R7,categorical_blindspot_HIST,GLUT,HIST,0.52,,0.52,categorical_blindspot (E1 only),"Davis et al., 2020",4.0,"Review for relabel: classifier predicted GLUT, literature verifies HIST (source: Davis et al., 2020, confidence 4.0/5)"
490,720575940628730344,R7,categorical_blindspot_HIST,GABA,HIST,0.52,,0.52,categorical_blindspot (E1 only),"Davis et al., 2020",4.0,"Review for relabel: classifier predicted GABA, literature verifies HIST (source: Davis et al., 2020, confidence 4.0/5)"
491,720575940628709800,Dm12,Dm_GLUT_confusion,GABA,GLUT,0.65,0.2,0.52,full (E1 x E2),"Davis et al., 2020",4.0,"Review for relabel: classifier predicted GABA, literature verifies GLUT (source: Davis et al., 2020, confidence 4.0/5)"
492,720575940632113682,R7,categorical_blindspot_HIST,GABA,HIST,0.52,,0.52,categorical_blindspot (E1 only),"Davis et al., 2020",4.0,"Review for relabel: classifier predicted GABA, literature verifies HIST (source: Davis et al., 2020, confidence 4.0/5)"
493,720575940634577377,R7,categorical_blindspot_HIST,GABA,HIST,0.52,,0.52,categorical_blindspot (E1 only),"Davis et al., 2020",4.0,"Review for relabel: classifier predicted GABA, literature verifies HIST (source: Davis et al., 2020, confidence 4.0/5)"
494,720575940632573240,R7,categorical_blindspot_HIST,GABA,HIST,0.52,,0.52,categorical_blindspot (E1 only),"Davis et al., 2020",4.0,"Review for relabel: classifier predicted GABA, literature verifies HIST (source: Davis et al., 2020, confidence 4.0/5)"
495,720575940618464185,Dm9,Dm9_GLUT_confirmed_via_direct_literature_search,ACH,GLUT,0.57,0.09,0.5186999999999999,full (E1 x E2),"Davis et al., 2020 (as cited in Kind et al., 2021, eLife, doi:10.7554/eLife.71858); Schnaitmann et al., 2024, Front. Mol. Neurosci., doi:10.3389/fnmol.2024.1347540",4.0,"Review for relabel: classifier predicted ACH, literature verifies GLUT (source: Davis et al., 2020 (as cited in Kind et al., 2021, eLife, doi:10.7554/eLife.71858); Schnaitmann et al., 2024, Front. Mol. Neurosci., doi:10.3389/fnmol.2024.1347540)"
496,720575940614690029,Dm9,Dm9_GLUT_confirmed_via_direct_literature_search,ACH,GLUT,0.55,0.06,0.517,full (E1 x E2),"Davis et al., 2020 (as cited in Kind et al., 2021, eLife, doi:10.7554/eLife.71858); Schnaitmann et al., 2024, Front. Mol. Neurosci., doi:10.3389/fnmol.2024.1347540",4.0,"Review for relabel: classifier predicted ACH, literature verifies GLUT (source: Davis et al., 2020 (as cited in Kind et al., 2021, eLife, doi:10.7554/eLife.71858); Schnaitmann et al., 2024, Front. Mol. Neurosci., doi:10.3389/fnmol.2024.1347540)"
497,720575940628035197,Dm9,Dm9_GLUT_confirmed_via_direct_literature_search,ACH,GLUT,0.58,0.11,0.5162,full (E1 x E2),"Davis et al., 2020 (as cited in Kind et al., 2021, eLife, doi:10.7554/eLife.71858); Schnaitmann et al., 2024, Front. Mol. Neurosci., doi:10.3389/fnmol.2024.1347540",4.0,"Review for relabel: classifier predicted ACH, literature verifies GLUT (source: Davis et al., 2020 (as cited in Kind et al., 2021, eLife, doi:10.7554/eLife.71858); Schnaitmann et al., 2024, Front. Mol. Neurosci., doi:10.3389/fnmol.2024.1347540)"
498,720575940638082928,Dm9,Dm9_GLUT_confirmed_via_direct_literature_search,ACH,GLUT,0.6,0.14,0.516,full (E1 x E2),"Davis et al., 2020 (as cited in Kind et al., 2021, eLife, doi:10.7554/eLife.71858); Schnaitmann et al., 2024, Front. Mol. Neurosci., doi:10.3389/fnmol.2024.1347540",4.0,"Review for relabel: classifier predicted ACH, literature verifies GLUT (source: Davis et al., 2020 (as cited in Kind et al., 2021, eLife, doi:10.7554/eLife.71858); Schnaitmann et al., 2024, Front. Mol. Neurosci., doi:10.3389/fnmol.2024.1347540)"
499,720575940633505311,Dm9,Dm9_GLUT_confirmed_via_direct_literature_search,ACH,GLUT,0.56,0.08,0.5152000000000001,full (E1 x E2),"Davis et al., 2020 (as cited in Kind et al., 2021, eLife, doi:10.7554/eLife.71858); Schnaitmann et al., 2024, Front. Mol. Neurosci., doi:10.3389/fnmol.2024.1347540",4.0,"Review for relabel: classifier predicted ACH, literature verifies GLUT (source: Davis et al., 2020 (as cited in Kind et al., 2021, eLife, doi:10.7554/eLife.71858); Schnaitmann et al., 2024, Front. Mol. Neurosci., doi:10.3389/fnmol.2024.1347540)"
500,720575940629443628,ORN_DA4m,ORN_SER_confusion,SER,ACH,0.66,0.22,0.5148,full (E1 x E2),"Carlsson et al., 2010; Yasuyama et al. 1999",5.0,"Review for relabel: classifier predicted SER, literature verifies ACH (source: Carlsson et al., 2010; Yasuyama et al. 1999, confidence 5.0/5)"
501,720575940624222014,hDeltaK,hDeltaK_signature_scan_novel_candidate,SER,ACH,0.53,0.03,0.5141,full (E1 x E2),"Wolff et al., 2024 (bioRxiv), published 2025 eLife RP104764 -- EASI-FISH neurotransmitter profiling of central complex cell types",3.0,"Review for relabel: classifier predicted SER, signature-scan + literature match indicates ACH (source: Wolff et al., 2024 (bioRxiv), published 2025 eLife RP104764 -- EASI-FISH neurotransmitter profiling of central complex cell types). NOTE: exact per-cell-type data point not independently re-verified beyond the cited paper's existence and topical match -- confirm against the paper's supplementary table before applying."
502,720575940616508831,Dm9,Dm9_GLUT_confirmed_via_direct_literature_search,ACH,GLUT,0.57,0.1,0.513,full (E1 x E2),"Davis et al., 2020 (as cited in Kind et al., 2021, eLife, doi:10.7554/eLife.71858); Schnaitmann et al., 2024, Front. Mol. Neurosci., doi:10.3389/fnmol.2024.1347540",4.0,"Review for relabel: classifier predicted ACH, literature verifies GLUT (source: Davis et al., 2020 (as cited in Kind et al., 2021, eLife, doi:10.7554/eLife.71858); Schnaitmann et al., 2024, Front. Mol. Neurosci., doi:10.3389/fnmol.2024.1347540)"
503,720575940628055976,TmY16,TmY16_signature_scan_novel_candidate,GABA,GLUT,0.63,0.19,0.5103000000000001,full (E1 x E2),"Nern et al., 2024 (bioRxiv), published 2025 Nature 641:1225-1237 -- EASI-FISH/connectome-driven visual system neural inventory",3.0,"Review for relabel: classifier predicted GABA, signature-scan + literature match indicates GLUT (source: Nern et al., 2024 (bioRxiv), published 2025 Nature 641:1225-1237 -- EASI-FISH/connectome-driven visual system neural inventory). NOTE: exact per-cell-type data point not independently re-verified beyond the cited paper's existence and topical match -- confirm against the paper's supplementary table before applying."
504,720575940631246556,R8,categorical_blindspot_HIST,GABA,"ACH,HIST",0.63,0.19,0.5103000000000001,full (E1 x E2),"Davis et al., 2020; Sarthy 1991",5.0,"Review for relabel: classifier predicted GABA, literature verifies ACH/HIST (source: Davis et al., 2020; Sarthy 1991, confidence 5.0/5)"
505,720575940624077005,Dm12,Dm_GLUT_confusion,GABA,GLUT,0.63,0.19,0.5103000000000001,full (E1 x E2),"Davis et al., 2020",4.0,"Review for relabel: classifier predicted GABA, literature verifies GLUT (source: Davis et al., 2020, confidence 4.0/5)"
506,720575940628243002,R7,categorical_blindspot_HIST,GABA,HIST,0.51,,0.51,categorical_blindspot (E1 only),"Davis et al., 2020",4.0,"Review for relabel: classifier predicted GABA, literature verifies HIST (source: Davis et al., 2020, confidence 4.0/5)"
507,720575940623087069,ORN_DL4,ORN_SER_confusion,SER,ACH,0.6,0.15,0.51,full (E1 x E2),"Carlsson et al., 2010; Yasuyama et al. 1999",5.0,"Review for relabel: classifier predicted SER, literature verifies ACH (source: Carlsson et al., 2010; Yasuyama et al. 1999, confidence 5.0/5)"
508,720575940655971489,R7,categorical_blindspot_HIST,GABA,HIST,0.51,,0.51,categorical_blindspot (E1 only),"Davis et al., 2020",4.0,"Review for relabel: classifier predicted GABA, literature verifies HIST (source: Davis et al., 2020, confidence 4.0/5)"
509,720575940622261168,R7,categorical_blindspot_HIST,GABA,HIST,0.51,,0.51,categorical_blindspot (E1 only),"Davis et al., 2020",4.0,"Review for relabel: classifier predicted GABA, literature verifies HIST (source: Davis et al., 2020, confidence 4.0/5)"
510,720575940629473323,R7,categorical_blindspot_HIST,GLUT,HIST,0.51,,0.51,categorical_blindspot (E1 only),"Davis et al., 2020",4.0,"Review for relabel: classifier predicted GLUT, literature verifies HIST (source: Davis et al., 2020, confidence 4.0/5)"
511,720575940638798052,R7,categorical_blindspot_HIST,GLUT,HIST,0.51,,0.51,categorical_blindspot (E1 only),"Davis et al., 2020",4.0,"Review for relabel: classifier predicted GLUT, literature verifies HIST (source: Davis et al., 2020, confidence 4.0/5)"
512,720575940624089855,R7,categorical_blindspot_HIST,SER,HIST,0.51,,0.51,categorical_blindspot (E1 only),"Davis et al., 2020",4.0,"Review for relabel: classifier predicted SER, literature verifies HIST (source: Davis et al., 2020, confidence 4.0/5)"
513,720575940636715998,R7,categorical_blindspot_HIST,GLUT,HIST,0.51,,0.51,categorical_blindspot (E1 only),"Davis et al., 2020",4.0,"Review for relabel: classifier predicted GLUT, literature verifies HIST (source: Davis et al., 2020, confidence 4.0/5)"
514,720575940635357024,R7,categorical_blindspot_HIST,GLUT,HIST,0.51,,0.51,categorical_blindspot (E1 only),"Davis et al., 2020",4.0,"Review for relabel: classifier predicted GLUT, literature verifies HIST (source: Davis et al., 2020, confidence 4.0/5)"
515,720575940621585286,R7,categorical_blindspot_HIST,GLUT,HIST,0.51,,0.51,categorical_blindspot (E1 only),"Davis et al., 2020",4.0,"Review for relabel: classifier predicted GLUT, literature verifies HIST (source: Davis et al., 2020, confidence 4.0/5)"
516,720575940620511793,R7,categorical_blindspot_HIST,GABA,HIST,0.51,,0.51,categorical_blindspot (E1 only),"Davis et al., 2020",4.0,"Review for relabel: classifier predicted GABA, literature verifies HIST (source: Davis et al., 2020, confidence 4.0/5)"
517,720575940640063805,R7,categorical_blindspot_HIST,GABA,HIST,0.51,,0.51,categorical_blindspot (E1 only),"Davis et al., 2020",4.0,"Review for relabel: classifier predicted GABA, literature verifies HIST (source: Davis et al., 2020, confidence 4.0/5)"
518,720575940603828704,ORN_DA3,ORN_SER_confusion,SER,ACH,0.6,0.15,0.51,full (E1 x E2),"Carlsson et al., 2010; Yasuyama et al. 1999",5.0,"Review for relabel: classifier predicted SER, literature verifies ACH (source: Carlsson et al., 2010; Yasuyama et al. 1999, confidence 5.0/5)"
519,720575940621117121,R7,categorical_blindspot_HIST,GABA,HIST,0.51,,0.51,categorical_blindspot (E1 only),"Davis et al., 2020",4.0,"Review for relabel: classifier predicted GABA, literature verifies HIST (source: Davis et al., 2020, confidence 4.0/5)"
520,720575940618370449,R7,categorical_blindspot_HIST,GABA,HIST,0.51,,0.51,categorical_blindspot (E1 only),"Davis et al., 2020",4.0,"Review for relabel: classifier predicted GABA, literature verifies HIST (source: Davis et al., 2020, confidence 4.0/5)"
521,720575940630548791,R7,categorical_blindspot_HIST,GABA,HIST,0.51,,0.51,categorical_blindspot (E1 only),"Davis et al., 2020",4.0,"Review for relabel: classifier predicted GABA, literature verifies HIST (source: Davis et al., 2020, confidence 4.0/5)"
522,720575940636969182,hDeltaK,hDeltaK_signature_scan_novel_candidate,SER,ACH,0.52,0.02,0.5096,full (E1 x E2),"Wolff et al., 2024 (bioRxiv), published 2025 eLife RP104764 -- EASI-FISH neurotransmitter profiling of central complex cell types",3.0,"Review for relabel: classifier predicted SER, signature-scan + literature match indicates ACH (source: Wolff et al., 2024 (bioRxiv), published 2025 eLife RP104764 -- EASI-FISH neurotransmitter profiling of central complex cell types). NOTE: exact per-cell-type data point not independently re-verified beyond the cited paper's existence and topical match -- confirm against the paper's supplementary table before applying."
523,720575940616103254,hDeltaK,hDeltaK_signature_scan_novel_candidate,SER,ACH,0.52,0.02,0.5096,full (E1 x E2),"Wolff et al., 2024 (bioRxiv), published 2025 eLife RP104764 -- EASI-FISH neurotransmitter profiling of central complex cell types",3.0,"Review for relabel: classifier predicted SER, signature-scan + literature match indicates ACH (source: Wolff et al., 2024 (bioRxiv), published 2025 eLife RP104764 -- EASI-FISH neurotransmitter profiling of central complex cell types). NOTE: exact per-cell-type data point not independently re-verified beyond the cited paper's existence and topical match -- confirm against the paper's supplementary table before applying."
524,720575940619367083,ORN_DL3,ORN_SER_confusion,SER,ACH,0.67,0.24,0.5092,full (E1 x E2),"Carlsson et al., 2010; Yasuyama et al. 1999",5.0,"Review for relabel: classifier predicted SER, literature verifies ACH (source: Carlsson et al., 2010; Yasuyama et al. 1999, confidence 5.0/5)"
525,720575940639564496,ORN_DL3,ORN_SER_confusion,SER,ACH,0.67,0.24,0.5092,full (E1 x E2),"Carlsson et al., 2010; Yasuyama et al. 1999",5.0,"Review for relabel: classifier predicted SER, literature verifies ACH (source: Carlsson et al., 2010; Yasuyama et al. 1999, confidence 5.0/5)"
526,720575940609729289,Dm9,Dm9_GLUT_confirmed_via_direct_literature_search,ACH,GLUT,0.53,0.04,0.5088,full (E1 x E2),"Davis et al., 2020 (as cited in Kind et al., 2021, eLife, doi:10.7554/eLife.71858); Schnaitmann et al., 2024, Front. Mol. Neurosci., doi:10.3389/fnmol.2024.1347540",4.0,"Review for relabel: classifier predicted ACH, literature verifies GLUT (source: Davis et al., 2020 (as cited in Kind et al., 2021, eLife, doi:10.7554/eLife.71858); Schnaitmann et al., 2024, Front. Mol. Neurosci., doi:10.3389/fnmol.2024.1347540)"
527,720575940615188626,Dm12,Dm_GLUT_confusion,GABA,GLUT,0.66,0.23,0.5082,full (E1 x E2),"Davis et al., 2020",4.0,"Review for relabel: classifier predicted GABA, literature verifies GLUT (source: Davis et al., 2020, confidence 4.0/5)"
528,720575940625799655,R8,categorical_blindspot_HIST,GLUT,"ACH,HIST",0.6,0.16,0.504,full (E1 x E2),"Davis et al., 2020; Sarthy 1991",5.0,"Review for relabel: classifier predicted GLUT, literature verifies ACH/HIST (source: Davis et al., 2020; Sarthy 1991, confidence 5.0/5)"
529,720575940653560822,Dm9,Dm9_GLUT_confirmed_via_direct_literature_search,ACH,GLUT,0.54,0.07,0.5022,full (E1 x E2),"Davis et al., 2020 (as cited in Kind et al., 2021, eLife, doi:10.7554/eLife.71858); Schnaitmann et al., 2024, Front. Mol. Neurosci., doi:10.3389/fnmol.2024.1347540",4.0,"Review for relabel: classifier predicted ACH, literature verifies GLUT (source: Davis et al., 2020 (as cited in Kind et al., 2021, eLife, doi:10.7554/eLife.71858); Schnaitmann et al., 2024, Front. Mol. Neurosci., doi:10.3389/fnmol.2024.1347540)"
530,720575940619054420,Dm9,Dm9_GLUT_confirmed_via_direct_literature_search,ACH,GLUT,0.54,0.07,0.5022,full (E1 x E2),"Davis et al., 2020 (as cited in Kind et al., 2021, eLife, doi:10.7554/eLife.71858); Schnaitmann et al., 2024, Front. Mol. Neurosci., doi:10.3389/fnmol.2024.1347540",4.0,"Review for relabel: classifier predicted ACH, literature verifies GLUT (source: Davis et al., 2020 (as cited in Kind et al., 2021, eLife, doi:10.7554/eLife.71858); Schnaitmann et al., 2024, Front. Mol. Neurosci., doi:10.3389/fnmol.2024.1347540)"
531,720575940617682006,Dm9,Dm9_GLUT_confirmed_via_direct_literature_search,ACH,GLUT,0.57,0.12,0.5015999999999999,full (E1 x E2),"Davis et al., 2020 (as cited in Kind et al., 2021, eLife, doi:10.7554/eLife.71858); Schnaitmann et al., 2024, Front. Mol. Neurosci., doi:10.3389/fnmol.2024.1347540",4.0,"Review for relabel: classifier predicted ACH, literature verifies GLUT (source: Davis et al., 2020 (as cited in Kind et al., 2021, eLife, doi:10.7554/eLife.71858); Schnaitmann et al., 2024, Front. Mol. Neurosci., doi:10.3389/fnmol.2024.1347540)"
532,720575940623095322,Dm9,Dm9_GLUT_confirmed_via_direct_literature_search,ACH,GLUT,0.55,0.09,0.5005000000000001,full (E1 x E2),"Davis et al., 2020 (as cited in Kind et al., 2021, eLife, doi:10.7554/eLife.71858); Schnaitmann et al., 2024, Front. Mol. Neurosci., doi:10.3389/fnmol.2024.1347540",4.0,"Review for relabel: classifier predicted ACH, literature verifies GLUT (source: Davis et al., 2020 (as cited in Kind et al., 2021, eLife, doi:10.7554/eLife.71858); Schnaitmann et al., 2024, Front. Mol. Neurosci., doi:10.3389/fnmol.2024.1347540)"
533,720575940640595840,ORN_DA4l,ORN_SER_confusion,SER,ACH,0.65,0.23,0.5005000000000001,full (E1 x E2),"Carlsson et al., 2010; Yasuyama et al. 1999",5.0,"Review for relabel: classifier predicted SER, literature verifies ACH (source: Carlsson et al., 2010; Yasuyama et al. 1999, confidence 5.0/5)"
534,720575940638181086,R7,categorical_blindspot_HIST,GABA,HIST,0.5,,0.5,categorical_blindspot (E1 only),"Davis et al., 2020",4.0,"Review for relabel: classifier predicted GABA, literature verifies HIST (source: Davis et al., 2020, confidence 4.0/5)"
535,720575940644599712,R7,categorical_blindspot_HIST,GABA,HIST,0.5,,0.5,categorical_blindspot (E1 only),"Davis et al., 2020",4.0,"Review for relabel: classifier predicted GABA, literature verifies HIST (source: Davis et al., 2020, confidence 4.0/5)"
536,720575940631228665,R7,categorical_blindspot_HIST,GLUT,HIST,0.5,,0.5,categorical_blindspot (E1 only),"Davis et al., 2020",4.0,"Review for relabel: classifier predicted GLUT, literature verifies HIST (source: Davis et al., 2020, confidence 4.0/5)"
537,720575940618122845,R7,categorical_blindspot_HIST,GABA,HIST,0.5,,0.5,categorical_blindspot (E1 only),"Davis et al., 2020",4.0,"Review for relabel: classifier predicted GABA, literature verifies HIST (source: Davis et al., 2020, confidence 4.0/5)"
538,720575940622819617,R7,categorical_blindspot_HIST,ACH,HIST,0.5,,0.5,categorical_blindspot (E1 only),"Davis et al., 2020",4.0,"Review for relabel: classifier predicted ACH, literature verifies HIST (source: Davis et al., 2020, confidence 4.0/5)"
539,720575940623246204,R7,categorical_blindspot_HIST,GLUT,HIST,0.5,,0.5,categorical_blindspot (E1 only),"Davis et al., 2020",4.0,"Review for relabel: classifier predicted GLUT, literature verifies HIST (source: Davis et al., 2020, confidence 4.0/5)"
540,720575940627497609,R7,categorical_blindspot_HIST,GABA,HIST,0.5,,0.5,categorical_blindspot (E1 only),"Davis et al., 2020",4.0,"Review for relabel: classifier predicted GABA, literature verifies HIST (source: Davis et al., 2020, confidence 4.0/5)"
541,720575940624086825,R7,categorical_blindspot_HIST,ACH,HIST,0.5,,0.5,categorical_blindspot (E1 only),"Davis et al., 2020",4.0,"Review for relabel: classifier predicted ACH, literature verifies HIST (source: Davis et al., 2020, confidence 4.0/5)"
542,720575940620168241,R7,categorical_blindspot_HIST,GLUT,HIST,0.5,,0.5,categorical_blindspot (E1 only),"Davis et al., 2020",4.0,"Review for relabel: classifier predicted GLUT, literature verifies HIST (source: Davis et al., 2020, confidence 4.0/5)"
543,720575940610005955,R7,categorical_blindspot_HIST,GLUT,HIST,0.5,,0.5,categorical_blindspot (E1 only),"Davis et al., 2020",4.0,"Review for relabel: classifier predicted GLUT, literature verifies HIST (source: Davis et al., 2020, confidence 4.0/5)"
544,720575940621704942,R7,categorical_blindspot_HIST,GLUT,HIST,0.5,,0.5,categorical_blindspot (E1 only),"Davis et al., 2020",4.0,"Review for relabel: classifier predicted GLUT, literature verifies HIST (source: Davis et al., 2020, confidence 4.0/5)"
545,720575940614063853,R7,categorical_blindspot_HIST,GABA,HIST,0.5,,0.5,categorical_blindspot (E1 only),"Davis et al., 2020",4.0,"Review for relabel: classifier predicted GABA, literature verifies HIST (source: Davis et al., 2020, confidence 4.0/5)"
546,720575940626866020,R7,categorical_blindspot_HIST,ACH,HIST,0.5,,0.5,categorical_blindspot (E1 only),"Davis et al., 2020",4.0,"Review for relabel: classifier predicted ACH, literature verifies HIST (source: Davis et al., 2020, confidence 4.0/5)"
547,720575940619203909,R7,categorical_blindspot_HIST,ACH,HIST,0.5,,0.5,categorical_blindspot (E1 only),"Davis et al., 2020",4.0,"Review for relabel: classifier predicted ACH, literature verifies HIST (source: Davis et al., 2020, confidence 4.0/5)"
548,720575940606731529,hDeltaK,hDeltaK_signature_scan_novel_candidate,SER,ACH,0.51,0.02,0.4998,full (E1 x E2),"Wolff et al., 2024 (bioRxiv), published 2025 eLife RP104764 -- EASI-FISH neurotransmitter profiling of central complex cell types",3.0,"Review for relabel: classifier predicted SER, signature-scan + literature match indicates ACH (source: Wolff et al., 2024 (bioRxiv), published 2025 eLife RP104764 -- EASI-FISH neurotransmitter profiling of central complex cell types). NOTE: exact per-cell-type data point not independently re-verified beyond the cited paper's existence and topical match -- confirm against the paper's supplementary table before applying."
549,720575940634183103,ORN_DL4,ORN_SER_confusion,SER,ACH,0.58,0.14,0.49879999999999997,full (E1 x E2),"Carlsson et al., 2010; Yasuyama et al. 1999",5.0,"Review for relabel: classifier predicted SER, literature verifies ACH (source: Carlsson et al., 2010; Yasuyama et al. 1999, confidence 5.0/5)"
550,720575940634046419,R8,categorical_blindspot_HIST,GLUT,"ACH,HIST",0.58,0.14,0.49879999999999997,full (E1 x E2),"Davis et al., 2020; Sarthy 1991",5.0,"Review for relabel: classifier predicted GLUT, literature verifies ACH/HIST (source: Davis et al., 2020; Sarthy 1991, confidence 5.0/5)"
551,720575940613617381,Dm9,Dm9_GLUT_confirmed_via_direct_literature_search,ACH,GLUT,0.56,0.11,0.49840000000000007,full (E1 x E2),"Davis et al., 2020 (as cited in Kind et al., 2021, eLife, doi:10.7554/eLife.71858); Schnaitmann et al., 2024, Front. Mol. Neurosci., doi:10.3389/fnmol.2024.1347540",4.0,"Review for relabel: classifier predicted ACH, literature verifies GLUT (source: Davis et al., 2020 (as cited in Kind et al., 2021, eLife, doi:10.7554/eLife.71858); Schnaitmann et al., 2024, Front. Mol. Neurosci., doi:10.3389/fnmol.2024.1347540)"
552,720575940618506425,Dm9,Dm9_GLUT_confirmed_via_direct_literature_search,ACH,GLUT,0.53,0.06,0.4982,full (E1 x E2),"Davis et al., 2020 (as cited in Kind et al., 2021, eLife, doi:10.7554/eLife.71858); Schnaitmann et al., 2024, Front. Mol. Neurosci., doi:10.3389/fnmol.2024.1347540",4.0,"Review for relabel: classifier predicted ACH, literature verifies GLUT (source: Davis et al., 2020 (as cited in Kind et al., 2021, eLife, doi:10.7554/eLife.71858); Schnaitmann et al., 2024, Front. Mol. Neurosci., doi:10.3389/fnmol.2024.1347540)"
553,720575940623829005,Dm9,Dm9_GLUT_confirmed_via_direct_literature_search,ACH,GLUT,0.53,0.06,0.4982,full (E1 x E2),"Davis et al., 2020 (as cited in Kind et al., 2021, eLife, doi:10.7554/eLife.71858); Schnaitmann et al., 2024, Front. Mol. Neurosci., doi:10.3389/fnmol.2024.1347540",4.0,"Review for relabel: classifier predicted ACH, literature verifies GLUT (source: Davis et al., 2020 (as cited in Kind et al., 2021, eLife, doi:10.7554/eLife.71858); Schnaitmann et al., 2024, Front. Mol. Neurosci., doi:10.3389/fnmol.2024.1347540)"
554,720575940631431542,Dm9,Dm9_GLUT_confirmed_via_direct_literature_search,ACH,GLUT,0.53,0.06,0.4982,full (E1 x E2),"Davis et al., 2020 (as cited in Kind et al., 2021, eLife, doi:10.7554/eLife.71858); Schnaitmann et al., 2024, Front. Mol. Neurosci., doi:10.3389/fnmol.2024.1347540",4.0,"Review for relabel: classifier predicted ACH, literature verifies GLUT (source: Davis et al., 2020 (as cited in Kind et al., 2021, eLife, doi:10.7554/eLife.71858); Schnaitmann et al., 2024, Front. Mol. Neurosci., doi:10.3389/fnmol.2024.1347540)"
555,720575940639076696,ORN_DL4,ORN_SER_confusion,SER,ACH,0.6,0.17,0.49799999999999994,full (E1 x E2),"Carlsson et al., 2010; Yasuyama et al. 1999",5.0,"Review for relabel: classifier predicted SER, literature verifies ACH (source: Carlsson et al., 2010; Yasuyama et al. 1999, confidence 5.0/5)"
556,720575940613710194,R8,categorical_blindspot_HIST,GLUT,"ACH,HIST",0.6,0.17,0.49799999999999994,full (E1 x E2),"Davis et al., 2020; Sarthy 1991",5.0,"Review for relabel: classifier predicted GLUT, literature verifies ACH/HIST (source: Davis et al., 2020; Sarthy 1991, confidence 5.0/5)"
557,720575940624437956,Dm12,Dm_GLUT_confusion,GABA,GLUT,0.63,0.21,0.49770000000000003,full (E1 x E2),"Davis et al., 2020",4.0,"Review for relabel: classifier predicted GABA, literature verifies GLUT (source: Davis et al., 2020, confidence 4.0/5)"
558,720575940623181993,Dm9,Dm9_GLUT_confirmed_via_direct_literature_search,ACH,GLUT,0.54,0.08,0.4968000000000001,full (E1 x E2),"Davis et al., 2020 (as cited in Kind et al., 2021, eLife, doi:10.7554/eLife.71858); Schnaitmann et al., 2024, Front. Mol. Neurosci., doi:10.3389/fnmol.2024.1347540",4.0,"Review for relabel: classifier predicted ACH, literature verifies GLUT (source: Davis et al., 2020 (as cited in Kind et al., 2021, eLife, doi:10.7554/eLife.71858); Schnaitmann et al., 2024, Front. Mol. Neurosci., doi:10.3389/fnmol.2024.1347540)"
559,720575940621593838,Dm12,Dm_GLUT_confusion,GABA,GLUT,0.68,0.27,0.4964,full (E1 x E2),"Davis et al., 2020",4.0,"Review for relabel: classifier predicted GABA, literature verifies GLUT (source: Davis et al., 2020, confidence 4.0/5)"
560,720575940631236167,ORN_DA4m,ORN_SER_confusion,SER,ACH,0.62,0.2,0.496,full (E1 x E2),"Carlsson et al., 2010; Yasuyama et al. 1999",5.0,"Review for relabel: classifier predicted SER, literature verifies ACH (source: Carlsson et al., 2010; Yasuyama et al. 1999, confidence 5.0/5)"
561,720575940628790784,ORN_DL3,ORN_SER_confusion,SER,ACH,0.67,0.26,0.4958,full (E1 x E2),"Carlsson et al., 2010; Yasuyama et al. 1999",5.0,"Review for relabel: classifier predicted SER, literature verifies ACH (source: Carlsson et al., 2010; Yasuyama et al. 1999, confidence 5.0/5)"
562,720575940630335596,hDeltaK,hDeltaK_signature_scan_novel_candidate,SER,ACH,0.51,0.03,0.4947,full (E1 x E2),"Wolff et al., 2024 (bioRxiv), published 2025 eLife RP104764 -- EASI-FISH neurotransmitter profiling of central complex cell types",3.0,"Review for relabel: classifier predicted SER, signature-scan + literature match indicates ACH (source: Wolff et al., 2024 (bioRxiv), published 2025 eLife RP104764 -- EASI-FISH neurotransmitter profiling of central complex cell types). NOTE: exact per-cell-type data point not independently re-verified beyond the cited paper's existence and topical match -- confirm against the paper's supplementary table before applying."
563,720575940614054685,ORN_V,ORN_SER_confusion,SER,ACH,0.61,0.19,0.49410000000000004,full (E1 x E2),"Carlsson et al., 2010; Yasuyama et al. 1999",5.0,"Review for relabel: classifier predicted SER, literature verifies ACH (source: Carlsson et al., 2010; Yasuyama et al. 1999, confidence 5.0/5)"
564,720575940609821195,Dm9,Dm9_GLUT_confirmed_via_direct_literature_search,ACH,GLUT,0.53,0.07,0.4929,full (E1 x E2),"Davis et al., 2020 (as cited in Kind et al., 2021, eLife, doi:10.7554/eLife.71858); Schnaitmann et al., 2024, Front. Mol. Neurosci., doi:10.3389/fnmol.2024.1347540",4.0,"Review for relabel: classifier predicted ACH, literature verifies GLUT (source: Davis et al., 2020 (as cited in Kind et al., 2021, eLife, doi:10.7554/eLife.71858); Schnaitmann et al., 2024, Front. Mol. Neurosci., doi:10.3389/fnmol.2024.1347540)"
565,720575940622107558,Dm9,Dm9_GLUT_confirmed_via_direct_literature_search,ACH,GLUT,0.53,0.07,0.4929,full (E1 x E2),"Davis et al., 2020 (as cited in Kind et al., 2021, eLife, doi:10.7554/eLife.71858); Schnaitmann et al., 2024, Front. Mol. Neurosci., doi:10.3389/fnmol.2024.1347540",4.0,"Review for relabel: classifier predicted ACH, literature verifies GLUT (source: Davis et al., 2020 (as cited in Kind et al., 2021, eLife, doi:10.7554/eLife.71858); Schnaitmann et al., 2024, Front. Mol. Neurosci., doi:10.3389/fnmol.2024.1347540)"
566,720575940617280443,Dm9,Dm9_GLUT_confirmed_via_direct_literature_search,ACH,GLUT,0.53,0.07,0.4929,full (E1 x E2),"Davis et al., 2020 (as cited in Kind et al., 2021, eLife, doi:10.7554/eLife.71858); Schnaitmann et al., 2024, Front. Mol. Neurosci., doi:10.3389/fnmol.2024.1347540",4.0,"Review for relabel: classifier predicted ACH, literature verifies GLUT (source: Davis et al., 2020 (as cited in Kind et al., 2021, eLife, doi:10.7554/eLife.71858); Schnaitmann et al., 2024, Front. Mol. Neurosci., doi:10.3389/fnmol.2024.1347540)"
567,720575940640160957,Dm9,Dm9_GLUT_confirmed_via_direct_literature_search,ACH,GLUT,0.53,0.07,0.4929,full (E1 x E2),"Davis et al., 2020 (as cited in Kind et al., 2021, eLife, doi:10.7554/eLife.71858); Schnaitmann et al., 2024, Front. Mol. Neurosci., doi:10.3389/fnmol.2024.1347540",4.0,"Review for relabel: classifier predicted ACH, literature verifies GLUT (source: Davis et al., 2020 (as cited in Kind et al., 2021, eLife, doi:10.7554/eLife.71858); Schnaitmann et al., 2024, Front. Mol. Neurosci., doi:10.3389/fnmol.2024.1347540)"
568,720575940624871093,R8,categorical_blindspot_HIST,GLUT,"ACH,HIST",0.56,0.12,0.49280000000000007,full (E1 x E2),"Davis et al., 2020; Sarthy 1991",5.0,"Review for relabel: classifier predicted GLUT, literature verifies ACH/HIST (source: Davis et al., 2020; Sarthy 1991, confidence 5.0/5)"
569,720575940633747923,TmY16,TmY16_signature_scan_novel_candidate,GABA,GLUT,0.64,0.23,0.4928,full (E1 x E2),"Nern et al., 2024 (bioRxiv), published 2025 Nature 641:1225-1237 -- EASI-FISH/connectome-driven visual system neural inventory",3.0,"Review for relabel: classifier predicted GABA, signature-scan + literature match indicates GLUT (source: Nern et al., 2024 (bioRxiv), published 2025 Nature 641:1225-1237 -- EASI-FISH/connectome-driven visual system neural inventory). NOTE: exact per-cell-type data point not independently re-verified beyond the cited paper's existence and topical match -- confirm against the paper's supplementary table before applying."
570,720575940624180735,Dm12,Dm_GLUT_confusion,GABA,GLUT,0.64,0.23,0.4928,full (E1 x E2),"Davis et al., 2020",4.0,"Review for relabel: classifier predicted GABA, literature verifies GLUT (source: Davis et al., 2020, confidence 4.0/5)"
571,720575940636076639,Dm12,Dm_GLUT_confusion,GABA,GLUT,0.64,0.23,0.4928,full (E1 x E2),"Davis et al., 2020",4.0,"Review for relabel: classifier predicted GABA, literature verifies GLUT (source: Davis et al., 2020, confidence 4.0/5)"
572,720575940614723495,ORN_DA4m,ORN_SER_confusion,SER,ACH,0.64,0.23,0.4928,full (E1 x E2),"Carlsson et al., 2010; Yasuyama et al. 1999",5.0,"Review for relabel: classifier predicted SER, literature verifies ACH (source: Carlsson et al., 2010; Yasuyama et al. 1999, confidence 5.0/5)"
573,720575940634530530,R8,categorical_blindspot_HIST,GLUT,"ACH,HIST",0.6,0.18,0.492,full (E1 x E2),"Davis et al., 2020; Sarthy 1991",5.0,"Review for relabel: classifier predicted GLUT, literature verifies ACH/HIST (source: Davis et al., 2020; Sarthy 1991, confidence 5.0/5)"
574,720575940633945261,Dm9,Dm9_GLUT_confirmed_via_direct_literature_search,ACH,GLUT,0.54,0.09,0.49140000000000006,full (E1 x E2),"Davis et al., 2020 (as cited in Kind et al., 2021, eLife, doi:10.7554/eLife.71858); Schnaitmann et al., 2024, Front. Mol. Neurosci., doi:10.3389/fnmol.2024.1347540",4.0,"Review for relabel: classifier predicted ACH, literature verifies GLUT (source: Davis et al., 2020 (as cited in Kind et al., 2021, eLife, doi:10.7554/eLife.71858); Schnaitmann et al., 2024, Front. Mol. Neurosci., doi:10.3389/fnmol.2024.1347540)"
575,720575940614410719,ORN_DL3,ORN_SER_confusion,SER,ACH,0.63,0.22,0.4914,full (E1 x E2),"Carlsson et al., 2010; Yasuyama et al. 1999",5.0,"Review for relabel: classifier predicted SER, literature verifies ACH (source: Carlsson et al., 2010; Yasuyama et al. 1999, confidence 5.0/5)"
576,720575940626680453,ORN_DL3,ORN_SER_confusion,SER,ACH,0.63,0.22,0.4914,full (E1 x E2),"Carlsson et al., 2010; Yasuyama et al. 1999",5.0,"Review for relabel: classifier predicted SER, literature verifies ACH (source: Carlsson et al., 2010; Yasuyama et al. 1999, confidence 5.0/5)"
577,720575940624103059,TmY16,TmY16_signature_scan_novel_candidate,GABA,GLUT,0.63,0.22,0.4914,full (E1 x E2),"Nern et al., 2024 (bioRxiv), published 2025 Nature 641:1225-1237 -- EASI-FISH/connectome-driven visual system neural inventory",3.0,"Review for relabel: classifier predicted GABA, signature-scan + literature match indicates GLUT (source: Nern et al., 2024 (bioRxiv), published 2025 Nature 641:1225-1237 -- EASI-FISH/connectome-driven visual system neural inventory). NOTE: exact per-cell-type data point not independently re-verified beyond the cited paper's existence and topical match -- confirm against the paper's supplementary table before applying."
578,720575940619992374,Dm9,Dm9_GLUT_confirmed_via_direct_literature_search,ACH,GLUT,0.57,0.14,0.49019999999999997,full (E1 x E2),"Davis et al., 2020 (as cited in Kind et al., 2021, eLife, doi:10.7554/eLife.71858); Schnaitmann et al., 2024, Front. Mol. Neurosci., doi:10.3389/fnmol.2024.1347540",4.0,"Review for relabel: classifier predicted ACH, literature verifies GLUT (source: Davis et al., 2020 (as cited in Kind et al., 2021, eLife, doi:10.7554/eLife.71858); Schnaitmann et al., 2024, Front. Mol. Neurosci., doi:10.3389/fnmol.2024.1347540)"
579,720575940619326262,R7,categorical_blindspot_HIST,GABA,HIST,0.49,,0.49,categorical_blindspot (E1 only),"Davis et al., 2020",4.0,"Review for relabel: classifier predicted GABA, literature verifies HIST (source: Davis et al., 2020, confidence 4.0/5)"
580,720575940632718944,hDeltaK,hDeltaK_signature_scan_novel_candidate,SER,ACH,0.5,0.02,0.49,full (E1 x E2),"Wolff et al., 2024 (bioRxiv), published 2025 eLife RP104764 -- EASI-FISH neurotransmitter profiling of central complex cell types",3.0,"Review for relabel: classifier predicted SER, signature-scan + literature match indicates ACH (source: Wolff et al., 2024 (bioRxiv), published 2025 eLife RP104764 -- EASI-FISH neurotransmitter profiling of central complex cell types). NOTE: exact per-cell-type data point not independently re-verified beyond the cited paper's existence and topical match -- confirm against the paper's supplementary table before applying."
581,720575940609674763,R7,categorical_blindspot_HIST,OCT,HIST,0.49,,0.49,categorical_blindspot (E1 only),"Davis et al., 2020",4.0,"Review for relabel: classifier predicted OCT, literature verifies HIST (source: Davis et al., 2020, confidence 4.0/5)"
582,720575940618392610,R7,categorical_blindspot_HIST,GLUT,HIST,0.49,,0.49,categorical_blindspot (E1 only),"Davis et al., 2020",4.0,"Review for relabel: classifier predicted GLUT, literature verifies HIST (source: Davis et al., 2020, confidence 4.0/5)"
583,720575940606828465,R7,categorical_blindspot_HIST,GLUT,HIST,0.49,,0.49,categorical_blindspot (E1 only),"Davis et al., 2020",4.0,"Review for relabel: classifier predicted GLUT, literature verifies HIST (source: Davis et al., 2020, confidence 4.0/5)"
584,720575940645859863,R7,categorical_blindspot_HIST,GABA,HIST,0.49,,0.49,categorical_blindspot (E1 only),"Davis et al., 2020",4.0,"Review for relabel: classifier predicted GABA, literature verifies HIST (source: Davis et al., 2020, confidence 4.0/5)"
585,720575940628221256,R7,categorical_blindspot_HIST,GABA,HIST,0.49,,0.49,categorical_blindspot (E1 only),"Davis et al., 2020",4.0,"Review for relabel: classifier predicted GABA, literature verifies HIST (source: Davis et al., 2020, confidence 4.0/5)"
586,720575940633690925,R7,categorical_blindspot_HIST,ACH,HIST,0.49,,0.49,categorical_blindspot (E1 only),"Davis et al., 2020",4.0,"Review for relabel: classifier predicted ACH, literature verifies HIST (source: Davis et al., 2020, confidence 4.0/5)"
587,720575940626009895,R7,categorical_blindspot_HIST,ACH,HIST,0.49,,0.49,categorical_blindspot (E1 only),"Davis et al., 2020",4.0,"Review for relabel: classifier predicted ACH, literature verifies HIST (source: Davis et al., 2020, confidence 4.0/5)"
588,720575940611892946,R7,categorical_blindspot_HIST,ACH,HIST,0.49,,0.49,categorical_blindspot (E1 only),"Davis et al., 2020",4.0,"Review for relabel: classifier predicted ACH, literature verifies HIST (source: Davis et al., 2020, confidence 4.0/5)"
589,720575940626342733,R7,categorical_blindspot_HIST,GABA,HIST,0.49,,0.49,categorical_blindspot (E1 only),"Davis et al., 2020",4.0,"Review for relabel: classifier predicted GABA, literature verifies HIST (source: Davis et al., 2020, confidence 4.0/5)"
590,720575940644754592,R7,categorical_blindspot_HIST,GLUT,HIST,0.49,,0.49,categorical_blindspot (E1 only),"Davis et al., 2020",4.0,"Review for relabel: classifier predicted GLUT, literature verifies HIST (source: Davis et al., 2020, confidence 4.0/5)"
591,720575940612025954,R7,categorical_blindspot_HIST,ACH,HIST,0.49,,0.49,categorical_blindspot (E1 only),"Davis et al., 2020",4.0,"Review for relabel: classifier predicted ACH, literature verifies HIST (source: Davis et al., 2020, confidence 4.0/5)"
592,720575940626279205,R7,categorical_blindspot_HIST,GABA,HIST,0.49,,0.49,categorical_blindspot (E1 only),"Davis et al., 2020",4.0,"Review for relabel: classifier predicted GABA, literature verifies HIST (source: Davis et al., 2020, confidence 4.0/5)"
593,720575940621072065,R7,categorical_blindspot_HIST,GABA,HIST,0.49,,0.49,categorical_blindspot (E1 only),"Davis et al., 2020",4.0,"Review for relabel: classifier predicted GABA, literature verifies HIST (source: Davis et al., 2020, confidence 4.0/5)"
594,720575940618570909,R7,categorical_blindspot_HIST,GLUT,HIST,0.49,,0.49,categorical_blindspot (E1 only),"Davis et al., 2020",4.0,"Review for relabel: classifier predicted GLUT, literature verifies HIST (source: Davis et al., 2020, confidence 4.0/5)"
595,720575940621628655,R7,categorical_blindspot_HIST,ACH,HIST,0.49,,0.49,categorical_blindspot (E1 only),"Davis et al., 2020",4.0,"Review for relabel: classifier predicted ACH, literature verifies HIST (source: Davis et al., 2020, confidence 4.0/5)"
596,720575940613074394,Dm12,Dm_GLUT_confusion,GABA,GLUT,0.62,0.21,0.4898,full (E1 x E2),"Davis et al., 2020",4.0,"Review for relabel: classifier predicted GABA, literature verifies GLUT (source: Davis et al., 2020, confidence 4.0/5)"
597,720575940629621865,R8,categorical_blindspot_HIST,GABA,"ACH,HIST",0.55,0.11,0.48950000000000005,full (E1 x E2),"Davis et al., 2020; Sarthy 1991",5.0,"Review for relabel: classifier predicted GABA, literature verifies ACH/HIST (source: Davis et al., 2020; Sarthy 1991, confidence 5.0/5)"
598,720575940615197491,Dm9,Dm9_GLUT_confirmed_via_direct_literature_search,ACH,GLUT,0.52,0.06,0.4888,full (E1 x E2),"Davis et al., 2020 (as cited in Kind et al., 2021, eLife, doi:10.7554/eLife.71858); Schnaitmann et al., 2024, Front. Mol. Neurosci., doi:10.3389/fnmol.2024.1347540",4.0,"Review for relabel: classifier predicted ACH, literature verifies GLUT (source: Davis et al., 2020 (as cited in Kind et al., 2021, eLife, doi:10.7554/eLife.71858); Schnaitmann et al., 2024, Front. Mol. Neurosci., doi:10.3389/fnmol.2024.1347540)"
599,720575940627176378,Dm9,Dm9_GLUT_confirmed_via_direct_literature_search,ACH,GLUT,0.52,0.06,0.4888,full (E1 x E2),"Davis et al., 2020 (as cited in Kind et al., 2021, eLife, doi:10.7554/eLife.71858); Schnaitmann et al., 2024, Front. Mol. Neurosci., doi:10.3389/fnmol.2024.1347540",4.0,"Review for relabel: classifier predicted ACH, literature verifies GLUT (source: Davis et al., 2020 (as cited in Kind et al., 2021, eLife, doi:10.7554/eLife.71858); Schnaitmann et al., 2024, Front. Mol. Neurosci., doi:10.3389/fnmol.2024.1347540)"
600,720575940642650331,Dm9,Dm9_GLUT_confirmed_via_direct_literature_search,ACH,GLUT,0.52,0.06,0.4888,full (E1 x E2),"Davis et al., 2020 (as cited in Kind et al., 2021, eLife, doi:10.7554/eLife.71858); Schnaitmann et al., 2024, Front. Mol. Neurosci., doi:10.3389/fnmol.2024.1347540",4.0,"Review for relabel: classifier predicted ACH, literature verifies GLUT (source: Davis et al., 2020 (as cited in Kind et al., 2021, eLife, doi:10.7554/eLife.71858); Schnaitmann et al., 2024, Front. Mol. Neurosci., doi:10.3389/fnmol.2024.1347540)"
601,720575940618967297,Dm9,Dm9_GLUT_confirmed_via_direct_literature_search,ACH,GLUT,0.53,0.08,0.48760000000000003,full (E1 x E2),"Davis et al., 2020 (as cited in Kind et al., 2021, eLife, doi:10.7554/eLife.71858); Schnaitmann et al., 2024, Front. Mol. Neurosci., doi:10.3389/fnmol.2024.1347540",4.0,"Review for relabel: classifier predicted ACH, literature verifies GLUT (source: Davis et al., 2020 (as cited in Kind et al., 2021, eLife, doi:10.7554/eLife.71858); Schnaitmann et al., 2024, Front. Mol. Neurosci., doi:10.3389/fnmol.2024.1347540)"
602,720575940626673712,R8,categorical_blindspot_HIST,GLUT,"ACH,HIST",0.64,0.24,0.4864,full (E1 x E2),"Davis et al., 2020; Sarthy 1991",5.0,"Review for relabel: classifier predicted GLUT, literature verifies ACH/HIST (source: Davis et al., 2020; Sarthy 1991, confidence 5.0/5)"
603,720575940632315106,ORN_VA2,ORN_SER_confusion,SER,ACH,0.64,0.24,0.4864,full (E1 x E2),"Carlsson et al., 2010; Yasuyama et al. 1999",5.0,"Review for relabel: classifier predicted SER, literature verifies ACH (source: Carlsson et al., 2010; Yasuyama et al. 1999, confidence 5.0/5)"
604,720575940614213603,Dm12,Dm_GLUT_confusion,GABA,GLUT,0.64,0.24,0.4864,full (E1 x E2),"Davis et al., 2020",4.0,"Review for relabel: classifier predicted GABA, literature verifies GLUT (source: Davis et al., 2020, confidence 4.0/5)"
605,720575940638428382,Dm12,Dm_GLUT_confusion,GABA,GLUT,0.6,0.19,0.486,full (E1 x E2),"Davis et al., 2020",4.0,"Review for relabel: classifier predicted GABA, literature verifies GLUT (source: Davis et al., 2020, confidence 4.0/5)"
606,720575940628962300,R8,categorical_blindspot_HIST,GLUT,"ACH,HIST",0.6,0.19,0.486,full (E1 x E2),"Davis et al., 2020; Sarthy 1991",5.0,"Review for relabel: classifier predicted GLUT, literature verifies ACH/HIST (source: Davis et al., 2020; Sarthy 1991, confidence 5.0/5)"
607,720575940633412971,hDeltaK,hDeltaK_signature_scan_novel_candidate,SER,ACH,0.5,0.03,0.485,full (E1 x E2),"Wolff et al., 2024 (bioRxiv), published 2025 eLife RP104764 -- EASI-FISH neurotransmitter profiling of central complex cell types",3.0,"Review for relabel: classifier predicted SER, signature-scan + literature match indicates ACH (source: Wolff et al., 2024 (bioRxiv), published 2025 eLife RP104764 -- EASI-FISH neurotransmitter profiling of central complex cell types). NOTE: exact per-cell-type data point not independently re-verified beyond the cited paper's existence and topical match -- confirm against the paper's supplementary table before applying."
608,720575940606097068,Dm9,Dm9_GLUT_confirmed_via_direct_literature_search,ACH,GLUT,0.55,0.12,0.48400000000000004,full (E1 x E2),"Davis et al., 2020 (as cited in Kind et al., 2021, eLife, doi:10.7554/eLife.71858); Schnaitmann et al., 2024, Front. Mol. Neurosci., doi:10.3389/fnmol.2024.1347540",4.0,"Review for relabel: classifier predicted ACH, literature verifies GLUT (source: Davis et al., 2020 (as cited in Kind et al., 2021, eLife, doi:10.7554/eLife.71858); Schnaitmann et al., 2024, Front. Mol. Neurosci., doi:10.3389/fnmol.2024.1347540)"
609,720575940617215700,ORN_DL4,ORN_SER_confusion,SER,ACH,0.62,0.22,0.48360000000000003,full (E1 x E2),"Carlsson et al., 2010; Yasuyama et al. 1999",5.0,"Review for relabel: classifier predicted SER, literature verifies ACH (source: Carlsson et al., 2010; Yasuyama et al. 1999, confidence 5.0/5)"
610,720575940622959386,R8,categorical_blindspot_HIST,GLUT,"ACH,HIST",0.52,0.07,0.4836,full (E1 x E2),"Davis et al., 2020; Sarthy 1991",5.0,"Review for relabel: classifier predicted GLUT, literature verifies ACH/HIST (source: Davis et al., 2020; Sarthy 1991, confidence 5.0/5)"
611,720575940633850593,ORN_DM3,ORN_SER_confusion,SER,ACH,0.67,0.28,0.4824,full (E1 x E2),"Carlsson et al., 2010; Yasuyama et al. 1999",5.0,"Review for relabel: classifier predicted SER, literature verifies ACH (source: Carlsson et al., 2010; Yasuyama et al. 1999, confidence 5.0/5)"
612,720575940625011207,Dm9,Dm9_GLUT_confirmed_via_direct_literature_search,ACH,GLUT,0.53,0.09,0.48230000000000006,full (E1 x E2),"Davis et al., 2020 (as cited in Kind et al., 2021, eLife, doi:10.7554/eLife.71858); Schnaitmann et al., 2024, Front. Mol. Neurosci., doi:10.3389/fnmol.2024.1347540",4.0,"Review for relabel: classifier predicted ACH, literature verifies GLUT (source: Davis et al., 2020 (as cited in Kind et al., 2021, eLife, doi:10.7554/eLife.71858); Schnaitmann et al., 2024, Front. Mol. Neurosci., doi:10.3389/fnmol.2024.1347540)"
613,720575940614610630,ORN_DM3,ORN_SER_confusion,SER,ACH,0.61,0.21,0.4819,full (E1 x E2),"Carlsson et al., 2010; Yasuyama et al. 1999",5.0,"Review for relabel: classifier predicted SER, literature verifies ACH (source: Carlsson et al., 2010; Yasuyama et al. 1999, confidence 5.0/5)"
614,720575940622899453,hDeltaK,hDeltaK_signature_scan_novel_candidate,SER,ACH,0.49,0.02,0.48019999999999996,full (E1 x E2),"Wolff et al., 2024 (bioRxiv), published 2025 eLife RP104764 -- EASI-FISH neurotransmitter profiling of central complex cell types",3.0,"Review for relabel: classifier predicted SER, signature-scan + literature match indicates ACH (source: Wolff et al., 2024 (bioRxiv), published 2025 eLife RP104764 -- EASI-FISH neurotransmitter profiling of central complex cell types). NOTE: exact per-cell-type data point not independently re-verified beyond the cited paper's existence and topical match -- confirm against the paper's supplementary table before applying."
615,720575940613585578,Dm12,Dm_GLUT_confusion,GABA,GLUT,0.64,0.25,0.48,full (E1 x E2),"Davis et al., 2020",4.0,"Review for relabel: classifier predicted GABA, literature verifies GLUT (source: Davis et al., 2020, confidence 4.0/5)"
616,720575940629593193,R7,categorical_blindspot_HIST,GABA,HIST,0.48,,0.48,categorical_blindspot (E1 only),"Davis et al., 2020",4.0,"Review for relabel: classifier predicted GABA, literature verifies HIST (source: Davis et al., 2020, confidence 4.0/5)"
617,720575940621623917,R7,categorical_blindspot_HIST,GABA,HIST,0.48,,0.48,categorical_blindspot (E1 only),"Davis et al., 2020",4.0,"Review for relabel: classifier predicted GABA, literature verifies HIST (source: Davis et al., 2020, confidence 4.0/5)"
618,720575940624282248,R7,categorical_blindspot_HIST,GLUT,HIST,0.48,,0.48,categorical_blindspot (E1 only),"Davis et al., 2020",4.0,"Review for relabel: classifier predicted GLUT, literature verifies HIST (source: Davis et al., 2020, confidence 4.0/5)"
619,720575940624919625,R7,categorical_blindspot_HIST,GABA,HIST,0.48,,0.48,categorical_blindspot (E1 only),"Davis et al., 2020",4.0,"Review for relabel: classifier predicted GABA, literature verifies HIST (source: Davis et al., 2020, confidence 4.0/5)"
620,720575940636193387,R7,categorical_blindspot_HIST,GLUT,HIST,0.48,,0.48,categorical_blindspot (E1 only),"Davis et al., 2020",4.0,"Review for relabel: classifier predicted GLUT, literature verifies HIST (source: Davis et al., 2020, confidence 4.0/5)"
621,720575940613463013,Dm12,Dm_GLUT_confusion,GABA,GLUT,0.64,0.25,0.48,full (E1 x E2),"Davis et al., 2020",4.0,"Review for relabel: classifier predicted GABA, literature verifies GLUT (source: Davis et al., 2020, confidence 4.0/5)"
622,720575940639021540,R7,categorical_blindspot_HIST,GABA,HIST,0.48,,0.48,categorical_blindspot (E1 only),"Davis et al., 2020",4.0,"Review for relabel: classifier predicted GABA, literature verifies HIST (source: Davis et al., 2020, confidence 4.0/5)"
623,720575940612482522,R7,categorical_blindspot_HIST,GABA,HIST,0.48,,0.48,categorical_blindspot (E1 only),"Davis et al., 2020",4.0,"Review for relabel: classifier predicted GABA, literature verifies HIST (source: Davis et al., 2020, confidence 4.0/5)"
624,720575940627307097,R7,categorical_blindspot_HIST,GLUT,HIST,0.48,,0.48,categorical_blindspot (E1 only),"Davis et al., 2020",4.0,"Review for relabel: classifier predicted GLUT, literature verifies HIST (source: Davis et al., 2020, confidence 4.0/5)"
625,720575940630334334,R7,categorical_blindspot_HIST,GABA,HIST,0.48,,0.48,categorical_blindspot (E1 only),"Davis et al., 2020",4.0,"Review for relabel: classifier predicted GABA, literature verifies HIST (source: Davis et al., 2020, confidence 4.0/5)"
626,720575940621891572,R7,categorical_blindspot_HIST,GABA,HIST,0.48,,0.48,categorical_blindspot (E1 only),"Davis et al., 2020",4.0,"Review for relabel: classifier predicted GABA, literature verifies HIST (source: Davis et al., 2020, confidence 4.0/5)"
627,720575940631067452,Dm12,Dm_GLUT_confusion,GABA,GLUT,0.64,0.25,0.48,full (E1 x E2),"Davis et al., 2020",4.0,"Review for relabel: classifier predicted GABA, literature verifies GLUT (source: Davis et al., 2020, confidence 4.0/5)"
628,720575940624244991,Dm9,Dm9_GLUT_confirmed_via_direct_literature_search,ACH,GLUT,0.51,0.06,0.4794,full (E1 x E2),"Davis et al., 2020 (as cited in Kind et al., 2021, eLife, doi:10.7554/eLife.71858); Schnaitmann et al., 2024, Front. Mol. Neurosci., doi:10.3389/fnmol.2024.1347540",4.0,"Review for relabel: classifier predicted ACH, literature verifies GLUT (source: Davis et al., 2020 (as cited in Kind et al., 2021, eLife, doi:10.7554/eLife.71858); Schnaitmann et al., 2024, Front. Mol. Neurosci., doi:10.3389/fnmol.2024.1347540)"
629,720575940631060291,ORN_DL4,ORN_SER_confusion,SER,ACH,0.57,0.16,0.47879999999999995,full (E1 x E2),"Carlsson et al., 2010; Yasuyama et al. 1999",5.0,"Review for relabel: classifier predicted SER, literature verifies ACH (source: Carlsson et al., 2010; Yasuyama et al. 1999, confidence 5.0/5)"
630,720575940611127650,ORN_DA3,ORN_SER_confusion,SER,ACH,0.52,0.08,0.47840000000000005,full (E1 x E2),"Carlsson et al., 2010; Yasuyama et al. 1999",5.0,"Review for relabel: classifier predicted SER, literature verifies ACH (source: Carlsson et al., 2010; Yasuyama et al. 1999, confidence 5.0/5)"
631,720575940634291667,Dm9,Dm9_GLUT_confirmed_via_direct_literature_search,ACH,GLUT,0.52,0.08,0.47840000000000005,full (E1 x E2),"Davis et al., 2020 (as cited in Kind et al., 2021, eLife, doi:10.7554/eLife.71858); Schnaitmann et al., 2024, Front. Mol. Neurosci., doi:10.3389/fnmol.2024.1347540",4.0,"Review for relabel: classifier predicted ACH, literature verifies GLUT (source: Davis et al., 2020 (as cited in Kind et al., 2021, eLife, doi:10.7554/eLife.71858); Schnaitmann et al., 2024, Front. Mol. Neurosci., doi:10.3389/fnmol.2024.1347540)"
632,720575940631433785,R8,categorical_blindspot_HIST,GLUT,"ACH,HIST",0.59,0.19,0.4779,full (E1 x E2),"Davis et al., 2020; Sarthy 1991",5.0,"Review for relabel: classifier predicted GLUT, literature verifies ACH/HIST (source: Davis et al., 2020; Sarthy 1991, confidence 5.0/5)"
633,720575940606399678,R8,categorical_blindspot_HIST,GLUT,"ACH,HIST",0.59,0.19,0.4779,full (E1 x E2),"Davis et al., 2020; Sarthy 1991",5.0,"Review for relabel: classifier predicted GLUT, literature verifies ACH/HIST (source: Davis et al., 2020; Sarthy 1991, confidence 5.0/5)"
634,720575940629208049,TmY16,TmY16_signature_scan_novel_candidate,GABA,GLUT,0.62,0.23,0.4774,full (E1 x E2),"Nern et al., 2024 (bioRxiv), published 2025 Nature 641:1225-1237 -- EASI-FISH/connectome-driven visual system neural inventory",3.0,"Review for relabel: classifier predicted GABA, signature-scan + literature match indicates GLUT (source: Nern et al., 2024 (bioRxiv), published 2025 Nature 641:1225-1237 -- EASI-FISH/connectome-driven visual system neural inventory). NOTE: exact per-cell-type data point not independently re-verified beyond the cited paper's existence and topical match -- confirm against the paper's supplementary table before applying."
635,720575940610945092,R8,categorical_blindspot_HIST,GLUT,"ACH,HIST",0.62,0.23,0.4774,full (E1 x E2),"Davis et al., 2020; Sarthy 1991",5.0,"Review for relabel: classifier predicted GLUT, literature verifies ACH/HIST (source: Davis et al., 2020; Sarthy 1991, confidence 5.0/5)"
636,720575940628036989,Dm9,Dm9_GLUT_confirmed_via_direct_literature_search,ACH,GLUT,0.53,0.1,0.47700000000000004,full (E1 x E2),"Davis et al., 2020 (as cited in Kind et al., 2021, eLife, doi:10.7554/eLife.71858); Schnaitmann et al., 2024, Front. Mol. Neurosci., doi:10.3389/fnmol.2024.1347540",4.0,"Review for relabel: classifier predicted ACH, literature verifies GLUT (source: Davis et al., 2020 (as cited in Kind et al., 2021, eLife, doi:10.7554/eLife.71858); Schnaitmann et al., 2024, Front. Mol. Neurosci., doi:10.3389/fnmol.2024.1347540)"
637,720575940631202092,Dm9,Dm9_GLUT_confirmed_via_direct_literature_search,ACH,GLUT,0.53,0.1,0.47700000000000004,full (E1 x E2),"Davis et al., 2020 (as cited in Kind et al., 2021, eLife, doi:10.7554/eLife.71858); Schnaitmann et al., 2024, Front. Mol. Neurosci., doi:10.3389/fnmol.2024.1347540",4.0,"Review for relabel: classifier predicted ACH, literature verifies GLUT (source: Davis et al., 2020 (as cited in Kind et al., 2021, eLife, doi:10.7554/eLife.71858); Schnaitmann et al., 2024, Front. Mol. Neurosci., doi:10.3389/fnmol.2024.1347540)"
638,720575940615305484,ORN_DL4,ORN_SER_confusion,SER,ACH,0.56,0.15,0.47600000000000003,full (E1 x E2),"Carlsson et al., 2010; Yasuyama et al. 1999",5.0,"Review for relabel: classifier predicted SER, literature verifies ACH (source: Carlsson et al., 2010; Yasuyama et al. 1999, confidence 5.0/5)"
639,720575940629020675,ORN_DL3,ORN_SER_confusion,SER,ACH,0.68,0.3,0.476,full (E1 x E2),"Carlsson et al., 2010; Yasuyama et al. 1999",5.0,"Review for relabel: classifier predicted SER, literature verifies ACH (source: Carlsson et al., 2010; Yasuyama et al. 1999, confidence 5.0/5)"
640,720575940619558235,ORN_DL3,ORN_SER_confusion,SER,ACH,0.61,0.22,0.4758,full (E1 x E2),"Carlsson et al., 2010; Yasuyama et al. 1999",5.0,"Review for relabel: classifier predicted SER, literature verifies ACH (source: Carlsson et al., 2010; Yasuyama et al. 1999, confidence 5.0/5)"
641,720575940631812911,Dm1,Dm_GLUT_confusion,GABA,GLUT,0.61,0.22,0.4758,full (E1 x E2),"Davis et al., 2020",4.0,"Review for relabel: classifier predicted GABA, literature verifies GLUT (source: Davis et al., 2020, confidence 4.0/5)"
642,720575940644746606,ORN_DL3,ORN_SER_confusion,SER,ACH,0.67,0.29,0.4757,full (E1 x E2),"Carlsson et al., 2010; Yasuyama et al. 1999",5.0,"Review for relabel: classifier predicted SER, literature verifies ACH (source: Carlsson et al., 2010; Yasuyama et al. 1999, confidence 5.0/5)"
643,720575940634525153,R8,categorical_blindspot_HIST,SER,"ACH,HIST",0.49,0.03,0.4753,full (E1 x E2),"Davis et al., 2020; Sarthy 1991",5.0,"Review for relabel: classifier predicted SER, literature verifies ACH/HIST (source: Davis et al., 2020; Sarthy 1991, confidence 5.0/5)"
644,720575940646055703,Dm9,Dm9_GLUT_confirmed_via_direct_literature_search,ACH,GLUT,0.54,0.12,0.4752,full (E1 x E2),"Davis et al., 2020 (as cited in Kind et al., 2021, eLife, doi:10.7554/eLife.71858); Schnaitmann et al., 2024, Front. Mol. Neurosci., doi:10.3389/fnmol.2024.1347540",4.0,"Review for relabel: classifier predicted ACH, literature verifies GLUT (source: Davis et al., 2020 (as cited in Kind et al., 2021, eLife, doi:10.7554/eLife.71858); Schnaitmann et al., 2024, Front. Mol. Neurosci., doi:10.3389/fnmol.2024.1347540)"
645,720575940631483167,hDeltaK,hDeltaK_signature_scan_novel_candidate,SER,ACH,0.48,0.01,0.47519999999999996,full (E1 x E2),"Wolff et al., 2024 (bioRxiv), published 2025 eLife RP104764 -- EASI-FISH neurotransmitter profiling of central complex cell types",3.0,"Review for relabel: classifier predicted SER, signature-scan + literature match indicates ACH (source: Wolff et al., 2024 (bioRxiv), published 2025 eLife RP104764 -- EASI-FISH neurotransmitter profiling of central complex cell types). NOTE: exact per-cell-type data point not independently re-verified beyond the cited paper's existence and topical match -- confirm against the paper's supplementary table before applying."
646,720575940629939971,Dm9,Dm9_GLUT_confirmed_via_direct_literature_search,ACH,GLUT,0.5,0.05,0.475,full (E1 x E2),"Davis et al., 2020 (as cited in Kind et al., 2021, eLife, doi:10.7554/eLife.71858); Schnaitmann et al., 2024, Front. Mol. Neurosci., doi:10.3389/fnmol.2024.1347540",4.0,"Review for relabel: classifier predicted ACH, literature verifies GLUT (source: Davis et al., 2020 (as cited in Kind et al., 2021, eLife, doi:10.7554/eLife.71858); Schnaitmann et al., 2024, Front. Mol. Neurosci., doi:10.3389/fnmol.2024.1347540)"
647,720575940623031223,ORN_DA3,ORN_SER_confusion,SER,ACH,0.51,0.07,0.4743,full (E1 x E2),"Carlsson et al., 2010; Yasuyama et al. 1999",5.0,"Review for relabel: classifier predicted SER, literature verifies ACH (source: Carlsson et al., 2010; Yasuyama et al. 1999, confidence 5.0/5)"
648,720575940632853816,R8,categorical_blindspot_HIST,GLUT,"ACH,HIST",0.6,0.21,0.474,full (E1 x E2),"Davis et al., 2020; Sarthy 1991",5.0,"Review for relabel: classifier predicted GLUT, literature verifies ACH/HIST (source: Davis et al., 2020; Sarthy 1991, confidence 5.0/5)"
649,720575940627537497,R8,categorical_blindspot_HIST,GABA,"ACH,HIST",0.64,0.26,0.4736,full (E1 x E2),"Davis et al., 2020; Sarthy 1991",5.0,"Review for relabel: classifier predicted GABA, literature verifies ACH/HIST (source: Davis et al., 2020; Sarthy 1991, confidence 5.0/5)"
650,720575940644638112,Dm12,Dm_GLUT_confusion,GABA,GLUT,0.64,0.26,0.4736,full (E1 x E2),"Davis et al., 2020",4.0,"Review for relabel: classifier predicted GABA, literature verifies GLUT (source: Davis et al., 2020, confidence 4.0/5)"
651,720575940619972254,Dm9,Dm9_GLUT_confirmed_via_direct_literature_search,ACH,GLUT,0.53,0.11,0.4717,full (E1 x E2),"Davis et al., 2020 (as cited in Kind et al., 2021, eLife, doi:10.7554/eLife.71858); Schnaitmann et al., 2024, Front. Mol. Neurosci., doi:10.3389/fnmol.2024.1347540",4.0,"Review for relabel: classifier predicted ACH, literature verifies GLUT (source: Davis et al., 2020 (as cited in Kind et al., 2021, eLife, doi:10.7554/eLife.71858); Schnaitmann et al., 2024, Front. Mol. Neurosci., doi:10.3389/fnmol.2024.1347540)"
652,720575940628218129,R8,categorical_blindspot_HIST,GABA,"ACH,HIST",0.62,0.24,0.4712,full (E1 x E2),"Davis et al., 2020; Sarthy 1991",5.0,"Review for relabel: classifier predicted GABA, literature verifies ACH/HIST (source: Davis et al., 2020; Sarthy 1991, confidence 5.0/5)"
653,720575940628896784,TmY16,TmY16_signature_scan_novel_candidate,GABA,GLUT,0.62,0.24,0.4712,full (E1 x E2),"Nern et al., 2024 (bioRxiv), published 2025 Nature 641:1225-1237 -- EASI-FISH/connectome-driven visual system neural inventory",3.0,"Review for relabel: classifier predicted GABA, signature-scan + literature match indicates GLUT (source: Nern et al., 2024 (bioRxiv), published 2025 Nature 641:1225-1237 -- EASI-FISH/connectome-driven visual system neural inventory). NOTE: exact per-cell-type data point not independently re-verified beyond the cited paper's existence and topical match -- confirm against the paper's supplementary table before applying."
654,720575940611022660,Dm9,Dm9_GLUT_confirmed_via_direct_literature_search,ACH,GLUT,0.48,0.02,0.4704,full (E1 x E2),"Davis et al., 2020 (as cited in Kind et al., 2021, eLife, doi:10.7554/eLife.71858); Schnaitmann et al., 2024, Front. Mol. Neurosci., doi:10.3389/fnmol.2024.1347540",4.0,"Review for relabel: classifier predicted ACH, literature verifies GLUT (source: Davis et al., 2020 (as cited in Kind et al., 2021, eLife, doi:10.7554/eLife.71858); Schnaitmann et al., 2024, Front. Mol. Neurosci., doi:10.3389/fnmol.2024.1347540)"
655,720575940624191368,R7,categorical_blindspot_HIST,ACH,HIST,0.47,,0.47,categorical_blindspot (E1 only),"Davis et al., 2020",4.0,"Review for relabel: classifier predicted ACH, literature verifies HIST (source: Davis et al., 2020, confidence 4.0/5)"
656,720575940621459905,R7,categorical_blindspot_HIST,GLUT,HIST,0.47,,0.47,categorical_blindspot (E1 only),"Davis et al., 2020",4.0,"Review for relabel: classifier predicted GLUT, literature verifies HIST (source: Davis et al., 2020, confidence 4.0/5)"
657,720575940617289403,R7,categorical_blindspot_HIST,GLUT,HIST,0.47,,0.47,categorical_blindspot (E1 only),"Davis et al., 2020",4.0,"Review for relabel: classifier predicted GLUT, literature verifies HIST (source: Davis et al., 2020, confidence 4.0/5)"
658,720575940624368934,R7,categorical_blindspot_HIST,GLUT,HIST,0.47,,0.47,categorical_blindspot (E1 only),"Davis et al., 2020",4.0,"Review for relabel: classifier predicted GLUT, literature verifies HIST (source: Davis et al., 2020, confidence 4.0/5)"
659,720575940624349674,R7,categorical_blindspot_HIST,GLUT,HIST,0.47,,0.47,categorical_blindspot (E1 only),"Davis et al., 2020",4.0,"Review for relabel: classifier predicted GLUT, literature verifies HIST (source: Davis et al., 2020, confidence 4.0/5)"
660,720575940625709582,R7,categorical_blindspot_HIST,GLUT,HIST,0.47,,0.47,categorical_blindspot (E1 only),"Davis et al., 2020",4.0,"Review for relabel: classifier predicted GLUT, literature verifies HIST (source: Davis et al., 2020, confidence 4.0/5)"
661,720575940626038460,R7,categorical_blindspot_HIST,GLUT,HIST,0.47,,0.47,categorical_blindspot (E1 only),"Davis et al., 2020",4.0,"Review for relabel: classifier predicted GLUT, literature verifies HIST (source: Davis et al., 2020, confidence 4.0/5)"
662,720575940638630889,R7,categorical_blindspot_HIST,GABA,HIST,0.47,,0.47,categorical_blindspot (E1 only),"Davis et al., 2020",4.0,"Review for relabel: classifier predicted GABA, literature verifies HIST (source: Davis et al., 2020, confidence 4.0/5)"
663,720575940626581348,R7,categorical_blindspot_HIST,GABA,HIST,0.47,,0.47,categorical_blindspot (E1 only),"Davis et al., 2020",4.0,"Review for relabel: classifier predicted GABA, literature verifies HIST (source: Davis et al., 2020, confidence 4.0/5)"
664,720575940639258431,R7,categorical_blindspot_HIST,GABA,HIST,0.47,,0.47,categorical_blindspot (E1 only),"Davis et al., 2020",4.0,"Review for relabel: classifier predicted GABA, literature verifies HIST (source: Davis et al., 2020, confidence 4.0/5)"
665,720575940643425992,R7,categorical_blindspot_HIST,GLUT,HIST,0.47,,0.47,categorical_blindspot (E1 only),"Davis et al., 2020",4.0,"Review for relabel: classifier predicted GLUT, literature verifies HIST (source: Davis et al., 2020, confidence 4.0/5)"
666,720575940619901598,R7,categorical_blindspot_HIST,GLUT,HIST,0.47,,0.47,categorical_blindspot (E1 only),"Davis et al., 2020",4.0,"Review for relabel: classifier predicted GLUT, literature verifies HIST (source: Davis et al., 2020, confidence 4.0/5)"
667,720575940614555629,R7,categorical_blindspot_HIST,ACH,HIST,0.47,,0.47,categorical_blindspot (E1 only),"Davis et al., 2020",4.0,"Review for relabel: classifier predicted ACH, literature verifies HIST (source: Davis et al., 2020, confidence 4.0/5)"
668,720575940613514649,R7,categorical_blindspot_HIST,GABA,HIST,0.47,,0.47,categorical_blindspot (E1 only),"Davis et al., 2020",4.0,"Review for relabel: classifier predicted GABA, literature verifies HIST (source: Davis et al., 2020, confidence 4.0/5)"
669,720575940626666021,R7,categorical_blindspot_HIST,GLUT,HIST,0.47,,0.47,categorical_blindspot (E1 only),"Davis et al., 2020",4.0,"Review for relabel: classifier predicted GLUT, literature verifies HIST (source: Davis et al., 2020, confidence 4.0/5)"
670,720575940620012081,R7,categorical_blindspot_HIST,GLUT,HIST,0.47,,0.47,categorical_blindspot (E1 only),"Davis et al., 2020",4.0,"Review for relabel: classifier predicted GLUT, literature verifies HIST (source: Davis et al., 2020, confidence 4.0/5)"
671,720575940615345554,R7,categorical_blindspot_HIST,GABA,HIST,0.47,,0.47,categorical_blindspot (E1 only),"Davis et al., 2020",4.0,"Review for relabel: classifier predicted GABA, literature verifies HIST (source: Davis et al., 2020, confidence 4.0/5)"
672,720575940616093855,R7,categorical_blindspot_HIST,ACH,HIST,0.47,,0.47,categorical_blindspot (E1 only),"Davis et al., 2020",4.0,"Review for relabel: classifier predicted ACH, literature verifies HIST (source: Davis et al., 2020, confidence 4.0/5)"
673,720575940627974808,R7,categorical_blindspot_HIST,GABA,HIST,0.47,,0.47,categorical_blindspot (E1 only),"Davis et al., 2020",4.0,"Review for relabel: classifier predicted GABA, literature verifies HIST (source: Davis et al., 2020, confidence 4.0/5)"
674,720575940635631767,R7,categorical_blindspot_HIST,GABA,HIST,0.47,,0.47,categorical_blindspot (E1 only),"Davis et al., 2020",4.0,"Review for relabel: classifier predicted GABA, literature verifies HIST (source: Davis et al., 2020, confidence 4.0/5)"
675,720575940605179360,R7,categorical_blindspot_HIST,GABA,HIST,0.47,,0.47,categorical_blindspot (E1 only),"Davis et al., 2020",4.0,"Review for relabel: classifier predicted GABA, literature verifies HIST (source: Davis et al., 2020, confidence 4.0/5)"
676,720575940616472465,ORN_DL4,ORN_SER_confusion,SER,ACH,0.58,0.19,0.4698,full (E1 x E2),"Carlsson et al., 2010; Yasuyama et al. 1999",5.0,"Review for relabel: classifier predicted SER, literature verifies ACH (source: Carlsson et al., 2010; Yasuyama et al. 1999, confidence 5.0/5)"
677,720575940632897561,ORN_VM3,ORN_SER_confusion,SER,ACH,0.61,0.23,0.4697,full (E1 x E2),"Carlsson et al., 2010; Yasuyama et al. 1999",5.0,"Review for relabel: classifier predicted SER, literature verifies ACH (source: Carlsson et al., 2010; Yasuyama et al. 1999, confidence 5.0/5)"
678,720575940622099294,ORN_DM2,ORN_SER_confusion,SER,ACH,0.61,0.23,0.4697,full (E1 x E2),"Carlsson et al., 2010; Yasuyama et al. 1999",5.0,"Review for relabel: classifier predicted SER, literature verifies ACH (source: Carlsson et al., 2010; Yasuyama et al. 1999, confidence 5.0/5)"
679,720575940606731198,Dm9,Dm9_GLUT_confirmed_via_direct_literature_search,ACH,GLUT,0.51,0.08,0.4692,full (E1 x E2),"Davis et al., 2020 (as cited in Kind et al., 2021, eLife, doi:10.7554/eLife.71858); Schnaitmann et al., 2024, Front. Mol. Neurosci., doi:10.3389/fnmol.2024.1347540",4.0,"Review for relabel: classifier predicted ACH, literature verifies GLUT (source: Davis et al., 2020 (as cited in Kind et al., 2021, eLife, doi:10.7554/eLife.71858); Schnaitmann et al., 2024, Front. Mol. Neurosci., doi:10.3389/fnmol.2024.1347540)"
680,720575940626936869,Dm9,Dm9_GLUT_confirmed_via_direct_literature_search,ACH,GLUT,0.51,0.08,0.4692,full (E1 x E2),"Davis et al., 2020 (as cited in Kind et al., 2021, eLife, doi:10.7554/eLife.71858); Schnaitmann et al., 2024, Front. Mol. Neurosci., doi:10.3389/fnmol.2024.1347540",4.0,"Review for relabel: classifier predicted ACH, literature verifies GLUT (source: Davis et al., 2020 (as cited in Kind et al., 2021, eLife, doi:10.7554/eLife.71858); Schnaitmann et al., 2024, Front. Mol. Neurosci., doi:10.3389/fnmol.2024.1347540)"
681,720575940615082671,Dm9,Dm9_GLUT_confirmed_via_direct_literature_search,ACH,GLUT,0.52,0.1,0.468,full (E1 x E2),"Davis et al., 2020 (as cited in Kind et al., 2021, eLife, doi:10.7554/eLife.71858); Schnaitmann et al., 2024, Front. Mol. Neurosci., doi:10.3389/fnmol.2024.1347540",4.0,"Review for relabel: classifier predicted ACH, literature verifies GLUT (source: Davis et al., 2020 (as cited in Kind et al., 2021, eLife, doi:10.7554/eLife.71858); Schnaitmann et al., 2024, Front. Mol. Neurosci., doi:10.3389/fnmol.2024.1347540)"
682,720575940644028452,ORN_VA2,ORN_SER_confusion,SER,ACH,0.6,0.22,0.46799999999999997,full (E1 x E2),"Carlsson et al., 2010; Yasuyama et al. 1999",5.0,"Review for relabel: classifier predicted SER, literature verifies ACH (source: Carlsson et al., 2010; Yasuyama et al. 1999, confidence 5.0/5)"
683,720575940608607445,ORN_DL4,ORN_SER_confusion,SER,ACH,0.57,0.18,0.4674,full (E1 x E2),"Carlsson et al., 2010; Yasuyama et al. 1999",5.0,"Review for relabel: classifier predicted SER, literature verifies ACH (source: Carlsson et al., 2010; Yasuyama et al. 1999, confidence 5.0/5)"
684,720575940636879215,Dm12,Dm_GLUT_confusion,GABA,GLUT,0.64,0.27,0.4672,full (E1 x E2),"Davis et al., 2020",4.0,"Review for relabel: classifier predicted GABA, literature verifies GLUT (source: Davis et al., 2020, confidence 4.0/5)"
685,720575940614309869,TmY16,TmY16_signature_scan_novel_candidate,GABA,GLUT,0.64,0.27,0.4672,full (E1 x E2),"Nern et al., 2024 (bioRxiv), published 2025 Nature 641:1225-1237 -- EASI-FISH/connectome-driven visual system neural inventory",3.0,"Review for relabel: classifier predicted GABA, signature-scan + literature match indicates GLUT (source: Nern et al., 2024 (bioRxiv), published 2025 Nature 641:1225-1237 -- EASI-FISH/connectome-driven visual system neural inventory). NOTE: exact per-cell-type data point not independently re-verified beyond the cited paper's existence and topical match -- confirm against the paper's supplementary table before applying."
686,720575940629020176,ORN_DA4l,ORN_SER_confusion,SER,ACH,0.64,0.27,0.4672,full (E1 x E2),"Carlsson et al., 2010; Yasuyama et al. 1999",5.0,"Review for relabel: classifier predicted SER, literature verifies ACH (source: Carlsson et al., 2010; Yasuyama et al. 1999, confidence 5.0/5)"
687,720575940629612075,R8,categorical_blindspot_HIST,GLUT,"ACH,HIST",0.5,0.07,0.46499999999999997,full (E1 x E2),"Davis et al., 2020; Sarthy 1991",5.0,"Review for relabel: classifier predicted GLUT, literature verifies ACH/HIST (source: Davis et al., 2020; Sarthy 1991, confidence 5.0/5)"
688,720575940633555757,TmY16,TmY16_signature_scan_novel_candidate,GABA,GLUT,0.62,0.25,0.46499999999999997,full (E1 x E2),"Nern et al., 2024 (bioRxiv), published 2025 Nature 641:1225-1237 -- EASI-FISH/connectome-driven visual system neural inventory",3.0,"Review for relabel: classifier predicted GABA, signature-scan + literature match indicates GLUT (source: Nern et al., 2024 (bioRxiv), published 2025 Nature 641:1225-1237 -- EASI-FISH/connectome-driven visual system neural inventory). NOTE: exact per-cell-type data point not independently re-verified beyond the cited paper's existence and topical match -- confirm against the paper's supplementary table before applying."
689,720575940618958337,R8,categorical_blindspot_HIST,GLUT,"ACH,HIST",0.56,0.17,0.46480000000000005,full (E1 x E2),"Davis et al., 2020; Sarthy 1991",5.0,"Review for relabel: classifier predicted GLUT, literature verifies ACH/HIST (source: Davis et al., 2020; Sarthy 1991, confidence 5.0/5)"
690,720575940647152931,R8,categorical_blindspot_HIST,GLUT,"ACH,HIST",0.56,0.17,0.46480000000000005,full (E1 x E2),"Davis et al., 2020; Sarthy 1991",5.0,"Review for relabel: classifier predicted GLUT, literature verifies ACH/HIST (source: Davis et al., 2020; Sarthy 1991, confidence 5.0/5)"
691,720575940625634830,R8,categorical_blindspot_HIST,GLUT,"ACH,HIST",0.51,0.09,0.4641,full (E1 x E2),"Davis et al., 2020; Sarthy 1991",5.0,"Review for relabel: classifier predicted GLUT, literature verifies ACH/HIST (source: Davis et al., 2020; Sarthy 1991, confidence 5.0/5)"
692,720575940627566723,TmY16,TmY16_signature_scan_novel_candidate,GABA,GLUT,0.61,0.24,0.4636,full (E1 x E2),"Nern et al., 2024 (bioRxiv), published 2025 Nature 641:1225-1237 -- EASI-FISH/connectome-driven visual system neural inventory",3.0,"Review for relabel: classifier predicted GABA, signature-scan + literature match indicates GLUT (source: Nern et al., 2024 (bioRxiv), published 2025 Nature 641:1225-1237 -- EASI-FISH/connectome-driven visual system neural inventory). NOTE: exact per-cell-type data point not independently re-verified beyond the cited paper's existence and topical match -- confirm against the paper's supplementary table before applying."
693,720575940619576640,Dm9,Dm9_GLUT_confirmed_via_direct_literature_search,ACH,GLUT,0.52,0.11,0.46280000000000004,full (E1 x E2),"Davis et al., 2020 (as cited in Kind et al., 2021, eLife, doi:10.7554/eLife.71858); Schnaitmann et al., 2024, Front. Mol. Neurosci., doi:10.3389/fnmol.2024.1347540",4.0,"Review for relabel: classifier predicted ACH, literature verifies GLUT (source: Davis et al., 2020 (as cited in Kind et al., 2021, eLife, doi:10.7554/eLife.71858); Schnaitmann et al., 2024, Front. Mol. Neurosci., doi:10.3389/fnmol.2024.1347540)"
694,720575940621878125,Dm9,Dm9_GLUT_confirmed_via_direct_literature_search,ACH,GLUT,0.52,0.11,0.46280000000000004,full (E1 x E2),"Davis et al., 2020 (as cited in Kind et al., 2021, eLife, doi:10.7554/eLife.71858); Schnaitmann et al., 2024, Front. Mol. Neurosci., doi:10.3389/fnmol.2024.1347540",4.0,"Review for relabel: classifier predicted ACH, literature verifies GLUT (source: Davis et al., 2020 (as cited in Kind et al., 2021, eLife, doi:10.7554/eLife.71858); Schnaitmann et al., 2024, Front. Mol. Neurosci., doi:10.3389/fnmol.2024.1347540)"
695,720575940607811420,ORN_VA2,ORN_SER_confusion,SER,ACH,0.6,0.23,0.46199999999999997,full (E1 x E2),"Carlsson et al., 2010; Yasuyama et al. 1999",5.0,"Review for relabel: classifier predicted SER, literature verifies ACH (source: Carlsson et al., 2010; Yasuyama et al. 1999, confidence 5.0/5)"
696,720575940611588050,R8,categorical_blindspot_HIST,GLUT,"ACH,HIST",0.57,0.19,0.4617,full (E1 x E2),"Davis et al., 2020; Sarthy 1991",5.0,"Review for relabel: classifier predicted GLUT, literature verifies ACH/HIST (source: Davis et al., 2020; Sarthy 1991, confidence 5.0/5)"
697,720575940631041079,R8,categorical_blindspot_HIST,GLUT,"ACH,HIST",0.57,0.19,0.4617,full (E1 x E2),"Davis et al., 2020; Sarthy 1991",5.0,"Review for relabel: classifier predicted GLUT, literature verifies ACH/HIST (source: Davis et al., 2020; Sarthy 1991, confidence 5.0/5)"
698,720575940631620689,hDeltaK,hDeltaK_signature_scan_novel_candidate,SER,ACH,0.47,0.02,0.46059999999999995,full (E1 x E2),"Wolff et al., 2024 (bioRxiv), published 2025 eLife RP104764 -- EASI-FISH neurotransmitter profiling of central complex cell types",3.0,"Review for relabel: classifier predicted SER, signature-scan + literature match indicates ACH (source: Wolff et al., 2024 (bioRxiv), published 2025 eLife RP104764 -- EASI-FISH neurotransmitter profiling of central complex cell types). NOTE: exact per-cell-type data point not independently re-verified beyond the cited paper's existence and topical match -- confirm against the paper's supplementary table before applying."
699,720575940634046399,hDeltaK,hDeltaK_signature_scan_novel_candidate,SER,ACH,0.47,0.02,0.46059999999999995,full (E1 x E2),"Wolff et al., 2024 (bioRxiv), published 2025 eLife RP104764 -- EASI-FISH neurotransmitter profiling of central complex cell types",3.0,"Review for relabel: classifier predicted SER, signature-scan + literature match indicates ACH (source: Wolff et al., 2024 (bioRxiv), published 2025 eLife RP104764 -- EASI-FISH neurotransmitter profiling of central complex cell types). NOTE: exact per-cell-type data point not independently re-verified beyond the cited paper's existence and topical match -- confirm against the paper's supplementary table before applying."
700,720575940615687380,hDeltaK,hDeltaK_signature_scan_novel_candidate,SER,ACH,0.47,0.02,0.46059999999999995,full (E1 x E2),"Wolff et al., 2024 (bioRxiv), published 2025 eLife RP104764 -- EASI-FISH neurotransmitter profiling of central complex cell types",3.0,"Review for relabel: classifier predicted SER, signature-scan + literature match indicates ACH (source: Wolff et al., 2024 (bioRxiv), published 2025 eLife RP104764 -- EASI-FISH neurotransmitter profiling of central complex cell types). NOTE: exact per-cell-type data point not independently re-verified beyond the cited paper's existence and topical match -- confirm against the paper's supplementary table before applying."
701,720575940614421457,Dm12,Dm_GLUT_confusion,GABA,GLUT,0.59,0.22,0.4602,full (E1 x E2),"Davis et al., 2020",4.0,"Review for relabel: classifier predicted GABA, literature verifies GLUT (source: Davis et al., 2020, confidence 4.0/5)"
702,720575940622488436,TmY16,TmY16_signature_scan_novel_candidate,GABA,GLUT,0.59,0.22,0.4602,full (E1 x E2),"Nern et al., 2024 (bioRxiv), published 2025 Nature 641:1225-1237 -- EASI-FISH/connectome-driven visual system neural inventory",3.0,"Review for relabel: classifier predicted GABA, signature-scan + literature match indicates GLUT (source: Nern et al., 2024 (bioRxiv), published 2025 Nature 641:1225-1237 -- EASI-FISH/connectome-driven visual system neural inventory). NOTE: exact per-cell-type data point not independently re-verified beyond the cited paper's existence and topical match -- confirm against the paper's supplementary table before applying."
703,720575940628293892,R7,categorical_blindspot_HIST,GABA,HIST,0.46,,0.46,categorical_blindspot (E1 only),"Davis et al., 2020",4.0,"Review for relabel: classifier predicted GABA, literature verifies HIST (source: Davis et al., 2020, confidence 4.0/5)"
704,720575940620878539,R7,categorical_blindspot_HIST,GLUT,HIST,0.46,,0.46,categorical_blindspot (E1 only),"Davis et al., 2020",4.0,"Review for relabel: classifier predicted GLUT, literature verifies HIST (source: Davis et al., 2020, confidence 4.0/5)"
705,720575940624202025,R7,categorical_blindspot_HIST,ACH,HIST,0.46,,0.46,categorical_blindspot (E1 only),"Davis et al., 2020",4.0,"Review for relabel: classifier predicted ACH, literature verifies HIST (source: Davis et al., 2020, confidence 4.0/5)"
706,720575940621079431,R7,categorical_blindspot_HIST,GABA,HIST,0.46,,0.46,categorical_blindspot (E1 only),"Davis et al., 2020",4.0,"Review for relabel: classifier predicted GABA, literature verifies HIST (source: Davis et al., 2020, confidence 4.0/5)"
707,720575940629400838,R7,categorical_blindspot_HIST,GLUT,HIST,0.46,,0.46,categorical_blindspot (E1 only),"Davis et al., 2020",4.0,"Review for relabel: classifier predicted GLUT, literature verifies HIST (source: Davis et al., 2020, confidence 4.0/5)"
708,720575940629611625,R7,categorical_blindspot_HIST,GABA,HIST,0.46,,0.46,categorical_blindspot (E1 only),"Davis et al., 2020",4.0,"Review for relabel: classifier predicted GABA, literature verifies HIST (source: Davis et al., 2020, confidence 4.0/5)"
709,720575940621610678,R7,categorical_blindspot_HIST,GABA,HIST,0.46,,0.46,categorical_blindspot (E1 only),"Davis et al., 2020",4.0,"Review for relabel: classifier predicted GABA, literature verifies HIST (source: Davis et al., 2020, confidence 4.0/5)"
710,720575940648476036,R7,categorical_blindspot_HIST,GABA,HIST,0.46,,0.46,categorical_blindspot (E1 only),"Davis et al., 2020",4.0,"Review for relabel: classifier predicted GABA, literature verifies HIST (source: Davis et al., 2020, confidence 4.0/5)"
711,720575940614944209,R7,categorical_blindspot_HIST,GLUT,HIST,0.46,,0.46,categorical_blindspot (E1 only),"Davis et al., 2020",4.0,"Review for relabel: classifier predicted GLUT, literature verifies HIST (source: Davis et al., 2020, confidence 4.0/5)"
712,720575940636063339,R7,categorical_blindspot_HIST,GABA,HIST,0.46,,0.46,categorical_blindspot (E1 only),"Davis et al., 2020",4.0,"Review for relabel: classifier predicted GABA, literature verifies HIST (source: Davis et al., 2020, confidence 4.0/5)"
713,720575940646047511,R7,categorical_blindspot_HIST,GLUT,HIST,0.46,,0.46,categorical_blindspot (E1 only),"Davis et al., 2020",4.0,"Review for relabel: classifier predicted GLUT, literature verifies HIST (source: Davis et al., 2020, confidence 4.0/5)"
714,720575940619807542,R7,categorical_blindspot_HIST,GABA,HIST,0.46,,0.46,categorical_blindspot (E1 only),"Davis et al., 2020",4.0,"Review for relabel: classifier predicted GABA, literature verifies HIST (source: Davis et al., 2020, confidence 4.0/5)"
715,720575940611493752,R7,categorical_blindspot_HIST,ACH,HIST,0.46,,0.46,categorical_blindspot (E1 only),"Davis et al., 2020",4.0,"Review for relabel: classifier predicted ACH, literature verifies HIST (source: Davis et al., 2020, confidence 4.0/5)"
716,720575940623073809,R7,categorical_blindspot_HIST,GLUT,HIST,0.46,,0.46,categorical_blindspot (E1 only),"Davis et al., 2020",4.0,"Review for relabel: classifier predicted GLUT, literature verifies HIST (source: Davis et al., 2020, confidence 4.0/5)"
717,720575940624592391,R7,categorical_blindspot_HIST,GABA,HIST,0.46,,0.46,categorical_blindspot (E1 only),"Davis et al., 2020",4.0,"Review for relabel: classifier predicted GABA, literature verifies HIST (source: Davis et al., 2020, confidence 4.0/5)"
718,720575940618416614,Dm12,Dm_GLUT_confusion,GABA,GLUT,0.63,0.27,0.4599,full (E1 x E2),"Davis et al., 2020",4.0,"Review for relabel: classifier predicted GABA, literature verifies GLUT (source: Davis et al., 2020, confidence 4.0/5)"
719,720575940626979271,ORN_DL3,ORN_SER_confusion,SER,ACH,0.63,0.27,0.4599,full (E1 x E2),"Carlsson et al., 2010; Yasuyama et al. 1999",5.0,"Review for relabel: classifier predicted SER, literature verifies ACH (source: Carlsson et al., 2010; Yasuyama et al. 1999, confidence 5.0/5)"
720,720575940627372290,Dm12,Dm_GLUT_confusion,GABA,GLUT,0.62,0.26,0.4588,full (E1 x E2),"Davis et al., 2020",4.0,"Review for relabel: classifier predicted GABA, literature verifies GLUT (source: Davis et al., 2020, confidence 4.0/5)"
721,720575940615558598,ORN_DA4l,ORN_SER_confusion,SER,ACH,0.62,0.26,0.4588,full (E1 x E2),"Carlsson et al., 2010; Yasuyama et al. 1999",5.0,"Review for relabel: classifier predicted SER, literature verifies ACH (source: Carlsson et al., 2010; Yasuyama et al. 1999, confidence 5.0/5)"
722,720575940613116634,Dm9,Dm9_GLUT_confirmed_via_direct_literature_search,ACH,GLUT,0.52,0.12,0.4576,full (E1 x E2),"Davis et al., 2020 (as cited in Kind et al., 2021, eLife, doi:10.7554/eLife.71858); Schnaitmann et al., 2024, Front. Mol. Neurosci., doi:10.3389/fnmol.2024.1347540",4.0,"Review for relabel: classifier predicted ACH, literature verifies GLUT (source: Davis et al., 2020 (as cited in Kind et al., 2021, eLife, doi:10.7554/eLife.71858); Schnaitmann et al., 2024, Front. Mol. Neurosci., doi:10.3389/fnmol.2024.1347540)"
723,720575940627208196,ORN_DA4l,ORN_SER_confusion,SER,ACH,0.61,0.25,0.4575,full (E1 x E2),"Carlsson et al., 2010; Yasuyama et al. 1999",5.0,"Review for relabel: classifier predicted SER, literature verifies ACH (source: Carlsson et al., 2010; Yasuyama et al. 1999, confidence 5.0/5)"
724,720575940622484852,R8,categorical_blindspot_HIST,GABA,"ACH,HIST",0.61,0.25,0.4575,full (E1 x E2),"Davis et al., 2020; Sarthy 1991",5.0,"Review for relabel: classifier predicted GABA, literature verifies ACH/HIST (source: Davis et al., 2020; Sarthy 1991, confidence 5.0/5)"
725,720575940628696232,R8,categorical_blindspot_HIST,GLUT,"ACH,HIST",0.48,0.05,0.45599999999999996,full (E1 x E2),"Davis et al., 2020; Sarthy 1991",5.0,"Review for relabel: classifier predicted GLUT, literature verifies ACH/HIST (source: Davis et al., 2020; Sarthy 1991, confidence 5.0/5)"
726,720575940639003455,R8,categorical_blindspot_HIST,GABA,"ACH,HIST",0.53,0.14,0.45580000000000004,full (E1 x E2),"Davis et al., 2020; Sarthy 1991",5.0,"Review for relabel: classifier predicted GABA, literature verifies ACH/HIST (source: Davis et al., 2020; Sarthy 1991, confidence 5.0/5)"
727,720575940639696829,R8,categorical_blindspot_HIST,GLUT,"ACH,HIST",0.53,0.14,0.45580000000000004,full (E1 x E2),"Davis et al., 2020; Sarthy 1991",5.0,"Review for relabel: classifier predicted GLUT, literature verifies ACH/HIST (source: Davis et al., 2020; Sarthy 1991, confidence 5.0/5)"
728,720575940631696377,Dm9,Dm9_GLUT_confirmed_via_direct_literature_search,ACH,GLUT,0.5,0.09,0.455,full (E1 x E2),"Davis et al., 2020 (as cited in Kind et al., 2021, eLife, doi:10.7554/eLife.71858); Schnaitmann et al., 2024, Front. Mol. Neurosci., doi:10.3389/fnmol.2024.1347540",4.0,"Review for relabel: classifier predicted ACH, literature verifies GLUT (source: Davis et al., 2020 (as cited in Kind et al., 2021, eLife, doi:10.7554/eLife.71858); Schnaitmann et al., 2024, Front. Mol. Neurosci., doi:10.3389/fnmol.2024.1347540)"
729,720575940611382195,ORN_DA4m,ORN_SER_confusion,SER,ACH,0.59,0.23,0.4543,full (E1 x E2),"Carlsson et al., 2010; Yasuyama et al. 1999",5.0,"Review for relabel: classifier predicted SER, literature verifies ACH (source: Carlsson et al., 2010; Yasuyama et al. 1999, confidence 5.0/5)"
730,720575940633033133,ORN_DA4l,ORN_SER_confusion,SER,ACH,0.59,0.23,0.4543,full (E1 x E2),"Carlsson et al., 2010; Yasuyama et al. 1999",5.0,"Review for relabel: classifier predicted SER, literature verifies ACH (source: Carlsson et al., 2010; Yasuyama et al. 1999, confidence 5.0/5)"
731,720575940613127130,Dm9,Dm9_GLUT_confirmed_via_direct_literature_search,ACH,GLUT,0.51,0.11,0.4539,full (E1 x E2),"Davis et al., 2020 (as cited in Kind et al., 2021, eLife, doi:10.7554/eLife.71858); Schnaitmann et al., 2024, Front. Mol. Neurosci., doi:10.3389/fnmol.2024.1347540",4.0,"Review for relabel: classifier predicted ACH, literature verifies GLUT (source: Davis et al., 2020 (as cited in Kind et al., 2021, eLife, doi:10.7554/eLife.71858); Schnaitmann et al., 2024, Front. Mol. Neurosci., doi:10.3389/fnmol.2024.1347540)"
732,720575940635846847,R8,categorical_blindspot_HIST,GLUT,"ACH,HIST",0.51,0.11,0.4539,full (E1 x E2),"Davis et al., 2020; Sarthy 1991",5.0,"Review for relabel: classifier predicted GLUT, literature verifies ACH/HIST (source: Davis et al., 2020; Sarthy 1991, confidence 5.0/5)"
733,720575940616325343,R8,categorical_blindspot_HIST,GLUT,"ACH,HIST",0.56,0.19,0.45360000000000006,full (E1 x E2),"Davis et al., 2020; Sarthy 1991",5.0,"Review for relabel: classifier predicted GLUT, literature verifies ACH/HIST (source: Davis et al., 2020; Sarthy 1991, confidence 5.0/5)"
734,720575940626174541,TmY16,TmY16_signature_scan_novel_candidate,GABA,GLUT,0.62,0.27,0.4526,full (E1 x E2),"Nern et al., 2024 (bioRxiv), published 2025 Nature 641:1225-1237 -- EASI-FISH/connectome-driven visual system neural inventory",3.0,"Review for relabel: classifier predicted GABA, signature-scan + literature match indicates GLUT (source: Nern et al., 2024 (bioRxiv), published 2025 Nature 641:1225-1237 -- EASI-FISH/connectome-driven visual system neural inventory). NOTE: exact per-cell-type data point not independently re-verified beyond the cited paper's existence and topical match -- confirm against the paper's supplementary table before applying."
735,720575940633557986,ORN_DA4l,ORN_SER_confusion,SER,ACH,0.62,0.27,0.4526,full (E1 x E2),"Carlsson et al., 2010; Yasuyama et al. 1999",5.0,"Review for relabel: classifier predicted SER, literature verifies ACH (source: Carlsson et al., 2010; Yasuyama et al. 1999, confidence 5.0/5)"
736,720575940640740979,Dm12,Dm_GLUT_confusion,GABA,GLUT,0.62,0.27,0.4526,full (E1 x E2),"Davis et al., 2020",4.0,"Review for relabel: classifier predicted GABA, literature verifies GLUT (source: Davis et al., 2020, confidence 4.0/5)"
737,720575940628513512,Dm9,Dm9_GLUT_confirmed_via_direct_literature_search,ACH,GLUT,0.55,0.18,0.45100000000000007,full (E1 x E2),"Davis et al., 2020 (as cited in Kind et al., 2021, eLife, doi:10.7554/eLife.71858); Schnaitmann et al., 2024, Front. Mol. Neurosci., doi:10.3389/fnmol.2024.1347540",4.0,"Review for relabel: classifier predicted ACH, literature verifies GLUT (source: Davis et al., 2020 (as cited in Kind et al., 2021, eLife, doi:10.7554/eLife.71858); Schnaitmann et al., 2024, Front. Mol. Neurosci., doi:10.3389/fnmol.2024.1347540)"
738,720575940616858636,R8,categorical_blindspot_HIST,GLUT,"ACH,HIST",0.55,0.18,0.45100000000000007,full (E1 x E2),"Davis et al., 2020; Sarthy 1991",5.0,"Review for relabel: classifier predicted GLUT, literature verifies ACH/HIST (source: Davis et al., 2020; Sarthy 1991, confidence 5.0/5)"
739,720575940613419315,ORN_DL4,ORN_SER_confusion,SER,ACH,0.57,0.21,0.4503,full (E1 x E2),"Carlsson et al., 2010; Yasuyama et al. 1999",5.0,"Review for relabel: classifier predicted SER, literature verifies ACH (source: Carlsson et al., 2010; Yasuyama et al. 1999, confidence 5.0/5)"
740,720575940622596084,R7,categorical_blindspot_HIST,GABA,HIST,0.45,,0.45,categorical_blindspot (E1 only),"Davis et al., 2020",4.0,"Review for relabel: classifier predicted GABA, literature verifies HIST (source: Davis et al., 2020, confidence 4.0/5)"
741,720575940634482913,R7,categorical_blindspot_HIST,GLUT,HIST,0.45,,0.45,categorical_blindspot (E1 only),"Davis et al., 2020",4.0,"Review for relabel: classifier predicted GLUT, literature verifies HIST (source: Davis et al., 2020, confidence 4.0/5)"
742,720575940636832375,R7,categorical_blindspot_HIST,GABA,HIST,0.45,,0.45,categorical_blindspot (E1 only),"Davis et al., 2020",4.0,"Review for relabel: classifier predicted GABA, literature verifies HIST (source: Davis et al., 2020, confidence 4.0/5)"
743,720575940643199885,R7,categorical_blindspot_HIST,GABA,HIST,0.45,,0.45,categorical_blindspot (E1 only),"Davis et al., 2020",4.0,"Review for relabel: classifier predicted GABA, literature verifies HIST (source: Davis et al., 2020, confidence 4.0/5)"
744,720575940626717114,R7,categorical_blindspot_HIST,ACH,HIST,0.45,,0.45,categorical_blindspot (E1 only),"Davis et al., 2020",4.0,"Review for relabel: classifier predicted ACH, literature verifies HIST (source: Davis et al., 2020, confidence 4.0/5)"
745,720575940626364976,R7,categorical_blindspot_HIST,GLUT,HIST,0.45,,0.45,categorical_blindspot (E1 only),"Davis et al., 2020",4.0,"Review for relabel: classifier predicted GLUT, literature verifies HIST (source: Davis et al., 2020, confidence 4.0/5)"
746,720575940628253690,R7,categorical_blindspot_HIST,GLUT,HIST,0.45,,0.45,categorical_blindspot (E1 only),"Davis et al., 2020",4.0,"Review for relabel: classifier predicted GLUT, literature verifies HIST (source: Davis et al., 2020, confidence 4.0/5)"
747,720575940626680368,R7,categorical_blindspot_HIST,GABA,HIST,0.45,,0.45,categorical_blindspot (E1 only),"Davis et al., 2020",4.0,"Review for relabel: classifier predicted GABA, literature verifies HIST (source: Davis et al., 2020, confidence 4.0/5)"
748,720575940626688144,R7,categorical_blindspot_HIST,GLUT,HIST,0.45,,0.45,categorical_blindspot (E1 only),"Davis et al., 2020",4.0,"Review for relabel: classifier predicted GLUT, literature verifies HIST (source: Davis et al., 2020, confidence 4.0/5)"
749,720575940622799966,R7,categorical_blindspot_HIST,GABA,HIST,0.45,,0.45,categorical_blindspot (E1 only),"Davis et al., 2020",4.0,"Review for relabel: classifier predicted GABA, literature verifies HIST (source: Davis et al., 2020, confidence 4.0/5)"
750,720575940608943708,R7,categorical_blindspot_HIST,GABA,HIST,0.45,,0.45,categorical_blindspot (E1 only),"Davis et al., 2020",4.0,"Review for relabel: classifier predicted GABA, literature verifies HIST (source: Davis et al., 2020, confidence 4.0/5)"
751,720575940613956527,TmY16,TmY16_signature_scan_novel_candidate,GABA,GLUT,0.6,0.25,0.44999999999999996,full (E1 x E2),"Nern et al., 2024 (bioRxiv), published 2025 Nature 641:1225-1237 -- EASI-FISH/connectome-driven visual system neural inventory",3.0,"Review for relabel: classifier predicted GABA, signature-scan + literature match indicates GLUT (source: Nern et al., 2024 (bioRxiv), published 2025 Nature 641:1225-1237 -- EASI-FISH/connectome-driven visual system neural inventory). NOTE: exact per-cell-type data point not independently re-verified beyond the cited paper's existence and topical match -- confirm against the paper's supplementary table before applying."
752,720575940629371978,Dm9,Dm9_GLUT_confirmed_via_direct_literature_search,ACH,GLUT,0.51,0.12,0.44880000000000003,full (E1 x E2),"Davis et al., 2020 (as cited in Kind et al., 2021, eLife, doi:10.7554/eLife.71858); Schnaitmann et al., 2024, Front. Mol. Neurosci., doi:10.3389/fnmol.2024.1347540",4.0,"Review for relabel: classifier predicted ACH, literature verifies GLUT (source: Davis et al., 2020 (as cited in Kind et al., 2021, eLife, doi:10.7554/eLife.71858); Schnaitmann et al., 2024, Front. Mol. Neurosci., doi:10.3389/fnmol.2024.1347540)"
753,720575940622378612,TmY16,TmY16_signature_scan_novel_candidate,GABA,GLUT,0.63,0.29,0.4473,full (E1 x E2),"Nern et al., 2024 (bioRxiv), published 2025 Nature 641:1225-1237 -- EASI-FISH/connectome-driven visual system neural inventory",3.0,"Review for relabel: classifier predicted GABA, signature-scan + literature match indicates GLUT (source: Nern et al., 2024 (bioRxiv), published 2025 Nature 641:1225-1237 -- EASI-FISH/connectome-driven visual system neural inventory). NOTE: exact per-cell-type data point not independently re-verified beyond the cited paper's existence and topical match -- confirm against the paper's supplementary table before applying."
754,720575940621667163,Dm12,Dm_GLUT_confusion,GABA,GLUT,0.52,0.14,0.4472,full (E1 x E2),"Davis et al., 2020",4.0,"Review for relabel: classifier predicted GABA, literature verifies GLUT (source: Davis et al., 2020, confidence 4.0/5)"
755,720575940613550102,Dm9,Dm9_GLUT_confirmed_via_direct_literature_search,ACH,GLUT,0.52,0.14,0.4472,full (E1 x E2),"Davis et al., 2020 (as cited in Kind et al., 2021, eLife, doi:10.7554/eLife.71858); Schnaitmann et al., 2024, Front. Mol. Neurosci., doi:10.3389/fnmol.2024.1347540",4.0,"Review for relabel: classifier predicted ACH, literature verifies GLUT (source: Davis et al., 2020 (as cited in Kind et al., 2021, eLife, doi:10.7554/eLife.71858); Schnaitmann et al., 2024, Front. Mol. Neurosci., doi:10.3389/fnmol.2024.1347540)"
756,720575940616203067,ORN_DM2,ORN_SER_confusion,SER,ACH,0.58,0.23,0.4466,full (E1 x E2),"Carlsson et al., 2010; Yasuyama et al. 1999",5.0,"Review for relabel: classifier predicted SER, literature verifies ACH (source: Carlsson et al., 2010; Yasuyama et al. 1999, confidence 5.0/5)"
757,720575940625031351,Dm12,Dm_GLUT_confusion,GABA,GLUT,0.62,0.28,0.44639999999999996,full (E1 x E2),"Davis et al., 2020",4.0,"Review for relabel: classifier predicted GABA, literature verifies GLUT (source: Davis et al., 2020, confidence 4.0/5)"
758,720575940623801125,hDeltaK,hDeltaK_signature_scan_novel_candidate,SER,ACH,0.46,0.03,0.4462,full (E1 x E2),"Wolff et al., 2024 (bioRxiv), published 2025 eLife RP104764 -- EASI-FISH neurotransmitter profiling of central complex cell types",3.0,"Review for relabel: classifier predicted SER, signature-scan + literature match indicates ACH (source: Wolff et al., 2024 (bioRxiv), published 2025 eLife RP104764 -- EASI-FISH neurotransmitter profiling of central complex cell types). NOTE: exact per-cell-type data point not independently re-verified beyond the cited paper's existence and topical match -- confirm against the paper's supplementary table before applying."
759,720575940622086310,Dm9,Dm9_GLUT_confirmed_via_direct_literature_search,ACH,GLUT,0.49,0.09,0.4459,full (E1 x E2),"Davis et al., 2020 (as cited in Kind et al., 2021, eLife, doi:10.7554/eLife.71858); Schnaitmann et al., 2024, Front. Mol. Neurosci., doi:10.3389/fnmol.2024.1347540",4.0,"Review for relabel: classifier predicted ACH, literature verifies GLUT (source: Davis et al., 2020 (as cited in Kind et al., 2021, eLife, doi:10.7554/eLife.71858); Schnaitmann et al., 2024, Front. Mol. Neurosci., doi:10.3389/fnmol.2024.1347540)"
760,720575940636914287,hDeltaK,hDeltaK_signature_scan_novel_candidate,SER,ACH,0.45,0.01,0.4455,full (E1 x E2),"Wolff et al., 2024 (bioRxiv), published 2025 eLife RP104764 -- EASI-FISH neurotransmitter profiling of central complex cell types",3.0,"Review for relabel: classifier predicted SER, signature-scan + literature match indicates ACH (source: Wolff et al., 2024 (bioRxiv), published 2025 eLife RP104764 -- EASI-FISH neurotransmitter profiling of central complex cell types). NOTE: exact per-cell-type data point not independently re-verified beyond the cited paper's existence and topical match -- confirm against the paper's supplementary table before applying."
761,720575940626021820,Dm9,Dm9_GLUT_confirmed_via_direct_literature_search,ACH,GLUT,0.5,0.11,0.445,full (E1 x E2),"Davis et al., 2020 (as cited in Kind et al., 2021, eLife, doi:10.7554/eLife.71858); Schnaitmann et al., 2024, Front. Mol. Neurosci., doi:10.3389/fnmol.2024.1347540",4.0,"Review for relabel: classifier predicted ACH, literature verifies GLUT (source: Davis et al., 2020 (as cited in Kind et al., 2021, eLife, doi:10.7554/eLife.71858); Schnaitmann et al., 2024, Front. Mol. Neurosci., doi:10.3389/fnmol.2024.1347540)"
762,720575940613394546,Dm12,Dm_GLUT_confusion,GABA,GLUT,0.57,0.22,0.4446,full (E1 x E2),"Davis et al., 2020",4.0,"Review for relabel: classifier predicted GABA, literature verifies GLUT (source: Davis et al., 2020, confidence 4.0/5)"
763,720575940641039067,ORN_DM2,ORN_SER_confusion,SER,ACH,0.57,0.22,0.4446,full (E1 x E2),"Carlsson et al., 2010; Yasuyama et al. 1999",5.0,"Review for relabel: classifier predicted SER, literature verifies ACH (source: Carlsson et al., 2010; Yasuyama et al. 1999, confidence 5.0/5)"
764,720575940617876953,Dm12,Dm_GLUT_confusion,GABA,GLUT,0.6,0.26,0.444,full (E1 x E2),"Davis et al., 2020",4.0,"Review for relabel: classifier predicted GABA, literature verifies GLUT (source: Davis et al., 2020, confidence 4.0/5)"
765,720575940636753118,ORN_DA4m,ORN_SER_confusion,SER,ACH,0.54,0.18,0.4428000000000001,full (E1 x E2),"Carlsson et al., 2010; Yasuyama et al. 1999",5.0,"Review for relabel: classifier predicted SER, literature verifies ACH (source: Carlsson et al., 2010; Yasuyama et al. 1999, confidence 5.0/5)"
766,720575940628303183,ORN_DM3,ORN_SER_confusion,SER,ACH,0.59,0.25,0.4425,full (E1 x E2),"Carlsson et al., 2010; Yasuyama et al. 1999",5.0,"Review for relabel: classifier predicted SER, literature verifies ACH (source: Carlsson et al., 2010; Yasuyama et al. 1999, confidence 5.0/5)"
767,720575940627168830,Dm12,Dm_GLUT_confusion,GABA,GLUT,0.59,0.25,0.4425,full (E1 x E2),"Davis et al., 2020",4.0,"Review for relabel: classifier predicted GABA, literature verifies GLUT (source: Davis et al., 2020, confidence 4.0/5)"
768,720575940632297263,ORN_DA3,ORN_SER_confusion,SER,ACH,0.56,0.21,0.44240000000000007,full (E1 x E2),"Carlsson et al., 2010; Yasuyama et al. 1999",5.0,"Review for relabel: classifier predicted SER, literature verifies ACH (source: Carlsson et al., 2010; Yasuyama et al. 1999, confidence 5.0/5)"
769,720575940623192353,Dm9,Dm9_GLUT_confirmed_via_direct_literature_search,ACH,GLUT,0.52,0.15,0.442,full (E1 x E2),"Davis et al., 2020 (as cited in Kind et al., 2021, eLife, doi:10.7554/eLife.71858); Schnaitmann et al., 2024, Front. Mol. Neurosci., doi:10.3389/fnmol.2024.1347540",4.0,"Review for relabel: classifier predicted ACH, literature verifies GLUT (source: Davis et al., 2020 (as cited in Kind et al., 2021, eLife, doi:10.7554/eLife.71858); Schnaitmann et al., 2024, Front. Mol. Neurosci., doi:10.3389/fnmol.2024.1347540)"
770,720575940641567885,hDeltaK,hDeltaK_signature_scan_novel_candidate,SER,ACH,0.46,0.04,0.4416,full (E1 x E2),"Wolff et al., 2024 (bioRxiv), published 2025 eLife RP104764 -- EASI-FISH neurotransmitter profiling of central complex cell types",3.0,"Review for relabel: classifier predicted SER, signature-scan + literature match indicates ACH (source: Wolff et al., 2024 (bioRxiv), published 2025 eLife RP104764 -- EASI-FISH neurotransmitter profiling of central complex cell types). NOTE: exact per-cell-type data point not independently re-verified beyond the cited paper's existence and topical match -- confirm against the paper's supplementary table before applying."
771,720575940626730058,ORN_DM3,ORN_SER_confusion,SER,ACH,0.58,0.24,0.44079999999999997,full (E1 x E2),"Carlsson et al., 2010; Yasuyama et al. 1999",5.0,"Review for relabel: classifier predicted SER, literature verifies ACH (source: Carlsson et al., 2010; Yasuyama et al. 1999, confidence 5.0/5)"
772,720575940633541165,R8,categorical_blindspot_HIST,GLUT,"ACH,HIST",0.62,0.29,0.4402,full (E1 x E2),"Davis et al., 2020; Sarthy 1991",5.0,"Review for relabel: classifier predicted GLUT, literature verifies ACH/HIST (source: Davis et al., 2020; Sarthy 1991, confidence 5.0/5)"
773,720575940640152509,R8,categorical_blindspot_HIST,GLUT,"ACH,HIST",0.55,0.2,0.44000000000000006,full (E1 x E2),"Davis et al., 2020; Sarthy 1991",5.0,"Review for relabel: classifier predicted GLUT, literature verifies ACH/HIST (source: Davis et al., 2020; Sarthy 1991, confidence 5.0/5)"
774,720575940621508262,R7,categorical_blindspot_HIST,GLUT,HIST,0.44,,0.44,categorical_blindspot (E1 only),"Davis et al., 2020",4.0,"Review for relabel: classifier predicted GLUT, literature verifies HIST (source: Davis et al., 2020, confidence 4.0/5)"
775,720575940630042011,R7,categorical_blindspot_HIST,GLUT,HIST,0.44,,0.44,categorical_blindspot (E1 only),"Davis et al., 2020",4.0,"Review for relabel: classifier predicted GLUT, literature verifies HIST (source: Davis et al., 2020, confidence 4.0/5)"
776,720575940631436229,R7,categorical_blindspot_HIST,GABA,HIST,0.44,,0.44,categorical_blindspot (E1 only),"Davis et al., 2020",4.0,"Review for relabel: classifier predicted GABA, literature verifies HIST (source: Davis et al., 2020, confidence 4.0/5)"
777,720575940614500392,R7,categorical_blindspot_HIST,GLUT,HIST,0.44,,0.44,categorical_blindspot (E1 only),"Davis et al., 2020",4.0,"Review for relabel: classifier predicted GLUT, literature verifies HIST (source: Davis et al., 2020, confidence 4.0/5)"
778,720575940625954744,R7,categorical_blindspot_HIST,ACH,HIST,0.44,,0.44,categorical_blindspot (E1 only),"Davis et al., 2020",4.0,"Review for relabel: classifier predicted ACH, literature verifies HIST (source: Davis et al., 2020, confidence 4.0/5)"
779,720575940617062194,Dm9,Dm9_GLUT_confirmed_via_direct_literature_search,GABA,GLUT,0.5,0.12,0.44,full (E1 x E2),"Davis et al., 2020 (as cited in Kind et al., 2021, eLife, doi:10.7554/eLife.71858); Schnaitmann et al., 2024, Front. Mol. Neurosci., doi:10.3389/fnmol.2024.1347540",4.0,"Review for relabel: classifier predicted GABA, literature verifies GLUT (source: Davis et al., 2020 (as cited in Kind et al., 2021, eLife, doi:10.7554/eLife.71858); Schnaitmann et al., 2024, Front. Mol. Neurosci., doi:10.3389/fnmol.2024.1347540)"
780,720575940624196095,R7,categorical_blindspot_HIST,OCT,HIST,0.44,,0.44,categorical_blindspot (E1 only),"Davis et al., 2020",4.0,"Review for relabel: classifier predicted OCT, literature verifies HIST (source: Davis et al., 2020, confidence 4.0/5)"
781,720575940648565892,R7,categorical_blindspot_HIST,ACH,HIST,0.44,,0.44,categorical_blindspot (E1 only),"Davis et al., 2020",4.0,"Review for relabel: classifier predicted ACH, literature verifies HIST (source: Davis et al., 2020, confidence 4.0/5)"
782,720575940637621349,R7,categorical_blindspot_HIST,ACH,HIST,0.44,,0.44,categorical_blindspot (E1 only),"Davis et al., 2020",4.0,"Review for relabel: classifier predicted ACH, literature verifies HIST (source: Davis et al., 2020, confidence 4.0/5)"
783,720575940627108636,R7,categorical_blindspot_HIST,GABA,HIST,0.44,,0.44,categorical_blindspot (E1 only),"Davis et al., 2020",4.0,"Review for relabel: classifier predicted GABA, literature verifies HIST (source: Davis et al., 2020, confidence 4.0/5)"
784,720575940632021867,R7,categorical_blindspot_HIST,ACH,HIST,0.44,,0.44,categorical_blindspot (E1 only),"Davis et al., 2020",4.0,"Review for relabel: classifier predicted ACH, literature verifies HIST (source: Davis et al., 2020, confidence 4.0/5)"
785,720575940619904379,R8,categorical_blindspot_HIST,GLUT,"ACH,HIST",0.5,0.12,0.44,full (E1 x E2),"Davis et al., 2020; Sarthy 1991",5.0,"Review for relabel: classifier predicted GLUT, literature verifies ACH/HIST (source: Davis et al., 2020; Sarthy 1991, confidence 5.0/5)"
786,720575940637864622,Dm9,Dm9_GLUT_confirmed_via_direct_literature_search,ACH,GLUT,0.51,0.14,0.4386,full (E1 x E2),"Davis et al., 2020 (as cited in Kind et al., 2021, eLife, doi:10.7554/eLife.71858); Schnaitmann et al., 2024, Front. Mol. Neurosci., doi:10.3389/fnmol.2024.1347540",4.0,"Review for relabel: classifier predicted ACH, literature verifies GLUT (source: Davis et al., 2020 (as cited in Kind et al., 2021, eLife, doi:10.7554/eLife.71858); Schnaitmann et al., 2024, Front. Mol. Neurosci., doi:10.3389/fnmol.2024.1347540)"
787,720575940606554912,R8,categorical_blindspot_HIST,GLUT,"ACH,HIST",0.56,0.22,0.4368000000000001,full (E1 x E2),"Davis et al., 2020; Sarthy 1991",5.0,"Review for relabel: classifier predicted GLUT, literature verifies ACH/HIST (source: Davis et al., 2020; Sarthy 1991, confidence 5.0/5)"
788,720575940621609754,ORN_DL4,ORN_SER_confusion,SER,ACH,0.52,0.16,0.4368,full (E1 x E2),"Carlsson et al., 2010; Yasuyama et al. 1999",5.0,"Review for relabel: classifier predicted SER, literature verifies ACH (source: Carlsson et al., 2010; Yasuyama et al. 1999, confidence 5.0/5)"
789,720575940633366995,R8,categorical_blindspot_HIST,GLUT,"ACH,HIST",0.49,0.11,0.4361,full (E1 x E2),"Davis et al., 2020; Sarthy 1991",5.0,"Review for relabel: classifier predicted GLUT, literature verifies ACH/HIST (source: Davis et al., 2020; Sarthy 1991, confidence 5.0/5)"
790,720575940623361148,Dm9,Dm9_GLUT_confirmed_via_direct_literature_search,ACH,GLUT,0.5,0.13,0.435,full (E1 x E2),"Davis et al., 2020 (as cited in Kind et al., 2021, eLife, doi:10.7554/eLife.71858); Schnaitmann et al., 2024, Front. Mol. Neurosci., doi:10.3389/fnmol.2024.1347540",4.0,"Review for relabel: classifier predicted ACH, literature verifies GLUT (source: Davis et al., 2020 (as cited in Kind et al., 2021, eLife, doi:10.7554/eLife.71858); Schnaitmann et al., 2024, Front. Mol. Neurosci., doi:10.3389/fnmol.2024.1347540)"
791,720575940629346715,ORN_DA4l,ORN_SER_confusion,SER,ACH,0.58,0.25,0.43499999999999994,full (E1 x E2),"Carlsson et al., 2010; Yasuyama et al. 1999",5.0,"Review for relabel: classifier predicted SER, literature verifies ACH (source: Carlsson et al., 2010; Yasuyama et al. 1999, confidence 5.0/5)"
792,720575940612466638,Dm9,Dm9_GLUT_confirmed_via_direct_literature_search,ACH,GLUT,0.53,0.18,0.43460000000000004,full (E1 x E2),"Davis et al., 2020 (as cited in Kind et al., 2021, eLife, doi:10.7554/eLife.71858); Schnaitmann et al., 2024, Front. Mol. Neurosci., doi:10.3389/fnmol.2024.1347540",4.0,"Review for relabel: classifier predicted ACH, literature verifies GLUT (source: Davis et al., 2020 (as cited in Kind et al., 2021, eLife, doi:10.7554/eLife.71858); Schnaitmann et al., 2024, Front. Mol. Neurosci., doi:10.3389/fnmol.2024.1347540)"
793,720575940627130980,R8,categorical_blindspot_HIST,GLUT,"ACH,HIST",0.55,0.21,0.43450000000000005,full (E1 x E2),"Davis et al., 2020; Sarthy 1991",5.0,"Review for relabel: classifier predicted GLUT, literature verifies ACH/HIST (source: Davis et al., 2020; Sarthy 1991, confidence 5.0/5)"
794,720575940627046206,Dm9,Dm9_GLUT_confirmed_via_direct_literature_search,ACH,GLUT,0.51,0.15,0.4335,full (E1 x E2),"Davis et al., 2020 (as cited in Kind et al., 2021, eLife, doi:10.7554/eLife.71858); Schnaitmann et al., 2024, Front. Mol. Neurosci., doi:10.3389/fnmol.2024.1347540",4.0,"Review for relabel: classifier predicted ACH, literature verifies GLUT (source: Davis et al., 2020 (as cited in Kind et al., 2021, eLife, doi:10.7554/eLife.71858); Schnaitmann et al., 2024, Front. Mol. Neurosci., doi:10.3389/fnmol.2024.1347540)"
795,720575940633830701,R8,categorical_blindspot_HIST,GLUT,"ACH,HIST",0.57,0.24,0.4332,full (E1 x E2),"Davis et al., 2020; Sarthy 1991",5.0,"Review for relabel: classifier predicted GLUT, literature verifies ACH/HIST (source: Davis et al., 2020; Sarthy 1991, confidence 5.0/5)"
796,720575940627453895,ORN_DL4,ORN_SER_confusion,SER,ACH,0.57,0.24,0.4332,full (E1 x E2),"Carlsson et al., 2010; Yasuyama et al. 1999",5.0,"Review for relabel: classifier predicted SER, literature verifies ACH (source: Carlsson et al., 2010; Yasuyama et al. 1999, confidence 5.0/5)"
797,720575940606052012,Dm12,Dm_GLUT_confusion,GABA,GLUT,0.61,0.29,0.4331,full (E1 x E2),"Davis et al., 2020",4.0,"Review for relabel: classifier predicted GABA, literature verifies GLUT (source: Davis et al., 2020, confidence 4.0/5)"
798,720575940622049702,Dm9,Dm9_GLUT_confirmed_via_direct_literature_search,ACH,GLUT,0.48,0.1,0.432,full (E1 x E2),"Davis et al., 2020 (as cited in Kind et al., 2021, eLife, doi:10.7554/eLife.71858); Schnaitmann et al., 2024, Front. Mol. Neurosci., doi:10.3389/fnmol.2024.1347540",4.0,"Review for relabel: classifier predicted ACH, literature verifies GLUT (source: Davis et al., 2020 (as cited in Kind et al., 2021, eLife, doi:10.7554/eLife.71858); Schnaitmann et al., 2024, Front. Mol. Neurosci., doi:10.3389/fnmol.2024.1347540)"
799,720575940622258870,R8,categorical_blindspot_HIST,GLUT,"ACH,HIST",0.52,0.17,0.4316,full (E1 x E2),"Davis et al., 2020; Sarthy 1991",5.0,"Review for relabel: classifier predicted GLUT, literature verifies ACH/HIST (source: Davis et al., 2020; Sarthy 1991, confidence 5.0/5)"
800,720575940621744321,Dm9,Dm9_GLUT_confirmed_via_direct_literature_search,ACH,GLUT,0.52,0.17,0.4316,full (E1 x E2),"Davis et al., 2020 (as cited in Kind et al., 2021, eLife, doi:10.7554/eLife.71858); Schnaitmann et al., 2024, Front. Mol. Neurosci., doi:10.3389/fnmol.2024.1347540",4.0,"Review for relabel: classifier predicted ACH, literature verifies GLUT (source: Davis et al., 2020 (as cited in Kind et al., 2021, eLife, doi:10.7554/eLife.71858); Schnaitmann et al., 2024, Front. Mol. Neurosci., doi:10.3389/fnmol.2024.1347540)"
801,720575940606506016,R8,categorical_blindspot_HIST,GABA,"ACH,HIST",0.56,0.23,0.4312,full (E1 x E2),"Davis et al., 2020; Sarthy 1991",5.0,"Review for relabel: classifier predicted GABA, literature verifies ACH/HIST (source: Davis et al., 2020; Sarthy 1991, confidence 5.0/5)"
802,720575940615806102,R7,categorical_blindspot_HIST,GLUT,HIST,0.43,,0.43,categorical_blindspot (E1 only),"Davis et al., 2020",4.0,"Review for relabel: classifier predicted GLUT, literature verifies HIST (source: Davis et al., 2020, confidence 4.0/5)"
803,720575940629002570,R7,categorical_blindspot_HIST,GABA,HIST,0.43,,0.43,categorical_blindspot (E1 only),"Davis et al., 2020",4.0,"Review for relabel: classifier predicted GABA, literature verifies HIST (source: Davis et al., 2020, confidence 4.0/5)"
804,720575940623851363,R7,categorical_blindspot_HIST,GABA,HIST,0.43,,0.43,categorical_blindspot (E1 only),"Davis et al., 2020",4.0,"Review for relabel: classifier predicted GABA, literature verifies HIST (source: Davis et al., 2020, confidence 4.0/5)"
805,720575940620921734,R7,categorical_blindspot_HIST,GABA,HIST,0.43,,0.43,categorical_blindspot (E1 only),"Davis et al., 2020",4.0,"Review for relabel: classifier predicted GABA, literature verifies HIST (source: Davis et al., 2020, confidence 4.0/5)"
806,720575940621474330,R7,categorical_blindspot_HIST,ACH,HIST,0.43,,0.43,categorical_blindspot (E1 only),"Davis et al., 2020",4.0,"Review for relabel: classifier predicted ACH, literature verifies HIST (source: Davis et al., 2020, confidence 4.0/5)"
807,720575940616791820,R7,categorical_blindspot_HIST,GLUT,HIST,0.43,,0.43,categorical_blindspot (E1 only),"Davis et al., 2020",4.0,"Review for relabel: classifier predicted GLUT, literature verifies HIST (source: Davis et al., 2020, confidence 4.0/5)"
808,720575940626462864,R7,categorical_blindspot_HIST,GLUT,HIST,0.43,,0.43,categorical_blindspot (E1 only),"Davis et al., 2020",4.0,"Review for relabel: classifier predicted GLUT, literature verifies HIST (source: Davis et al., 2020, confidence 4.0/5)"
809,720575940621891937,Dm12,Dm_GLUT_confusion,GABA,GLUT,0.5,0.14,0.43,full (E1 x E2),"Davis et al., 2020",4.0,"Review for relabel: classifier predicted GABA, literature verifies GLUT (source: Davis et al., 2020, confidence 4.0/5)"
810,720575940621742189,R7,categorical_blindspot_HIST,GABA,HIST,0.43,,0.43,categorical_blindspot (E1 only),"Davis et al., 2020",4.0,"Review for relabel: classifier predicted GABA, literature verifies HIST (source: Davis et al., 2020, confidence 4.0/5)"
811,720575940616941362,R7,categorical_blindspot_HIST,ACH,HIST,0.43,,0.43,categorical_blindspot (E1 only),"Davis et al., 2020",4.0,"Review for relabel: classifier predicted ACH, literature verifies HIST (source: Davis et al., 2020, confidence 4.0/5)"
812,720575940607722185,R7,categorical_blindspot_HIST,ACH,HIST,0.43,,0.43,categorical_blindspot (E1 only),"Davis et al., 2020",4.0,"Review for relabel: classifier predicted ACH, literature verifies HIST (source: Davis et al., 2020, confidence 4.0/5)"
813,720575940610933572,R7,categorical_blindspot_HIST,GLUT,HIST,0.43,,0.43,categorical_blindspot (E1 only),"Davis et al., 2020",4.0,"Review for relabel: classifier predicted GLUT, literature verifies HIST (source: Davis et al., 2020, confidence 4.0/5)"
814,720575940630503034,R7,categorical_blindspot_HIST,GLUT,HIST,0.43,,0.43,categorical_blindspot (E1 only),"Davis et al., 2020",4.0,"Review for relabel: classifier predicted GLUT, literature verifies HIST (source: Davis et al., 2020, confidence 4.0/5)"
815,720575940625261547,R7,categorical_blindspot_HIST,GLUT,HIST,0.43,,0.43,categorical_blindspot (E1 only),"Davis et al., 2020",4.0,"Review for relabel: classifier predicted GLUT, literature verifies HIST (source: Davis et al., 2020, confidence 4.0/5)"
816,720575940629372521,R7,categorical_blindspot_HIST,ACH,HIST,0.43,,0.43,categorical_blindspot (E1 only),"Davis et al., 2020",4.0,"Review for relabel: classifier predicted ACH, literature verifies HIST (source: Davis et al., 2020, confidence 4.0/5)"
817,720575940627760280,R7,categorical_blindspot_HIST,ACH,HIST,0.43,,0.43,categorical_blindspot (E1 only),"Davis et al., 2020",4.0,"Review for relabel: classifier predicted ACH, literature verifies HIST (source: Davis et al., 2020, confidence 4.0/5)"
818,720575940624088319,R8,categorical_blindspot_HIST,GLUT,"ACH,HIST",0.53,0.19,0.42930000000000007,full (E1 x E2),"Davis et al., 2020; Sarthy 1991",5.0,"Review for relabel: classifier predicted GLUT, literature verifies ACH/HIST (source: Davis et al., 2020; Sarthy 1991, confidence 5.0/5)"
819,720575940635584398,ORN_DL4,ORN_SER_confusion,SER,ACH,0.51,0.16,0.4284,full (E1 x E2),"Carlsson et al., 2010; Yasuyama et al. 1999",5.0,"Review for relabel: classifier predicted SER, literature verifies ACH (source: Carlsson et al., 2010; Yasuyama et al. 1999, confidence 5.0/5)"
820,720575940617255099,Dm9,Dm9_GLUT_confirmed_via_direct_literature_search,ACH,GLUT,0.47,0.09,0.42769999999999997,full (E1 x E2),"Davis et al., 2020 (as cited in Kind et al., 2021, eLife, doi:10.7554/eLife.71858); Schnaitmann et al., 2024, Front. Mol. Neurosci., doi:10.3389/fnmol.2024.1347540",4.0,"Review for relabel: classifier predicted ACH, literature verifies GLUT (source: Davis et al., 2020 (as cited in Kind et al., 2021, eLife, doi:10.7554/eLife.71858); Schnaitmann et al., 2024, Front. Mol. Neurosci., doi:10.3389/fnmol.2024.1347540)"
821,720575940620831265,ORN_VA2,ORN_SER_confusion,SER,ACH,0.57,0.25,0.4275,full (E1 x E2),"Carlsson et al., 2010; Yasuyama et al. 1999",5.0,"Review for relabel: classifier predicted SER, literature verifies ACH (source: Carlsson et al., 2010; Yasuyama et al. 1999, confidence 5.0/5)"
822,720575940633230929,R8,categorical_blindspot_HIST,GLUT,"ACH,HIST",0.57,0.25,0.4275,full (E1 x E2),"Davis et al., 2020; Sarthy 1991",5.0,"Review for relabel: classifier predicted GLUT, literature verifies ACH/HIST (source: Davis et al., 2020; Sarthy 1991, confidence 5.0/5)"
823,720575940620555252,ORN_VA2,ORN_SER_confusion,SER,ACH,0.56,0.24,0.42560000000000003,full (E1 x E2),"Carlsson et al., 2010; Yasuyama et al. 1999",5.0,"Review for relabel: classifier predicted SER, literature verifies ACH (source: Carlsson et al., 2010; Yasuyama et al. 1999, confidence 5.0/5)"
824,720575940605911212,Dm1,Dm_GLUT_confusion,GABA,GLUT,0.59,0.28,0.42479999999999996,full (E1 x E2),"Davis et al., 2020",4.0,"Review for relabel: classifier predicted GABA, literature verifies GLUT (source: Davis et al., 2020, confidence 4.0/5)"
825,720575940637664478,Dm1,Dm_GLUT_confusion,GABA,GLUT,0.59,0.28,0.42479999999999996,full (E1 x E2),"Davis et al., 2020",4.0,"Review for relabel: classifier predicted GABA, literature verifies GLUT (source: Davis et al., 2020, confidence 4.0/5)"
826,720575940625795453,ORN_V,ORN_SER_confusion,SER,ACH,0.55,0.23,0.42350000000000004,full (E1 x E2),"Carlsson et al., 2010; Yasuyama et al. 1999",5.0,"Review for relabel: classifier predicted SER, literature verifies ACH (source: Carlsson et al., 2010; Yasuyama et al. 1999, confidence 5.0/5)"
827,720575940638440670,Dm9,Dm9_GLUT_confirmed_via_direct_literature_search,ACH,GLUT,0.46,0.08,0.4232,full (E1 x E2),"Davis et al., 2020 (as cited in Kind et al., 2021, eLife, doi:10.7554/eLife.71858); Schnaitmann et al., 2024, Front. Mol. Neurosci., doi:10.3389/fnmol.2024.1347540",4.0,"Review for relabel: classifier predicted ACH, literature verifies GLUT (source: Davis et al., 2020 (as cited in Kind et al., 2021, eLife, doi:10.7554/eLife.71858); Schnaitmann et al., 2024, Front. Mol. Neurosci., doi:10.3389/fnmol.2024.1347540)"
828,720575940616220127,Dm9,Dm9_GLUT_confirmed_via_direct_literature_search,ACH,GLUT,0.47,0.1,0.423,full (E1 x E2),"Davis et al., 2020 (as cited in Kind et al., 2021, eLife, doi:10.7554/eLife.71858); Schnaitmann et al., 2024, Front. Mol. Neurosci., doi:10.3389/fnmol.2024.1347540",4.0,"Review for relabel: classifier predicted ACH, literature verifies GLUT (source: Davis et al., 2020 (as cited in Kind et al., 2021, eLife, doi:10.7554/eLife.71858); Schnaitmann et al., 2024, Front. Mol. Neurosci., doi:10.3389/fnmol.2024.1347540)"
829,720575940624372360,Dm9,Dm9_GLUT_confirmed_via_direct_literature_search,ACH,GLUT,0.48,0.12,0.4224,full (E1 x E2),"Davis et al., 2020 (as cited in Kind et al., 2021, eLife, doi:10.7554/eLife.71858); Schnaitmann et al., 2024, Front. Mol. Neurosci., doi:10.3389/fnmol.2024.1347540",4.0,"Review for relabel: classifier predicted ACH, literature verifies GLUT (source: Davis et al., 2020 (as cited in Kind et al., 2021, eLife, doi:10.7554/eLife.71858); Schnaitmann et al., 2024, Front. Mol. Neurosci., doi:10.3389/fnmol.2024.1347540)"
830,720575940626848259,TmY16,TmY16_signature_scan_novel_candidate,GABA,GLUT,0.57,0.26,0.42179999999999995,full (E1 x E2),"Nern et al., 2024 (bioRxiv), published 2025 Nature 641:1225-1237 -- EASI-FISH/connectome-driven visual system neural inventory",3.0,"Review for relabel: classifier predicted GABA, signature-scan + literature match indicates GLUT (source: Nern et al., 2024 (bioRxiv), published 2025 Nature 641:1225-1237 -- EASI-FISH/connectome-driven visual system neural inventory). NOTE: exact per-cell-type data point not independently re-verified beyond the cited paper's existence and topical match -- confirm against the paper's supplementary table before applying."
831,720575940617217537,ORN_DL4,ORN_SER_confusion,SER,ACH,0.54,0.22,0.4212,full (E1 x E2),"Carlsson et al., 2010; Yasuyama et al. 1999",5.0,"Review for relabel: classifier predicted SER, literature verifies ACH (source: Carlsson et al., 2010; Yasuyama et al. 1999, confidence 5.0/5)"
832,720575940632737327,R8,categorical_blindspot_HIST,GABA,"ACH,HIST",0.52,0.19,0.4212,full (E1 x E2),"Davis et al., 2020; Sarthy 1991",5.0,"Review for relabel: classifier predicted GABA, literature verifies ACH/HIST (source: Davis et al., 2020; Sarthy 1991, confidence 5.0/5)"
833,720575940649434489,ORN_DM3,ORN_SER_confusion,SER,ACH,0.52,0.19,0.4212,full (E1 x E2),"Carlsson et al., 2010; Yasuyama et al. 1999",5.0,"Review for relabel: classifier predicted SER, literature verifies ACH (source: Carlsson et al., 2010; Yasuyama et al. 1999, confidence 5.0/5)"
834,720575940633989805,Dm9,Dm9_GLUT_confirmed_via_direct_literature_search,ACH,GLUT,0.52,0.19,0.4212,full (E1 x E2),"Davis et al., 2020 (as cited in Kind et al., 2021, eLife, doi:10.7554/eLife.71858); Schnaitmann et al., 2024, Front. Mol. Neurosci., doi:10.3389/fnmol.2024.1347540",4.0,"Review for relabel: classifier predicted ACH, literature verifies GLUT (source: Davis et al., 2020 (as cited in Kind et al., 2021, eLife, doi:10.7554/eLife.71858); Schnaitmann et al., 2024, Front. Mol. Neurosci., doi:10.3389/fnmol.2024.1347540)"
835,720575940660868737,R7,categorical_blindspot_HIST,GABA,HIST,0.42,,0.42,categorical_blindspot (E1 only),"Davis et al., 2020",4.0,"Review for relabel: classifier predicted GABA, literature verifies HIST (source: Davis et al., 2020, confidence 4.0/5)"
836,720575940624425924,R7,categorical_blindspot_HIST,GLUT,HIST,0.42,,0.42,categorical_blindspot (E1 only),"Davis et al., 2020",4.0,"Review for relabel: classifier predicted GLUT, literature verifies HIST (source: Davis et al., 2020, confidence 4.0/5)"
837,720575940623725773,R7,categorical_blindspot_HIST,OCT,HIST,0.42,,0.42,categorical_blindspot (E1 only),"Davis et al., 2020",4.0,"Review for relabel: classifier predicted OCT, literature verifies HIST (source: Davis et al., 2020, confidence 4.0/5)"
838,720575940612867251,R7,categorical_blindspot_HIST,ACH,HIST,0.42,,0.42,categorical_blindspot (E1 only),"Davis et al., 2020",4.0,"Review for relabel: classifier predicted ACH, literature verifies HIST (source: Davis et al., 2020, confidence 4.0/5)"
839,720575940617065403,R7,categorical_blindspot_HIST,GABA,HIST,0.42,,0.42,categorical_blindspot (E1 only),"Davis et al., 2020",4.0,"Review for relabel: classifier predicted GABA, literature verifies HIST (source: Davis et al., 2020, confidence 4.0/5)"
840,720575940619010117,R7,categorical_blindspot_HIST,GLUT,HIST,0.42,,0.42,categorical_blindspot (E1 only),"Davis et al., 2020",4.0,"Review for relabel: classifier predicted GLUT, literature verifies HIST (source: Davis et al., 2020, confidence 4.0/5)"
841,720575940619028737,R7,categorical_blindspot_HIST,ACH,HIST,0.42,,0.42,categorical_blindspot (E1 only),"Davis et al., 2020",4.0,"Review for relabel: classifier predicted ACH, literature verifies HIST (source: Davis et al., 2020, confidence 4.0/5)"
842,720575940645689892,R7,categorical_blindspot_HIST,GLUT,HIST,0.42,,0.42,categorical_blindspot (E1 only),"Davis et al., 2020",4.0,"Review for relabel: classifier predicted GLUT, literature verifies HIST (source: Davis et al., 2020, confidence 4.0/5)"
843,720575940607438466,R7,categorical_blindspot_HIST,GLUT,HIST,0.42,,0.42,categorical_blindspot (E1 only),"Davis et al., 2020",4.0,"Review for relabel: classifier predicted GLUT, literature verifies HIST (source: Davis et al., 2020, confidence 4.0/5)"
844,720575940628388264,R7,categorical_blindspot_HIST,GLUT,HIST,0.42,,0.42,categorical_blindspot (E1 only),"Davis et al., 2020",4.0,"Review for relabel: classifier predicted GLUT, literature verifies HIST (source: Davis et al., 2020, confidence 4.0/5)"
845,720575940622833577,ORN_VA2,ORN_SER_confusion,SER,ACH,0.53,0.21,0.4187,full (E1 x E2),"Carlsson et al., 2010; Yasuyama et al. 1999",5.0,"Review for relabel: classifier predicted SER, literature verifies ACH (source: Carlsson et al., 2010; Yasuyama et al. 1999, confidence 5.0/5)"
846,720575940648484228,Dm9,Dm9_GLUT_confirmed_via_direct_literature_search,ACH,GLUT,0.46,0.09,0.4186,full (E1 x E2),"Davis et al., 2020 (as cited in Kind et al., 2021, eLife, doi:10.7554/eLife.71858); Schnaitmann et al., 2024, Front. Mol. Neurosci., doi:10.3389/fnmol.2024.1347540",4.0,"Review for relabel: classifier predicted ACH, literature verifies GLUT (source: Davis et al., 2020 (as cited in Kind et al., 2021, eLife, doi:10.7554/eLife.71858); Schnaitmann et al., 2024, Front. Mol. Neurosci., doi:10.3389/fnmol.2024.1347540)"
847,720575940620817099,Dm9,Dm9_GLUT_confirmed_via_direct_literature_search,ACH,GLUT,0.47,0.11,0.4183,full (E1 x E2),"Davis et al., 2020 (as cited in Kind et al., 2021, eLife, doi:10.7554/eLife.71858); Schnaitmann et al., 2024, Front. Mol. Neurosci., doi:10.3389/fnmol.2024.1347540",4.0,"Review for relabel: classifier predicted ACH, literature verifies GLUT (source: Davis et al., 2020 (as cited in Kind et al., 2021, eLife, doi:10.7554/eLife.71858); Schnaitmann et al., 2024, Front. Mol. Neurosci., doi:10.3389/fnmol.2024.1347540)"
848,720575940629757739,R8,categorical_blindspot_HIST,GLUT,"ACH,HIST",0.55,0.24,0.41800000000000004,full (E1 x E2),"Davis et al., 2020; Sarthy 1991",5.0,"Review for relabel: classifier predicted GLUT, literature verifies ACH/HIST (source: Davis et al., 2020; Sarthy 1991, confidence 5.0/5)"
849,720575940630043599,ORN_VM3,ORN_SER_confusion,SER,ACH,0.55,0.24,0.41800000000000004,full (E1 x E2),"Carlsson et al., 2010; Yasuyama et al. 1999",5.0,"Review for relabel: classifier predicted SER, literature verifies ACH (source: Carlsson et al., 2010; Yasuyama et al. 1999, confidence 5.0/5)"
850,720575940622880588,ORN_DM2,ORN_SER_confusion,SER,ACH,0.55,0.24,0.41800000000000004,full (E1 x E2),"Carlsson et al., 2010; Yasuyama et al. 1999",5.0,"Review for relabel: classifier predicted SER, literature verifies ACH (source: Carlsson et al., 2010; Yasuyama et al. 1999, confidence 5.0/5)"
851,720575940627148546,R8,categorical_blindspot_HIST,GLUT,"ACH,HIST",0.48,0.13,0.41759999999999997,full (E1 x E2),"Davis et al., 2020; Sarthy 1991",5.0,"Review for relabel: classifier predicted GLUT, literature verifies ACH/HIST (source: Davis et al., 2020; Sarthy 1991, confidence 5.0/5)"
852,720575940625588920,Dm1,Dm_GLUT_confusion,GABA,GLUT,0.58,0.28,0.41759999999999997,full (E1 x E2),"Davis et al., 2020",4.0,"Review for relabel: classifier predicted GABA, literature verifies GLUT (source: Davis et al., 2020, confidence 4.0/5)"
853,720575940621081253,Dm12,Dm_GLUT_confusion,GABA,GLUT,0.58,0.28,0.41759999999999997,full (E1 x E2),"Davis et al., 2020",4.0,"Review for relabel: classifier predicted GABA, literature verifies GLUT (source: Davis et al., 2020, confidence 4.0/5)"
854,720575940623572445,R8,categorical_blindspot_HIST,GABA,"ACH,HIST",0.57,0.27,0.41609999999999997,full (E1 x E2),"Davis et al., 2020; Sarthy 1991",5.0,"Review for relabel: classifier predicted GABA, literature verifies ACH/HIST (source: Davis et al., 2020; Sarthy 1991, confidence 5.0/5)"
855,720575940617737873,ORN_DL4,ORN_SER_confusion,SER,ACH,0.57,0.27,0.41609999999999997,full (E1 x E2),"Carlsson et al., 2010; Yasuyama et al. 1999",5.0,"Review for relabel: classifier predicted SER, literature verifies ACH (source: Carlsson et al., 2010; Yasuyama et al. 1999, confidence 5.0/5)"
856,720575940609774434,hDeltaK,hDeltaK_signature_scan_novel_candidate,SER,ACH,0.52,0.2,0.41600000000000004,full (E1 x E2),"Wolff et al., 2024 (bioRxiv), published 2025 eLife RP104764 -- EASI-FISH neurotransmitter profiling of central complex cell types",3.0,"Review for relabel: classifier predicted SER, signature-scan + literature match indicates ACH (source: Wolff et al., 2024 (bioRxiv), published 2025 eLife RP104764 -- EASI-FISH neurotransmitter profiling of central complex cell types). NOTE: exact per-cell-type data point not independently re-verified beyond the cited paper's existence and topical match -- confirm against the paper's supplementary table before applying."
857,720575940625825820,ORN_DM2,ORN_SER_confusion,SER,ACH,0.52,0.2,0.41600000000000004,full (E1 x E2),"Carlsson et al., 2010; Yasuyama et al. 1999",5.0,"Review for relabel: classifier predicted SER, literature verifies ACH (source: Carlsson et al., 2010; Yasuyama et al. 1999, confidence 5.0/5)"
858,720575940631205420,R8,categorical_blindspot_HIST,GLUT,"ACH,HIST",0.5,0.17,0.415,full (E1 x E2),"Davis et al., 2020; Sarthy 1991",5.0,"Review for relabel: classifier predicted GLUT, literature verifies ACH/HIST (source: Davis et al., 2020; Sarthy 1991, confidence 5.0/5)"
859,720575940621656411,Dm12,Dm_GLUT_confusion,GABA,GLUT,0.61,0.32,0.41479999999999995,full (E1 x E2),"Davis et al., 2020",4.0,"Review for relabel: classifier predicted GABA, literature verifies GLUT (source: Davis et al., 2020, confidence 4.0/5)"
860,720575940626147971,ORN_DM2,ORN_SER_confusion,SER,ACH,0.56,0.26,0.41440000000000005,full (E1 x E2),"Carlsson et al., 2010; Yasuyama et al. 1999",5.0,"Review for relabel: classifier predicted SER, literature verifies ACH (source: Carlsson et al., 2010; Yasuyama et al. 1999, confidence 5.0/5)"
861,720575940641282523,ORN_DM3,ORN_SER_confusion,SER,ACH,0.56,0.26,0.41440000000000005,full (E1 x E2),"Carlsson et al., 2010; Yasuyama et al. 1999",5.0,"Review for relabel: classifier predicted SER, literature verifies ACH (source: Carlsson et al., 2010; Yasuyama et al. 1999, confidence 5.0/5)"
862,720575940625388948,R8,categorical_blindspot_HIST,GABA,"ACH,HIST",0.56,0.26,0.41440000000000005,full (E1 x E2),"Davis et al., 2020; Sarthy 1991",5.0,"Review for relabel: classifier predicted GABA, literature verifies ACH/HIST (source: Davis et al., 2020; Sarthy 1991, confidence 5.0/5)"
863,720575940645050568,R8,categorical_blindspot_HIST,GLUT,"ACH,HIST",0.45,0.08,0.41400000000000003,full (E1 x E2),"Davis et al., 2020; Sarthy 1991",5.0,"Review for relabel: classifier predicted GLUT, literature verifies ACH/HIST (source: Davis et al., 2020; Sarthy 1991, confidence 5.0/5)"
864,720575940620916871,Dm12,Dm_GLUT_confusion,GABA,GLUT,0.6,0.31,0.414,full (E1 x E2),"Davis et al., 2020",4.0,"Review for relabel: classifier predicted GABA, literature verifies GLUT (source: Davis et al., 2020, confidence 4.0/5)"
865,720575940627226761,ORN_DA4l,ORN_SER_confusion,SER,ACH,0.6,0.31,0.414,full (E1 x E2),"Carlsson et al., 2010; Yasuyama et al. 1999",5.0,"Review for relabel: classifier predicted SER, literature verifies ACH (source: Carlsson et al., 2010; Yasuyama et al. 1999, confidence 5.0/5)"
866,720575940620998997,Dm9,Dm9_GLUT_confirmed_via_direct_literature_search,ACH,GLUT,0.47,0.12,0.41359999999999997,full (E1 x E2),"Davis et al., 2020 (as cited in Kind et al., 2021, eLife, doi:10.7554/eLife.71858); Schnaitmann et al., 2024, Front. Mol. Neurosci., doi:10.3389/fnmol.2024.1347540",4.0,"Review for relabel: classifier predicted ACH, literature verifies GLUT (source: Davis et al., 2020 (as cited in Kind et al., 2021, eLife, doi:10.7554/eLife.71858); Schnaitmann et al., 2024, Front. Mol. Neurosci., doi:10.3389/fnmol.2024.1347540)"
867,720575940620030384,ORN_VA2,ORN_SER_confusion,SER,ACH,0.59,0.3,0.413,full (E1 x E2),"Carlsson et al., 2010; Yasuyama et al. 1999",5.0,"Review for relabel: classifier predicted SER, literature verifies ACH (source: Carlsson et al., 2010; Yasuyama et al. 1999, confidence 5.0/5)"
868,720575940624312361,Dm9,Dm9_GLUT_confirmed_via_direct_literature_search,ACH,GLUT,0.48,0.14,0.4128,full (E1 x E2),"Davis et al., 2020 (as cited in Kind et al., 2021, eLife, doi:10.7554/eLife.71858); Schnaitmann et al., 2024, Front. Mol. Neurosci., doi:10.3389/fnmol.2024.1347540",4.0,"Review for relabel: classifier predicted ACH, literature verifies GLUT (source: Davis et al., 2020 (as cited in Kind et al., 2021, eLife, doi:10.7554/eLife.71858); Schnaitmann et al., 2024, Front. Mol. Neurosci., doi:10.3389/fnmol.2024.1347540)"
869,720575940628688616,R8,categorical_blindspot_HIST,GABA,"ACH,HIST",0.55,0.25,0.41250000000000003,full (E1 x E2),"Davis et al., 2020; Sarthy 1991",5.0,"Review for relabel: classifier predicted GABA, literature verifies ACH/HIST (source: Davis et al., 2020; Sarthy 1991, confidence 5.0/5)"
870,720575940620685889,ORN_DM3,ORN_SER_confusion,SER,ACH,0.55,0.25,0.41250000000000003,full (E1 x E2),"Carlsson et al., 2010; Yasuyama et al. 1999",5.0,"Review for relabel: classifier predicted SER, literature verifies ACH (source: Carlsson et al., 2010; Yasuyama et al. 1999, confidence 5.0/5)"
871,720575940627481630,Dm1,Dm_GLUT_confusion,GABA,GLUT,0.55,0.25,0.41250000000000003,full (E1 x E2),"Davis et al., 2020",4.0,"Review for relabel: classifier predicted GABA, literature verifies GLUT (source: Davis et al., 2020, confidence 4.0/5)"
872,720575940614727720,R8,categorical_blindspot_HIST,GLUT,"ACH,HIST",0.58,0.29,0.41179999999999994,full (E1 x E2),"Davis et al., 2020; Sarthy 1991",5.0,"Review for relabel: classifier predicted GLUT, literature verifies ACH/HIST (source: Davis et al., 2020; Sarthy 1991, confidence 5.0/5)"
873,720575940623243485,Dm12,Dm_GLUT_confusion,GABA,GLUT,0.58,0.29,0.41179999999999994,full (E1 x E2),"Davis et al., 2020",4.0,"Review for relabel: classifier predicted GABA, literature verifies GLUT (source: Davis et al., 2020, confidence 4.0/5)"
874,720575940639163108,Dm1,Dm_GLUT_confusion,GABA,GLUT,0.58,0.29,0.41179999999999994,full (E1 x E2),"Davis et al., 2020",4.0,"Review for relabel: classifier predicted GABA, literature verifies GLUT (source: Davis et al., 2020, confidence 4.0/5)"
875,720575940629622607,R7,categorical_blindspot_HIST,GABA,HIST,0.41,,0.41,categorical_blindspot (E1 only),"Davis et al., 2020",4.0,"Review for relabel: classifier predicted GABA, literature verifies HIST (source: Davis et al., 2020, confidence 4.0/5)"
876,720575940648554628,R7,categorical_blindspot_HIST,GLUT,HIST,0.41,,0.41,categorical_blindspot (E1 only),"Davis et al., 2020",4.0,"Review for relabel: classifier predicted GLUT, literature verifies HIST (source: Davis et al., 2020, confidence 4.0/5)"
877,720575940623743768,R7,categorical_blindspot_HIST,ACH,HIST,0.41,,0.41,categorical_blindspot (E1 only),"Davis et al., 2020",4.0,"Review for relabel: classifier predicted ACH, literature verifies HIST (source: Davis et al., 2020, confidence 4.0/5)"
878,720575940621956161,R7,categorical_blindspot_HIST,GLUT,HIST,0.41,,0.41,categorical_blindspot (E1 only),"Davis et al., 2020",4.0,"Review for relabel: classifier predicted GLUT, literature verifies HIST (source: Davis et al., 2020, confidence 4.0/5)"
879,720575940622689524,R7,categorical_blindspot_HIST,DA,HIST,0.41,,0.41,categorical_blindspot (E1 only),"Davis et al., 2020",4.0,"Review for relabel: classifier predicted DA, literature verifies HIST (source: Davis et al., 2020, confidence 4.0/5)"
880,720575940618367377,R7,categorical_blindspot_HIST,GLUT,HIST,0.41,,0.41,categorical_blindspot (E1 only),"Davis et al., 2020",4.0,"Review for relabel: classifier predicted GLUT, literature verifies HIST (source: Davis et al., 2020, confidence 4.0/5)"
881,720575940625817102,R7,categorical_blindspot_HIST,GLUT,HIST,0.41,,0.41,categorical_blindspot (E1 only),"Davis et al., 2020",4.0,"Review for relabel: classifier predicted GLUT, literature verifies HIST (source: Davis et al., 2020, confidence 4.0/5)"
882,720575940625906190,R7,categorical_blindspot_HIST,GLUT,HIST,0.41,,0.41,categorical_blindspot (E1 only),"Davis et al., 2020",4.0,"Review for relabel: classifier predicted GLUT, literature verifies HIST (source: Davis et al., 2020, confidence 4.0/5)"
883,720575940613467158,R7,categorical_blindspot_HIST,ACH,HIST,0.41,,0.41,categorical_blindspot (E1 only),"Davis et al., 2020",4.0,"Review for relabel: classifier predicted ACH, literature verifies HIST (source: Davis et al., 2020, confidence 4.0/5)"
884,720575940615182033,R7,categorical_blindspot_HIST,ACH,HIST,0.41,,0.41,categorical_blindspot (E1 only),"Davis et al., 2020",4.0,"Review for relabel: classifier predicted ACH, literature verifies HIST (source: Davis et al., 2020, confidence 4.0/5)"
885,720575940619880758,R7,categorical_blindspot_HIST,ACH,HIST,0.41,,0.41,categorical_blindspot (E1 only),"Davis et al., 2020",4.0,"Review for relabel: classifier predicted ACH, literature verifies HIST (source: Davis et al., 2020, confidence 4.0/5)"
886,720575940635609751,R7,categorical_blindspot_HIST,GLUT,HIST,0.41,,0.41,categorical_blindspot (E1 only),"Davis et al., 2020",4.0,"Review for relabel: classifier predicted GLUT, literature verifies HIST (source: Davis et al., 2020, confidence 4.0/5)"
887,720575940633519308,R7,categorical_blindspot_HIST,GABA,HIST,0.41,,0.41,categorical_blindspot (E1 only),"Davis et al., 2020",4.0,"Review for relabel: classifier predicted GABA, literature verifies HIST (source: Davis et al., 2020, confidence 4.0/5)"
888,720575940628767899,R7,categorical_blindspot_HIST,GLUT,HIST,0.41,,0.41,categorical_blindspot (E1 only),"Davis et al., 2020",4.0,"Review for relabel: classifier predicted GLUT, literature verifies HIST (source: Davis et al., 2020, confidence 4.0/5)"
889,720575940637054831,Dm9,Dm9_GLUT_confirmed_via_direct_literature_search,ACH,GLUT,0.45,0.09,0.40950000000000003,full (E1 x E2),"Davis et al., 2020 (as cited in Kind et al., 2021, eLife, doi:10.7554/eLife.71858); Schnaitmann et al., 2024, Front. Mol. Neurosci., doi:10.3389/fnmol.2024.1347540",4.0,"Review for relabel: classifier predicted ACH, literature verifies GLUT (source: Davis et al., 2020 (as cited in Kind et al., 2021, eLife, doi:10.7554/eLife.71858); Schnaitmann et al., 2024, Front. Mol. Neurosci., doi:10.3389/fnmol.2024.1347540)"
890,720575940628244361,Dm9,Dm9_GLUT_confirmed_via_direct_literature_search,ACH,GLUT,0.46,0.11,0.40940000000000004,full (E1 x E2),"Davis et al., 2020 (as cited in Kind et al., 2021, eLife, doi:10.7554/eLife.71858); Schnaitmann et al., 2024, Front. Mol. Neurosci., doi:10.3389/fnmol.2024.1347540",4.0,"Review for relabel: classifier predicted ACH, literature verifies GLUT (source: Davis et al., 2020 (as cited in Kind et al., 2021, eLife, doi:10.7554/eLife.71858); Schnaitmann et al., 2024, Front. Mol. Neurosci., doi:10.3389/fnmol.2024.1347540)"
891,720575940624145449,Dm12,Dm_GLUT_confusion,GABA,GLUT,0.61,0.33,0.40869999999999995,full (E1 x E2),"Davis et al., 2020",4.0,"Review for relabel: classifier predicted GABA, literature verifies GLUT (source: Davis et al., 2020, confidence 4.0/5)"
892,720575940624318758,R8,categorical_blindspot_HIST,GLUT,"ACH,HIST",0.53,0.23,0.4081,full (E1 x E2),"Davis et al., 2020; Sarthy 1991",5.0,"Review for relabel: classifier predicted GLUT, literature verifies ACH/HIST (source: Davis et al., 2020; Sarthy 1991, confidence 5.0/5)"
893,720575940605579110,ORN_DA4l,ORN_SER_confusion,SER,ACH,0.53,0.23,0.4081,full (E1 x E2),"Carlsson et al., 2010; Yasuyama et al. 1999",5.0,"Review for relabel: classifier predicted SER, literature verifies ACH (source: Carlsson et al., 2010; Yasuyama et al. 1999, confidence 5.0/5)"
894,720575940629888599,ORN_DL4,ORN_SER_confusion,SER,ACH,0.51,0.2,0.40800000000000003,full (E1 x E2),"Carlsson et al., 2010; Yasuyama et al. 1999",5.0,"Review for relabel: classifier predicted SER, literature verifies ACH (source: Carlsson et al., 2010; Yasuyama et al. 1999, confidence 5.0/5)"
895,720575940628216201,Dm12,Dm_GLUT_confusion,GABA,GLUT,0.6,0.32,0.408,full (E1 x E2),"Davis et al., 2020",4.0,"Review for relabel: classifier predicted GABA, literature verifies GLUT (source: Davis et al., 2020, confidence 4.0/5)"
896,720575940633989037,TmY16,TmY16_signature_scan_novel_candidate,GABA,GLUT,0.59,0.31,0.40709999999999996,full (E1 x E2),"Nern et al., 2024 (bioRxiv), published 2025 Nature 641:1225-1237 -- EASI-FISH/connectome-driven visual system neural inventory",3.0,"Review for relabel: classifier predicted GABA, signature-scan + literature match indicates GLUT (source: Nern et al., 2024 (bioRxiv), published 2025 Nature 641:1225-1237 -- EASI-FISH/connectome-driven visual system neural inventory). NOTE: exact per-cell-type data point not independently re-verified beyond the cited paper's existence and topical match -- confirm against the paper's supplementary table before applying."
897,720575940616700466,TmY16,TmY16_signature_scan_novel_candidate,GABA,GLUT,0.59,0.31,0.40709999999999996,full (E1 x E2),"Nern et al., 2024 (bioRxiv), published 2025 Nature 641:1225-1237 -- EASI-FISH/connectome-driven visual system neural inventory",3.0,"Review for relabel: classifier predicted GABA, signature-scan + literature match indicates GLUT (source: Nern et al., 2024 (bioRxiv), published 2025 Nature 641:1225-1237 -- EASI-FISH/connectome-driven visual system neural inventory). NOTE: exact per-cell-type data point not independently re-verified beyond the cited paper's existence and topical match -- confirm against the paper's supplementary table before applying."
898,720575940615052946,R8,categorical_blindspot_HIST,GABA,"ACH,HIST",0.55,0.26,0.40700000000000003,full (E1 x E2),"Davis et al., 2020; Sarthy 1991",5.0,"Review for relabel: classifier predicted GABA, literature verifies ACH/HIST (source: Davis et al., 2020; Sarthy 1991, confidence 5.0/5)"
899,720575940633523808,ORN_DL4,ORN_SER_confusion,SER,ACH,0.49,0.17,0.40669999999999995,full (E1 x E2),"Carlsson et al., 2010; Yasuyama et al. 1999",5.0,"Review for relabel: classifier predicted SER, literature verifies ACH (source: Carlsson et al., 2010; Yasuyama et al. 1999, confidence 5.0/5)"
900,720575940646672260,ORN_DM3,ORN_SER_confusion,SER,ACH,0.5,0.19,0.405,full (E1 x E2),"Carlsson et al., 2010; Yasuyama et al. 1999",5.0,"Review for relabel: classifier predicted SER, literature verifies ACH (source: Carlsson et al., 2010; Yasuyama et al. 1999, confidence 5.0/5)"
901,720575940631524695,R8,categorical_blindspot_HIST,GLUT,"ACH,HIST",0.5,0.19,0.405,full (E1 x E2),"Davis et al., 2020; Sarthy 1991",5.0,"Review for relabel: classifier predicted GLUT, literature verifies ACH/HIST (source: Davis et al., 2020; Sarthy 1991, confidence 5.0/5)"
902,720575940623758616,R8,categorical_blindspot_HIST,GLUT,"ACH,HIST",0.45,0.1,0.405,full (E1 x E2),"Davis et al., 2020; Sarthy 1991",5.0,"Review for relabel: classifier predicted GLUT, literature verifies ACH/HIST (source: Davis et al., 2020; Sarthy 1991, confidence 5.0/5)"
903,720575940628762600,R8,categorical_blindspot_HIST,GLUT,"ACH,HIST",0.57,0.29,0.40469999999999995,full (E1 x E2),"Davis et al., 2020; Sarthy 1991",5.0,"Review for relabel: classifier predicted GLUT, literature verifies ACH/HIST (source: Davis et al., 2020; Sarthy 1991, confidence 5.0/5)"
904,720575940637846069,ORN_VA2,ORN_SER_confusion,SER,ACH,0.56,0.28,0.4032,full (E1 x E2),"Carlsson et al., 2010; Yasuyama et al. 1999",5.0,"Review for relabel: classifier predicted SER, literature verifies ACH (source: Carlsson et al., 2010; Yasuyama et al. 1999, confidence 5.0/5)"
905,720575940628449082,Dm9,Dm9_GLUT_confirmed_via_direct_literature_search,ACH,GLUT,0.48,0.16,0.40319999999999995,full (E1 x E2),"Davis et al., 2020 (as cited in Kind et al., 2021, eLife, doi:10.7554/eLife.71858); Schnaitmann et al., 2024, Front. Mol. Neurosci., doi:10.3389/fnmol.2024.1347540",4.0,"Review for relabel: classifier predicted ACH, literature verifies GLUT (source: Davis et al., 2020 (as cited in Kind et al., 2021, eLife, doi:10.7554/eLife.71858); Schnaitmann et al., 2024, Front. Mol. Neurosci., doi:10.3389/fnmol.2024.1347540)"
906,720575940625440235,Dm9,Dm9_GLUT_confirmed_via_direct_literature_search,ACH,GLUT,0.48,0.16,0.40319999999999995,full (E1 x E2),"Davis et al., 2020 (as cited in Kind et al., 2021, eLife, doi:10.7554/eLife.71858); Schnaitmann et al., 2024, Front. Mol. Neurosci., doi:10.3389/fnmol.2024.1347540",4.0,"Review for relabel: classifier predicted ACH, literature verifies GLUT (source: Davis et al., 2020 (as cited in Kind et al., 2021, eLife, doi:10.7554/eLife.71858); Schnaitmann et al., 2024, Front. Mol. Neurosci., doi:10.3389/fnmol.2024.1347540)"
907,720575940625940156,Dm9,Dm9_GLUT_confirmed_via_direct_literature_search,ACH,GLUT,0.51,0.21,0.40290000000000004,full (E1 x E2),"Davis et al., 2020 (as cited in Kind et al., 2021, eLife, doi:10.7554/eLife.71858); Schnaitmann et al., 2024, Front. Mol. Neurosci., doi:10.3389/fnmol.2024.1347540",4.0,"Review for relabel: classifier predicted ACH, literature verifies GLUT (source: Davis et al., 2020 (as cited in Kind et al., 2021, eLife, doi:10.7554/eLife.71858); Schnaitmann et al., 2024, Front. Mol. Neurosci., doi:10.3389/fnmol.2024.1347540)"
908,720575940612962197,Dm9,Dm9_GLUT_confirmed_via_direct_literature_search,ACH,GLUT,0.51,0.21,0.40290000000000004,full (E1 x E2),"Davis et al., 2020 (as cited in Kind et al., 2021, eLife, doi:10.7554/eLife.71858); Schnaitmann et al., 2024, Front. Mol. Neurosci., doi:10.3389/fnmol.2024.1347540",4.0,"Review for relabel: classifier predicted ACH, literature verifies GLUT (source: Davis et al., 2020 (as cited in Kind et al., 2021, eLife, doi:10.7554/eLife.71858); Schnaitmann et al., 2024, Front. Mol. Neurosci., doi:10.3389/fnmol.2024.1347540)"
909,720575940613430245,R8,categorical_blindspot_HIST,GLUT,"ACH,HIST",0.53,0.24,0.40280000000000005,full (E1 x E2),"Davis et al., 2020; Sarthy 1991",5.0,"Review for relabel: classifier predicted GLUT, literature verifies ACH/HIST (source: Davis et al., 2020; Sarthy 1991, confidence 5.0/5)"
910,720575940640426611,R8,categorical_blindspot_HIST,GLUT,"ACH,HIST",0.52,0.23,0.40040000000000003,full (E1 x E2),"Davis et al., 2020; Sarthy 1991",5.0,"Review for relabel: classifier predicted GLUT, literature verifies ACH/HIST (source: Davis et al., 2020; Sarthy 1991, confidence 5.0/5)"
911,720575940623276471,ORN_DL4,ORN_SER_confusion,SER,ACH,0.52,0.23,0.40040000000000003,full (E1 x E2),"Carlsson et al., 2010; Yasuyama et al. 1999",5.0,"Review for relabel: classifier predicted SER, literature verifies ACH (source: Carlsson et al., 2010; Yasuyama et al. 1999, confidence 5.0/5)"
912,720575940625495298,ORN_VM3,ORN_SER_confusion,SER,ACH,0.58,0.31,0.40019999999999994,full (E1 x E2),"Carlsson et al., 2010; Yasuyama et al. 1999",5.0,"Review for relabel: classifier predicted SER, literature verifies ACH (source: Carlsson et al., 2010; Yasuyama et al. 1999, confidence 5.0/5)"
913,720575940640047925,R8,categorical_blindspot_HIST,GABA,"ACH,HIST",0.5,0.2,0.4,full (E1 x E2),"Davis et al., 2020; Sarthy 1991",5.0,"Review for relabel: classifier predicted GABA, literature verifies ACH/HIST (source: Davis et al., 2020; Sarthy 1991, confidence 5.0/5)"
914,720575940631317292,R7,categorical_blindspot_HIST,GLUT,HIST,0.4,,0.4,categorical_blindspot (E1 only),"Davis et al., 2020",4.0,"Review for relabel: classifier predicted GLUT, literature verifies HIST (source: Davis et al., 2020, confidence 4.0/5)"
915,720575940621566630,R7,categorical_blindspot_HIST,GLUT,HIST,0.4,,0.4,categorical_blindspot (E1 only),"Davis et al., 2020",4.0,"Review for relabel: classifier predicted GLUT, literature verifies HIST (source: Davis et al., 2020, confidence 4.0/5)"
916,720575940628300090,R7,categorical_blindspot_HIST,GLUT,HIST,0.4,,0.4,categorical_blindspot (E1 only),"Davis et al., 2020",4.0,"Review for relabel: classifier predicted GLUT, literature verifies HIST (source: Davis et al., 2020, confidence 4.0/5)"
917,720575940628823281,R7,categorical_blindspot_HIST,ACH,HIST,0.4,,0.4,categorical_blindspot (E1 only),"Davis et al., 2020",4.0,"Review for relabel: classifier predicted ACH, literature verifies HIST (source: Davis et al., 2020, confidence 4.0/5)"
918,720575940639448528,ORN_VA2,ORN_SER_confusion,SER,ACH,0.54,0.26,0.3996,full (E1 x E2),"Carlsson et al., 2010; Yasuyama et al. 1999",5.0,"Review for relabel: classifier predicted SER, literature verifies ACH (source: Carlsson et al., 2010; Yasuyama et al. 1999, confidence 5.0/5)"
919,720575940634703987,ORN_DM3,ORN_SER_confusion,SER,ACH,0.54,0.26,0.3996,full (E1 x E2),"Carlsson et al., 2010; Yasuyama et al. 1999",5.0,"Review for relabel: classifier predicted SER, literature verifies ACH (source: Carlsson et al., 2010; Yasuyama et al. 1999, confidence 5.0/5)"
920,720575940625418475,R8,categorical_blindspot_HIST,GLUT,"ACH,HIST",0.42,0.05,0.39899999999999997,full (E1 x E2),"Davis et al., 2020; Sarthy 1991",5.0,"Review for relabel: classifier predicted GLUT, literature verifies ACH/HIST (source: Davis et al., 2020; Sarthy 1991, confidence 5.0/5)"
921,720575940626375501,R8,categorical_blindspot_HIST,GLUT,"ACH,HIST",0.57,0.3,0.39899999999999997,full (E1 x E2),"Davis et al., 2020; Sarthy 1991",5.0,"Review for relabel: classifier predicted GLUT, literature verifies ACH/HIST (source: Davis et al., 2020; Sarthy 1991, confidence 5.0/5)"
922,720575940623026357,ORN_DL4,ORN_SER_confusion,SER,ACH,0.51,0.22,0.39780000000000004,full (E1 x E2),"Carlsson et al., 2010; Yasuyama et al. 1999",5.0,"Review for relabel: classifier predicted SER, literature verifies ACH (source: Carlsson et al., 2010; Yasuyama et al. 1999, confidence 5.0/5)"
923,720575940623071485,ORN_DL4,ORN_SER_confusion,SER,ACH,0.51,0.22,0.39780000000000004,full (E1 x E2),"Carlsson et al., 2010; Yasuyama et al. 1999",5.0,"Review for relabel: classifier predicted SER, literature verifies ACH (source: Carlsson et al., 2010; Yasuyama et al. 1999, confidence 5.0/5)"
924,720575940625057515,Dm12,Dm_GLUT_confusion,GABA,GLUT,0.56,0.29,0.3976,full (E1 x E2),"Davis et al., 2020",4.0,"Review for relabel: classifier predicted GABA, literature verifies GLUT (source: Davis et al., 2020, confidence 4.0/5)"
925,720575940639070554,Dm12,Dm_GLUT_confusion,GABA,GLUT,0.56,0.29,0.3976,full (E1 x E2),"Davis et al., 2020",4.0,"Review for relabel: classifier predicted GABA, literature verifies GLUT (source: Davis et al., 2020, confidence 4.0/5)"
926,720575940641677008,TmY16,TmY16_signature_scan_novel_candidate,GABA,GLUT,0.56,0.29,0.3976,full (E1 x E2),"Nern et al., 2024 (bioRxiv), published 2025 Nature 641:1225-1237 -- EASI-FISH/connectome-driven visual system neural inventory",3.0,"Review for relabel: classifier predicted GABA, signature-scan + literature match indicates GLUT (source: Nern et al., 2024 (bioRxiv), published 2025 Nature 641:1225-1237 -- EASI-FISH/connectome-driven visual system neural inventory). NOTE: exact per-cell-type data point not independently re-verified beyond the cited paper's existence and topical match -- confirm against the paper's supplementary table before applying."
927,720575940616713473,ORN_DM2,ORN_SER_confusion,SER,ACH,0.53,0.25,0.3975,full (E1 x E2),"Carlsson et al., 2010; Yasuyama et al. 1999",5.0,"Review for relabel: classifier predicted SER, literature verifies ACH (source: Carlsson et al., 2010; Yasuyama et al. 1999, confidence 5.0/5)"
928,720575940620577217,ORN_DM2,ORN_SER_confusion,SER,ACH,0.53,0.25,0.3975,full (E1 x E2),"Carlsson et al., 2010; Yasuyama et al. 1999",5.0,"Review for relabel: classifier predicted SER, literature verifies ACH (source: Carlsson et al., 2010; Yasuyama et al. 1999, confidence 5.0/5)"
929,720575940612254670,Dm12,Dm_GLUT_confusion,GABA,GLUT,0.55,0.28,0.396,full (E1 x E2),"Davis et al., 2020",4.0,"Review for relabel: classifier predicted GABA, literature verifies GLUT (source: Davis et al., 2020, confidence 4.0/5)"
930,720575940626977636,Dm1,Dm_GLUT_confusion,GABA,GLUT,0.55,0.28,0.396,full (E1 x E2),"Davis et al., 2020",4.0,"Review for relabel: classifier predicted GABA, literature verifies GLUT (source: Davis et al., 2020, confidence 4.0/5)"
931,720575940618145147,ORN_DL4,ORN_SER_confusion,SER,ACH,0.55,0.28,0.396,full (E1 x E2),"Carlsson et al., 2010; Yasuyama et al. 1999",5.0,"Review for relabel: classifier predicted SER, literature verifies ACH (source: Carlsson et al., 2010; Yasuyama et al. 1999, confidence 5.0/5)"
932,720575940632697508,Dm1,Dm_GLUT_confusion,GABA,GLUT,0.55,0.28,0.396,full (E1 x E2),"Davis et al., 2020",4.0,"Review for relabel: classifier predicted GABA, literature verifies GLUT (source: Davis et al., 2020, confidence 4.0/5)"
933,720575940620957168,ORN_DA4l,ORN_SER_confusion,SER,ACH,0.6,0.34,0.39599999999999996,full (E1 x E2),"Carlsson et al., 2010; Yasuyama et al. 1999",5.0,"Review for relabel: classifier predicted SER, literature verifies ACH (source: Carlsson et al., 2010; Yasuyama et al. 1999, confidence 5.0/5)"
934,720575940616599362,Dm9,Dm9_GLUT_confirmed_via_direct_literature_search,ACH,GLUT,0.46,0.14,0.3956,full (E1 x E2),"Davis et al., 2020 (as cited in Kind et al., 2021, eLife, doi:10.7554/eLife.71858); Schnaitmann et al., 2024, Front. Mol. Neurosci., doi:10.3389/fnmol.2024.1347540",4.0,"Review for relabel: classifier predicted ACH, literature verifies GLUT (source: Davis et al., 2020 (as cited in Kind et al., 2021, eLife, doi:10.7554/eLife.71858); Schnaitmann et al., 2024, Front. Mol. Neurosci., doi:10.3389/fnmol.2024.1347540)"
935,720575940623318908,Dm9,Dm9_GLUT_confirmed_via_direct_literature_search,ACH,GLUT,0.46,0.14,0.3956,full (E1 x E2),"Davis et al., 2020 (as cited in Kind et al., 2021, eLife, doi:10.7554/eLife.71858); Schnaitmann et al., 2024, Front. Mol. Neurosci., doi:10.3389/fnmol.2024.1347540",4.0,"Review for relabel: classifier predicted ACH, literature verifies GLUT (source: Davis et al., 2020 (as cited in Kind et al., 2021, eLife, doi:10.7554/eLife.71858); Schnaitmann et al., 2024, Front. Mol. Neurosci., doi:10.3389/fnmol.2024.1347540)"
936,720575940624565941,Dm12,Dm_GLUT_confusion,GABA,GLUT,0.59,0.33,0.39529999999999993,full (E1 x E2),"Davis et al., 2020",4.0,"Review for relabel: classifier predicted GABA, literature verifies GLUT (source: Davis et al., 2020, confidence 4.0/5)"
937,720575940640690339,R8,categorical_blindspot_HIST,GLUT,"ACH,HIST",0.52,0.24,0.3952,full (E1 x E2),"Davis et al., 2020; Sarthy 1991",5.0,"Review for relabel: classifier predicted GLUT, literature verifies ACH/HIST (source: Davis et al., 2020; Sarthy 1991, confidence 5.0/5)"
938,720575940621192436,ORN_V,ORN_SER_confusion,SER,ACH,0.5,0.21,0.395,full (E1 x E2),"Carlsson et al., 2010; Yasuyama et al. 1999",5.0,"Review for relabel: classifier predicted SER, literature verifies ACH (source: Carlsson et al., 2010; Yasuyama et al. 1999, confidence 5.0/5)"
939,720575940635133803,Dm12,Dm_GLUT_confusion,GABA,GLUT,0.54,0.27,0.3942,full (E1 x E2),"Davis et al., 2020",4.0,"Review for relabel: classifier predicted GABA, literature verifies GLUT (source: Davis et al., 2020, confidence 4.0/5)"
940,720575940632696377,R8,categorical_blindspot_HIST,GLUT,"ACH,HIST",0.54,0.27,0.3942,full (E1 x E2),"Davis et al., 2020; Sarthy 1991",5.0,"Review for relabel: classifier predicted GLUT, literature verifies ACH/HIST (source: Davis et al., 2020; Sarthy 1991, confidence 5.0/5)"
941,720575940625362020,ORN_DA4l,ORN_SER_confusion,SER,ACH,0.54,0.27,0.3942,full (E1 x E2),"Carlsson et al., 2010; Yasuyama et al. 1999",5.0,"Review for relabel: classifier predicted SER, literature verifies ACH (source: Carlsson et al., 2010; Yasuyama et al. 1999, confidence 5.0/5)"
942,720575940621204556,ORN_DM3,ORN_SER_confusion,SER,ACH,0.53,0.26,0.3922,full (E1 x E2),"Carlsson et al., 2010; Yasuyama et al. 1999",5.0,"Review for relabel: classifier predicted SER, literature verifies ACH (source: Carlsson et al., 2010; Yasuyama et al. 1999, confidence 5.0/5)"
943,720575940624264340,ORN_DA4m,ORN_SER_confusion,SER,ACH,0.56,0.3,0.392,full (E1 x E2),"Carlsson et al., 2010; Yasuyama et al. 1999",5.0,"Review for relabel: classifier predicted SER, literature verifies ACH (source: Carlsson et al., 2010; Yasuyama et al. 1999, confidence 5.0/5)"
944,720575940620910160,R8,categorical_blindspot_HIST,GLUT,"ACH,HIST",0.49,0.2,0.392,full (E1 x E2),"Davis et al., 2020; Sarthy 1991",5.0,"Review for relabel: classifier predicted GLUT, literature verifies ACH/HIST (source: Davis et al., 2020; Sarthy 1991, confidence 5.0/5)"
945,720575940630276199,Dm9,Dm9_GLUT_confirmed_via_direct_literature_search,ACH,GLUT,0.45,0.13,0.3915,full (E1 x E2),"Davis et al., 2020 (as cited in Kind et al., 2021, eLife, doi:10.7554/eLife.71858); Schnaitmann et al., 2024, Front. Mol. Neurosci., doi:10.3389/fnmol.2024.1347540",4.0,"Review for relabel: classifier predicted ACH, literature verifies GLUT (source: Davis et al., 2020 (as cited in Kind et al., 2021, eLife, doi:10.7554/eLife.71858); Schnaitmann et al., 2024, Front. Mol. Neurosci., doi:10.3389/fnmol.2024.1347540)"
946,720575940641073024,R8,categorical_blindspot_HIST,GLUT,"ACH,HIST",0.55,0.29,0.3905,full (E1 x E2),"Davis et al., 2020; Sarthy 1991",5.0,"Review for relabel: classifier predicted GLUT, literature verifies ACH/HIST (source: Davis et al., 2020; Sarthy 1991, confidence 5.0/5)"
947,720575940625041812,TmY16,TmY16_signature_scan_novel_candidate,GABA,GLUT,0.55,0.29,0.3905,full (E1 x E2),"Nern et al., 2024 (bioRxiv), published 2025 Nature 641:1225-1237 -- EASI-FISH/connectome-driven visual system neural inventory",3.0,"Review for relabel: classifier predicted GABA, signature-scan + literature match indicates GLUT (source: Nern et al., 2024 (bioRxiv), published 2025 Nature 641:1225-1237 -- EASI-FISH/connectome-driven visual system neural inventory). NOTE: exact per-cell-type data point not independently re-verified beyond the cited paper's existence and topical match -- confirm against the paper's supplementary table before applying."
948,720575940637271214,Dm12,Dm_GLUT_confusion,GABA,GLUT,0.55,0.29,0.3905,full (E1 x E2),"Davis et al., 2020",4.0,"Review for relabel: classifier predicted GABA, literature verifies GLUT (source: Davis et al., 2020, confidence 4.0/5)"
949,720575940629797648,R8,categorical_blindspot_HIST,GLUT,"ACH,HIST",0.47,0.17,0.39009999999999995,full (E1 x E2),"Davis et al., 2020; Sarthy 1991",5.0,"Review for relabel: classifier predicted GLUT, literature verifies ACH/HIST (source: Davis et al., 2020; Sarthy 1991, confidence 5.0/5)"
950,720575940617625883,R7,categorical_blindspot_HIST,GLUT,HIST,0.39,,0.39,categorical_blindspot (E1 only),"Davis et al., 2020",4.0,"Review for relabel: classifier predicted GLUT, literature verifies HIST (source: Davis et al., 2020, confidence 4.0/5)"
951,720575940632649795,R7,categorical_blindspot_HIST,GABA,HIST,0.39,,0.39,categorical_blindspot (E1 only),"Davis et al., 2020",4.0,"Review for relabel: classifier predicted GABA, literature verifies HIST (source: Davis et al., 2020, confidence 4.0/5)"
952,720575940613201075,R7,categorical_blindspot_HIST,ACH,HIST,0.39,,0.39,categorical_blindspot (E1 only),"Davis et al., 2020",4.0,"Review for relabel: classifier predicted ACH, literature verifies HIST (source: Davis et al., 2020, confidence 4.0/5)"
953,720575940632108586,R7,categorical_blindspot_HIST,GLUT,HIST,0.39,,0.39,categorical_blindspot (E1 only),"Davis et al., 2020",4.0,"Review for relabel: classifier predicted GLUT, literature verifies HIST (source: Davis et al., 2020, confidence 4.0/5)"
954,720575940613636266,R7,categorical_blindspot_HIST,ACH,HIST,0.39,,0.39,categorical_blindspot (E1 only),"Davis et al., 2020",4.0,"Review for relabel: classifier predicted ACH, literature verifies HIST (source: Davis et al., 2020, confidence 4.0/5)"
955,720575940621110305,ORN_DL4,ORN_SER_confusion,SER,ACH,0.52,0.25,0.39,full (E1 x E2),"Carlsson et al., 2010; Yasuyama et al. 1999",5.0,"Review for relabel: classifier predicted SER, literature verifies ACH (source: Carlsson et al., 2010; Yasuyama et al. 1999, confidence 5.0/5)"
956,720575940634132634,R7,categorical_blindspot_HIST,GLUT,HIST,0.39,,0.39,categorical_blindspot (E1 only),"Davis et al., 2020",4.0,"Review for relabel: classifier predicted GLUT, literature verifies HIST (source: Davis et al., 2020, confidence 4.0/5)"
957,720575940631904719,R7,categorical_blindspot_HIST,GABA,HIST,0.39,,0.39,categorical_blindspot (E1 only),"Davis et al., 2020",4.0,"Review for relabel: classifier predicted GABA, literature verifies HIST (source: Davis et al., 2020, confidence 4.0/5)"
958,720575940615173799,R7,categorical_blindspot_HIST,GLUT,HIST,0.39,,0.39,categorical_blindspot (E1 only),"Davis et al., 2020",4.0,"Review for relabel: classifier predicted GLUT, literature verifies HIST (source: Davis et al., 2020, confidence 4.0/5)"
959,720575940615613855,R7,categorical_blindspot_HIST,ACH,HIST,0.39,,0.39,categorical_blindspot (E1 only),"Davis et al., 2020",4.0,"Review for relabel: classifier predicted ACH, literature verifies HIST (source: Davis et al., 2020, confidence 4.0/5)"
960,720575940628240906,R7,categorical_blindspot_HIST,ACH,HIST,0.39,,0.39,categorical_blindspot (E1 only),"Davis et al., 2020",4.0,"Review for relabel: classifier predicted ACH, literature verifies HIST (source: Davis et al., 2020, confidence 4.0/5)"
961,720575940622614260,R7,categorical_blindspot_HIST,GLUT,HIST,0.39,,0.39,categorical_blindspot (E1 only),"Davis et al., 2020",4.0,"Review for relabel: classifier predicted GLUT, literature verifies HIST (source: Davis et al., 2020, confidence 4.0/5)"
962,720575940653436406,R7,categorical_blindspot_HIST,GLUT,HIST,0.39,,0.39,categorical_blindspot (E1 only),"Davis et al., 2020",4.0,"Review for relabel: classifier predicted GLUT, literature verifies HIST (source: Davis et al., 2020, confidence 4.0/5)"
963,720575940621132969,ORN_DL3,ORN_SER_confusion,SER,ACH,0.54,0.28,0.38880000000000003,full (E1 x E2),"Carlsson et al., 2010; Yasuyama et al. 1999",5.0,"Review for relabel: classifier predicted SER, literature verifies ACH (source: Carlsson et al., 2010; Yasuyama et al. 1999, confidence 5.0/5)"
964,720575940620949328,R8,categorical_blindspot_HIST,GLUT,"ACH,HIST",0.48,0.19,0.38880000000000003,full (E1 x E2),"Davis et al., 2020; Sarthy 1991",5.0,"Review for relabel: classifier predicted GLUT, literature verifies ACH/HIST (source: Davis et al., 2020; Sarthy 1991, confidence 5.0/5)"
965,720575940636741488,ORN_DM2,ORN_SER_confusion,SER,ACH,0.51,0.24,0.3876,full (E1 x E2),"Carlsson et al., 2010; Yasuyama et al. 1999",5.0,"Review for relabel: classifier predicted SER, literature verifies ACH (source: Carlsson et al., 2010; Yasuyama et al. 1999, confidence 5.0/5)"
966,720575940628296872,R8,categorical_blindspot_HIST,OCT,"ACH,HIST",0.45,0.14,0.387,full (E1 x E2),"Davis et al., 2020; Sarthy 1991",5.0,"Review for relabel: classifier predicted OCT, literature verifies ACH/HIST (source: Davis et al., 2020; Sarthy 1991, confidence 5.0/5)"
967,720575940625061384,R8,categorical_blindspot_HIST,GLUT,"ACH,HIST",0.43,0.1,0.387,full (E1 x E2),"Davis et al., 2020; Sarthy 1991",5.0,"Review for relabel: classifier predicted GLUT, literature verifies ACH/HIST (source: Davis et al., 2020; Sarthy 1991, confidence 5.0/5)"
968,720575940624975909,ORN_DM3,ORN_SER_confusion,SER,ACH,0.53,0.27,0.3869,full (E1 x E2),"Carlsson et al., 2010; Yasuyama et al. 1999",5.0,"Review for relabel: classifier predicted SER, literature verifies ACH (source: Carlsson et al., 2010; Yasuyama et al. 1999, confidence 5.0/5)"
969,720575940629915139,R8,categorical_blindspot_HIST,GLUT,"ACH,HIST",0.46,0.16,0.3864,full (E1 x E2),"Davis et al., 2020; Sarthy 1991",5.0,"Review for relabel: classifier predicted GLUT, literature verifies ACH/HIST (source: Davis et al., 2020; Sarthy 1991, confidence 5.0/5)"
970,720575940613753878,Dm1,Dm_GLUT_confusion,GABA,GLUT,0.56,0.31,0.3864,full (E1 x E2),"Davis et al., 2020",4.0,"Review for relabel: classifier predicted GABA, literature verifies GLUT (source: Davis et al., 2020, confidence 4.0/5)"
971,720575940617008838,TmY16,TmY16_signature_scan_novel_candidate,GABA,GLUT,0.56,0.31,0.3864,full (E1 x E2),"Nern et al., 2024 (bioRxiv), published 2025 Nature 641:1225-1237 -- EASI-FISH/connectome-driven visual system neural inventory",3.0,"Review for relabel: classifier predicted GABA, signature-scan + literature match indicates GLUT (source: Nern et al., 2024 (bioRxiv), published 2025 Nature 641:1225-1237 -- EASI-FISH/connectome-driven visual system neural inventory). NOTE: exact per-cell-type data point not independently re-verified beyond the cited paper's existence and topical match -- confirm against the paper's supplementary table before applying."
972,720575940646039075,ORN_DA4l,ORN_SER_confusion,SER,ACH,0.56,0.31,0.3864,full (E1 x E2),"Carlsson et al., 2010; Yasuyama et al. 1999",5.0,"Review for relabel: classifier predicted SER, literature verifies ACH (source: Carlsson et al., 2010; Yasuyama et al. 1999, confidence 5.0/5)"
973,720575940640851189,ORN_VM3,ORN_SER_confusion,SER,ACH,0.56,0.31,0.3864,full (E1 x E2),"Carlsson et al., 2010; Yasuyama et al. 1999",5.0,"Review for relabel: classifier predicted SER, literature verifies ACH (source: Carlsson et al., 2010; Yasuyama et al. 1999, confidence 5.0/5)"
974,720575940626619411,ORN_DA4l,ORN_SER_confusion,SER,ACH,0.56,0.31,0.3864,full (E1 x E2),"Carlsson et al., 2010; Yasuyama et al. 1999",5.0,"Review for relabel: classifier predicted SER, literature verifies ACH (source: Carlsson et al., 2010; Yasuyama et al. 1999, confidence 5.0/5)"
975,720575940612333518,Dm12,Dm_GLUT_confusion,GABA,GLUT,0.55,0.3,0.385,full (E1 x E2),"Davis et al., 2020",4.0,"Review for relabel: classifier predicted GABA, literature verifies GLUT (source: Davis et al., 2020, confidence 4.0/5)"
976,720575940626457290,ORN_DA4l,ORN_SER_confusion,SER,ACH,0.55,0.3,0.385,full (E1 x E2),"Carlsson et al., 2010; Yasuyama et al. 1999",5.0,"Review for relabel: classifier predicted SER, literature verifies ACH (source: Carlsson et al., 2010; Yasuyama et al. 1999, confidence 5.0/5)"
977,720575940609586645,ORN_DM2,ORN_SER_confusion,SER,ACH,0.52,0.26,0.38480000000000003,full (E1 x E2),"Carlsson et al., 2010; Yasuyama et al. 1999",5.0,"Review for relabel: classifier predicted SER, literature verifies ACH (source: Carlsson et al., 2010; Yasuyama et al. 1999, confidence 5.0/5)"
978,720575940636190571,R8,categorical_blindspot_HIST,GLUT,"ACH,HIST",0.52,0.26,0.38480000000000003,full (E1 x E2),"Davis et al., 2020; Sarthy 1991",5.0,"Review for relabel: classifier predicted GLUT, literature verifies ACH/HIST (source: Davis et al., 2020; Sarthy 1991, confidence 5.0/5)"
979,720575940624814519,R8,categorical_blindspot_HIST,GLUT,"ACH,HIST",0.52,0.26,0.38480000000000003,full (E1 x E2),"Davis et al., 2020; Sarthy 1991",5.0,"Review for relabel: classifier predicted GLUT, literature verifies ACH/HIST (source: Davis et al., 2020; Sarthy 1991, confidence 5.0/5)"
980,720575940612939506,R8,categorical_blindspot_HIST,GLUT,"ACH,HIST",0.48,0.2,0.384,full (E1 x E2),"Davis et al., 2020; Sarthy 1991",5.0,"Review for relabel: classifier predicted GLUT, literature verifies ACH/HIST (source: Davis et al., 2020; Sarthy 1991, confidence 5.0/5)"
981,720575940633019207,Dm12,Dm_GLUT_confusion,GABA,GLUT,0.6,0.36,0.384,full (E1 x E2),"Davis et al., 2020",4.0,"Review for relabel: classifier predicted GABA, literature verifies GLUT (source: Davis et al., 2020, confidence 4.0/5)"
982,720575940645612579,ORN_DA4l,ORN_SER_confusion,SER,ACH,0.59,0.35,0.3835,full (E1 x E2),"Carlsson et al., 2010; Yasuyama et al. 1999",5.0,"Review for relabel: classifier predicted SER, literature verifies ACH (source: Carlsson et al., 2010; Yasuyama et al. 1999, confidence 5.0/5)"
983,720575940619165509,Dm12,Dm_GLUT_confusion,GABA,GLUT,0.58,0.34,0.3827999999999999,full (E1 x E2),"Davis et al., 2020",4.0,"Review for relabel: classifier predicted GABA, literature verifies GLUT (source: Davis et al., 2020, confidence 4.0/5)"
984,720575940613103986,Dm1,Dm_GLUT_confusion,GABA,GLUT,0.58,0.34,0.3827999999999999,full (E1 x E2),"Davis et al., 2020",4.0,"Review for relabel: classifier predicted GABA, literature verifies GLUT (source: Davis et al., 2020, confidence 4.0/5)"
985,720575940629832252,ORN_DA4l,ORN_SER_confusion,SER,ACH,0.58,0.34,0.3827999999999999,full (E1 x E2),"Carlsson et al., 2010; Yasuyama et al. 1999",5.0,"Review for relabel: classifier predicted SER, literature verifies ACH (source: Carlsson et al., 2010; Yasuyama et al. 1999, confidence 5.0/5)"
986,720575940629070342,R8,categorical_blindspot_HIST,GLUT,"ACH,HIST",0.43,0.11,0.3827,full (E1 x E2),"Davis et al., 2020; Sarthy 1991",5.0,"Review for relabel: classifier predicted GLUT, literature verifies ACH/HIST (source: Davis et al., 2020; Sarthy 1991, confidence 5.0/5)"
987,720575940628674686,ORN_DM3,ORN_SER_confusion,SER,ACH,0.51,0.25,0.3825,full (E1 x E2),"Carlsson et al., 2010; Yasuyama et al. 1999",5.0,"Review for relabel: classifier predicted SER, literature verifies ACH (source: Carlsson et al., 2010; Yasuyama et al. 1999, confidence 5.0/5)"
988,720575940617244116,ORN_DL4,ORN_SER_confusion,SER,ACH,0.49,0.22,0.3822,full (E1 x E2),"Carlsson et al., 2010; Yasuyama et al. 1999",5.0,"Review for relabel: classifier predicted SER, literature verifies ACH (source: Carlsson et al., 2010; Yasuyama et al. 1999, confidence 5.0/5)"
989,720575940646120324,ORN_VA2,ORN_SER_confusion,SER,ACH,0.57,0.33,0.3818999999999999,full (E1 x E2),"Carlsson et al., 2010; Yasuyama et al. 1999",5.0,"Review for relabel: classifier predicted SER, literature verifies ACH (source: Carlsson et al., 2010; Yasuyama et al. 1999, confidence 5.0/5)"
990,720575940618883924,R8,categorical_blindspot_HIST,GLUT,"ACH,HIST",0.46,0.17,0.3818,full (E1 x E2),"Davis et al., 2020; Sarthy 1991",5.0,"Review for relabel: classifier predicted GLUT, literature verifies ACH/HIST (source: Davis et al., 2020; Sarthy 1991, confidence 5.0/5)"
991,720575940636053087,Dm1,Dm_GLUT_confusion,GABA,GLUT,0.56,0.32,0.3808,full (E1 x E2),"Davis et al., 2020",4.0,"Review for relabel: classifier predicted GABA, literature verifies GLUT (source: Davis et al., 2020, confidence 4.0/5)"
992,720575940660931713,R7,categorical_blindspot_HIST,ACH,HIST,0.38,,0.38,categorical_blindspot (E1 only),"Davis et al., 2020",4.0,"Review for relabel: classifier predicted ACH, literature verifies HIST (source: Davis et al., 2020, confidence 4.0/5)"
993,720575940622675327,R7,categorical_blindspot_HIST,GLUT,HIST,0.38,,0.38,categorical_blindspot (E1 only),"Davis et al., 2020",4.0,"Review for relabel: classifier predicted GLUT, literature verifies HIST (source: Davis et al., 2020, confidence 4.0/5)"
994,720575940629504617,R7,categorical_blindspot_HIST,ACH,HIST,0.38,,0.38,categorical_blindspot (E1 only),"Davis et al., 2020",4.0,"Review for relabel: classifier predicted ACH, literature verifies HIST (source: Davis et al., 2020, confidence 4.0/5)"
995,720575940616116566,R7,categorical_blindspot_HIST,ACH,HIST,0.38,,0.38,categorical_blindspot (E1 only),"Davis et al., 2020",4.0,"Review for relabel: classifier predicted ACH, literature verifies HIST (source: Davis et al., 2020, confidence 4.0/5)"
996,720575940630645067,ORN_DM3,ORN_SER_confusion,SER,ACH,0.5,0.24,0.38,full (E1 x E2),"Carlsson et al., 2010; Yasuyama et al. 1999",5.0,"Review for relabel: classifier predicted SER, literature verifies ACH (source: Carlsson et al., 2010; Yasuyama et al. 1999, confidence 5.0/5)"
997,720575940606447793,R7,categorical_blindspot_HIST,GLUT,HIST,0.38,,0.38,categorical_blindspot (E1 only),"Davis et al., 2020",4.0,"Review for relabel: classifier predicted GLUT, literature verifies HIST (source: Davis et al., 2020, confidence 4.0/5)"
998,720575940639279686,R7,categorical_blindspot_HIST,GLUT,HIST,0.38,,0.38,categorical_blindspot (E1 only),"Davis et al., 2020",4.0,"Review for relabel: classifier predicted GLUT, literature verifies HIST (source: Davis et al., 2020, confidence 4.0/5)"
999,720575940618101563,R7,categorical_blindspot_HIST,GLUT,HIST,0.38,,0.38,categorical_blindspot (E1 only),"Davis et al., 2020",4.0,"Review for relabel: classifier predicted GLUT, literature verifies HIST (source: Davis et al., 2020, confidence 4.0/5)"
1000,720575940621555565,R7,categorical_blindspot_HIST,ACH,HIST,0.38,,0.38,categorical_blindspot (E1 only),"Davis et al., 2020",4.0,"Review for relabel: classifier predicted ACH, literature verifies HIST (source: Davis et al., 2020, confidence 4.0/5)"
1001,720575940634509794,R7,categorical_blindspot_HIST,GLUT,HIST,0.38,,0.38,categorical_blindspot (E1 only),"Davis et al., 2020",4.0,"Review for relabel: classifier predicted GLUT, literature verifies HIST (source: Davis et al., 2020, confidence 4.0/5)"
1002,720575940631606981,R7,categorical_blindspot_HIST,GLUT,HIST,0.38,,0.38,categorical_blindspot (E1 only),"Davis et al., 2020",4.0,"Review for relabel: classifier predicted GLUT, literature verifies HIST (source: Davis et al., 2020, confidence 4.0/5)"
1003,720575940612026574,TmY16,TmY16_signature_scan_novel_candidate,GABA,GLUT,0.55,0.31,0.3795,full (E1 x E2),"Nern et al., 2024 (bioRxiv), published 2025 Nature 641:1225-1237 -- EASI-FISH/connectome-driven visual system neural inventory",3.0,"Review for relabel: classifier predicted GABA, signature-scan + literature match indicates GLUT (source: Nern et al., 2024 (bioRxiv), published 2025 Nature 641:1225-1237 -- EASI-FISH/connectome-driven visual system neural inventory). NOTE: exact per-cell-type data point not independently re-verified beyond the cited paper's existence and topical match -- confirm against the paper's supplementary table before applying."
1004,720575940622637695,R8,categorical_blindspot_HIST,GLUT,"ACH,HIST",0.48,0.21,0.3792,full (E1 x E2),"Davis et al., 2020; Sarthy 1991",5.0,"Review for relabel: classifier predicted GLUT, literature verifies ACH/HIST (source: Davis et al., 2020; Sarthy 1991, confidence 5.0/5)"
1005,720575940632576482,ORN_DM3,ORN_SER_confusion,SER,ACH,0.54,0.3,0.378,full (E1 x E2),"Carlsson et al., 2010; Yasuyama et al. 1999",5.0,"Review for relabel: classifier predicted SER, literature verifies ACH (source: Carlsson et al., 2010; Yasuyama et al. 1999, confidence 5.0/5)"
1006,720575940635104363,Dm1,Dm_GLUT_confusion,GABA,GLUT,0.54,0.3,0.378,full (E1 x E2),"Davis et al., 2020",4.0,"Review for relabel: classifier predicted GABA, literature verifies GLUT (source: Davis et al., 2020, confidence 4.0/5)"
1007,720575940636025951,Dm12,Dm_GLUT_confusion,GABA,GLUT,0.51,0.26,0.3774,full (E1 x E2),"Davis et al., 2020",4.0,"Review for relabel: classifier predicted GABA, literature verifies GLUT (source: Davis et al., 2020, confidence 4.0/5)"
1008,720575940622421542,ORN_DL4,ORN_SER_confusion,SER,ACH,0.49,0.23,0.3773,full (E1 x E2),"Carlsson et al., 2010; Yasuyama et al. 1999",5.0,"Review for relabel: classifier predicted SER, literature verifies ACH (source: Carlsson et al., 2010; Yasuyama et al. 1999, confidence 5.0/5)"
1009,720575940628323943,ORN_VM3,ORN_SER_confusion,SER,ACH,0.53,0.29,0.3763,full (E1 x E2),"Carlsson et al., 2010; Yasuyama et al. 1999",5.0,"Review for relabel: classifier predicted SER, literature verifies ACH (source: Carlsson et al., 2010; Yasuyama et al. 1999, confidence 5.0/5)"
1010,720575940628517675,ORN_DA4l,ORN_SER_confusion,SER,ACH,0.57,0.34,0.3761999999999999,full (E1 x E2),"Carlsson et al., 2010; Yasuyama et al. 1999",5.0,"Review for relabel: classifier predicted SER, literature verifies ACH (source: Carlsson et al., 2010; Yasuyama et al. 1999, confidence 5.0/5)"
1011,720575940636227696,ORN_DL3,ORN_SER_confusion,SER,ACH,0.57,0.34,0.3761999999999999,full (E1 x E2),"Carlsson et al., 2010; Yasuyama et al. 1999",5.0,"Review for relabel: classifier predicted SER, literature verifies ACH (source: Carlsson et al., 2010; Yasuyama et al. 1999, confidence 5.0/5)"
1012,720575940606123209,ORN_DL4,ORN_SER_confusion,SER,ACH,0.47,0.2,0.376,full (E1 x E2),"Carlsson et al., 2010; Yasuyama et al. 1999",5.0,"Review for relabel: classifier predicted SER, literature verifies ACH (source: Carlsson et al., 2010; Yasuyama et al. 1999, confidence 5.0/5)"
1013,720575940608007893,ORN_DL4,ORN_SER_confusion,SER,ACH,0.47,0.2,0.376,full (E1 x E2),"Carlsson et al., 2010; Yasuyama et al. 1999",5.0,"Review for relabel: classifier predicted SER, literature verifies ACH (source: Carlsson et al., 2010; Yasuyama et al. 1999, confidence 5.0/5)"
1014,720575940621460928,Dm1,Dm_GLUT_confusion,GABA,GLUT,0.56,0.33,0.3752,full (E1 x E2),"Davis et al., 2020",4.0,"Review for relabel: classifier predicted GABA, literature verifies GLUT (source: Davis et al., 2020, confidence 4.0/5)"
1015,720575940623031559,ORN_DA4l,ORN_SER_confusion,SER,ACH,0.56,0.33,0.3752,full (E1 x E2),"Carlsson et al., 2010; Yasuyama et al. 1999",5.0,"Review for relabel: classifier predicted SER, literature verifies ACH (source: Carlsson et al., 2010; Yasuyama et al. 1999, confidence 5.0/5)"
1016,720575940624334276,Dm1,Dm_GLUT_confusion,GABA,GLUT,0.56,0.33,0.3752,full (E1 x E2),"Davis et al., 2020",4.0,"Review for relabel: classifier predicted GABA, literature verifies GLUT (source: Davis et al., 2020, confidence 4.0/5)"
1017,720575940618433826,R8,categorical_blindspot_HIST,GLUT,"ACH,HIST",0.5,0.25,0.375,full (E1 x E2),"Davis et al., 2020; Sarthy 1991",5.0,"Review for relabel: classifier predicted GLUT, literature verifies ACH/HIST (source: Davis et al., 2020; Sarthy 1991, confidence 5.0/5)"
1018,720575940617650407,ORN_V,ORN_SER_confusion,SER,ACH,0.48,0.22,0.3744,full (E1 x E2),"Carlsson et al., 2010; Yasuyama et al. 1999",5.0,"Review for relabel: classifier predicted SER, literature verifies ACH (source: Carlsson et al., 2010; Yasuyama et al. 1999, confidence 5.0/5)"
1019,720575940626956837,R8,categorical_blindspot_HIST,GABA,"ACH,HIST",0.52,0.28,0.3744,full (E1 x E2),"Davis et al., 2020; Sarthy 1991",5.0,"Review for relabel: classifier predicted GABA, literature verifies ACH/HIST (source: Davis et al., 2020; Sarthy 1991, confidence 5.0/5)"
1020,720575940632966445,ORN_DL4,ORN_SER_confusion,SER,ACH,0.48,0.22,0.3744,full (E1 x E2),"Carlsson et al., 2010; Yasuyama et al. 1999",5.0,"Review for relabel: classifier predicted SER, literature verifies ACH (source: Carlsson et al., 2010; Yasuyama et al. 1999, confidence 5.0/5)"
1021,720575940624669966,ORN_DA4l,ORN_SER_confusion,SER,ACH,0.54,0.31,0.3726,full (E1 x E2),"Carlsson et al., 2010; Yasuyama et al. 1999",5.0,"Review for relabel: classifier predicted SER, literature verifies ACH (source: Carlsson et al., 2010; Yasuyama et al. 1999, confidence 5.0/5)"
1022,720575940623801276,ORN_VA2,ORN_SER_confusion,SER,ACH,0.54,0.31,0.3726,full (E1 x E2),"Carlsson et al., 2010; Yasuyama et al. 1999",5.0,"Review for relabel: classifier predicted SER, literature verifies ACH (source: Carlsson et al., 2010; Yasuyama et al. 1999, confidence 5.0/5)"
1023,720575940636883034,ORN_DM3,ORN_SER_confusion,SER,ACH,0.54,0.31,0.3726,full (E1 x E2),"Carlsson et al., 2010; Yasuyama et al. 1999",5.0,"Review for relabel: classifier predicted SER, literature verifies ACH (source: Carlsson et al., 2010; Yasuyama et al. 1999, confidence 5.0/5)"
1024,720575940631228719,ORN_DM2,ORN_SER_confusion,SER,ACH,0.54,0.31,0.3726,full (E1 x E2),"Carlsson et al., 2010; Yasuyama et al. 1999",5.0,"Review for relabel: classifier predicted SER, literature verifies ACH (source: Carlsson et al., 2010; Yasuyama et al. 1999, confidence 5.0/5)"
1025,720575940613531365,Dm19,Dm_GLUT_confusion,GABA,GLUT,0.47,0.21,0.3713,full (E1 x E2),"Nern et al., 2024",4.0,"Review for relabel: classifier predicted GABA, literature verifies GLUT (source: Nern et al., 2024, confidence 4.0/5)"
1026,720575940616262623,Dm9,Dm9_GLUT_confirmed_via_direct_literature_search,ACH,GLUT,0.47,0.21,0.3713,full (E1 x E2),"Davis et al., 2020 (as cited in Kind et al., 2021, eLife, doi:10.7554/eLife.71858); Schnaitmann et al., 2024, Front. Mol. Neurosci., doi:10.3389/fnmol.2024.1347540",4.0,"Review for relabel: classifier predicted ACH, literature verifies GLUT (source: Davis et al., 2020 (as cited in Kind et al., 2021, eLife, doi:10.7554/eLife.71858); Schnaitmann et al., 2024, Front. Mol. Neurosci., doi:10.3389/fnmol.2024.1347540)"
1027,720575940644076398,ORN_VA2,ORN_SER_confusion,SER,ACH,0.53,0.3,0.371,full (E1 x E2),"Carlsson et al., 2010; Yasuyama et al. 1999",5.0,"Review for relabel: classifier predicted SER, literature verifies ACH (source: Carlsson et al., 2010; Yasuyama et al. 1999, confidence 5.0/5)"
1028,720575940622780165,R7,categorical_blindspot_HIST,GLUT,HIST,0.37,,0.37,categorical_blindspot (E1 only),"Davis et al., 2020",4.0,"Review for relabel: classifier predicted GLUT, literature verifies HIST (source: Davis et al., 2020, confidence 4.0/5)"
1029,720575940608339330,R7,categorical_blindspot_HIST,OCT,HIST,0.37,,0.37,categorical_blindspot (E1 only),"Davis et al., 2020",4.0,"Review for relabel: classifier predicted OCT, literature verifies HIST (source: Davis et al., 2020, confidence 4.0/5)"
1030,720575940640206781,R7,categorical_blindspot_HIST,ACH,HIST,0.37,,0.37,categorical_blindspot (E1 only),"Davis et al., 2020",4.0,"Review for relabel: classifier predicted ACH, literature verifies HIST (source: Davis et al., 2020, confidence 4.0/5)"
1031,720575940629673692,ORN_DA4l,ORN_SER_confusion,SER,ACH,0.5,0.26,0.37,full (E1 x E2),"Carlsson et al., 2010; Yasuyama et al. 1999",5.0,"Review for relabel: classifier predicted SER, literature verifies ACH (source: Carlsson et al., 2010; Yasuyama et al. 1999, confidence 5.0/5)"
1032,720575940635624383,R7,categorical_blindspot_HIST,GABA,HIST,0.37,,0.37,categorical_blindspot (E1 only),"Davis et al., 2020",4.0,"Review for relabel: classifier predicted GABA, literature verifies HIST (source: Davis et al., 2020, confidence 4.0/5)"
1033,720575940622616670,R7,categorical_blindspot_HIST,GLUT,HIST,0.37,,0.37,categorical_blindspot (E1 only),"Davis et al., 2020",4.0,"Review for relabel: classifier predicted GLUT, literature verifies HIST (source: Davis et al., 2020, confidence 4.0/5)"
1034,720575940631913047,R7,categorical_blindspot_HIST,OCT,HIST,0.37,,0.37,categorical_blindspot (E1 only),"Davis et al., 2020",4.0,"Review for relabel: classifier predicted OCT, literature verifies HIST (source: Davis et al., 2020, confidence 4.0/5)"
1035,720575940620777095,R8,categorical_blindspot_HIST,GLUT,"ACH,HIST",0.5,0.26,0.37,full (E1 x E2),"Davis et al., 2020; Sarthy 1991",5.0,"Review for relabel: classifier predicted GLUT, literature verifies ACH/HIST (source: Davis et al., 2020; Sarthy 1991, confidence 5.0/5)"
1036,720575940626916133,Dm9,Dm9_GLUT_confirmed_via_direct_literature_search,ACH,GLUT,0.43,0.14,0.36979999999999996,full (E1 x E2),"Davis et al., 2020 (as cited in Kind et al., 2021, eLife, doi:10.7554/eLife.71858); Schnaitmann et al., 2024, Front. Mol. Neurosci., doi:10.3389/fnmol.2024.1347540",4.0,"Review for relabel: classifier predicted ACH, literature verifies GLUT (source: Davis et al., 2020 (as cited in Kind et al., 2021, eLife, doi:10.7554/eLife.71858); Schnaitmann et al., 2024, Front. Mol. Neurosci., doi:10.3389/fnmol.2024.1347540)"
1037,720575940620679233,ORN_DM2,ORN_SER_confusion,SER,ACH,0.48,0.23,0.3696,full (E1 x E2),"Carlsson et al., 2010; Yasuyama et al. 1999",5.0,"Review for relabel: classifier predicted SER, literature verifies ACH (source: Carlsson et al., 2010; Yasuyama et al. 1999, confidence 5.0/5)"
1038,720575940632186193,TmY16,TmY16_signature_scan_novel_candidate,GABA,GLUT,0.56,0.34,0.3696,full (E1 x E2),"Nern et al., 2024 (bioRxiv), published 2025 Nature 641:1225-1237 -- EASI-FISH/connectome-driven visual system neural inventory",3.0,"Review for relabel: classifier predicted GABA, signature-scan + literature match indicates GLUT (source: Nern et al., 2024 (bioRxiv), published 2025 Nature 641:1225-1237 -- EASI-FISH/connectome-driven visual system neural inventory). NOTE: exact per-cell-type data point not independently re-verified beyond the cited paper's existence and topical match -- confirm against the paper's supplementary table before applying."
1039,720575940627138490,TmY16,TmY16_signature_scan_novel_candidate,GABA,GLUT,0.52,0.29,0.3692,full (E1 x E2),"Nern et al., 2024 (bioRxiv), published 2025 Nature 641:1225-1237 -- EASI-FISH/connectome-driven visual system neural inventory",3.0,"Review for relabel: classifier predicted GABA, signature-scan + literature match indicates GLUT (source: Nern et al., 2024 (bioRxiv), published 2025 Nature 641:1225-1237 -- EASI-FISH/connectome-driven visual system neural inventory). NOTE: exact per-cell-type data point not independently re-verified beyond the cited paper's existence and topical match -- confirm against the paper's supplementary table before applying."
1040,720575940631616056,ORN_DA4m,ORN_SER_confusion,SER,ACH,0.52,0.29,0.3692,full (E1 x E2),"Carlsson et al., 2010; Yasuyama et al. 1999",5.0,"Review for relabel: classifier predicted SER, literature verifies ACH (source: Carlsson et al., 2010; Yasuyama et al. 1999, confidence 5.0/5)"
1041,720575940621315293,ORN_V,ORN_SER_confusion,SER,ACH,0.45,0.18,0.36900000000000005,full (E1 x E2),"Carlsson et al., 2010; Yasuyama et al. 1999",5.0,"Review for relabel: classifier predicted SER, literature verifies ACH (source: Carlsson et al., 2010; Yasuyama et al. 1999, confidence 5.0/5)"
1042,720575940628445583,Dm12,Dm_GLUT_confusion,GABA,GLUT,0.55,0.33,0.3685,full (E1 x E2),"Davis et al., 2020",4.0,"Review for relabel: classifier predicted GABA, literature verifies GLUT (source: Davis et al., 2020, confidence 4.0/5)"
1043,720575940626688529,ORN_VM3,ORN_SER_confusion,SER,ACH,0.55,0.33,0.3685,full (E1 x E2),"Carlsson et al., 2010; Yasuyama et al. 1999",5.0,"Review for relabel: classifier predicted SER, literature verifies ACH (source: Carlsson et al., 2010; Yasuyama et al. 1999, confidence 5.0/5)"
1044,720575940616360633,ORN_DM3,ORN_SER_confusion,SER,ACH,0.49,0.25,0.3675,full (E1 x E2),"Carlsson et al., 2010; Yasuyama et al. 1999",5.0,"Review for relabel: classifier predicted SER, literature verifies ACH (source: Carlsson et al., 2010; Yasuyama et al. 1999, confidence 5.0/5)"
1045,720575940630415810,R8,categorical_blindspot_HIST,GABA,"ACH,HIST",0.49,0.25,0.3675,full (E1 x E2),"Davis et al., 2020; Sarthy 1991",5.0,"Review for relabel: classifier predicted GABA, literature verifies ACH/HIST (source: Davis et al., 2020; Sarthy 1991, confidence 5.0/5)"
1046,720575940633721133,Dm12,Dm_GLUT_confusion,GABA,GLUT,0.54,0.32,0.36719999999999997,full (E1 x E2),"Davis et al., 2020",4.0,"Review for relabel: classifier predicted GABA, literature verifies GLUT (source: Davis et al., 2020, confidence 4.0/5)"
1047,720575940631479570,ORN_DA4m,ORN_SER_confusion,SER,ACH,0.51,0.28,0.36719999999999997,full (E1 x E2),"Carlsson et al., 2010; Yasuyama et al. 1999",5.0,"Review for relabel: classifier predicted SER, literature verifies ACH (source: Carlsson et al., 2010; Yasuyama et al. 1999, confidence 5.0/5)"
1048,720575940634984372,ORN_DA4m,ORN_SER_confusion,SER,ACH,0.51,0.28,0.36719999999999997,full (E1 x E2),"Carlsson et al., 2010; Yasuyama et al. 1999",5.0,"Review for relabel: classifier predicted SER, literature verifies ACH (source: Carlsson et al., 2010; Yasuyama et al. 1999, confidence 5.0/5)"
1049,720575940638576829,ORN_DM2,ORN_SER_confusion,SER,ACH,0.54,0.32,0.36719999999999997,full (E1 x E2),"Carlsson et al., 2010; Yasuyama et al. 1999",5.0,"Review for relabel: classifier predicted SER, literature verifies ACH (source: Carlsson et al., 2010; Yasuyama et al. 1999, confidence 5.0/5)"
1050,720575940611218418,ORN_VA2,ORN_SER_confusion,SER,ACH,0.54,0.32,0.36719999999999997,full (E1 x E2),"Carlsson et al., 2010; Yasuyama et al. 1999",5.0,"Review for relabel: classifier predicted SER, literature verifies ACH (source: Carlsson et al., 2010; Yasuyama et al. 1999, confidence 5.0/5)"
1051,720575940620109550,ORN_DM3,ORN_SER_confusion,SER,ACH,0.47,0.22,0.3666,full (E1 x E2),"Carlsson et al., 2010; Yasuyama et al. 1999",5.0,"Review for relabel: classifier predicted SER, literature verifies ACH (source: Carlsson et al., 2010; Yasuyama et al. 1999, confidence 5.0/5)"
1052,720575940629782748,ORN_DA3,ORN_SER_confusion,SER,ACH,0.59,0.38,0.36579999999999996,full (E1 x E2),"Carlsson et al., 2010; Yasuyama et al. 1999",5.0,"Review for relabel: classifier predicted SER, literature verifies ACH (source: Carlsson et al., 2010; Yasuyama et al. 1999, confidence 5.0/5)"
1053,720575940619360532,ORN_VA2,ORN_SER_confusion,SER,ACH,0.53,0.31,0.36569999999999997,full (E1 x E2),"Carlsson et al., 2010; Yasuyama et al. 1999",5.0,"Review for relabel: classifier predicted SER, literature verifies ACH (source: Carlsson et al., 2010; Yasuyama et al. 1999, confidence 5.0/5)"
1054,720575940628549397,Dm12,Dm_GLUT_confusion,GABA,GLUT,0.53,0.31,0.36569999999999997,full (E1 x E2),"Davis et al., 2020",4.0,"Review for relabel: classifier predicted GABA, literature verifies GLUT (source: Davis et al., 2020, confidence 4.0/5)"
1055,720575940625462064,ORN_DA4l,ORN_SER_confusion,SER,ACH,0.58,0.37,0.3654,full (E1 x E2),"Carlsson et al., 2010; Yasuyama et al. 1999",5.0,"Review for relabel: classifier predicted SER, literature verifies ACH (source: Carlsson et al., 2010; Yasuyama et al. 1999, confidence 5.0/5)"
1056,720575940641534197,R8,categorical_blindspot_HIST,GLUT,"ACH,HIST",0.44,0.17,0.36519999999999997,full (E1 x E2),"Davis et al., 2020; Sarthy 1991",5.0,"Review for relabel: classifier predicted GLUT, literature verifies ACH/HIST (source: Davis et al., 2020; Sarthy 1991, confidence 5.0/5)"
1057,720575940639306355,ORN_DL4,ORN_SER_confusion,SER,ACH,0.5,0.27,0.365,full (E1 x E2),"Carlsson et al., 2010; Yasuyama et al. 1999",5.0,"Review for relabel: classifier predicted SER, literature verifies ACH (source: Carlsson et al., 2010; Yasuyama et al. 1999, confidence 5.0/5)"
1058,720575940641200512,R8,categorical_blindspot_HIST,GABA,"ACH,HIST",0.48,0.24,0.3648,full (E1 x E2),"Davis et al., 2020; Sarthy 1991",5.0,"Review for relabel: classifier predicted GABA, literature verifies ACH/HIST (source: Davis et al., 2020; Sarthy 1991, confidence 5.0/5)"
1059,720575940624163854,ORN_DA3,ORN_SER_confusion,SER,ACH,0.57,0.36,0.36479999999999996,full (E1 x E2),"Carlsson et al., 2010; Yasuyama et al. 1999",5.0,"Review for relabel: classifier predicted SER, literature verifies ACH (source: Carlsson et al., 2010; Yasuyama et al. 1999, confidence 5.0/5)"
1060,720575940625096375,R8,categorical_blindspot_HIST,GLUT,"ACH,HIST",0.45,0.19,0.36450000000000005,full (E1 x E2),"Davis et al., 2020; Sarthy 1991",5.0,"Review for relabel: classifier predicted GLUT, literature verifies ACH/HIST (source: Davis et al., 2020; Sarthy 1991, confidence 5.0/5)"
1061,720575940612702577,R8,categorical_blindspot_HIST,GLUT,"ACH,HIST",0.52,0.3,0.364,full (E1 x E2),"Davis et al., 2020; Sarthy 1991",5.0,"Review for relabel: classifier predicted GLUT, literature verifies ACH/HIST (source: Davis et al., 2020; Sarthy 1991, confidence 5.0/5)"
1062,720575940616194397,ORN_VA2,ORN_SER_confusion,SER,ACH,0.52,0.3,0.364,full (E1 x E2),"Carlsson et al., 2010; Yasuyama et al. 1999",5.0,"Review for relabel: classifier predicted SER, literature verifies ACH (source: Carlsson et al., 2010; Yasuyama et al. 1999, confidence 5.0/5)"
1063,720575940630717175,R8,categorical_blindspot_HIST,GLUT,"ACH,HIST",0.46,0.21,0.36340000000000006,full (E1 x E2),"Davis et al., 2020; Sarthy 1991",5.0,"Review for relabel: classifier predicted GLUT, literature verifies ACH/HIST (source: Davis et al., 2020; Sarthy 1991, confidence 5.0/5)"
1064,720575940635897535,Dm1,Dm_GLUT_confusion,GABA,GLUT,0.55,0.34,0.363,full (E1 x E2),"Davis et al., 2020",4.0,"Review for relabel: classifier predicted GABA, literature verifies GLUT (source: Davis et al., 2020, confidence 4.0/5)"
1065,720575940623959566,ORN_DL4,ORN_SER_confusion,SER,ACH,0.49,0.26,0.3626,full (E1 x E2),"Carlsson et al., 2010; Yasuyama et al. 1999",5.0,"Review for relabel: classifier predicted SER, literature verifies ACH (source: Carlsson et al., 2010; Yasuyama et al. 1999, confidence 5.0/5)"
1066,720575940654194337,ORN_DM2,ORN_SER_confusion,SER,ACH,0.51,0.29,0.3621,full (E1 x E2),"Carlsson et al., 2010; Yasuyama et al. 1999",5.0,"Review for relabel: classifier predicted SER, literature verifies ACH (source: Carlsson et al., 2010; Yasuyama et al. 1999, confidence 5.0/5)"
1067,720575940620932717,ORN_DM2,ORN_SER_confusion,SER,ACH,0.51,0.29,0.3621,full (E1 x E2),"Carlsson et al., 2010; Yasuyama et al. 1999",5.0,"Review for relabel: classifier predicted SER, literature verifies ACH (source: Carlsson et al., 2010; Yasuyama et al. 1999, confidence 5.0/5)"
1068,720575940637820272,R8,categorical_blindspot_HIST,GABA,"ACH,HIST",0.47,0.23,0.3619,full (E1 x E2),"Davis et al., 2020; Sarthy 1991",5.0,"Review for relabel: classifier predicted GABA, literature verifies ACH/HIST (source: Davis et al., 2020; Sarthy 1991, confidence 5.0/5)"
1069,720575940636056159,Dm9,Dm9_GLUT_confirmed_via_direct_literature_search,ACH,GLUT,0.41,0.12,0.36079999999999995,full (E1 x E2),"Davis et al., 2020 (as cited in Kind et al., 2021, eLife, doi:10.7554/eLife.71858); Schnaitmann et al., 2024, Front. Mol. Neurosci., doi:10.3389/fnmol.2024.1347540",4.0,"Review for relabel: classifier predicted ACH, literature verifies GLUT (source: Davis et al., 2020 (as cited in Kind et al., 2021, eLife, doi:10.7554/eLife.71858); Schnaitmann et al., 2024, Front. Mol. Neurosci., doi:10.3389/fnmol.2024.1347540)"
1070,720575940635827051,Dm1,Dm_GLUT_confusion,GABA,GLUT,0.53,0.32,0.3604,full (E1 x E2),"Davis et al., 2020",4.0,"Review for relabel: classifier predicted GABA, literature verifies GLUT (source: Davis et al., 2020, confidence 4.0/5)"
1071,720575940624381990,TmY16,TmY16_signature_scan_novel_candidate,GABA,GLUT,0.53,0.32,0.3604,full (E1 x E2),"Nern et al., 2024 (bioRxiv), published 2025 Nature 641:1225-1237 -- EASI-FISH/connectome-driven visual system neural inventory",3.0,"Review for relabel: classifier predicted GABA, signature-scan + literature match indicates GLUT (source: Nern et al., 2024 (bioRxiv), published 2025 Nature 641:1225-1237 -- EASI-FISH/connectome-driven visual system neural inventory). NOTE: exact per-cell-type data point not independently re-verified beyond the cited paper's existence and topical match -- confirm against the paper's supplementary table before applying."
1072,720575940631374843,R7,categorical_blindspot_HIST,GLUT,HIST,0.36,,0.36,categorical_blindspot (E1 only),"Davis et al., 2020",4.0,"Review for relabel: classifier predicted GLUT, literature verifies HIST (source: Davis et al., 2020, confidence 4.0/5)"
1073,720575940628592917,R8,categorical_blindspot_HIST,GLUT,"ACH,HIST",0.48,0.25,0.36,full (E1 x E2),"Davis et al., 2020; Sarthy 1991",5.0,"Review for relabel: classifier predicted GLUT, literature verifies ACH/HIST (source: Davis et al., 2020; Sarthy 1991, confidence 5.0/5)"
1074,720575940613509524,R7,categorical_blindspot_HIST,GABA,HIST,0.36,,0.36,categorical_blindspot (E1 only),"Davis et al., 2020",4.0,"Review for relabel: classifier predicted GABA, literature verifies HIST (source: Davis et al., 2020, confidence 4.0/5)"
1075,720575940628073298,R7,categorical_blindspot_HIST,DA,HIST,0.36,,0.36,categorical_blindspot (E1 only),"Davis et al., 2020",4.0,"Review for relabel: classifier predicted DA, literature verifies HIST (source: Davis et al., 2020, confidence 4.0/5)"
1076,720575940631102279,ORN_DL4,ORN_SER_confusion,SER,ACH,0.5,0.28,0.36,full (E1 x E2),"Carlsson et al., 2010; Yasuyama et al. 1999",5.0,"Review for relabel: classifier predicted SER, literature verifies ACH (source: Carlsson et al., 2010; Yasuyama et al. 1999, confidence 5.0/5)"
1077,720575940623642723,R8,categorical_blindspot_HIST,GLUT,"ACH,HIST",0.48,0.25,0.36,full (E1 x E2),"Davis et al., 2020; Sarthy 1991",5.0,"Review for relabel: classifier predicted GLUT, literature verifies ACH/HIST (source: Davis et al., 2020; Sarthy 1991, confidence 5.0/5)"
1078,720575940616228213,ORN_DA4m,ORN_SER_confusion,SER,ACH,0.5,0.28,0.36,full (E1 x E2),"Carlsson et al., 2010; Yasuyama et al. 1999",5.0,"Review for relabel: classifier predicted SER, literature verifies ACH (source: Carlsson et al., 2010; Yasuyama et al. 1999, confidence 5.0/5)"
1079,720575940630869522,ORN_DM3,ORN_SER_confusion,SER,ACH,0.5,0.28,0.36,full (E1 x E2),"Carlsson et al., 2010; Yasuyama et al. 1999",5.0,"Review for relabel: classifier predicted SER, literature verifies ACH (source: Carlsson et al., 2010; Yasuyama et al. 1999, confidence 5.0/5)"
1080,720575940634232290,R8,categorical_blindspot_HIST,GLUT,"ACH,HIST",0.46,0.22,0.3588,full (E1 x E2),"Davis et al., 2020; Sarthy 1991",5.0,"Review for relabel: classifier predicted GLUT, literature verifies ACH/HIST (source: Davis et al., 2020; Sarthy 1991, confidence 5.0/5)"
1081,720575940606775486,Dm19,Dm_GLUT_confusion,GABA,GLUT,0.46,0.22,0.3588,full (E1 x E2),"Nern et al., 2024",4.0,"Review for relabel: classifier predicted GABA, literature verifies GLUT (source: Nern et al., 2024, confidence 4.0/5)"
1082,720575940626996252,ORN_DA4l,ORN_SER_confusion,SER,ACH,0.55,0.35,0.35750000000000004,full (E1 x E2),"Carlsson et al., 2010; Yasuyama et al. 1999",5.0,"Review for relabel: classifier predicted SER, literature verifies ACH (source: Carlsson et al., 2010; Yasuyama et al. 1999, confidence 5.0/5)"
1083,720575940613580953,TmY16,TmY16_signature_scan_novel_candidate,GABA,GLUT,0.55,0.35,0.35750000000000004,full (E1 x E2),"Nern et al., 2024 (bioRxiv), published 2025 Nature 641:1225-1237 -- EASI-FISH/connectome-driven visual system neural inventory",3.0,"Review for relabel: classifier predicted GABA, signature-scan + literature match indicates GLUT (source: Nern et al., 2024 (bioRxiv), published 2025 Nature 641:1225-1237 -- EASI-FISH/connectome-driven visual system neural inventory). NOTE: exact per-cell-type data point not independently re-verified beyond the cited paper's existence and topical match -- confirm against the paper's supplementary table before applying."
1084,720575940612276578,TmY16,TmY16_signature_scan_novel_candidate,GABA,GLUT,0.51,0.3,0.357,full (E1 x E2),"Nern et al., 2024 (bioRxiv), published 2025 Nature 641:1225-1237 -- EASI-FISH/connectome-driven visual system neural inventory",3.0,"Review for relabel: classifier predicted GABA, signature-scan + literature match indicates GLUT (source: Nern et al., 2024 (bioRxiv), published 2025 Nature 641:1225-1237 -- EASI-FISH/connectome-driven visual system neural inventory). NOTE: exact per-cell-type data point not independently re-verified beyond the cited paper's existence and topical match -- confirm against the paper's supplementary table before applying."
1085,720575940615199143,R8,categorical_blindspot_HIST,GLUT,"ACH,HIST",0.44,0.19,0.35640000000000005,full (E1 x E2),"Davis et al., 2020; Sarthy 1991",5.0,"Review for relabel: classifier predicted GLUT, literature verifies ACH/HIST (source: Davis et al., 2020; Sarthy 1991, confidence 5.0/5)"
1086,720575940611803000,Dm1,Dm_GLUT_confusion,GABA,GLUT,0.54,0.34,0.3564,full (E1 x E2),"Davis et al., 2020",4.0,"Review for relabel: classifier predicted GABA, literature verifies GLUT (source: Davis et al., 2020, confidence 4.0/5)"
1087,720575940622236656,TmY16,TmY16_signature_scan_novel_candidate,GABA,GLUT,0.54,0.34,0.3564,full (E1 x E2),"Nern et al., 2024 (bioRxiv), published 2025 Nature 641:1225-1237 -- EASI-FISH/connectome-driven visual system neural inventory",3.0,"Review for relabel: classifier predicted GABA, signature-scan + literature match indicates GLUT (source: Nern et al., 2024 (bioRxiv), published 2025 Nature 641:1225-1237 -- EASI-FISH/connectome-driven visual system neural inventory). NOTE: exact per-cell-type data point not independently re-verified beyond the cited paper's existence and topical match -- confirm against the paper's supplementary table before applying."
1088,720575940633100575,TmY16,TmY16_signature_scan_novel_candidate,GABA,GLUT,0.54,0.34,0.3564,full (E1 x E2),"Nern et al., 2024 (bioRxiv), published 2025 Nature 641:1225-1237 -- EASI-FISH/connectome-driven visual system neural inventory",3.0,"Review for relabel: classifier predicted GABA, signature-scan + literature match indicates GLUT (source: Nern et al., 2024 (bioRxiv), published 2025 Nature 641:1225-1237 -- EASI-FISH/connectome-driven visual system neural inventory). NOTE: exact per-cell-type data point not independently re-verified beyond the cited paper's existence and topical match -- confirm against the paper's supplementary table before applying."
1089,720575940628523004,TmY16,TmY16_signature_scan_novel_candidate,GABA,GLUT,0.54,0.34,0.3564,full (E1 x E2),"Nern et al., 2024 (bioRxiv), published 2025 Nature 641:1225-1237 -- EASI-FISH/connectome-driven visual system neural inventory",3.0,"Review for relabel: classifier predicted GABA, signature-scan + literature match indicates GLUT (source: Nern et al., 2024 (bioRxiv), published 2025 Nature 641:1225-1237 -- EASI-FISH/connectome-driven visual system neural inventory). NOTE: exact per-cell-type data point not independently re-verified beyond the cited paper's existence and topical match -- confirm against the paper's supplementary table before applying."
1090,720575940639062106,R8,categorical_blindspot_HIST,GLUT,"ACH,HIST",0.45,0.21,0.35550000000000004,full (E1 x E2),"Davis et al., 2020; Sarthy 1991",5.0,"Review for relabel: classifier predicted GLUT, literature verifies ACH/HIST (source: Davis et al., 2020; Sarthy 1991, confidence 5.0/5)"
1091,720575940623808509,ORN_DM3,ORN_SER_confusion,SER,ACH,0.48,0.26,0.35519999999999996,full (E1 x E2),"Carlsson et al., 2010; Yasuyama et al. 1999",5.0,"Review for relabel: classifier predicted SER, literature verifies ACH (source: Carlsson et al., 2010; Yasuyama et al. 1999, confidence 5.0/5)"
1092,720575940618591403,Dm1,Dm_GLUT_confusion,GABA,GLUT,0.53,0.33,0.35509999999999997,full (E1 x E2),"Davis et al., 2020",4.0,"Review for relabel: classifier predicted GABA, literature verifies GLUT (source: Davis et al., 2020, confidence 4.0/5)"
1093,720575940631456331,Dm12,Dm_GLUT_confusion,GABA,GLUT,0.53,0.33,0.35509999999999997,full (E1 x E2),"Davis et al., 2020",4.0,"Review for relabel: classifier predicted GABA, literature verifies GLUT (source: Davis et al., 2020, confidence 4.0/5)"
1094,720575940642987405,TmY16,TmY16_signature_scan_novel_candidate,GABA,GLUT,0.53,0.33,0.35509999999999997,full (E1 x E2),"Nern et al., 2024 (bioRxiv), published 2025 Nature 641:1225-1237 -- EASI-FISH/connectome-driven visual system neural inventory",3.0,"Review for relabel: classifier predicted GABA, signature-scan + literature match indicates GLUT (source: Nern et al., 2024 (bioRxiv), published 2025 Nature 641:1225-1237 -- EASI-FISH/connectome-driven visual system neural inventory). NOTE: exact per-cell-type data point not independently re-verified beyond the cited paper's existence and topical match -- confirm against the paper's supplementary table before applying."
1095,720575940624387524,Dm1,Dm_GLUT_confusion,GABA,GLUT,0.53,0.33,0.35509999999999997,full (E1 x E2),"Davis et al., 2020",4.0,"Review for relabel: classifier predicted GABA, literature verifies GLUT (source: Davis et al., 2020, confidence 4.0/5)"
1096,720575940629724247,ORN_DM3,ORN_SER_confusion,SER,ACH,0.5,0.29,0.355,full (E1 x E2),"Carlsson et al., 2010; Yasuyama et al. 1999",5.0,"Review for relabel: classifier predicted SER, literature verifies ACH (source: Carlsson et al., 2010; Yasuyama et al. 1999, confidence 5.0/5)"
1097,720575940608615363,ORN_DL3,ORN_SER_confusion,SER,ACH,0.5,0.29,0.355,full (E1 x E2),"Carlsson et al., 2010; Yasuyama et al. 1999",5.0,"Review for relabel: classifier predicted SER, literature verifies ACH (source: Carlsson et al., 2010; Yasuyama et al. 1999, confidence 5.0/5)"
1098,720575940633734739,R8,categorical_blindspot_HIST,GLUT,"ACH,HIST",0.46,0.23,0.3542,full (E1 x E2),"Davis et al., 2020; Sarthy 1991",5.0,"Review for relabel: classifier predicted GLUT, literature verifies ACH/HIST (source: Davis et al., 2020; Sarthy 1991, confidence 5.0/5)"
1099,720575940631929175,Dm1,Dm_GLUT_confusion,GABA,GLUT,0.52,0.32,0.35359999999999997,full (E1 x E2),"Davis et al., 2020",4.0,"Review for relabel: classifier predicted GABA, literature verifies GLUT (source: Davis et al., 2020, confidence 4.0/5)"
1100,720575940610131012,ORN_DA4m,ORN_SER_confusion,SER,ACH,0.52,0.32,0.35359999999999997,full (E1 x E2),"Carlsson et al., 2010; Yasuyama et al. 1999",5.0,"Review for relabel: classifier predicted SER, literature verifies ACH (source: Carlsson et al., 2010; Yasuyama et al. 1999, confidence 5.0/5)"
1101,720575940619388062,ORN_DA4l,ORN_SER_confusion,SER,ACH,0.52,0.32,0.35359999999999997,full (E1 x E2),"Carlsson et al., 2010; Yasuyama et al. 1999",5.0,"Review for relabel: classifier predicted SER, literature verifies ACH (source: Carlsson et al., 2010; Yasuyama et al. 1999, confidence 5.0/5)"
1102,720575940628864771,Dm12,Dm_GLUT_confusion,GABA,GLUT,0.56,0.37,0.35280000000000006,full (E1 x E2),"Davis et al., 2020",4.0,"Review for relabel: classifier predicted GABA, literature verifies GLUT (source: Davis et al., 2020, confidence 4.0/5)"
1103,720575940618345172,Dm12,Dm_GLUT_confusion,GABA,GLUT,0.56,0.37,0.35280000000000006,full (E1 x E2),"Davis et al., 2020",4.0,"Review for relabel: classifier predicted GABA, literature verifies GLUT (source: Davis et al., 2020, confidence 4.0/5)"
1104,720575940624210407,ORN_DM3,ORN_SER_confusion,SER,ACH,0.49,0.28,0.3528,full (E1 x E2),"Carlsson et al., 2010; Yasuyama et al. 1999",5.0,"Review for relabel: classifier predicted SER, literature verifies ACH (source: Carlsson et al., 2010; Yasuyama et al. 1999, confidence 5.0/5)"
1105,720575940617511169,ORN_DA4m,ORN_SER_confusion,SER,ACH,0.49,0.28,0.3528,full (E1 x E2),"Carlsson et al., 2010; Yasuyama et al. 1999",5.0,"Review for relabel: classifier predicted SER, literature verifies ACH (source: Carlsson et al., 2010; Yasuyama et al. 1999, confidence 5.0/5)"
1106,720575940625161545,R8,categorical_blindspot_HIST,GABA,"ACH,HIST",0.49,0.28,0.3528,full (E1 x E2),"Davis et al., 2020; Sarthy 1991",5.0,"Review for relabel: classifier predicted GABA, literature verifies ACH/HIST (source: Davis et al., 2020; Sarthy 1991, confidence 5.0/5)"
1107,720575940612901807,ORN_V,ORN_SER_confusion,SER,ACH,0.43,0.18,0.3526,full (E1 x E2),"Carlsson et al., 2010; Yasuyama et al. 1999",5.0,"Review for relabel: classifier predicted SER, literature verifies ACH (source: Carlsson et al., 2010; Yasuyama et al. 1999, confidence 5.0/5)"
1108,720575940622669552,Dm9,Dm9_GLUT_confirmed_via_direct_literature_search,ACH,GLUT,0.41,0.14,0.35259999999999997,full (E1 x E2),"Davis et al., 2020 (as cited in Kind et al., 2021, eLife, doi:10.7554/eLife.71858); Schnaitmann et al., 2024, Front. Mol. Neurosci., doi:10.3389/fnmol.2024.1347540",4.0,"Review for relabel: classifier predicted ACH, literature verifies GLUT (source: Davis et al., 2020 (as cited in Kind et al., 2021, eLife, doi:10.7554/eLife.71858); Schnaitmann et al., 2024, Front. Mol. Neurosci., doi:10.3389/fnmol.2024.1347540)"
1109,720575940623359466,ORN_DA4l,ORN_SER_confusion,SER,ACH,0.55,0.36,0.35200000000000004,full (E1 x E2),"Carlsson et al., 2010; Yasuyama et al. 1999",5.0,"Review for relabel: classifier predicted SER, literature verifies ACH (source: Carlsson et al., 2010; Yasuyama et al. 1999, confidence 5.0/5)"
1110,720575940632451897,R8,categorical_blindspot_HIST,GLUT,"ACH,HIST",0.44,0.2,0.35200000000000004,full (E1 x E2),"Davis et al., 2020; Sarthy 1991",5.0,"Review for relabel: classifier predicted GLUT, literature verifies ACH/HIST (source: Davis et al., 2020; Sarthy 1991, confidence 5.0/5)"
1111,720575940613887858,R8,categorical_blindspot_HIST,GABA,"ACH,HIST",0.44,0.2,0.35200000000000004,full (E1 x E2),"Davis et al., 2020; Sarthy 1991",5.0,"Review for relabel: classifier predicted GABA, literature verifies ACH/HIST (source: Davis et al., 2020; Sarthy 1991, confidence 5.0/5)"
1112,720575940629738539,Dm12,Dm_GLUT_confusion,GABA,GLUT,0.51,0.31,0.3519,full (E1 x E2),"Davis et al., 2020",4.0,"Review for relabel: classifier predicted GABA, literature verifies GLUT (source: Davis et al., 2020, confidence 4.0/5)"
1113,720575940643931336,ORN_DM3,ORN_SER_confusion,SER,ACH,0.51,0.31,0.3519,full (E1 x E2),"Carlsson et al., 2010; Yasuyama et al. 1999",5.0,"Review for relabel: classifier predicted SER, literature verifies ACH (source: Carlsson et al., 2010; Yasuyama et al. 1999, confidence 5.0/5)"
1114,720575940622916075,ORN_VM3,ORN_SER_confusion,SER,ACH,0.51,0.31,0.3519,full (E1 x E2),"Carlsson et al., 2010; Yasuyama et al. 1999",5.0,"Review for relabel: classifier predicted SER, literature verifies ACH (source: Carlsson et al., 2010; Yasuyama et al. 1999, confidence 5.0/5)"
1115,720575940623901965,TmY16,TmY16_signature_scan_novel_candidate,GABA,GLUT,0.54,0.35,0.35100000000000003,full (E1 x E2),"Nern et al., 2024 (bioRxiv), published 2025 Nature 641:1225-1237 -- EASI-FISH/connectome-driven visual system neural inventory",3.0,"Review for relabel: classifier predicted GABA, signature-scan + literature match indicates GLUT (source: Nern et al., 2024 (bioRxiv), published 2025 Nature 641:1225-1237 -- EASI-FISH/connectome-driven visual system neural inventory). NOTE: exact per-cell-type data point not independently re-verified beyond the cited paper's existence and topical match -- confirm against the paper's supplementary table before applying."
1116,720575940631640517,Dm1,Dm_GLUT_confusion,GABA,GLUT,0.54,0.35,0.35100000000000003,full (E1 x E2),"Davis et al., 2020",4.0,"Review for relabel: classifier predicted GABA, literature verifies GLUT (source: Davis et al., 2020, confidence 4.0/5)"
1117,720575940625968935,R7,categorical_blindspot_HIST,GLUT,HIST,0.35,,0.35,categorical_blindspot (E1 only),"Davis et al., 2020",4.0,"Review for relabel: classifier predicted GLUT, literature verifies HIST (source: Davis et al., 2020, confidence 4.0/5)"
1118,720575940622176628,R7,categorical_blindspot_HIST,DA,HIST,0.35,,0.35,categorical_blindspot (E1 only),"Davis et al., 2020",4.0,"Review for relabel: classifier predicted DA, literature verifies HIST (source: Davis et al., 2020, confidence 4.0/5)"
1119,720575940647097732,ORN_DM2,ORN_SER_confusion,SER,ACH,0.5,0.3,0.35,full (E1 x E2),"Carlsson et al., 2010; Yasuyama et al. 1999",5.0,"Review for relabel: classifier predicted SER, literature verifies ACH (source: Carlsson et al., 2010; Yasuyama et al. 1999, confidence 5.0/5)"
1120,720575940616946886,R7,categorical_blindspot_HIST,GLUT,HIST,0.35,,0.35,categorical_blindspot (E1 only),"Davis et al., 2020",4.0,"Review for relabel: classifier predicted GLUT, literature verifies HIST (source: Davis et al., 2020, confidence 4.0/5)"
1121,720575940635042912,R7,categorical_blindspot_HIST,GLUT,HIST,0.35,,0.35,categorical_blindspot (E1 only),"Davis et al., 2020",4.0,"Review for relabel: classifier predicted GLUT, literature verifies HIST (source: Davis et al., 2020, confidence 4.0/5)"
1122,720575940612857770,TmY16,TmY16_signature_scan_novel_candidate,GABA,GLUT,0.53,0.34,0.3498,full (E1 x E2),"Nern et al., 2024 (bioRxiv), published 2025 Nature 641:1225-1237 -- EASI-FISH/connectome-driven visual system neural inventory",3.0,"Review for relabel: classifier predicted GABA, signature-scan + literature match indicates GLUT (source: Nern et al., 2024 (bioRxiv), published 2025 Nature 641:1225-1237 -- EASI-FISH/connectome-driven visual system neural inventory). NOTE: exact per-cell-type data point not independently re-verified beyond the cited paper's existence and topical match -- confirm against the paper's supplementary table before applying."
1123,720575940631429165,ORN_DM3,ORN_SER_confusion,SER,ACH,0.46,0.24,0.3496,full (E1 x E2),"Carlsson et al., 2010; Yasuyama et al. 1999",5.0,"Review for relabel: classifier predicted SER, literature verifies ACH (source: Carlsson et al., 2010; Yasuyama et al. 1999, confidence 5.0/5)"
1124,720575940605343921,ORN_V,ORN_SER_confusion,SER,ACH,0.46,0.24,0.3496,full (E1 x E2),"Carlsson et al., 2010; Yasuyama et al. 1999",5.0,"Review for relabel: classifier predicted SER, literature verifies ACH (source: Carlsson et al., 2010; Yasuyama et al. 1999, confidence 5.0/5)"
1125,720575940636748911,R8,categorical_blindspot_HIST,GLUT,"ACH,HIST",0.41,0.15,0.3485,full (E1 x E2),"Davis et al., 2020; Sarthy 1991",5.0,"Review for relabel: classifier predicted GLUT, literature verifies ACH/HIST (source: Davis et al., 2020; Sarthy 1991, confidence 5.0/5)"
1126,720575940640251965,TmY16,TmY16_signature_scan_novel_candidate,GABA,GLUT,0.52,0.33,0.3484,full (E1 x E2),"Nern et al., 2024 (bioRxiv), published 2025 Nature 641:1225-1237 -- EASI-FISH/connectome-driven visual system neural inventory",3.0,"Review for relabel: classifier predicted GABA, signature-scan + literature match indicates GLUT (source: Nern et al., 2024 (bioRxiv), published 2025 Nature 641:1225-1237 -- EASI-FISH/connectome-driven visual system neural inventory). NOTE: exact per-cell-type data point not independently re-verified beyond the cited paper's existence and topical match -- confirm against the paper's supplementary table before applying."
1127,720575940613860754,ORN_DM3,ORN_SER_confusion,SER,ACH,0.49,0.29,0.3479,full (E1 x E2),"Carlsson et al., 2010; Yasuyama et al. 1999",5.0,"Review for relabel: classifier predicted SER, literature verifies ACH (source: Carlsson et al., 2010; Yasuyama et al. 1999, confidence 5.0/5)"
1128,720575940630943292,TmY16,TmY16_signature_scan_novel_candidate,GABA,GLUT,0.49,0.29,0.3479,full (E1 x E2),"Nern et al., 2024 (bioRxiv), published 2025 Nature 641:1225-1237 -- EASI-FISH/connectome-driven visual system neural inventory",3.0,"Review for relabel: classifier predicted GABA, signature-scan + literature match indicates GLUT (source: Nern et al., 2024 (bioRxiv), published 2025 Nature 641:1225-1237 -- EASI-FISH/connectome-driven visual system neural inventory). NOTE: exact per-cell-type data point not independently re-verified beyond the cited paper's existence and topical match -- confirm against the paper's supplementary table before applying."
1129,720575940620822049,ORN_VA2,ORN_SER_confusion,SER,ACH,0.49,0.29,0.3479,full (E1 x E2),"Carlsson et al., 2010; Yasuyama et al. 1999",5.0,"Review for relabel: classifier predicted SER, literature verifies ACH (source: Carlsson et al., 2010; Yasuyama et al. 1999, confidence 5.0/5)"
1130,720575940638852736,ORN_VA2,ORN_SER_confusion,SER,ACH,0.47,0.26,0.3478,full (E1 x E2),"Carlsson et al., 2010; Yasuyama et al. 1999",5.0,"Review for relabel: classifier predicted SER, literature verifies ACH (source: Carlsson et al., 2010; Yasuyama et al. 1999, confidence 5.0/5)"
1131,720575940625539786,ORN_DM3,ORN_SER_confusion,SER,ACH,0.47,0.26,0.3478,full (E1 x E2),"Carlsson et al., 2010; Yasuyama et al. 1999",5.0,"Review for relabel: classifier predicted SER, literature verifies ACH (source: Carlsson et al., 2010; Yasuyama et al. 1999, confidence 5.0/5)"
1132,720575940612982770,R8,categorical_blindspot_HIST,GLUT,"ACH,HIST",0.44,0.21,0.3476,full (E1 x E2),"Davis et al., 2020; Sarthy 1991",5.0,"Review for relabel: classifier predicted GLUT, literature verifies ACH/HIST (source: Davis et al., 2020; Sarthy 1991, confidence 5.0/5)"
1133,720575940632751928,Dm12,Dm_GLUT_confusion,GABA,GLUT,0.56,0.38,0.3472,full (E1 x E2),"Davis et al., 2020",4.0,"Review for relabel: classifier predicted GABA, literature verifies GLUT (source: Davis et al., 2020, confidence 4.0/5)"
1134,720575940625890712,ORN_VM3,ORN_SER_confusion,SER,ACH,0.51,0.32,0.3468,full (E1 x E2),"Carlsson et al., 2010; Yasuyama et al. 1999",5.0,"Review for relabel: classifier predicted SER, literature verifies ACH (source: Carlsson et al., 2010; Yasuyama et al. 1999, confidence 5.0/5)"
1135,720575940633122607,R8,categorical_blindspot_HIST,GLUT,"ACH,HIST",0.51,0.32,0.3468,full (E1 x E2),"Davis et al., 2020; Sarthy 1991",5.0,"Review for relabel: classifier predicted GLUT, literature verifies ACH/HIST (source: Davis et al., 2020; Sarthy 1991, confidence 5.0/5)"
1136,720575940628331592,TmY16,TmY16_signature_scan_novel_candidate,GABA,GLUT,0.51,0.32,0.3468,full (E1 x E2),"Nern et al., 2024 (bioRxiv), published 2025 Nature 641:1225-1237 -- EASI-FISH/connectome-driven visual system neural inventory",3.0,"Review for relabel: classifier predicted GABA, signature-scan + literature match indicates GLUT (source: Nern et al., 2024 (bioRxiv), published 2025 Nature 641:1225-1237 -- EASI-FISH/connectome-driven visual system neural inventory). NOTE: exact per-cell-type data point not independently re-verified beyond the cited paper's existence and topical match -- confirm against the paper's supplementary table before applying."
1137,720575940618595874,Dm12,Dm_GLUT_confusion,GABA,GLUT,0.55,0.37,0.34650000000000003,full (E1 x E2),"Davis et al., 2020",4.0,"Review for relabel: classifier predicted GABA, literature verifies GLUT (source: Davis et al., 2020, confidence 4.0/5)"
1138,720575940630135963,R8,categorical_blindspot_HIST,GABA,"ACH,HIST",0.45,0.23,0.34650000000000003,full (E1 x E2),"Davis et al., 2020; Sarthy 1991",5.0,"Review for relabel: classifier predicted GABA, literature verifies ACH/HIST (source: Davis et al., 2020; Sarthy 1991, confidence 5.0/5)"
1139,720575940622214320,Dm1,Dm_GLUT_confusion,GABA,GLUT,0.55,0.37,0.34650000000000003,full (E1 x E2),"Davis et al., 2020",4.0,"Review for relabel: classifier predicted GABA, literature verifies GLUT (source: Davis et al., 2020, confidence 4.0/5)"
1140,720575940613822578,TmY16,TmY16_signature_scan_novel_candidate,GABA,GLUT,0.5,0.31,0.345,full (E1 x E2),"Nern et al., 2024 (bioRxiv), published 2025 Nature 641:1225-1237 -- EASI-FISH/connectome-driven visual system neural inventory",3.0,"Review for relabel: classifier predicted GABA, signature-scan + literature match indicates GLUT (source: Nern et al., 2024 (bioRxiv), published 2025 Nature 641:1225-1237 -- EASI-FISH/connectome-driven visual system neural inventory). NOTE: exact per-cell-type data point not independently re-verified beyond the cited paper's existence and topical match -- confirm against the paper's supplementary table before applying."
1141,720575940631141516,ORN_VM3,ORN_SER_confusion,SER,ACH,0.5,0.31,0.345,full (E1 x E2),"Carlsson et al., 2010; Yasuyama et al. 1999",5.0,"Review for relabel: classifier predicted SER, literature verifies ACH (source: Carlsson et al., 2010; Yasuyama et al. 1999, confidence 5.0/5)"
1142,720575940613800470,Dm12,Dm_GLUT_confusion,GABA,GLUT,0.53,0.35,0.34450000000000003,full (E1 x E2),"Davis et al., 2020",4.0,"Review for relabel: classifier predicted GABA, literature verifies GLUT (source: Davis et al., 2020, confidence 4.0/5)"
1143,720575940640677795,R8,categorical_blindspot_HIST,GLUT,"ACH,HIST",0.42,0.18,0.34440000000000004,full (E1 x E2),"Davis et al., 2020; Sarthy 1991",5.0,"Review for relabel: classifier predicted GLUT, literature verifies ACH/HIST (source: Davis et al., 2020; Sarthy 1991, confidence 5.0/5)"
1144,720575940618389460,Dm9,Dm9_GLUT_confirmed_via_direct_literature_search,ACH,GLUT,0.43,0.2,0.34400000000000003,full (E1 x E2),"Davis et al., 2020 (as cited in Kind et al., 2021, eLife, doi:10.7554/eLife.71858); Schnaitmann et al., 2024, Front. Mol. Neurosci., doi:10.3389/fnmol.2024.1347540",4.0,"Review for relabel: classifier predicted ACH, literature verifies GLUT (source: Davis et al., 2020 (as cited in Kind et al., 2021, eLife, doi:10.7554/eLife.71858); Schnaitmann et al., 2024, Front. Mol. Neurosci., doi:10.3389/fnmol.2024.1347540)"
1145,720575940632631097,R8,categorical_blindspot_HIST,GLUT,"ACH,HIST",0.43,0.2,0.34400000000000003,full (E1 x E2),"Davis et al., 2020; Sarthy 1991",5.0,"Review for relabel: classifier predicted GLUT, literature verifies ACH/HIST (source: Davis et al., 2020; Sarthy 1991, confidence 5.0/5)"
1146,720575940621680518,Dm9,Dm9_GLUT_confirmed_via_direct_literature_search,ACH,GLUT,0.43,0.2,0.34400000000000003,full (E1 x E2),"Davis et al., 2020 (as cited in Kind et al., 2021, eLife, doi:10.7554/eLife.71858); Schnaitmann et al., 2024, Front. Mol. Neurosci., doi:10.3389/fnmol.2024.1347540",4.0,"Review for relabel: classifier predicted ACH, literature verifies GLUT (source: Davis et al., 2020 (as cited in Kind et al., 2021, eLife, doi:10.7554/eLife.71858); Schnaitmann et al., 2024, Front. Mol. Neurosci., doi:10.3389/fnmol.2024.1347540)"
1147,720575940621476032,Dm9,Dm9_GLUT_confirmed_via_direct_literature_search,ACH,GLUT,0.44,0.22,0.3432,full (E1 x E2),"Davis et al., 2020 (as cited in Kind et al., 2021, eLife, doi:10.7554/eLife.71858); Schnaitmann et al., 2024, Front. Mol. Neurosci., doi:10.3389/fnmol.2024.1347540",4.0,"Review for relabel: classifier predicted ACH, literature verifies GLUT (source: Davis et al., 2020 (as cited in Kind et al., 2021, eLife, doi:10.7554/eLife.71858); Schnaitmann et al., 2024, Front. Mol. Neurosci., doi:10.3389/fnmol.2024.1347540)"
1148,720575940629559851,TmY16,TmY16_signature_scan_novel_candidate,GABA,GLUT,0.52,0.34,0.34319999999999995,full (E1 x E2),"Nern et al., 2024 (bioRxiv), published 2025 Nature 641:1225-1237 -- EASI-FISH/connectome-driven visual system neural inventory",3.0,"Review for relabel: classifier predicted GABA, signature-scan + literature match indicates GLUT (source: Nern et al., 2024 (bioRxiv), published 2025 Nature 641:1225-1237 -- EASI-FISH/connectome-driven visual system neural inventory). NOTE: exact per-cell-type data point not independently re-verified beyond the cited paper's existence and topical match -- confirm against the paper's supplementary table before applying."
1149,720575940608187778,TmY16,TmY16_signature_scan_novel_candidate,GABA,GLUT,0.47,0.27,0.34309999999999996,full (E1 x E2),"Nern et al., 2024 (bioRxiv), published 2025 Nature 641:1225-1237 -- EASI-FISH/connectome-driven visual system neural inventory",3.0,"Review for relabel: classifier predicted GABA, signature-scan + literature match indicates GLUT (source: Nern et al., 2024 (bioRxiv), published 2025 Nature 641:1225-1237 -- EASI-FISH/connectome-driven visual system neural inventory). NOTE: exact per-cell-type data point not independently re-verified beyond the cited paper's existence and topical match -- confirm against the paper's supplementary table before applying."
1150,720575940631174431,ORN_VA2,ORN_SER_confusion,SER,ACH,0.49,0.3,0.34299999999999997,full (E1 x E2),"Carlsson et al., 2010; Yasuyama et al. 1999",5.0,"Review for relabel: classifier predicted SER, literature verifies ACH (source: Carlsson et al., 2010; Yasuyama et al. 1999, confidence 5.0/5)"
1151,720575940627042898,TmY16,TmY16_signature_scan_novel_candidate,GABA,GLUT,0.49,0.3,0.34299999999999997,full (E1 x E2),"Nern et al., 2024 (bioRxiv), published 2025 Nature 641:1225-1237 -- EASI-FISH/connectome-driven visual system neural inventory",3.0,"Review for relabel: classifier predicted GABA, signature-scan + literature match indicates GLUT (source: Nern et al., 2024 (bioRxiv), published 2025 Nature 641:1225-1237 -- EASI-FISH/connectome-driven visual system neural inventory). NOTE: exact per-cell-type data point not independently re-verified beyond the cited paper's existence and topical match -- confirm against the paper's supplementary table before applying."
1152,720575940634502370,R8,categorical_blindspot_HIST,GABA,"ACH,HIST",0.58,0.41,0.3422,full (E1 x E2),"Davis et al., 2020; Sarthy 1991",5.0,"Review for relabel: classifier predicted GABA, literature verifies ACH/HIST (source: Davis et al., 2020; Sarthy 1991, confidence 5.0/5)"
1153,720575940633802045,ORN_V,ORN_SER_confusion,SER,ACH,0.45,0.24,0.342,full (E1 x E2),"Carlsson et al., 2010; Yasuyama et al. 1999",5.0,"Review for relabel: classifier predicted SER, literature verifies ACH (source: Carlsson et al., 2010; Yasuyama et al. 1999, confidence 5.0/5)"
1154,720575940622452006,ORN_VM3,ORN_SER_confusion,SER,ACH,0.51,0.33,0.34169999999999995,full (E1 x E2),"Carlsson et al., 2010; Yasuyama et al. 1999",5.0,"Review for relabel: classifier predicted SER, literature verifies ACH (source: Carlsson et al., 2010; Yasuyama et al. 1999, confidence 5.0/5)"
1155,720575940612767381,Dm12,Dm_GLUT_confusion,GABA,GLUT,0.56,0.39,0.3416,full (E1 x E2),"Davis et al., 2020",4.0,"Review for relabel: classifier predicted GABA, literature verifies GLUT (source: Davis et al., 2020, confidence 4.0/5)"
1156,720575940619961758,Dm12,Dm_GLUT_confusion,GABA,GLUT,0.56,0.39,0.3416,full (E1 x E2),"Davis et al., 2020",4.0,"Review for relabel: classifier predicted GABA, literature verifies GLUT (source: Davis et al., 2020, confidence 4.0/5)"
1157,720575940631463542,Dm12,Dm_GLUT_confusion,GABA,GLUT,0.56,0.39,0.3416,full (E1 x E2),"Davis et al., 2020",4.0,"Review for relabel: classifier predicted GABA, literature verifies GLUT (source: Davis et al., 2020, confidence 4.0/5)"
1158,720575940637254628,ORN_DA4l,ORN_SER_confusion,SER,ACH,0.55,0.38,0.341,full (E1 x E2),"Carlsson et al., 2010; Yasuyama et al. 1999",5.0,"Review for relabel: classifier predicted SER, literature verifies ACH (source: Carlsson et al., 2010; Yasuyama et al. 1999, confidence 5.0/5)"
1159,720575940633841747,Dm12,Dm_GLUT_confusion,GABA,GLUT,0.55,0.38,0.341,full (E1 x E2),"Davis et al., 2020",4.0,"Review for relabel: classifier predicted GABA, literature verifies GLUT (source: Davis et al., 2020, confidence 4.0/5)"
1160,720575940624963917,ORN_VM3,ORN_SER_confusion,SER,ACH,0.48,0.29,0.3408,full (E1 x E2),"Carlsson et al., 2010; Yasuyama et al. 1999",5.0,"Review for relabel: classifier predicted SER, literature verifies ACH (source: Carlsson et al., 2010; Yasuyama et al. 1999, confidence 5.0/5)"
1161,720575940623904611,Dm1,Dm_GLUT_confusion,GABA,GLUT,0.54,0.37,0.3402,full (E1 x E2),"Davis et al., 2020",4.0,"Review for relabel: classifier predicted GABA, literature verifies GLUT (source: Davis et al., 2020, confidence 4.0/5)"
1162,720575940635374176,Dm1,Dm_GLUT_confusion,GABA,GLUT,0.54,0.37,0.3402,full (E1 x E2),"Davis et al., 2020",4.0,"Review for relabel: classifier predicted GABA, literature verifies GLUT (source: Davis et al., 2020, confidence 4.0/5)"
1163,720575940636370424,Dm1,Dm_GLUT_confusion,GABA,GLUT,0.54,0.37,0.3402,full (E1 x E2),"Davis et al., 2020",4.0,"Review for relabel: classifier predicted GABA, literature verifies GLUT (source: Davis et al., 2020, confidence 4.0/5)"
1164,720575940620537048,Dm12,Dm_GLUT_confusion,GABA,GLUT,0.54,0.37,0.3402,full (E1 x E2),"Davis et al., 2020",4.0,"Review for relabel: classifier predicted GABA, literature verifies GLUT (source: Davis et al., 2020, confidence 4.0/5)"
1165,720575940618292697,R8,categorical_blindspot_HIST,GLUT,"ACH,HIST",0.42,0.19,0.3402,full (E1 x E2),"Davis et al., 2020; Sarthy 1991",5.0,"Review for relabel: classifier predicted GLUT, literature verifies ACH/HIST (source: Davis et al., 2020; Sarthy 1991, confidence 5.0/5)"
1166,720575940619161669,R8,categorical_blindspot_HIST,GLUT,"ACH,HIST",0.42,0.19,0.3402,full (E1 x E2),"Davis et al., 2020; Sarthy 1991",5.0,"Review for relabel: classifier predicted GLUT, literature verifies ACH/HIST (source: Davis et al., 2020; Sarthy 1991, confidence 5.0/5)"
1167,720575940628875688,Dm12,Dm_GLUT_confusion,GABA,GLUT,0.54,0.37,0.3402,full (E1 x E2),"Davis et al., 2020",4.0,"Review for relabel: classifier predicted GABA, literature verifies GLUT (source: Davis et al., 2020, confidence 4.0/5)"
1168,720575940632714823,R7,categorical_blindspot_HIST,GABA,HIST,0.34,,0.34,categorical_blindspot (E1 only),"Davis et al., 2020",4.0,"Review for relabel: classifier predicted GABA, literature verifies HIST (source: Davis et al., 2020, confidence 4.0/5)"
1169,720575940633762003,R7,categorical_blindspot_HIST,GLUT,HIST,0.34,,0.34,categorical_blindspot (E1 only),"Davis et al., 2020",4.0,"Review for relabel: classifier predicted GLUT, literature verifies HIST (source: Davis et al., 2020, confidence 4.0/5)"
1170,720575940634306274,R7,categorical_blindspot_HIST,GLUT,HIST,0.34,,0.34,categorical_blindspot (E1 only),"Davis et al., 2020",4.0,"Review for relabel: classifier predicted GLUT, literature verifies HIST (source: Davis et al., 2020, confidence 4.0/5)"
1171,720575940624033535,R7,categorical_blindspot_HIST,GABA,HIST,0.34,,0.34,categorical_blindspot (E1 only),"Davis et al., 2020",4.0,"Review for relabel: classifier predicted GABA, literature verifies HIST (source: Davis et al., 2020, confidence 4.0/5)"
1172,720575940627148234,R7,categorical_blindspot_HIST,GABA,HIST,0.34,,0.34,categorical_blindspot (E1 only),"Davis et al., 2020",4.0,"Review for relabel: classifier predicted GABA, literature verifies HIST (source: Davis et al., 2020, confidence 4.0/5)"
1173,720575940606182246,R8,categorical_blindspot_HIST,GABA,"ACH,HIST",0.5,0.32,0.33999999999999997,full (E1 x E2),"Davis et al., 2020; Sarthy 1991",5.0,"Review for relabel: classifier predicted GABA, literature verifies ACH/HIST (source: Davis et al., 2020; Sarthy 1991, confidence 5.0/5)"
1174,720575940614850479,R8,categorical_blindspot_HIST,GABA,"ACH,HIST",0.43,0.21,0.3397,full (E1 x E2),"Davis et al., 2020; Sarthy 1991",5.0,"Review for relabel: classifier predicted GABA, literature verifies ACH/HIST (source: Davis et al., 2020; Sarthy 1991, confidence 5.0/5)"
1175,720575940625626348,Dm19,Dm_GLUT_confusion,GABA,GLUT,0.43,0.21,0.3397,full (E1 x E2),"Nern et al., 2024",4.0,"Review for relabel: classifier predicted GABA, literature verifies GLUT (source: Nern et al., 2024, confidence 4.0/5)"
1176,720575940634460385,Dm12,Dm_GLUT_confusion,GABA,GLUT,0.53,0.36,0.3392,full (E1 x E2),"Davis et al., 2020",4.0,"Review for relabel: classifier predicted GABA, literature verifies GLUT (source: Davis et al., 2020, confidence 4.0/5)"
1177,720575940623085495,ORN_DM2,ORN_SER_confusion,SER,ACH,0.47,0.28,0.3384,full (E1 x E2),"Carlsson et al., 2010; Yasuyama et al. 1999",5.0,"Review for relabel: classifier predicted SER, literature verifies ACH (source: Carlsson et al., 2010; Yasuyama et al. 1999, confidence 5.0/5)"
1178,720575940619454656,ORN_DM3,ORN_SER_confusion,SER,ACH,0.49,0.31,0.33809999999999996,full (E1 x E2),"Carlsson et al., 2010; Yasuyama et al. 1999",5.0,"Review for relabel: classifier predicted SER, literature verifies ACH (source: Carlsson et al., 2010; Yasuyama et al. 1999, confidence 5.0/5)"
1179,720575940619269534,ORN_DA4l,ORN_SER_confusion,SER,ACH,0.52,0.35,0.338,full (E1 x E2),"Carlsson et al., 2010; Yasuyama et al. 1999",5.0,"Review for relabel: classifier predicted SER, literature verifies ACH (source: Carlsson et al., 2010; Yasuyama et al. 1999, confidence 5.0/5)"
1180,720575940639006948,R8,categorical_blindspot_HIST,GLUT,"ACH,HIST",0.52,0.35,0.338,full (E1 x E2),"Davis et al., 2020; Sarthy 1991",5.0,"Review for relabel: classifier predicted GLUT, literature verifies ACH/HIST (source: Davis et al., 2020; Sarthy 1991, confidence 5.0/5)"
1181,720575940630804956,Dm1,Dm_GLUT_confusion,GABA,GLUT,0.52,0.35,0.338,full (E1 x E2),"Davis et al., 2020",4.0,"Review for relabel: classifier predicted GABA, literature verifies GLUT (source: Davis et al., 2020, confidence 4.0/5)"
1182,720575940614237871,Dm1,Dm_GLUT_confusion,GABA,GLUT,0.52,0.35,0.338,full (E1 x E2),"Davis et al., 2020",4.0,"Review for relabel: classifier predicted GABA, literature verifies GLUT (source: Davis et al., 2020, confidence 4.0/5)"
1183,720575940622912380,TmY16,TmY16_signature_scan_novel_candidate,GABA,GLUT,0.51,0.34,0.33659999999999995,full (E1 x E2),"Nern et al., 2024 (bioRxiv), published 2025 Nature 641:1225-1237 -- EASI-FISH/connectome-driven visual system neural inventory",3.0,"Review for relabel: classifier predicted GABA, signature-scan + literature match indicates GLUT (source: Nern et al., 2024 (bioRxiv), published 2025 Nature 641:1225-1237 -- EASI-FISH/connectome-driven visual system neural inventory). NOTE: exact per-cell-type data point not independently re-verified beyond the cited paper's existence and topical match -- confirm against the paper's supplementary table before applying."
1184,720575940614228963,Dm9,Dm9_GLUT_confirmed_via_direct_literature_search,ACH,GLUT,0.4,0.16,0.336,full (E1 x E2),"Davis et al., 2020 (as cited in Kind et al., 2021, eLife, doi:10.7554/eLife.71858); Schnaitmann et al., 2024, Front. Mol. Neurosci., doi:10.3389/fnmol.2024.1347540",4.0,"Review for relabel: classifier predicted ACH, literature verifies GLUT (source: Davis et al., 2020 (as cited in Kind et al., 2021, eLife, doi:10.7554/eLife.71858); Schnaitmann et al., 2024, Front. Mol. Neurosci., doi:10.3389/fnmol.2024.1347540)"
1185,720575940628189256,R8,categorical_blindspot_HIST,GLUT,"ACH,HIST",0.4,0.16,0.336,full (E1 x E2),"Davis et al., 2020; Sarthy 1991",5.0,"Review for relabel: classifier predicted GLUT, literature verifies ACH/HIST (source: Davis et al., 2020; Sarthy 1991, confidence 5.0/5)"
1186,720575940610422467,Dm12,Dm_GLUT_confusion,GABA,GLUT,0.56,0.4,0.336,full (E1 x E2),"Davis et al., 2020",4.0,"Review for relabel: classifier predicted GABA, literature verifies GLUT (source: Davis et al., 2020, confidence 4.0/5)"
1187,720575940623356952,R8,categorical_blindspot_HIST,GLUT,"ACH,HIST",0.42,0.2,0.336,full (E1 x E2),"Davis et al., 2020; Sarthy 1991",5.0,"Review for relabel: classifier predicted GLUT, literature verifies ACH/HIST (source: Davis et al., 2020; Sarthy 1991, confidence 5.0/5)"
1188,720575940627545219,Dm19,Dm_GLUT_confusion,GABA,GLUT,0.46,0.27,0.3358,full (E1 x E2),"Nern et al., 2024",4.0,"Review for relabel: classifier predicted GABA, literature verifies GLUT (source: Nern et al., 2024, confidence 4.0/5)"
1189,720575940612534641,Dm12,Dm_GLUT_confusion,GABA,GLUT,0.54,0.38,0.33480000000000004,full (E1 x E2),"Davis et al., 2020",4.0,"Review for relabel: classifier predicted GABA, literature verifies GLUT (source: Davis et al., 2020, confidence 4.0/5)"
1190,720575940642225627,Dm12,Dm_GLUT_confusion,GABA,GLUT,0.54,0.38,0.33480000000000004,full (E1 x E2),"Davis et al., 2020",4.0,"Review for relabel: classifier predicted GABA, literature verifies GLUT (source: Davis et al., 2020, confidence 4.0/5)"
1191,720575940629476081,Dm1,Dm_GLUT_confusion,GABA,GLUT,0.54,0.38,0.33480000000000004,full (E1 x E2),"Davis et al., 2020",4.0,"Review for relabel: classifier predicted GABA, literature verifies GLUT (source: Davis et al., 2020, confidence 4.0/5)"
1192,720575940609393756,Dm19,Dm_GLUT_confusion,GABA,GLUT,0.44,0.24,0.33440000000000003,full (E1 x E2),"Nern et al., 2024",4.0,"Review for relabel: classifier predicted GABA, literature verifies GLUT (source: Nern et al., 2024, confidence 4.0/5)"
1193,720575940618455074,R8,categorical_blindspot_HIST,GLUT,"ACH,HIST",0.47,0.29,0.33369999999999994,full (E1 x E2),"Davis et al., 2020; Sarthy 1991",5.0,"Review for relabel: classifier predicted GLUT, literature verifies ACH/HIST (source: Davis et al., 2020; Sarthy 1991, confidence 5.0/5)"
1194,720575940629452670,ORN_DM3,ORN_SER_confusion,SER,ACH,0.49,0.32,0.33319999999999994,full (E1 x E2),"Carlsson et al., 2010; Yasuyama et al. 1999",5.0,"Review for relabel: classifier predicted SER, literature verifies ACH (source: Carlsson et al., 2010; Yasuyama et al. 1999, confidence 5.0/5)"
1195,720575940630141558,ORN_DM3,ORN_SER_confusion,SER,ACH,0.49,0.32,0.33319999999999994,full (E1 x E2),"Carlsson et al., 2010; Yasuyama et al. 1999",5.0,"Review for relabel: classifier predicted SER, literature verifies ACH (source: Carlsson et al., 2010; Yasuyama et al. 1999, confidence 5.0/5)"
1196,720575940614726546,ORN_DM3,ORN_SER_confusion,SER,ACH,0.45,0.26,0.333,full (E1 x E2),"Carlsson et al., 2010; Yasuyama et al. 1999",5.0,"Review for relabel: classifier predicted SER, literature verifies ACH (source: Carlsson et al., 2010; Yasuyama et al. 1999, confidence 5.0/5)"
1197,720575940630569815,ORN_DM3,ORN_SER_confusion,SER,ACH,0.45,0.26,0.333,full (E1 x E2),"Carlsson et al., 2010; Yasuyama et al. 1999",5.0,"Review for relabel: classifier predicted SER, literature verifies ACH (source: Carlsson et al., 2010; Yasuyama et al. 1999, confidence 5.0/5)"
1198,720575940621222491,Dm12,Dm_GLUT_confusion,GABA,GLUT,0.52,0.36,0.33280000000000004,full (E1 x E2),"Davis et al., 2020",4.0,"Review for relabel: classifier predicted GABA, literature verifies GLUT (source: Davis et al., 2020, confidence 4.0/5)"
1199,720575940624152344,R8,categorical_blindspot_HIST,GLUT,"ACH,HIST",0.41,0.19,0.3321,full (E1 x E2),"Davis et al., 2020; Sarthy 1991",5.0,"Review for relabel: classifier predicted GLUT, literature verifies ACH/HIST (source: Davis et al., 2020; Sarthy 1991, confidence 5.0/5)"
1200,720575940613454194,TmY16,TmY16_signature_scan_novel_candidate,GABA,GLUT,0.51,0.35,0.3315,full (E1 x E2),"Nern et al., 2024 (bioRxiv), published 2025 Nature 641:1225-1237 -- EASI-FISH/connectome-driven visual system neural inventory",3.0,"Review for relabel: classifier predicted GABA, signature-scan + literature match indicates GLUT (source: Nern et al., 2024 (bioRxiv), published 2025 Nature 641:1225-1237 -- EASI-FISH/connectome-driven visual system neural inventory). NOTE: exact per-cell-type data point not independently re-verified beyond the cited paper's existence and topical match -- confirm against the paper's supplementary table before applying."
1201,720575940641989877,Dm1,Dm_GLUT_confusion,GABA,GLUT,0.51,0.35,0.3315,full (E1 x E2),"Davis et al., 2020",4.0,"Review for relabel: classifier predicted GABA, literature verifies GLUT (source: Davis et al., 2020, confidence 4.0/5)"
1202,720575940610226389,TmY16,TmY16_signature_scan_novel_candidate,GABA,GLUT,0.51,0.35,0.3315,full (E1 x E2),"Nern et al., 2024 (bioRxiv), published 2025 Nature 641:1225-1237 -- EASI-FISH/connectome-driven visual system neural inventory",3.0,"Review for relabel: classifier predicted GABA, signature-scan + literature match indicates GLUT (source: Nern et al., 2024 (bioRxiv), published 2025 Nature 641:1225-1237 -- EASI-FISH/connectome-driven visual system neural inventory). NOTE: exact per-cell-type data point not independently re-verified beyond the cited paper's existence and topical match -- confirm against the paper's supplementary table before applying."
1203,720575940635968607,TmY16,TmY16_signature_scan_novel_candidate,GABA,GLUT,0.51,0.35,0.3315,full (E1 x E2),"Nern et al., 2024 (bioRxiv), published 2025 Nature 641:1225-1237 -- EASI-FISH/connectome-driven visual system neural inventory",3.0,"Review for relabel: classifier predicted GABA, signature-scan + literature match indicates GLUT (source: Nern et al., 2024 (bioRxiv), published 2025 Nature 641:1225-1237 -- EASI-FISH/connectome-driven visual system neural inventory). NOTE: exact per-cell-type data point not independently re-verified beyond the cited paper's existence and topical match -- confirm against the paper's supplementary table before applying."
1204,720575940627198809,Dm1,Dm_GLUT_confusion,GABA,GLUT,0.51,0.35,0.3315,full (E1 x E2),"Davis et al., 2020",4.0,"Review for relabel: classifier predicted GABA, literature verifies GLUT (source: Davis et al., 2020, confidence 4.0/5)"
1205,720575940609520393,R8,categorical_blindspot_HIST,GLUT,"ACH,HIST",0.46,0.28,0.3312,full (E1 x E2),"Davis et al., 2020; Sarthy 1991",5.0,"Review for relabel: classifier predicted GLUT, literature verifies ACH/HIST (source: Davis et al., 2020; Sarthy 1991, confidence 5.0/5)"
1206,720575940644624032,Dm12,Dm_GLUT_confusion,GABA,GLUT,0.46,0.28,0.3312,full (E1 x E2),"Davis et al., 2020",4.0,"Review for relabel: classifier predicted GABA, literature verifies GLUT (source: Davis et al., 2020, confidence 4.0/5)"
1207,720575940619357264,ORN_DL4,ORN_SER_confusion,SER,ACH,0.46,0.28,0.3312,full (E1 x E2),"Carlsson et al., 2010; Yasuyama et al. 1999",5.0,"Review for relabel: classifier predicted SER, literature verifies ACH (source: Carlsson et al., 2010; Yasuyama et al. 1999, confidence 5.0/5)"
1208,720575940627322088,ORN_V,ORN_SER_confusion,GABA,ACH,0.46,0.28,0.3312,full (E1 x E2),"Carlsson et al., 2010; Yasuyama et al. 1999",5.0,"Review for relabel: classifier predicted GABA, literature verifies ACH (source: Carlsson et al., 2010; Yasuyama et al. 1999, confidence 5.0/5)"
1209,720575940605834626,ORN_VA2,ORN_SER_confusion,SER,ACH,0.48,0.31,0.33119999999999994,full (E1 x E2),"Carlsson et al., 2010; Yasuyama et al. 1999",5.0,"Review for relabel: classifier predicted SER, literature verifies ACH (source: Carlsson et al., 2010; Yasuyama et al. 1999, confidence 5.0/5)"
1210,720575940615747259,ORN_DM2,ORN_SER_confusion,SER,ACH,0.48,0.31,0.33119999999999994,full (E1 x E2),"Carlsson et al., 2010; Yasuyama et al. 1999",5.0,"Review for relabel: classifier predicted SER, literature verifies ACH (source: Carlsson et al., 2010; Yasuyama et al. 1999, confidence 5.0/5)"
1211,720575940621808227,ORN_VA2,ORN_SER_confusion,SER,ACH,0.48,0.31,0.33119999999999994,full (E1 x E2),"Carlsson et al., 2010; Yasuyama et al. 1999",5.0,"Review for relabel: classifier predicted SER, literature verifies ACH (source: Carlsson et al., 2010; Yasuyama et al. 1999, confidence 5.0/5)"
1212,720575940633715501,R7,categorical_blindspot_HIST,ACH,HIST,0.33,,0.33,categorical_blindspot (E1 only),"Davis et al., 2020",4.0,"Review for relabel: classifier predicted ACH, literature verifies HIST (source: Davis et al., 2020, confidence 4.0/5)"
1213,720575940613187481,TmY16,TmY16_signature_scan_novel_candidate,GABA,GLUT,0.5,0.34,0.32999999999999996,full (E1 x E2),"Nern et al., 2024 (bioRxiv), published 2025 Nature 641:1225-1237 -- EASI-FISH/connectome-driven visual system neural inventory",3.0,"Review for relabel: classifier predicted GABA, signature-scan + literature match indicates GLUT (source: Nern et al., 2024 (bioRxiv), published 2025 Nature 641:1225-1237 -- EASI-FISH/connectome-driven visual system neural inventory). NOTE: exact per-cell-type data point not independently re-verified beyond the cited paper's existence and topical match -- confirm against the paper's supplementary table before applying."
1214,720575940624070953,Dm1,Dm_GLUT_confusion,GABA,GLUT,0.5,0.34,0.32999999999999996,full (E1 x E2),"Davis et al., 2020",4.0,"Review for relabel: classifier predicted GABA, literature verifies GLUT (source: Davis et al., 2020, confidence 4.0/5)"
1215,720575940612343138,Dm12,Dm_GLUT_confusion,GABA,GLUT,0.53,0.38,0.3286,full (E1 x E2),"Davis et al., 2020",4.0,"Review for relabel: classifier predicted GABA, literature verifies GLUT (source: Davis et al., 2020, confidence 4.0/5)"
1216,720575940622039551,ORN_DM2,ORN_SER_confusion,SER,ACH,0.45,0.27,0.3285,full (E1 x E2),"Carlsson et al., 2010; Yasuyama et al. 1999",5.0,"Review for relabel: classifier predicted SER, literature verifies ACH (source: Carlsson et al., 2010; Yasuyama et al. 1999, confidence 5.0/5)"
1217,720575940605724081,ORN_DL4,ORN_SER_confusion,SER,ACH,0.45,0.27,0.3285,full (E1 x E2),"Carlsson et al., 2010; Yasuyama et al. 1999",5.0,"Review for relabel: classifier predicted SER, literature verifies ACH (source: Carlsson et al., 2010; Yasuyama et al. 1999, confidence 5.0/5)"
1218,720575940618845697,TmY16,TmY16_signature_scan_novel_candidate,GABA,GLUT,0.49,0.33,0.3283,full (E1 x E2),"Nern et al., 2024 (bioRxiv), published 2025 Nature 641:1225-1237 -- EASI-FISH/connectome-driven visual system neural inventory",3.0,"Review for relabel: classifier predicted GABA, signature-scan + literature match indicates GLUT (source: Nern et al., 2024 (bioRxiv), published 2025 Nature 641:1225-1237 -- EASI-FISH/connectome-driven visual system neural inventory). NOTE: exact per-cell-type data point not independently re-verified beyond the cited paper's existence and topical match -- confirm against the paper's supplementary table before applying."
1219,720575940608150450,R8,categorical_blindspot_HIST,GLUT,"ACH,HIST",0.49,0.33,0.3283,full (E1 x E2),"Davis et al., 2020; Sarthy 1991",5.0,"Review for relabel: classifier predicted GLUT, literature verifies ACH/HIST (source: Davis et al., 2020; Sarthy 1991, confidence 5.0/5)"
1220,720575940624902296,Dm1,Dm_GLUT_confusion,GABA,GLUT,0.49,0.33,0.3283,full (E1 x E2),"Davis et al., 2020",4.0,"Review for relabel: classifier predicted GABA, literature verifies GLUT (source: Davis et al., 2020, confidence 4.0/5)"
1221,720575940626774160,R8,categorical_blindspot_HIST,GLUT,"ACH,HIST",0.49,0.33,0.3283,full (E1 x E2),"Davis et al., 2020; Sarthy 1991",5.0,"Review for relabel: classifier predicted GLUT, literature verifies ACH/HIST (source: Davis et al., 2020; Sarthy 1991, confidence 5.0/5)"
1222,720575940639024462,ORN_DM2,ORN_SER_confusion,SER,ACH,0.49,0.33,0.3283,full (E1 x E2),"Carlsson et al., 2010; Yasuyama et al. 1999",5.0,"Review for relabel: classifier predicted SER, literature verifies ACH (source: Carlsson et al., 2010; Yasuyama et al. 1999, confidence 5.0/5)"
1223,720575940631880399,R8,categorical_blindspot_HIST,GABA,"ACH,HIST",0.41,0.2,0.328,full (E1 x E2),"Davis et al., 2020; Sarthy 1991",5.0,"Review for relabel: classifier predicted GABA, literature verifies ACH/HIST (source: Davis et al., 2020; Sarthy 1991, confidence 5.0/5)"
1224,720575940621190022,R8,categorical_blindspot_HIST,GLUT,"ACH,HIST",0.41,0.2,0.328,full (E1 x E2),"Davis et al., 2020; Sarthy 1991",5.0,"Review for relabel: classifier predicted GLUT, literature verifies ACH/HIST (source: Davis et al., 2020; Sarthy 1991, confidence 5.0/5)"
1225,720575940631591761,TmY16,TmY16_signature_scan_novel_candidate,GABA,GLUT,0.52,0.37,0.3276,full (E1 x E2),"Nern et al., 2024 (bioRxiv), published 2025 Nature 641:1225-1237 -- EASI-FISH/connectome-driven visual system neural inventory",3.0,"Review for relabel: classifier predicted GABA, signature-scan + literature match indicates GLUT (source: Nern et al., 2024 (bioRxiv), published 2025 Nature 641:1225-1237 -- EASI-FISH/connectome-driven visual system neural inventory). NOTE: exact per-cell-type data point not independently re-verified beyond the cited paper's existence and topical match -- confirm against the paper's supplementary table before applying."
1226,720575940633744747,hDeltaK,hDeltaK_signature_scan_novel_candidate,SER,ACH,0.42,0.22,0.3276,full (E1 x E2),"Wolff et al., 2024 (bioRxiv), published 2025 eLife RP104764 -- EASI-FISH neurotransmitter profiling of central complex cell types",3.0,"Review for relabel: classifier predicted SER, signature-scan + literature match indicates ACH (source: Wolff et al., 2024 (bioRxiv), published 2025 eLife RP104764 -- EASI-FISH neurotransmitter profiling of central complex cell types). NOTE: exact per-cell-type data point not independently re-verified beyond the cited paper's existence and topical match -- confirm against the paper's supplementary table before applying."
1227,720575940608063580,TmY16,TmY16_signature_scan_novel_candidate,GABA,GLUT,0.52,0.37,0.3276,full (E1 x E2),"Nern et al., 2024 (bioRxiv), published 2025 Nature 641:1225-1237 -- EASI-FISH/connectome-driven visual system neural inventory",3.0,"Review for relabel: classifier predicted GABA, signature-scan + literature match indicates GLUT (source: Nern et al., 2024 (bioRxiv), published 2025 Nature 641:1225-1237 -- EASI-FISH/connectome-driven visual system neural inventory). NOTE: exact per-cell-type data point not independently re-verified beyond the cited paper's existence and topical match -- confirm against the paper's supplementary table before applying."
1228,720575940644726728,R8,categorical_blindspot_HIST,GABA,"ACH,HIST",0.46,0.29,0.3266,full (E1 x E2),"Davis et al., 2020; Sarthy 1991",5.0,"Review for relabel: classifier predicted GABA, literature verifies ACH/HIST (source: Davis et al., 2020; Sarthy 1991, confidence 5.0/5)"
1229,720575940642926221,TmY16,TmY16_signature_scan_novel_candidate,GABA,GLUT,0.51,0.36,0.3264,full (E1 x E2),"Nern et al., 2024 (bioRxiv), published 2025 Nature 641:1225-1237 -- EASI-FISH/connectome-driven visual system neural inventory",3.0,"Review for relabel: classifier predicted GABA, signature-scan + literature match indicates GLUT (source: Nern et al., 2024 (bioRxiv), published 2025 Nature 641:1225-1237 -- EASI-FISH/connectome-driven visual system neural inventory). NOTE: exact per-cell-type data point not independently re-verified beyond the cited paper's existence and topical match -- confirm against the paper's supplementary table before applying."
1230,720575940640592755,Dm12,Dm_GLUT_confusion,GABA,GLUT,0.51,0.36,0.3264,full (E1 x E2),"Davis et al., 2020",4.0,"Review for relabel: classifier predicted GABA, literature verifies GLUT (source: Davis et al., 2020, confidence 4.0/5)"
1231,720575940608695819,TmY16,TmY16_signature_scan_novel_candidate,GABA,GLUT,0.51,0.36,0.3264,full (E1 x E2),"Nern et al., 2024 (bioRxiv), published 2025 Nature 641:1225-1237 -- EASI-FISH/connectome-driven visual system neural inventory",3.0,"Review for relabel: classifier predicted GABA, signature-scan + literature match indicates GLUT (source: Nern et al., 2024 (bioRxiv), published 2025 Nature 641:1225-1237 -- EASI-FISH/connectome-driven visual system neural inventory). NOTE: exact per-cell-type data point not independently re-verified beyond the cited paper's existence and topical match -- confirm against the paper's supplementary table before applying."
1232,720575940630612280,ORN_DM2,ORN_SER_confusion,SER,ACH,0.48,0.32,0.32639999999999997,full (E1 x E2),"Carlsson et al., 2010; Yasuyama et al. 1999",5.0,"Review for relabel: classifier predicted SER, literature verifies ACH (source: Carlsson et al., 2010; Yasuyama et al. 1999, confidence 5.0/5)"
1233,720575940605915872,ORN_DM2,ORN_SER_confusion,SER,ACH,0.48,0.32,0.32639999999999997,full (E1 x E2),"Carlsson et al., 2010; Yasuyama et al. 1999",5.0,"Review for relabel: classifier predicted SER, literature verifies ACH (source: Carlsson et al., 2010; Yasuyama et al. 1999, confidence 5.0/5)"
1234,720575940622088001,R8,categorical_blindspot_HIST,GLUT,"ACH,HIST",0.48,0.32,0.32639999999999997,full (E1 x E2),"Davis et al., 2020; Sarthy 1991",5.0,"Review for relabel: classifier predicted GLUT, literature verifies ACH/HIST (source: Davis et al., 2020; Sarthy 1991, confidence 5.0/5)"
1235,720575940633240879,Dm1,Dm_GLUT_confusion,GABA,GLUT,0.5,0.35,0.325,full (E1 x E2),"Davis et al., 2020",4.0,"Review for relabel: classifier predicted GABA, literature verifies GLUT (source: Davis et al., 2020, confidence 4.0/5)"
1236,720575940605905836,Dm12,Dm_GLUT_confusion,GABA,GLUT,0.56,0.42,0.3248000000000001,full (E1 x E2),"Davis et al., 2020",4.0,"Review for relabel: classifier predicted GABA, literature verifies GLUT (source: Davis et al., 2020, confidence 4.0/5)"
1237,720575940633631661,R8,categorical_blindspot_HIST,GABA,"ACH,HIST",0.47,0.31,0.3243,full (E1 x E2),"Davis et al., 2020; Sarthy 1991",5.0,"Review for relabel: classifier predicted GABA, literature verifies ACH/HIST (source: Davis et al., 2020; Sarthy 1991, confidence 5.0/5)"
1238,720575940614427055,ORN_DM2,ORN_SER_confusion,SER,ACH,0.47,0.31,0.3243,full (E1 x E2),"Carlsson et al., 2010; Yasuyama et al. 1999",5.0,"Review for relabel: classifier predicted SER, literature verifies ACH (source: Carlsson et al., 2010; Yasuyama et al. 1999, confidence 5.0/5)"
1239,720575940628945148,R8,categorical_blindspot_HIST,GABA,"ACH,HIST",0.47,0.31,0.3243,full (E1 x E2),"Davis et al., 2020; Sarthy 1991",5.0,"Review for relabel: classifier predicted GABA, literature verifies ACH/HIST (source: Davis et al., 2020; Sarthy 1991, confidence 5.0/5)"
1240,720575940623572164,ORN_DA4m,ORN_SER_confusion,SER,ACH,0.47,0.31,0.3243,full (E1 x E2),"Carlsson et al., 2010; Yasuyama et al. 1999",5.0,"Review for relabel: classifier predicted SER, literature verifies ACH (source: Carlsson et al., 2010; Yasuyama et al. 1999, confidence 5.0/5)"
1241,720575940628230223,R8,categorical_blindspot_HIST,GABA,"ACH,HIST",0.47,0.31,0.3243,full (E1 x E2),"Davis et al., 2020; Sarthy 1991",5.0,"Review for relabel: classifier predicted GABA, literature verifies ACH/HIST (source: Davis et al., 2020; Sarthy 1991, confidence 5.0/5)"
1242,720575940620028080,ORN_VA2,ORN_SER_confusion,SER,ACH,0.45,0.28,0.324,full (E1 x E2),"Carlsson et al., 2010; Yasuyama et al. 1999",5.0,"Review for relabel: classifier predicted SER, literature verifies ACH (source: Carlsson et al., 2010; Yasuyama et al. 1999, confidence 5.0/5)"
1243,720575940621287104,R8,categorical_blindspot_HIST,GABA,"ACH,HIST",0.45,0.28,0.324,full (E1 x E2),"Davis et al., 2020; Sarthy 1991",5.0,"Review for relabel: classifier predicted GABA, literature verifies ACH/HIST (source: Davis et al., 2020; Sarthy 1991, confidence 5.0/5)"
1244,720575940640655779,R8,categorical_blindspot_HIST,GLUT,"ACH,HIST",0.41,0.21,0.3239,full (E1 x E2),"Davis et al., 2020; Sarthy 1991",5.0,"Review for relabel: classifier predicted GLUT, literature verifies ACH/HIST (source: Davis et al., 2020; Sarthy 1991, confidence 5.0/5)"
1245,720575940632115983,R8,categorical_blindspot_HIST,GLUT,"ACH,HIST",0.41,0.21,0.3239,full (E1 x E2),"Davis et al., 2020; Sarthy 1991",5.0,"Review for relabel: classifier predicted GLUT, literature verifies ACH/HIST (source: Davis et al., 2020; Sarthy 1991, confidence 5.0/5)"
1246,720575940623854311,ORN_V,ORN_SER_confusion,SER,ACH,0.42,0.23,0.3234,full (E1 x E2),"Carlsson et al., 2010; Yasuyama et al. 1999",5.0,"Review for relabel: classifier predicted SER, literature verifies ACH (source: Carlsson et al., 2010; Yasuyama et al. 1999, confidence 5.0/5)"
1247,720575940619072001,R8,categorical_blindspot_HIST,GLUT,"ACH,HIST",0.49,0.34,0.32339999999999997,full (E1 x E2),"Davis et al., 2020; Sarthy 1991",5.0,"Review for relabel: classifier predicted GLUT, literature verifies ACH/HIST (source: Davis et al., 2020; Sarthy 1991, confidence 5.0/5)"
1248,720575940615706274,Dm12,Dm_GLUT_confusion,GABA,GLUT,0.53,0.39,0.32330000000000003,full (E1 x E2),"Davis et al., 2020",4.0,"Review for relabel: classifier predicted GABA, literature verifies GLUT (source: Davis et al., 2020, confidence 4.0/5)"
1249,720575940614511667,TmY16,TmY16_signature_scan_novel_candidate,GABA,GLUT,0.52,0.38,0.3224,full (E1 x E2),"Nern et al., 2024 (bioRxiv), published 2025 Nature 641:1225-1237 -- EASI-FISH/connectome-driven visual system neural inventory",3.0,"Review for relabel: classifier predicted GABA, signature-scan + literature match indicates GLUT (source: Nern et al., 2024 (bioRxiv), published 2025 Nature 641:1225-1237 -- EASI-FISH/connectome-driven visual system neural inventory). NOTE: exact per-cell-type data point not independently re-verified beyond the cited paper's existence and topical match -- confirm against the paper's supplementary table before applying."
1250,720575940616831349,ORN_DA4m,ORN_SER_confusion,SER,ACH,0.46,0.3,0.322,full (E1 x E2),"Carlsson et al., 2010; Yasuyama et al. 1999",5.0,"Review for relabel: classifier predicted SER, literature verifies ACH (source: Carlsson et al., 2010; Yasuyama et al. 1999, confidence 5.0/5)"
1251,720575940631557228,R8,categorical_blindspot_HIST,GABA,"ACH,HIST",0.37,0.13,0.3219,full (E1 x E2),"Davis et al., 2020; Sarthy 1991",5.0,"Review for relabel: classifier predicted GABA, literature verifies ACH/HIST (source: Davis et al., 2020; Sarthy 1991, confidence 5.0/5)"
1252,720575940619860790,Dm12,Dm_GLUT_confusion,GABA,GLUT,0.51,0.37,0.32130000000000003,full (E1 x E2),"Davis et al., 2020",4.0,"Review for relabel: classifier predicted GABA, literature verifies GLUT (source: Davis et al., 2020, confidence 4.0/5)"
1253,720575940621238437,R8,categorical_blindspot_HIST,GLUT,"ACH,HIST",0.51,0.37,0.32130000000000003,full (E1 x E2),"Davis et al., 2020; Sarthy 1991",5.0,"Review for relabel: classifier predicted GLUT, literature verifies ACH/HIST (source: Davis et al., 2020; Sarthy 1991, confidence 5.0/5)"
1254,720575940630266983,Dm19,Dm_GLUT_confusion,GABA,GLUT,0.44,0.27,0.3212,full (E1 x E2),"Nern et al., 2024",4.0,"Review for relabel: classifier predicted GABA, literature verifies GLUT (source: Nern et al., 2024, confidence 4.0/5)"
1255,720575940631743575,R7,categorical_blindspot_HIST,OCT,HIST,0.32,,0.32,categorical_blindspot (E1 only),"Davis et al., 2020",4.0,"Review for relabel: classifier predicted OCT, literature verifies HIST (source: Davis et al., 2020, confidence 4.0/5)"
1256,720575940644260768,R8,categorical_blindspot_HIST,GLUT,"ACH,HIST",0.41,0.22,0.3198,full (E1 x E2),"Davis et al., 2020; Sarthy 1991",5.0,"Review for relabel: classifier predicted GLUT, literature verifies ACH/HIST (source: Davis et al., 2020; Sarthy 1991, confidence 5.0/5)"
1257,720575940632482105,R8,categorical_blindspot_HIST,GABA,"ACH,HIST",0.47,0.32,0.31959999999999994,full (E1 x E2),"Davis et al., 2020; Sarthy 1991",5.0,"Review for relabel: classifier predicted GABA, literature verifies ACH/HIST (source: Davis et al., 2020; Sarthy 1991, confidence 5.0/5)"
1258,720575940615177011,Dm12,Dm_GLUT_confusion,GABA,GLUT,0.47,0.32,0.31959999999999994,full (E1 x E2),"Davis et al., 2020",4.0,"Review for relabel: classifier predicted GABA, literature verifies GLUT (source: Davis et al., 2020, confidence 4.0/5)"
1259,720575940611696370,ORN_DM2,ORN_SER_confusion,SER,ACH,0.45,0.29,0.3195,full (E1 x E2),"Carlsson et al., 2010; Yasuyama et al. 1999",5.0,"Review for relabel: classifier predicted SER, literature verifies ACH (source: Carlsson et al., 2010; Yasuyama et al. 1999, confidence 5.0/5)"
1260,720575940640674211,R8,categorical_blindspot_HIST,GLUT,"ACH,HIST",0.42,0.24,0.3192,full (E1 x E2),"Davis et al., 2020; Sarthy 1991",5.0,"Review for relabel: classifier predicted GLUT, literature verifies ACH/HIST (source: Davis et al., 2020; Sarthy 1991, confidence 5.0/5)"
1261,720575940619843520,ORN_DL4,ORN_SER_confusion,SER,ACH,0.42,0.24,0.3192,full (E1 x E2),"Carlsson et al., 2010; Yasuyama et al. 1999",5.0,"Review for relabel: classifier predicted SER, literature verifies ACH (source: Carlsson et al., 2010; Yasuyama et al. 1999, confidence 5.0/5)"
1262,720575940629677655,ORN_VA2,ORN_SER_confusion,SER,ACH,0.49,0.35,0.3185,full (E1 x E2),"Carlsson et al., 2010; Yasuyama et al. 1999",5.0,"Review for relabel: classifier predicted SER, literature verifies ACH (source: Carlsson et al., 2010; Yasuyama et al. 1999, confidence 5.0/5)"
1263,720575940623877820,TmY16,TmY16_signature_scan_novel_candidate,GABA,GLUT,0.49,0.35,0.3185,full (E1 x E2),"Nern et al., 2024 (bioRxiv), published 2025 Nature 641:1225-1237 -- EASI-FISH/connectome-driven visual system neural inventory",3.0,"Review for relabel: classifier predicted GABA, signature-scan + literature match indicates GLUT (source: Nern et al., 2024 (bioRxiv), published 2025 Nature 641:1225-1237 -- EASI-FISH/connectome-driven visual system neural inventory). NOTE: exact per-cell-type data point not independently re-verified beyond the cited paper's existence and topical match -- confirm against the paper's supplementary table before applying."
1264,720575940626334541,Dm12,Dm_GLUT_confusion,GABA,GLUT,0.53,0.4,0.318,full (E1 x E2),"Davis et al., 2020",4.0,"Review for relabel: classifier predicted GABA, literature verifies GLUT (source: Davis et al., 2020, confidence 4.0/5)"
1265,720575940609005660,Dm12,Dm_GLUT_confusion,GABA,GLUT,0.53,0.4,0.318,full (E1 x E2),"Davis et al., 2020",4.0,"Review for relabel: classifier predicted GABA, literature verifies GLUT (source: Davis et al., 2020, confidence 4.0/5)"
1266,720575940625360784,ORN_DM2,ORN_SER_confusion,SER,ACH,0.46,0.31,0.3174,full (E1 x E2),"Carlsson et al., 2010; Yasuyama et al. 1999",5.0,"Review for relabel: classifier predicted SER, literature verifies ACH (source: Carlsson et al., 2010; Yasuyama et al. 1999, confidence 5.0/5)"
1267,720575940631099708,Dm12,Dm_GLUT_confusion,GABA,GLUT,0.52,0.39,0.3172,full (E1 x E2),"Davis et al., 2020",4.0,"Review for relabel: classifier predicted GABA, literature verifies GLUT (source: Davis et al., 2020, confidence 4.0/5)"
1268,720575940606570342,TmY16,TmY16_signature_scan_novel_candidate,GABA,GLUT,0.52,0.39,0.3172,full (E1 x E2),"Nern et al., 2024 (bioRxiv), published 2025 Nature 641:1225-1237 -- EASI-FISH/connectome-driven visual system neural inventory",3.0,"Review for relabel: classifier predicted GABA, signature-scan + literature match indicates GLUT (source: Nern et al., 2024 (bioRxiv), published 2025 Nature 641:1225-1237 -- EASI-FISH/connectome-driven visual system neural inventory). NOTE: exact per-cell-type data point not independently re-verified beyond the cited paper's existence and topical match -- confirm against the paper's supplementary table before applying."
1269,720575940638542426,ORN_DA4l,ORN_SER_confusion,SER,ACH,0.48,0.34,0.31679999999999997,full (E1 x E2),"Carlsson et al., 2010; Yasuyama et al. 1999",5.0,"Review for relabel: classifier predicted SER, literature verifies ACH (source: Carlsson et al., 2010; Yasuyama et al. 1999, confidence 5.0/5)"
1270,720575940612180081,TmY16,TmY16_signature_scan_novel_candidate,GABA,GLUT,0.51,0.38,0.3162,full (E1 x E2),"Nern et al., 2024 (bioRxiv), published 2025 Nature 641:1225-1237 -- EASI-FISH/connectome-driven visual system neural inventory",3.0,"Review for relabel: classifier predicted GABA, signature-scan + literature match indicates GLUT (source: Nern et al., 2024 (bioRxiv), published 2025 Nature 641:1225-1237 -- EASI-FISH/connectome-driven visual system neural inventory). NOTE: exact per-cell-type data point not independently re-verified beyond the cited paper's existence and topical match -- confirm against the paper's supplementary table before applying."
1271,720575940619054676,Dm12,Dm_GLUT_confusion,GABA,GLUT,0.51,0.38,0.3162,full (E1 x E2),"Davis et al., 2020",4.0,"Review for relabel: classifier predicted GABA, literature verifies GLUT (source: Davis et al., 2020, confidence 4.0/5)"
1272,720575940620909989,R8,categorical_blindspot_HIST,GABA,"ACH,HIST",0.42,0.25,0.315,full (E1 x E2),"Davis et al., 2020; Sarthy 1991",5.0,"Review for relabel: classifier predicted GABA, literature verifies ACH/HIST (source: Davis et al., 2020; Sarthy 1991, confidence 5.0/5)"
1273,720575940630720810,ORN_DL4,ORN_SER_confusion,SER,ACH,0.45,0.3,0.315,full (E1 x E2),"Carlsson et al., 2010; Yasuyama et al. 1999",5.0,"Review for relabel: classifier predicted SER, literature verifies ACH (source: Carlsson et al., 2010; Yasuyama et al. 1999, confidence 5.0/5)"
1274,720575940633256140,Dm19,Dm_GLUT_confusion,GABA,GLUT,0.42,0.25,0.315,full (E1 x E2),"Nern et al., 2024",4.0,"Review for relabel: classifier predicted GABA, literature verifies GLUT (source: Nern et al., 2024, confidence 4.0/5)"
1275,720575940619277733,ORN_DM2,ORN_SER_confusion,SER,ACH,0.5,0.37,0.315,full (E1 x E2),"Carlsson et al., 2010; Yasuyama et al. 1999",5.0,"Review for relabel: classifier predicted SER, literature verifies ACH (source: Carlsson et al., 2010; Yasuyama et al. 1999, confidence 5.0/5)"
1276,720575940635094426,ORN_DM2,ORN_SER_confusion,SER,ACH,0.47,0.33,0.31489999999999996,full (E1 x E2),"Carlsson et al., 2010; Yasuyama et al. 1999",5.0,"Review for relabel: classifier predicted SER, literature verifies ACH (source: Carlsson et al., 2010; Yasuyama et al. 1999, confidence 5.0/5)"
1277,720575940613296370,Dm12,Dm_GLUT_confusion,GABA,GLUT,0.49,0.36,0.3136,full (E1 x E2),"Davis et al., 2020",4.0,"Review for relabel: classifier predicted GABA, literature verifies GLUT (source: Davis et al., 2020, confidence 4.0/5)"
1278,720575940610540920,TmY16,TmY16_signature_scan_novel_candidate,GABA,GLUT,0.49,0.36,0.3136,full (E1 x E2),"Nern et al., 2024 (bioRxiv), published 2025 Nature 641:1225-1237 -- EASI-FISH/connectome-driven visual system neural inventory",3.0,"Review for relabel: classifier predicted GABA, signature-scan + literature match indicates GLUT (source: Nern et al., 2024 (bioRxiv), published 2025 Nature 641:1225-1237 -- EASI-FISH/connectome-driven visual system neural inventory). NOTE: exact per-cell-type data point not independently re-verified beyond the cited paper's existence and topical match -- confirm against the paper's supplementary table before applying."
1279,720575940624286698,R8,categorical_blindspot_HIST,GABA,"ACH,HIST",0.46,0.32,0.31279999999999997,full (E1 x E2),"Davis et al., 2020; Sarthy 1991",5.0,"Review for relabel: classifier predicted GABA, literature verifies ACH/HIST (source: Davis et al., 2020; Sarthy 1991, confidence 5.0/5)"
1280,720575940628994524,ORN_DM3,ORN_SER_confusion,SER,ACH,0.46,0.32,0.31279999999999997,full (E1 x E2),"Carlsson et al., 2010; Yasuyama et al. 1999",5.0,"Review for relabel: classifier predicted SER, literature verifies ACH (source: Carlsson et al., 2010; Yasuyama et al. 1999, confidence 5.0/5)"
1281,720575940643407520,ORN_DM3,ORN_SER_confusion,SER,ACH,0.44,0.29,0.3124,full (E1 x E2),"Carlsson et al., 2010; Yasuyama et al. 1999",5.0,"Review for relabel: classifier predicted SER, literature verifies ACH (source: Carlsson et al., 2010; Yasuyama et al. 1999, confidence 5.0/5)"
1282,720575940626867593,ORN_DL4,ORN_SER_confusion,SER,ACH,0.44,0.29,0.3124,full (E1 x E2),"Carlsson et al., 2010; Yasuyama et al. 1999",5.0,"Review for relabel: classifier predicted SER, literature verifies ACH (source: Carlsson et al., 2010; Yasuyama et al. 1999, confidence 5.0/5)"
1283,720575940628288143,R8,categorical_blindspot_HIST,GLUT,"ACH,HIST",0.44,0.29,0.3124,full (E1 x E2),"Davis et al., 2020; Sarthy 1991",5.0,"Review for relabel: classifier predicted GLUT, literature verifies ACH/HIST (source: Davis et al., 2020; Sarthy 1991, confidence 5.0/5)"
1284,720575940623771580,ORN_V,ORN_SER_confusion,SER,ACH,0.39,0.2,0.31200000000000006,full (E1 x E2),"Carlsson et al., 2010; Yasuyama et al. 1999",5.0,"Review for relabel: classifier predicted SER, literature verifies ACH (source: Carlsson et al., 2010; Yasuyama et al. 1999, confidence 5.0/5)"
1285,720575940625336299,Dm12,Dm_GLUT_confusion,GABA,GLUT,0.52,0.4,0.312,full (E1 x E2),"Davis et al., 2020",4.0,"Review for relabel: classifier predicted GABA, literature verifies GLUT (source: Davis et al., 2020, confidence 4.0/5)"
1286,720575940632427282,Dm1,Dm_GLUT_confusion,GABA,GLUT,0.48,0.35,0.312,full (E1 x E2),"Davis et al., 2020",4.0,"Review for relabel: classifier predicted GABA, literature verifies GLUT (source: Davis et al., 2020, confidence 4.0/5)"
1287,720575940621680481,R8,categorical_blindspot_HIST,GABA,"ACH,HIST",0.48,0.35,0.312,full (E1 x E2),"Davis et al., 2020; Sarthy 1991",5.0,"Review for relabel: classifier predicted GABA, literature verifies ACH/HIST (source: Davis et al., 2020; Sarthy 1991, confidence 5.0/5)"
1288,720575940615885195,ORN_VM3,ORN_SER_confusion,SER,ACH,0.52,0.4,0.312,full (E1 x E2),"Carlsson et al., 2010; Yasuyama et al. 1999",5.0,"Review for relabel: classifier predicted SER, literature verifies ACH (source: Carlsson et al., 2010; Yasuyama et al. 1999, confidence 5.0/5)"
1289,720575940621668428,ORN_DA4m,ORN_SER_confusion,SER,ACH,0.48,0.35,0.312,full (E1 x E2),"Carlsson et al., 2010; Yasuyama et al. 1999",5.0,"Review for relabel: classifier predicted SER, literature verifies ACH (source: Carlsson et al., 2010; Yasuyama et al. 1999, confidence 5.0/5)"
1290,720575940631203896,ORN_VA2,ORN_SER_confusion,SER,ACH,0.48,0.35,0.312,full (E1 x E2),"Carlsson et al., 2010; Yasuyama et al. 1999",5.0,"Review for relabel: classifier predicted SER, literature verifies ACH (source: Carlsson et al., 2010; Yasuyama et al. 1999, confidence 5.0/5)"
1291,720575940618875549,R8,categorical_blindspot_HIST,GLUT,"ACH,HIST",0.38,0.18,0.31160000000000004,full (E1 x E2),"Davis et al., 2020; Sarthy 1991",5.0,"Review for relabel: classifier predicted GLUT, literature verifies ACH/HIST (source: Davis et al., 2020; Sarthy 1991, confidence 5.0/5)"
1292,720575940623783437,Dm12,Dm_GLUT_confusion,GABA,GLUT,0.51,0.39,0.3111,full (E1 x E2),"Davis et al., 2020",4.0,"Review for relabel: classifier predicted GABA, literature verifies GLUT (source: Davis et al., 2020, confidence 4.0/5)"
1293,720575940635333728,TmY16,TmY16_signature_scan_novel_candidate,GABA,GLUT,0.51,0.39,0.3111,full (E1 x E2),"Nern et al., 2024 (bioRxiv), published 2025 Nature 641:1225-1237 -- EASI-FISH/connectome-driven visual system neural inventory",3.0,"Review for relabel: classifier predicted GABA, signature-scan + literature match indicates GLUT (source: Nern et al., 2024 (bioRxiv), published 2025 Nature 641:1225-1237 -- EASI-FISH/connectome-driven visual system neural inventory). NOTE: exact per-cell-type data point not independently re-verified beyond the cited paper's existence and topical match -- confirm against the paper's supplementary table before applying."
1294,720575940608210306,Dm12,Dm_GLUT_confusion,GABA,GLUT,0.45,0.31,0.3105,full (E1 x E2),"Davis et al., 2020",4.0,"Review for relabel: classifier predicted GABA, literature verifies GLUT (source: Davis et al., 2020, confidence 4.0/5)"
1295,720575940617645652,ORN_DM2,ORN_SER_confusion,SER,ACH,0.45,0.31,0.3105,full (E1 x E2),"Carlsson et al., 2010; Yasuyama et al. 1999",5.0,"Review for relabel: classifier predicted SER, literature verifies ACH (source: Carlsson et al., 2010; Yasuyama et al. 1999, confidence 5.0/5)"
1296,720575940611637418,ORN_DM3,ORN_SER_confusion,SER,ACH,0.45,0.31,0.3105,full (E1 x E2),"Carlsson et al., 2010; Yasuyama et al. 1999",5.0,"Review for relabel: classifier predicted SER, literature verifies ACH (source: Carlsson et al., 2010; Yasuyama et al. 1999, confidence 5.0/5)"
1297,720575940626879484,ORN_VA2,ORN_SER_confusion,SER,ACH,0.47,0.34,0.3101999999999999,full (E1 x E2),"Carlsson et al., 2010; Yasuyama et al. 1999",5.0,"Review for relabel: classifier predicted SER, literature verifies ACH (source: Carlsson et al., 2010; Yasuyama et al. 1999, confidence 5.0/5)"
1298,720575940609209180,R7,categorical_blindspot_HIST,SER,HIST,0.31,,0.31,categorical_blindspot (E1 only),"Davis et al., 2020",4.0,"Review for relabel: classifier predicted SER, literature verifies HIST (source: Davis et al., 2020, confidence 4.0/5)"
1299,720575940624148874,TmY16,TmY16_signature_scan_novel_candidate,GABA,GLUT,0.5,0.38,0.31,full (E1 x E2),"Nern et al., 2024 (bioRxiv), published 2025 Nature 641:1225-1237 -- EASI-FISH/connectome-driven visual system neural inventory",3.0,"Review for relabel: classifier predicted GABA, signature-scan + literature match indicates GLUT (source: Nern et al., 2024 (bioRxiv), published 2025 Nature 641:1225-1237 -- EASI-FISH/connectome-driven visual system neural inventory). NOTE: exact per-cell-type data point not independently re-verified beyond the cited paper's existence and topical match -- confirm against the paper's supplementary table before applying."
1300,720575940606537150,TmY16,TmY16_signature_scan_novel_candidate,GABA,GLUT,0.43,0.28,0.3096,full (E1 x E2),"Nern et al., 2024 (bioRxiv), published 2025 Nature 641:1225-1237 -- EASI-FISH/connectome-driven visual system neural inventory",3.0,"Review for relabel: classifier predicted GABA, signature-scan + literature match indicates GLUT (source: Nern et al., 2024 (bioRxiv), published 2025 Nature 641:1225-1237 -- EASI-FISH/connectome-driven visual system neural inventory). NOTE: exact per-cell-type data point not independently re-verified beyond the cited paper's existence and topical match -- confirm against the paper's supplementary table before applying."
1301,720575940631544694,Dm19,Dm_GLUT_confusion,GABA,GLUT,0.43,0.28,0.3096,full (E1 x E2),"Nern et al., 2024",4.0,"Review for relabel: classifier predicted GABA, literature verifies GLUT (source: Nern et al., 2024, confidence 4.0/5)"
1302,720575940628317778,R8,categorical_blindspot_HIST,GABA,"ACH,HIST",0.39,0.21,0.30810000000000004,full (E1 x E2),"Davis et al., 2020; Sarthy 1991",5.0,"Review for relabel: classifier predicted GABA, literature verifies ACH/HIST (source: Davis et al., 2020; Sarthy 1991, confidence 5.0/5)"
1303,720575940632824531,ORN_DM3,ORN_SER_confusion,SER,ACH,0.41,0.25,0.3075,full (E1 x E2),"Carlsson et al., 2010; Yasuyama et al. 1999",5.0,"Review for relabel: classifier predicted SER, literature verifies ACH (source: Carlsson et al., 2010; Yasuyama et al. 1999, confidence 5.0/5)"
1304,720575940632671149,Dm12,Dm_GLUT_confusion,GABA,GLUT,0.53,0.42,0.30740000000000006,full (E1 x E2),"Davis et al., 2020",4.0,"Review for relabel: classifier predicted GABA, literature verifies GLUT (source: Davis et al., 2020, confidence 4.0/5)"
1305,720575940629156551,TmY16,TmY16_signature_scan_novel_candidate,GABA,GLUT,0.48,0.36,0.3072,full (E1 x E2),"Nern et al., 2024 (bioRxiv), published 2025 Nature 641:1225-1237 -- EASI-FISH/connectome-driven visual system neural inventory",3.0,"Review for relabel: classifier predicted GABA, signature-scan + literature match indicates GLUT (source: Nern et al., 2024 (bioRxiv), published 2025 Nature 641:1225-1237 -- EASI-FISH/connectome-driven visual system neural inventory). NOTE: exact per-cell-type data point not independently re-verified beyond the cited paper's existence and topical match -- confirm against the paper's supplementary table before applying."
1306,720575940637651263,TmY16,TmY16_signature_scan_novel_candidate,GABA,GLUT,0.48,0.36,0.3072,full (E1 x E2),"Nern et al., 2024 (bioRxiv), published 2025 Nature 641:1225-1237 -- EASI-FISH/connectome-driven visual system neural inventory",3.0,"Review for relabel: classifier predicted GABA, signature-scan + literature match indicates GLUT (source: Nern et al., 2024 (bioRxiv), published 2025 Nature 641:1225-1237 -- EASI-FISH/connectome-driven visual system neural inventory). NOTE: exact per-cell-type data point not independently re-verified beyond the cited paper's existence and topical match -- confirm against the paper's supplementary table before applying."
1307,720575940618706205,TmY16,TmY16_signature_scan_novel_candidate,GABA,GLUT,0.48,0.36,0.3072,full (E1 x E2),"Nern et al., 2024 (bioRxiv), published 2025 Nature 641:1225-1237 -- EASI-FISH/connectome-driven visual system neural inventory",3.0,"Review for relabel: classifier predicted GABA, signature-scan + literature match indicates GLUT (source: Nern et al., 2024 (bioRxiv), published 2025 Nature 641:1225-1237 -- EASI-FISH/connectome-driven visual system neural inventory). NOTE: exact per-cell-type data point not independently re-verified beyond the cited paper's existence and topical match -- confirm against the paper's supplementary table before applying."
1308,720575940622451188,Dm12,Dm_GLUT_confusion,GABA,GLUT,0.52,0.41,0.3068000000000001,full (E1 x E2),"Davis et al., 2020",4.0,"Review for relabel: classifier predicted GABA, literature verifies GLUT (source: Davis et al., 2020, confidence 4.0/5)"
1309,720575940618644381,R8,categorical_blindspot_HIST,GLUT,"ACH,HIST",0.42,0.27,0.3066,full (E1 x E2),"Davis et al., 2020; Sarthy 1991",5.0,"Review for relabel: classifier predicted GLUT, literature verifies ACH/HIST (source: Davis et al., 2020; Sarthy 1991, confidence 5.0/5)"
1310,720575940619563429,ORN_DA4m,ORN_SER_confusion,SER,ACH,0.42,0.27,0.3066,full (E1 x E2),"Carlsson et al., 2010; Yasuyama et al. 1999",5.0,"Review for relabel: classifier predicted SER, literature verifies ACH (source: Carlsson et al., 2010; Yasuyama et al. 1999, confidence 5.0/5)"
1311,720575940604876977,ORN_DM3,ORN_SER_confusion,SER,ACH,0.42,0.27,0.3066,full (E1 x E2),"Carlsson et al., 2010; Yasuyama et al. 1999",5.0,"Review for relabel: classifier predicted SER, literature verifies ACH (source: Carlsson et al., 2010; Yasuyama et al. 1999, confidence 5.0/5)"
1312,720575940627971709,Dm12,Dm_GLUT_confusion,GABA,GLUT,0.45,0.32,0.306,full (E1 x E2),"Davis et al., 2020",4.0,"Review for relabel: classifier predicted GABA, literature verifies GLUT (source: Davis et al., 2020, confidence 4.0/5)"
1313,720575940619775355,R8,categorical_blindspot_HIST,GLUT,"ACH,HIST",0.45,0.32,0.306,full (E1 x E2),"Davis et al., 2020; Sarthy 1991",5.0,"Review for relabel: classifier predicted GLUT, literature verifies ACH/HIST (source: Davis et al., 2020; Sarthy 1991, confidence 5.0/5)"
1314,720575940630756478,Dm1,Dm_GLUT_confusion,GABA,GLUT,0.51,0.4,0.306,full (E1 x E2),"Davis et al., 2020",4.0,"Review for relabel: classifier predicted GABA, literature verifies GLUT (source: Davis et al., 2020, confidence 4.0/5)"
1315,720575940630975036,R8,categorical_blindspot_HIST,GLUT,"ACH,HIST",0.43,0.29,0.30529999999999996,full (E1 x E2),"Davis et al., 2020; Sarthy 1991",5.0,"Review for relabel: classifier predicted GLUT, literature verifies ACH/HIST (source: Davis et al., 2020; Sarthy 1991, confidence 5.0/5)"
1316,720575940634399071,ORN_DA4l,ORN_SER_confusion,SER,ACH,0.5,0.39,0.305,full (E1 x E2),"Carlsson et al., 2010; Yasuyama et al. 1999",5.0,"Review for relabel: classifier predicted SER, literature verifies ACH (source: Carlsson et al., 2010; Yasuyama et al. 1999, confidence 5.0/5)"
1317,720575940613093299,TmY16,TmY16_signature_scan_novel_candidate,GABA,GLUT,0.5,0.39,0.305,full (E1 x E2),"Nern et al., 2024 (bioRxiv), published 2025 Nature 641:1225-1237 -- EASI-FISH/connectome-driven visual system neural inventory",3.0,"Review for relabel: classifier predicted GABA, signature-scan + literature match indicates GLUT (source: Nern et al., 2024 (bioRxiv), published 2025 Nature 641:1225-1237 -- EASI-FISH/connectome-driven visual system neural inventory). NOTE: exact per-cell-type data point not independently re-verified beyond the cited paper's existence and topical match -- confirm against the paper's supplementary table before applying."
1318,720575940622432895,Dm12,Dm_GLUT_confusion,GABA,GLUT,0.5,0.39,0.305,full (E1 x E2),"Davis et al., 2020",4.0,"Review for relabel: classifier predicted GABA, literature verifies GLUT (source: Davis et al., 2020, confidence 4.0/5)"
1319,720575940623284420,Dm1,Dm_GLUT_confusion,GABA,GLUT,0.5,0.39,0.305,full (E1 x E2),"Davis et al., 2020",4.0,"Review for relabel: classifier predicted GABA, literature verifies GLUT (source: Davis et al., 2020, confidence 4.0/5)"
1320,720575940619298373,TmY16,TmY16_signature_scan_novel_candidate,GABA,GLUT,0.5,0.39,0.305,full (E1 x E2),"Nern et al., 2024 (bioRxiv), published 2025 Nature 641:1225-1237 -- EASI-FISH/connectome-driven visual system neural inventory",3.0,"Review for relabel: classifier predicted GABA, signature-scan + literature match indicates GLUT (source: Nern et al., 2024 (bioRxiv), published 2025 Nature 641:1225-1237 -- EASI-FISH/connectome-driven visual system neural inventory). NOTE: exact per-cell-type data point not independently re-verified beyond the cited paper's existence and topical match -- confirm against the paper's supplementary table before applying."
1321,720575940643202445,R8,categorical_blindspot_HIST,GLUT,"ACH,HIST",0.5,0.39,0.305,full (E1 x E2),"Davis et al., 2020; Sarthy 1991",5.0,"Review for relabel: classifier predicted GLUT, literature verifies ACH/HIST (source: Davis et al., 2020; Sarthy 1991, confidence 5.0/5)"
1322,720575940615062959,Dm9,Dm9_GLUT_confirmed_via_direct_literature_search,ACH,GLUT,0.35,0.13,0.3045,full (E1 x E2),"Davis et al., 2020 (as cited in Kind et al., 2021, eLife, doi:10.7554/eLife.71858); Schnaitmann et al., 2024, Front. Mol. Neurosci., doi:10.3389/fnmol.2024.1347540",4.0,"Review for relabel: classifier predicted ACH, literature verifies GLUT (source: Davis et al., 2020 (as cited in Kind et al., 2021, eLife, doi:10.7554/eLife.71858); Schnaitmann et al., 2024, Front. Mol. Neurosci., doi:10.3389/fnmol.2024.1347540)"
1323,720575940630851639,R8,categorical_blindspot_HIST,GLUT,"ACH,HIST",0.39,0.22,0.3042,full (E1 x E2),"Davis et al., 2020; Sarthy 1991",5.0,"Review for relabel: classifier predicted GLUT, literature verifies ACH/HIST (source: Davis et al., 2020; Sarthy 1991, confidence 5.0/5)"
1324,720575940617313510,ORN_DA4l,ORN_SER_confusion,SER,ACH,0.49,0.38,0.3038,full (E1 x E2),"Carlsson et al., 2010; Yasuyama et al. 1999",5.0,"Review for relabel: classifier predicted SER, literature verifies ACH (source: Carlsson et al., 2010; Yasuyama et al. 1999, confidence 5.0/5)"
1325,720575940623633092,TmY16,TmY16_signature_scan_novel_candidate,GABA,GLUT,0.49,0.38,0.3038,full (E1 x E2),"Nern et al., 2024 (bioRxiv), published 2025 Nature 641:1225-1237 -- EASI-FISH/connectome-driven visual system neural inventory",3.0,"Review for relabel: classifier predicted GABA, signature-scan + literature match indicates GLUT (source: Nern et al., 2024 (bioRxiv), published 2025 Nature 641:1225-1237 -- EASI-FISH/connectome-driven visual system neural inventory). NOTE: exact per-cell-type data point not independently re-verified beyond the cited paper's existence and topical match -- confirm against the paper's supplementary table before applying."
1326,720575940631253967,ORN_DA4m,ORN_SER_confusion,SER,ACH,0.46,0.34,0.3036,full (E1 x E2),"Carlsson et al., 2010; Yasuyama et al. 1999",5.0,"Review for relabel: classifier predicted SER, literature verifies ACH (source: Carlsson et al., 2010; Yasuyama et al. 1999, confidence 5.0/5)"
1327,720575940628677626,ORN_DM2,ORN_SER_confusion,SER,ACH,0.44,0.31,0.3036,full (E1 x E2),"Carlsson et al., 2010; Yasuyama et al. 1999",5.0,"Review for relabel: classifier predicted SER, literature verifies ACH (source: Carlsson et al., 2010; Yasuyama et al. 1999, confidence 5.0/5)"
1328,720575940615468987,R8,categorical_blindspot_HIST,GLUT,"ACH,HIST",0.41,0.26,0.3034,full (E1 x E2),"Davis et al., 2020; Sarthy 1991",5.0,"Review for relabel: classifier predicted GLUT, literature verifies ACH/HIST (source: Davis et al., 2020; Sarthy 1991, confidence 5.0/5)"
1329,720575940616923945,ORN_V,ORN_SER_confusion,SER,ACH,0.41,0.26,0.3034,full (E1 x E2),"Carlsson et al., 2010; Yasuyama et al. 1999",5.0,"Review for relabel: classifier predicted SER, literature verifies ACH (source: Carlsson et al., 2010; Yasuyama et al. 1999, confidence 5.0/5)"
1330,720575940630031003,R8,categorical_blindspot_HIST,GLUT,"ACH,HIST",0.42,0.28,0.3024,full (E1 x E2),"Davis et al., 2020; Sarthy 1991",5.0,"Review for relabel: classifier predicted GLUT, literature verifies ACH/HIST (source: Davis et al., 2020; Sarthy 1991, confidence 5.0/5)"
1331,720575940616740539,Dm1,Dm_GLUT_confusion,GABA,GLUT,0.48,0.37,0.3024,full (E1 x E2),"Davis et al., 2020",4.0,"Review for relabel: classifier predicted GABA, literature verifies GLUT (source: Davis et al., 2020, confidence 4.0/5)"
1332,720575940618197433,R8,categorical_blindspot_HIST,GLUT,"ACH,HIST",0.42,0.28,0.3024,full (E1 x E2),"Davis et al., 2020; Sarthy 1991",5.0,"Review for relabel: classifier predicted GLUT, literature verifies ACH/HIST (source: Davis et al., 2020; Sarthy 1991, confidence 5.0/5)"
1333,720575940615987083,ORN_VM3,ORN_SER_confusion,SER,ACH,0.48,0.37,0.3024,full (E1 x E2),"Carlsson et al., 2010; Yasuyama et al. 1999",5.0,"Review for relabel: classifier predicted SER, literature verifies ACH (source: Carlsson et al., 2010; Yasuyama et al. 1999, confidence 5.0/5)"
1334,720575940620507984,Dm12,Dm_GLUT_confusion,GABA,GLUT,0.48,0.37,0.3024,full (E1 x E2),"Davis et al., 2020",4.0,"Review for relabel: classifier predicted GABA, literature verifies GLUT (source: Davis et al., 2020, confidence 4.0/5)"
1335,720575940631923816,ORN_DM2,ORN_SER_confusion,SER,ACH,0.45,0.33,0.3015,full (E1 x E2),"Carlsson et al., 2010; Yasuyama et al. 1999",5.0,"Review for relabel: classifier predicted SER, literature verifies ACH (source: Carlsson et al., 2010; Yasuyama et al. 1999, confidence 5.0/5)"
1336,720575940615361426,TmY16,TmY16_signature_scan_novel_candidate,GABA,GLUT,0.43,0.3,0.301,full (E1 x E2),"Nern et al., 2024 (bioRxiv), published 2025 Nature 641:1225-1237 -- EASI-FISH/connectome-driven visual system neural inventory",3.0,"Review for relabel: classifier predicted GABA, signature-scan + literature match indicates GLUT (source: Nern et al., 2024 (bioRxiv), published 2025 Nature 641:1225-1237 -- EASI-FISH/connectome-driven visual system neural inventory). NOTE: exact per-cell-type data point not independently re-verified beyond the cited paper's existence and topical match -- confirm against the paper's supplementary table before applying."
1337,720575940606483890,ORN_DL4,ORN_SER_confusion,SER,ACH,0.43,0.3,0.301,full (E1 x E2),"Carlsson et al., 2010; Yasuyama et al. 1999",5.0,"Review for relabel: classifier predicted SER, literature verifies ACH (source: Carlsson et al., 2010; Yasuyama et al. 1999, confidence 5.0/5)"
1338,720575940632277519,Dm12,Dm_GLUT_confusion,GABA,GLUT,0.47,0.36,0.3008,full (E1 x E2),"Davis et al., 2020",4.0,"Review for relabel: classifier predicted GABA, literature verifies GLUT (source: Davis et al., 2020, confidence 4.0/5)"
1339,720575940637062263,TmY16,TmY16_signature_scan_novel_candidate,GABA,GLUT,0.47,0.36,0.3008,full (E1 x E2),"Nern et al., 2024 (bioRxiv), published 2025 Nature 641:1225-1237 -- EASI-FISH/connectome-driven visual system neural inventory",3.0,"Review for relabel: classifier predicted GABA, signature-scan + literature match indicates GLUT (source: Nern et al., 2024 (bioRxiv), published 2025 Nature 641:1225-1237 -- EASI-FISH/connectome-driven visual system neural inventory). NOTE: exact per-cell-type data point not independently re-verified beyond the cited paper's existence and topical match -- confirm against the paper's supplementary table before applying."
1340,720575940627890231,ORN_V,ORN_SER_confusion,SER,ACH,0.4,0.25,0.30000000000000004,full (E1 x E2),"Carlsson et al., 2010; Yasuyama et al. 1999",5.0,"Review for relabel: classifier predicted SER, literature verifies ACH (source: Carlsson et al., 2010; Yasuyama et al. 1999, confidence 5.0/5)"
1341,720575940640214643,R8,categorical_blindspot_HIST,GABA,"ACH,HIST",0.44,0.32,0.29919999999999997,full (E1 x E2),"Davis et al., 2020; Sarthy 1991",5.0,"Review for relabel: classifier predicted GABA, literature verifies ACH/HIST (source: Davis et al., 2020; Sarthy 1991, confidence 5.0/5)"
1342,720575940630960780,ORN_DA4m,ORN_SER_confusion,SER,ACH,0.44,0.32,0.29919999999999997,full (E1 x E2),"Carlsson et al., 2010; Yasuyama et al. 1999",5.0,"Review for relabel: classifier predicted SER, literature verifies ACH (source: Carlsson et al., 2010; Yasuyama et al. 1999, confidence 5.0/5)"
1343,720575940624096708,ORN_VA2,ORN_SER_confusion,SER,ACH,0.46,0.35,0.29900000000000004,full (E1 x E2),"Carlsson et al., 2010; Yasuyama et al. 1999",5.0,"Review for relabel: classifier predicted SER, literature verifies ACH (source: Carlsson et al., 2010; Yasuyama et al. 1999, confidence 5.0/5)"
1344,720575940617009638,ORN_VA2,ORN_SER_confusion,SER,ACH,0.46,0.35,0.29900000000000004,full (E1 x E2),"Carlsson et al., 2010; Yasuyama et al. 1999",5.0,"Review for relabel: classifier predicted SER, literature verifies ACH (source: Carlsson et al., 2010; Yasuyama et al. 1999, confidence 5.0/5)"
1345,720575940616908082,Dm1,Dm_GLUT_confusion,GABA,GLUT,0.46,0.35,0.29900000000000004,full (E1 x E2),"Davis et al., 2020",4.0,"Review for relabel: classifier predicted GABA, literature verifies GLUT (source: Davis et al., 2020, confidence 4.0/5)"
1346,720575940611237034,ORN_VA2,ORN_SER_confusion,SER,ACH,0.46,0.35,0.29900000000000004,full (E1 x E2),"Carlsson et al., 2010; Yasuyama et al. 1999",5.0,"Review for relabel: classifier predicted SER, literature verifies ACH (source: Carlsson et al., 2010; Yasuyama et al. 1999, confidence 5.0/5)"
1347,720575940617234077,ORN_DM2,ORN_SER_confusion,SER,ACH,0.46,0.35,0.29900000000000004,full (E1 x E2),"Carlsson et al., 2010; Yasuyama et al. 1999",5.0,"Review for relabel: classifier predicted SER, literature verifies ACH (source: Carlsson et al., 2010; Yasuyama et al. 1999, confidence 5.0/5)"
1348,720575940633450188,R8,categorical_blindspot_HIST,GLUT,"ACH,HIST",0.35,0.15,0.2975,full (E1 x E2),"Davis et al., 2020; Sarthy 1991",5.0,"Review for relabel: classifier predicted GLUT, literature verifies ACH/HIST (source: Davis et al., 2020; Sarthy 1991, confidence 5.0/5)"
1349,720575940654851489,ORN_DA4m,ORN_SER_confusion,SER,ACH,0.45,0.34,0.297,full (E1 x E2),"Carlsson et al., 2010; Yasuyama et al. 1999",5.0,"Review for relabel: classifier predicted SER, literature verifies ACH (source: Carlsson et al., 2010; Yasuyama et al. 1999, confidence 5.0/5)"
1350,720575940613539478,ORN_DM2,ORN_SER_confusion,SER,ACH,0.45,0.34,0.297,full (E1 x E2),"Carlsson et al., 2010; Yasuyama et al. 1999",5.0,"Review for relabel: classifier predicted SER, literature verifies ACH (source: Carlsson et al., 2010; Yasuyama et al. 1999, confidence 5.0/5)"
1351,720575940626341680,R8,categorical_blindspot_HIST,GLUT,"ACH,HIST",0.43,0.31,0.29669999999999996,full (E1 x E2),"Davis et al., 2020; Sarthy 1991",5.0,"Review for relabel: classifier predicted GLUT, literature verifies ACH/HIST (source: Davis et al., 2020; Sarthy 1991, confidence 5.0/5)"
1352,720575940645576756,ORN_VA2,ORN_SER_confusion,SER,ACH,0.43,0.31,0.29669999999999996,full (E1 x E2),"Carlsson et al., 2010; Yasuyama et al. 1999",5.0,"Review for relabel: classifier predicted SER, literature verifies ACH (source: Carlsson et al., 2010; Yasuyama et al. 1999, confidence 5.0/5)"
1353,720575940631406329,R8,categorical_blindspot_HIST,GLUT,"ACH,HIST",0.38,0.22,0.2964,full (E1 x E2),"Davis et al., 2020; Sarthy 1991",5.0,"Review for relabel: classifier predicted GLUT, literature verifies ACH/HIST (source: Davis et al., 2020; Sarthy 1991, confidence 5.0/5)"
1354,720575940626630288,R8,categorical_blindspot_HIST,GLUT,"ACH,HIST",0.37,0.2,0.296,full (E1 x E2),"Davis et al., 2020; Sarthy 1991",5.0,"Review for relabel: classifier predicted GLUT, literature verifies ACH/HIST (source: Davis et al., 2020; Sarthy 1991, confidence 5.0/5)"
1355,720575940633857107,R8,categorical_blindspot_HIST,GLUT,"ACH,HIST",0.36,0.18,0.2952,full (E1 x E2),"Davis et al., 2020; Sarthy 1991",5.0,"Review for relabel: classifier predicted GLUT, literature verifies ACH/HIST (source: Davis et al., 2020; Sarthy 1991, confidence 5.0/5)"
1356,720575940623059347,ORN_DM3,ORN_SER_confusion,SER,ACH,0.41,0.28,0.29519999999999996,full (E1 x E2),"Carlsson et al., 2010; Yasuyama et al. 1999",5.0,"Review for relabel: classifier predicted SER, literature verifies ACH (source: Carlsson et al., 2010; Yasuyama et al. 1999, confidence 5.0/5)"
1357,720575940636868727,Dm12,Dm_GLUT_confusion,GABA,GLUT,0.44,0.33,0.29479999999999995,full (E1 x E2),"Davis et al., 2020",4.0,"Review for relabel: classifier predicted GABA, literature verifies GLUT (source: Davis et al., 2020, confidence 4.0/5)"
1358,720575940646484020,ORN_DM3,ORN_SER_confusion,SER,ACH,0.45,0.35,0.29250000000000004,full (E1 x E2),"Carlsson et al., 2010; Yasuyama et al. 1999",5.0,"Review for relabel: classifier predicted SER, literature verifies ACH (source: Carlsson et al., 2010; Yasuyama et al. 1999, confidence 5.0/5)"
1359,720575940635126452,ORN_DM3,ORN_SER_confusion,SER,ACH,0.45,0.35,0.29250000000000004,full (E1 x E2),"Carlsson et al., 2010; Yasuyama et al. 1999",5.0,"Review for relabel: classifier predicted SER, literature verifies ACH (source: Carlsson et al., 2010; Yasuyama et al. 1999, confidence 5.0/5)"
1360,720575940623482355,ORN_VA2,ORN_SER_confusion,SER,ACH,0.45,0.35,0.29250000000000004,full (E1 x E2),"Carlsson et al., 2010; Yasuyama et al. 1999",5.0,"Review for relabel: classifier predicted SER, literature verifies ACH (source: Carlsson et al., 2010; Yasuyama et al. 1999, confidence 5.0/5)"
1361,720575940613509010,ORN_VA2,ORN_SER_confusion,SER,ACH,0.45,0.35,0.29250000000000004,full (E1 x E2),"Carlsson et al., 2010; Yasuyama et al. 1999",5.0,"Review for relabel: classifier predicted SER, literature verifies ACH (source: Carlsson et al., 2010; Yasuyama et al. 1999, confidence 5.0/5)"
1362,720575940618368953,Dm12,Dm_GLUT_confusion,GABA,GLUT,0.45,0.35,0.29250000000000004,full (E1 x E2),"Davis et al., 2020",4.0,"Review for relabel: classifier predicted GABA, literature verifies GLUT (source: Davis et al., 2020, confidence 4.0/5)"
1363,720575940612704802,ORN_V,ORN_SER_confusion,SER,ACH,0.39,0.25,0.2925,full (E1 x E2),"Carlsson et al., 2010; Yasuyama et al. 1999",5.0,"Review for relabel: classifier predicted SER, literature verifies ACH (source: Carlsson et al., 2010; Yasuyama et al. 1999, confidence 5.0/5)"
1364,720575940636922735,R8,categorical_blindspot_HIST,GABA,"ACH,HIST",0.39,0.25,0.2925,full (E1 x E2),"Davis et al., 2020; Sarthy 1991",5.0,"Review for relabel: classifier predicted GABA, literature verifies ACH/HIST (source: Davis et al., 2020; Sarthy 1991, confidence 5.0/5)"
1365,720575940629644375,ORN_V,ORN_SER_confusion,SER,ACH,0.4,0.27,0.292,full (E1 x E2),"Carlsson et al., 2010; Yasuyama et al. 1999",5.0,"Review for relabel: classifier predicted SER, literature verifies ACH (source: Carlsson et al., 2010; Yasuyama et al. 1999, confidence 5.0/5)"
1366,720575940622512522,ORN_V,ORN_SER_confusion,SER,ACH,0.4,0.27,0.292,full (E1 x E2),"Carlsson et al., 2010; Yasuyama et al. 1999",5.0,"Review for relabel: classifier predicted SER, literature verifies ACH (source: Carlsson et al., 2010; Yasuyama et al. 1999, confidence 5.0/5)"
1367,720575940631526518,R8,categorical_blindspot_HIST,GLUT,"ACH,HIST",0.41,0.29,0.29109999999999997,full (E1 x E2),"Davis et al., 2020; Sarthy 1991",5.0,"Review for relabel: classifier predicted GLUT, literature verifies ACH/HIST (source: Davis et al., 2020; Sarthy 1991, confidence 5.0/5)"
1368,720575940637315191,Dm9,Dm9_GLUT_confirmed_via_direct_literature_search,ACH,GLUT,0.35,0.17,0.2905,full (E1 x E2),"Davis et al., 2020 (as cited in Kind et al., 2021, eLife, doi:10.7554/eLife.71858); Schnaitmann et al., 2024, Front. Mol. Neurosci., doi:10.3389/fnmol.2024.1347540",4.0,"Review for relabel: classifier predicted ACH, literature verifies GLUT (source: Davis et al., 2020 (as cited in Kind et al., 2021, eLife, doi:10.7554/eLife.71858); Schnaitmann et al., 2024, Front. Mol. Neurosci., doi:10.3389/fnmol.2024.1347540)"
1369,720575940630183783,Dm9,Dm9_GLUT_confirmed_via_direct_literature_search,ACH,GLUT,0.35,0.17,0.2905,full (E1 x E2),"Davis et al., 2020 (as cited in Kind et al., 2021, eLife, doi:10.7554/eLife.71858); Schnaitmann et al., 2024, Front. Mol. Neurosci., doi:10.3389/fnmol.2024.1347540",4.0,"Review for relabel: classifier predicted ACH, literature verifies GLUT (source: Davis et al., 2020 (as cited in Kind et al., 2021, eLife, doi:10.7554/eLife.71858); Schnaitmann et al., 2024, Front. Mol. Neurosci., doi:10.3389/fnmol.2024.1347540)"
1370,720575940618193881,R8,categorical_blindspot_HIST,GLUT,"ACH,HIST",0.38,0.24,0.2888,full (E1 x E2),"Davis et al., 2020; Sarthy 1991",5.0,"Review for relabel: classifier predicted GLUT, literature verifies ACH/HIST (source: Davis et al., 2020; Sarthy 1991, confidence 5.0/5)"
1371,720575940655010209,ORN_DM2,ORN_SER_confusion,SER,ACH,0.41,0.3,0.287,full (E1 x E2),"Carlsson et al., 2010; Yasuyama et al. 1999",5.0,"Review for relabel: classifier predicted SER, literature verifies ACH (source: Carlsson et al., 2010; Yasuyama et al. 1999, confidence 5.0/5)"
1372,720575940629778987,R8,categorical_blindspot_HIST,GLUT,"ACH,HIST",0.38,0.25,0.28500000000000003,full (E1 x E2),"Davis et al., 2020; Sarthy 1991",5.0,"Review for relabel: classifier predicted GLUT, literature verifies ACH/HIST (source: Davis et al., 2020; Sarthy 1991, confidence 5.0/5)"
1373,720575940613107891,Dm9,Dm9_GLUT_confirmed_via_direct_literature_search,ACH,GLUT,0.37,0.23,0.2849,full (E1 x E2),"Davis et al., 2020 (as cited in Kind et al., 2021, eLife, doi:10.7554/eLife.71858); Schnaitmann et al., 2024, Front. Mol. Neurosci., doi:10.3389/fnmol.2024.1347540",4.0,"Review for relabel: classifier predicted ACH, literature verifies GLUT (source: Davis et al., 2020 (as cited in Kind et al., 2021, eLife, doi:10.7554/eLife.71858); Schnaitmann et al., 2024, Front. Mol. Neurosci., doi:10.3389/fnmol.2024.1347540)"
1374,720575940625817575,R8,categorical_blindspot_HIST,GLUT,"ACH,HIST",0.39,0.27,0.2847,full (E1 x E2),"Davis et al., 2020; Sarthy 1991",5.0,"Review for relabel: classifier predicted GLUT, literature verifies ACH/HIST (source: Davis et al., 2020; Sarthy 1991, confidence 5.0/5)"
1375,720575940622574580,R8,categorical_blindspot_HIST,GABA,"ACH,HIST",0.39,0.27,0.2847,full (E1 x E2),"Davis et al., 2020; Sarthy 1991",5.0,"Review for relabel: classifier predicted GABA, literature verifies ACH/HIST (source: Davis et al., 2020; Sarthy 1991, confidence 5.0/5)"
1376,720575940625409003,R8,categorical_blindspot_HIST,GLUT,"ACH,HIST",0.38,0.26,0.2812,full (E1 x E2),"Davis et al., 2020; Sarthy 1991",5.0,"Review for relabel: classifier predicted GLUT, literature verifies ACH/HIST (source: Davis et al., 2020; Sarthy 1991, confidence 5.0/5)"
1377,720575940639064297,R8,categorical_blindspot_HIST,GLUT,"ACH,HIST",0.38,0.26,0.2812,full (E1 x E2),"Davis et al., 2020; Sarthy 1991",5.0,"Review for relabel: classifier predicted GLUT, literature verifies ACH/HIST (source: Davis et al., 2020; Sarthy 1991, confidence 5.0/5)"
1378,720575940627861125,R8,categorical_blindspot_HIST,GLUT,"ACH,HIST",0.36,0.22,0.2808,full (E1 x E2),"Davis et al., 2020; Sarthy 1991",5.0,"Review for relabel: classifier predicted GLUT, literature verifies ACH/HIST (source: Davis et al., 2020; Sarthy 1991, confidence 5.0/5)"
1379,720575940613449369,R8,categorical_blindspot_HIST,GABA,"ACH,HIST",0.38,0.27,0.2774,full (E1 x E2),"Davis et al., 2020; Sarthy 1991",5.0,"Review for relabel: classifier predicted GABA, literature verifies ACH/HIST (source: Davis et al., 2020; Sarthy 1991, confidence 5.0/5)"
1380,720575940631095291,R8,categorical_blindspot_HIST,GLUT,"ACH,HIST",0.38,0.27,0.2774,full (E1 x E2),"Davis et al., 2020; Sarthy 1991",5.0,"Review for relabel: classifier predicted GLUT, literature verifies ACH/HIST (source: Davis et al., 2020; Sarthy 1991, confidence 5.0/5)"
1381,720575940621433734,R8,categorical_blindspot_HIST,GLUT,"ACH,HIST",0.38,0.27,0.2774,full (E1 x E2),"Davis et al., 2020; Sarthy 1991",5.0,"Review for relabel: classifier predicted GLUT, literature verifies ACH/HIST (source: Davis et al., 2020; Sarthy 1991, confidence 5.0/5)"
1382,720575940625447655,R8,categorical_blindspot_HIST,SER,"ACH,HIST",0.33,0.16,0.2772,full (E1 x E2),"Davis et al., 2020; Sarthy 1991",5.0,"Review for relabel: classifier predicted SER, literature verifies ACH/HIST (source: Davis et al., 2020; Sarthy 1991, confidence 5.0/5)"
1383,720575940636153195,R8,categorical_blindspot_HIST,GLUT,"ACH,HIST",0.36,0.24,0.2736,full (E1 x E2),"Davis et al., 2020; Sarthy 1991",5.0,"Review for relabel: classifier predicted GLUT, literature verifies ACH/HIST (source: Davis et al., 2020; Sarthy 1991, confidence 5.0/5)"
1384,720575940611473454,R8,categorical_blindspot_HIST,GLUT,"ACH,HIST",0.35,0.22,0.27299999999999996,full (E1 x E2),"Davis et al., 2020; Sarthy 1991",5.0,"Review for relabel: classifier predicted GLUT, literature verifies ACH/HIST (source: Davis et al., 2020; Sarthy 1991, confidence 5.0/5)"
1385,720575940624871677,R8,categorical_blindspot_HIST,OCT,"ACH,HIST",0.35,0.22,0.27299999999999996,full (E1 x E2),"Davis et al., 2020; Sarthy 1991",5.0,"Review for relabel: classifier predicted OCT, literature verifies ACH/HIST (source: Davis et al., 2020; Sarthy 1991, confidence 5.0/5)"
1386,720575940623019870,R8,categorical_blindspot_HIST,SER,"ACH,HIST",0.33,0.18,0.2706,full (E1 x E2),"Davis et al., 2020; Sarthy 1991",5.0,"Review for relabel: classifier predicted SER, literature verifies ACH/HIST (source: Davis et al., 2020; Sarthy 1991, confidence 5.0/5)"
1387,720575940633509949,ORN_V,ORN_SER_confusion,SER,ACH,0.34,0.21,0.2686,full (E1 x E2),"Carlsson et al., 2010; Yasuyama et al. 1999",5.0,"Review for relabel: classifier predicted SER, literature verifies ACH (source: Carlsson et al., 2010; Yasuyama et al. 1999, confidence 5.0/5)"
1388,720575940609497611,R8,categorical_blindspot_HIST,GLUT,"ACH,HIST",0.33,0.19,0.26730000000000004,full (E1 x E2),"Davis et al., 2020; Sarthy 1991",5.0,"Review for relabel: classifier predicted GLUT, literature verifies ACH/HIST (source: Davis et al., 2020; Sarthy 1991, confidence 5.0/5)"
1389,720575940638749274,R8,categorical_blindspot_HIST,GLUT,"ACH,HIST",0.34,0.22,0.26520000000000005,full (E1 x E2),"Davis et al., 2020; Sarthy 1991",5.0,"Review for relabel: classifier predicted GLUT, literature verifies ACH/HIST (source: Davis et al., 2020; Sarthy 1991, confidence 5.0/5)"
1390,720575940614171875,R8,categorical_blindspot_HIST,GABA,"ACH,HIST",0.34,0.24,0.2584,full (E1 x E2),"Davis et al., 2020; Sarthy 1991",5.0,"Review for relabel: classifier predicted GABA, literature verifies ACH/HIST (source: Davis et al., 2020; Sarthy 1991, confidence 5.0/5)"
