root_id,cell_type,current_predicted_nt,verified_nt,evidence_source,evidence_confidence,pattern,proposed_action
720575940603828704,ORN_DA3,SER,ACH,"Carlsson et al., 2010; Yasuyama et al. 1999",5.0,ORN_SER_confusion,"Review for relabel: classifier predicted SER, literature verifies ACH (source: Carlsson et al., 2010; Yasuyama et al. 1999, confidence 5.0/5)"
720575940604876977,ORN_DM3,SER,ACH,"Carlsson et al., 2010; Yasuyama et al. 1999",5.0,ORN_SER_confusion,"Review for relabel: classifier predicted SER, literature verifies ACH (source: Carlsson et al., 2010; Yasuyama et al. 1999, confidence 5.0/5)"
720575940605179360,R7,GABA,HIST,"Davis et al., 2020",4.0,categorical_blindspot_HIST,"Review for relabel: classifier predicted GABA, literature verifies HIST (source: Davis et al., 2020, confidence 4.0/5)"
720575940605266865,ORN_DL3,SER,ACH,"Carlsson et al., 2010; Yasuyama et al. 1999",5.0,ORN_SER_confusion,"Review for relabel: classifier predicted SER, literature verifies ACH (source: Carlsson et al., 2010; Yasuyama et al. 1999, confidence 5.0/5)"
720575940605343921,ORN_V,SER,ACH,"Carlsson et al., 2010; Yasuyama et al. 1999",5.0,ORN_SER_confusion,"Review for relabel: classifier predicted SER, literature verifies ACH (source: Carlsson et al., 2010; Yasuyama et al. 1999, confidence 5.0/5)"
720575940605579110,ORN_DA4l,SER,ACH,"Carlsson et al., 2010; Yasuyama et al. 1999",5.0,ORN_SER_confusion,"Review for relabel: classifier predicted SER, literature verifies ACH (source: Carlsson et al., 2010; Yasuyama et al. 1999, confidence 5.0/5)"
720575940605724081,ORN_DL4,SER,ACH,"Carlsson et al., 2010; Yasuyama et al. 1999",5.0,ORN_SER_confusion,"Review for relabel: classifier predicted SER, literature verifies ACH (source: Carlsson et al., 2010; Yasuyama et al. 1999, confidence 5.0/5)"
720575940605834626,ORN_VA2,SER,ACH,"Carlsson et al., 2010; Yasuyama et al. 1999",5.0,ORN_SER_confusion,"Review for relabel: classifier predicted SER, literature verifies ACH (source: Carlsson et al., 2010; Yasuyama et al. 1999, confidence 5.0/5)"
720575940605905836,Dm12,GABA,GLUT,"Davis et al., 2020",4.0,Dm_GLUT_confusion,"Review for relabel: classifier predicted GABA, literature verifies GLUT (source: Davis et al., 2020, confidence 4.0/5)"
720575940605911212,Dm1,GABA,GLUT,"Davis et al., 2020",4.0,Dm_GLUT_confusion,"Review for relabel: classifier predicted GABA, literature verifies GLUT (source: Davis et al., 2020, confidence 4.0/5)"
720575940605915872,ORN_DM2,SER,ACH,"Carlsson et al., 2010; Yasuyama et al. 1999",5.0,ORN_SER_confusion,"Review for relabel: classifier predicted SER, literature verifies ACH (source: Carlsson et al., 2010; Yasuyama et al. 1999, confidence 5.0/5)"
720575940606052012,Dm12,GABA,GLUT,"Davis et al., 2020",4.0,Dm_GLUT_confusion,"Review for relabel: classifier predicted GABA, literature verifies GLUT (source: Davis et al., 2020, confidence 4.0/5)"
720575940606123209,ORN_DL4,SER,ACH,"Carlsson et al., 2010; Yasuyama et al. 1999",5.0,ORN_SER_confusion,"Review for relabel: classifier predicted SER, literature verifies ACH (source: Carlsson et al., 2010; Yasuyama et al. 1999, confidence 5.0/5)"
720575940606182246,R8,GABA,"ACH,HIST","Davis et al., 2020; Sarthy 1991",5.0,categorical_blindspot_HIST,"Review for relabel: classifier predicted GABA, literature verifies ACH/HIST (source: Davis et al., 2020; Sarthy 1991, confidence 5.0/5)"
720575940606247456,R7,OCT,HIST,"Davis et al., 2020",4.0,categorical_blindspot_HIST,"Review for relabel: classifier predicted OCT, literature verifies HIST (source: Davis et al., 2020, confidence 4.0/5)"
720575940606367166,R7,GABA,HIST,"Davis et al., 2020",4.0,categorical_blindspot_HIST,"Review for relabel: classifier predicted GABA, literature verifies HIST (source: Davis et al., 2020, confidence 4.0/5)"
720575940606377062,R7,GLUT,HIST,"Davis et al., 2020",4.0,categorical_blindspot_HIST,"Review for relabel: classifier predicted GLUT, literature verifies HIST (source: Davis et al., 2020, confidence 4.0/5)"
720575940606399678,R8,GLUT,"ACH,HIST","Davis et al., 2020; Sarthy 1991",5.0,categorical_blindspot_HIST,"Review for relabel: classifier predicted GLUT, literature verifies ACH/HIST (source: Davis et al., 2020; Sarthy 1991, confidence 5.0/5)"
720575940606447793,R7,GLUT,HIST,"Davis et al., 2020",4.0,categorical_blindspot_HIST,"Review for relabel: classifier predicted GLUT, literature verifies HIST (source: Davis et al., 2020, confidence 4.0/5)"
720575940606450110,R7,GLUT,HIST,"Davis et al., 2020",4.0,categorical_blindspot_HIST,"Review for relabel: classifier predicted GLUT, literature verifies HIST (source: Davis et al., 2020, confidence 4.0/5)"
720575940606471345,R7,GLUT,HIST,"Davis et al., 2020",4.0,categorical_blindspot_HIST,"Review for relabel: classifier predicted GLUT, literature verifies HIST (source: Davis et al., 2020, confidence 4.0/5)"
720575940606483890,ORN_DL4,SER,ACH,"Carlsson et al., 2010; Yasuyama et al. 1999",5.0,ORN_SER_confusion,"Review for relabel: classifier predicted SER, literature verifies ACH (source: Carlsson et al., 2010; Yasuyama et al. 1999, confidence 5.0/5)"
720575940606495422,R7,GABA,HIST,"Davis et al., 2020",4.0,categorical_blindspot_HIST,"Review for relabel: classifier predicted GABA, literature verifies HIST (source: Davis et al., 2020, confidence 4.0/5)"
720575940606506016,R8,GABA,"ACH,HIST","Davis et al., 2020; Sarthy 1991",5.0,categorical_blindspot_HIST,"Review for relabel: classifier predicted GABA, literature verifies ACH/HIST (source: Davis et al., 2020; Sarthy 1991, confidence 5.0/5)"
720575940606506272,R7,GABA,HIST,"Davis et al., 2020",4.0,categorical_blindspot_HIST,"Review for relabel: classifier predicted GABA, literature verifies HIST (source: Davis et al., 2020, confidence 4.0/5)"
720575940606508646,R7,GABA,HIST,"Davis et al., 2020",4.0,categorical_blindspot_HIST,"Review for relabel: classifier predicted GABA, literature verifies HIST (source: Davis et al., 2020, confidence 4.0/5)"
720575940606534502,R7,GLUT,HIST,"Davis et al., 2020",4.0,categorical_blindspot_HIST,"Review for relabel: classifier predicted GLUT, literature verifies HIST (source: Davis et al., 2020, confidence 4.0/5)"
720575940606554912,R8,GLUT,"ACH,HIST","Davis et al., 2020; Sarthy 1991",5.0,categorical_blindspot_HIST,"Review for relabel: classifier predicted GLUT, literature verifies ACH/HIST (source: Davis et al., 2020; Sarthy 1991, confidence 5.0/5)"
720575940606775486,Dm19,GABA,GLUT,"Nern et al., 2024",4.0,Dm_GLUT_confusion,"Review for relabel: classifier predicted GABA, literature verifies GLUT (source: Nern et al., 2024, confidence 4.0/5)"
720575940606828465,R7,GLUT,HIST,"Davis et al., 2020",4.0,categorical_blindspot_HIST,"Review for relabel: classifier predicted GLUT, literature verifies HIST (source: Davis et al., 2020, confidence 4.0/5)"
720575940607438466,R7,GLUT,HIST,"Davis et al., 2020",4.0,categorical_blindspot_HIST,"Review for relabel: classifier predicted GLUT, literature verifies HIST (source: Davis et al., 2020, confidence 4.0/5)"
720575940607722185,R7,ACH,HIST,"Davis et al., 2020",4.0,categorical_blindspot_HIST,"Review for relabel: classifier predicted ACH, literature verifies HIST (source: Davis et al., 2020, confidence 4.0/5)"
720575940607811420,ORN_VA2,SER,ACH,"Carlsson et al., 2010; Yasuyama et al. 1999",5.0,ORN_SER_confusion,"Review for relabel: classifier predicted SER, literature verifies ACH (source: Carlsson et al., 2010; Yasuyama et al. 1999, confidence 5.0/5)"
720575940608007893,ORN_DL4,SER,ACH,"Carlsson et al., 2010; Yasuyama et al. 1999",5.0,ORN_SER_confusion,"Review for relabel: classifier predicted SER, literature verifies ACH (source: Carlsson et al., 2010; Yasuyama et al. 1999, confidence 5.0/5)"
720575940608110466,R7,GLUT,HIST,"Davis et al., 2020",4.0,categorical_blindspot_HIST,"Review for relabel: classifier predicted GLUT, literature verifies HIST (source: Davis et al., 2020, confidence 4.0/5)"
720575940608150450,R8,GLUT,"ACH,HIST","Davis et al., 2020; Sarthy 1991",5.0,categorical_blindspot_HIST,"Review for relabel: classifier predicted GLUT, literature verifies ACH/HIST (source: Davis et al., 2020; Sarthy 1991, confidence 5.0/5)"
720575940608210306,Dm12,GABA,GLUT,"Davis et al., 2020",4.0,Dm_GLUT_confusion,"Review for relabel: classifier predicted GABA, literature verifies GLUT (source: Davis et al., 2020, confidence 4.0/5)"
720575940608339330,R7,OCT,HIST,"Davis et al., 2020",4.0,categorical_blindspot_HIST,"Review for relabel: classifier predicted OCT, literature verifies HIST (source: Davis et al., 2020, confidence 4.0/5)"
720575940608368050,R7,ACH,HIST,"Davis et al., 2020",4.0,categorical_blindspot_HIST,"Review for relabel: classifier predicted ACH, literature verifies HIST (source: Davis et al., 2020, confidence 4.0/5)"
720575940608607445,ORN_DL4,SER,ACH,"Carlsson et al., 2010; Yasuyama et al. 1999",5.0,ORN_SER_confusion,"Review for relabel: classifier predicted SER, literature verifies ACH (source: Carlsson et al., 2010; Yasuyama et al. 1999, confidence 5.0/5)"
720575940608615363,ORN_DL3,SER,ACH,"Carlsson et al., 2010; Yasuyama et al. 1999",5.0,ORN_SER_confusion,"Review for relabel: classifier predicted SER, literature verifies ACH (source: Carlsson et al., 2010; Yasuyama et al. 1999, confidence 5.0/5)"
720575940608943708,R7,GABA,HIST,"Davis et al., 2020",4.0,categorical_blindspot_HIST,"Review for relabel: classifier predicted GABA, literature verifies HIST (source: Davis et al., 2020, confidence 4.0/5)"
720575940609005660,Dm12,GABA,GLUT,"Davis et al., 2020",4.0,Dm_GLUT_confusion,"Review for relabel: classifier predicted GABA, literature verifies GLUT (source: Davis et al., 2020, confidence 4.0/5)"
720575940609197321,R7,GABA,HIST,"Davis et al., 2020",4.0,categorical_blindspot_HIST,"Review for relabel: classifier predicted GABA, literature verifies HIST (source: Davis et al., 2020, confidence 4.0/5)"
720575940609209180,R7,SER,HIST,"Davis et al., 2020",4.0,categorical_blindspot_HIST,"Review for relabel: classifier predicted SER, literature verifies HIST (source: Davis et al., 2020, confidence 4.0/5)"
720575940609276681,R7,GABA,HIST,"Davis et al., 2020",4.0,categorical_blindspot_HIST,"Review for relabel: classifier predicted GABA, literature verifies HIST (source: Davis et al., 2020, confidence 4.0/5)"
720575940609393756,Dm19,GABA,GLUT,"Nern et al., 2024",4.0,Dm_GLUT_confusion,"Review for relabel: classifier predicted GABA, literature verifies GLUT (source: Nern et al., 2024, confidence 4.0/5)"
720575940609497611,R8,GLUT,"ACH,HIST","Davis et al., 2020; Sarthy 1991",5.0,categorical_blindspot_HIST,"Review for relabel: classifier predicted GLUT, literature verifies ACH/HIST (source: Davis et al., 2020; Sarthy 1991, confidence 5.0/5)"
720575940609505545,R7,GLUT,HIST,"Davis et al., 2020",4.0,categorical_blindspot_HIST,"Review for relabel: classifier predicted GLUT, literature verifies HIST (source: Davis et al., 2020, confidence 4.0/5)"
720575940609520393,R8,GLUT,"ACH,HIST","Davis et al., 2020; Sarthy 1991",5.0,categorical_blindspot_HIST,"Review for relabel: classifier predicted GLUT, literature verifies ACH/HIST (source: Davis et al., 2020; Sarthy 1991, confidence 5.0/5)"
720575940609586645,ORN_DM2,SER,ACH,"Carlsson et al., 2010; Yasuyama et al. 1999",5.0,ORN_SER_confusion,"Review for relabel: classifier predicted SER, literature verifies ACH (source: Carlsson et al., 2010; Yasuyama et al. 1999, confidence 5.0/5)"
720575940609674763,R7,OCT,HIST,"Davis et al., 2020",4.0,categorical_blindspot_HIST,"Review for relabel: classifier predicted OCT, literature verifies HIST (source: Davis et al., 2020, confidence 4.0/5)"
720575940609726731,R7,GLUT,HIST,"Davis et al., 2020",4.0,categorical_blindspot_HIST,"Review for relabel: classifier predicted GLUT, literature verifies HIST (source: Davis et al., 2020, confidence 4.0/5)"
720575940609758985,R7,GABA,HIST,"Davis et al., 2020",4.0,categorical_blindspot_HIST,"Review for relabel: classifier predicted GABA, literature verifies HIST (source: Davis et al., 2020, confidence 4.0/5)"
720575940609867310,ORN_DL3,SER,ACH,"Carlsson et al., 2010; Yasuyama et al. 1999",5.0,ORN_SER_confusion,"Review for relabel: classifier predicted SER, literature verifies ACH (source: Carlsson et al., 2010; Yasuyama et al. 1999, confidence 5.0/5)"
720575940610005955,R7,GLUT,HIST,"Davis et al., 2020",4.0,categorical_blindspot_HIST,"Review for relabel: classifier predicted GLUT, literature verifies HIST (source: Davis et al., 2020, confidence 4.0/5)"
720575940610131012,ORN_DA4m,SER,ACH,"Carlsson et al., 2010; Yasuyama et al. 1999",5.0,ORN_SER_confusion,"Review for relabel: classifier predicted SER, literature verifies ACH (source: Carlsson et al., 2010; Yasuyama et al. 1999, confidence 5.0/5)"
720575940610174403,R7,GLUT,HIST,"Davis et al., 2020",4.0,categorical_blindspot_HIST,"Review for relabel: classifier predicted GLUT, literature verifies HIST (source: Davis et al., 2020, confidence 4.0/5)"
720575940610422467,Dm12,GABA,GLUT,"Davis et al., 2020",4.0,Dm_GLUT_confusion,"Review for relabel: classifier predicted GABA, literature verifies GLUT (source: Davis et al., 2020, confidence 4.0/5)"
720575940610933572,R7,GLUT,HIST,"Davis et al., 2020",4.0,categorical_blindspot_HIST,"Review for relabel: classifier predicted GLUT, literature verifies HIST (source: Davis et al., 2020, confidence 4.0/5)"
720575940610945092,R8,GLUT,"ACH,HIST","Davis et al., 2020; Sarthy 1991",5.0,categorical_blindspot_HIST,"Review for relabel: classifier predicted GLUT, literature verifies ACH/HIST (source: Davis et al., 2020; Sarthy 1991, confidence 5.0/5)"
720575940611127650,ORN_DA3,SER,ACH,"Carlsson et al., 2010; Yasuyama et al. 1999",5.0,ORN_SER_confusion,"Review for relabel: classifier predicted SER, literature verifies ACH (source: Carlsson et al., 2010; Yasuyama et al. 1999, confidence 5.0/5)"
720575940611218418,ORN_VA2,SER,ACH,"Carlsson et al., 2010; Yasuyama et al. 1999",5.0,ORN_SER_confusion,"Review for relabel: classifier predicted SER, literature verifies ACH (source: Carlsson et al., 2010; Yasuyama et al. 1999, confidence 5.0/5)"
720575940611237034,ORN_VA2,SER,ACH,"Carlsson et al., 2010; Yasuyama et al. 1999",5.0,ORN_SER_confusion,"Review for relabel: classifier predicted SER, literature verifies ACH (source: Carlsson et al., 2010; Yasuyama et al. 1999, confidence 5.0/5)"
720575940611382195,ORN_DA4m,SER,ACH,"Carlsson et al., 2010; Yasuyama et al. 1999",5.0,ORN_SER_confusion,"Review for relabel: classifier predicted SER, literature verifies ACH (source: Carlsson et al., 2010; Yasuyama et al. 1999, confidence 5.0/5)"
720575940611473454,R8,GLUT,"ACH,HIST","Davis et al., 2020; Sarthy 1991",5.0,categorical_blindspot_HIST,"Review for relabel: classifier predicted GLUT, literature verifies ACH/HIST (source: Davis et al., 2020; Sarthy 1991, confidence 5.0/5)"
720575940611493752,R7,ACH,HIST,"Davis et al., 2020",4.0,categorical_blindspot_HIST,"Review for relabel: classifier predicted ACH, literature verifies HIST (source: Davis et al., 2020, confidence 4.0/5)"
720575940611588050,R8,GLUT,"ACH,HIST","Davis et al., 2020; Sarthy 1991",5.0,categorical_blindspot_HIST,"Review for relabel: classifier predicted GLUT, literature verifies ACH/HIST (source: Davis et al., 2020; Sarthy 1991, confidence 5.0/5)"
720575940611637418,ORN_DM3,SER,ACH,"Carlsson et al., 2010; Yasuyama et al. 1999",5.0,ORN_SER_confusion,"Review for relabel: classifier predicted SER, literature verifies ACH (source: Carlsson et al., 2010; Yasuyama et al. 1999, confidence 5.0/5)"
720575940611645650,R7,GABA,HIST,"Davis et al., 2020",4.0,categorical_blindspot_HIST,"Review for relabel: classifier predicted GABA, literature verifies HIST (source: Davis et al., 2020, confidence 4.0/5)"
720575940611660152,R7,GLUT,HIST,"Davis et al., 2020",4.0,categorical_blindspot_HIST,"Review for relabel: classifier predicted GLUT, literature verifies HIST (source: Davis et al., 2020, confidence 4.0/5)"
720575940611696370,ORN_DM2,SER,ACH,"Carlsson et al., 2010; Yasuyama et al. 1999",5.0,ORN_SER_confusion,"Review for relabel: classifier predicted SER, literature verifies ACH (source: Carlsson et al., 2010; Yasuyama et al. 1999, confidence 5.0/5)"
720575940611803000,Dm1,GABA,GLUT,"Davis et al., 2020",4.0,Dm_GLUT_confusion,"Review for relabel: classifier predicted GABA, literature verifies GLUT (source: Davis et al., 2020, confidence 4.0/5)"
720575940611818594,R7,ACH,HIST,"Davis et al., 2020",4.0,categorical_blindspot_HIST,"Review for relabel: classifier predicted ACH, literature verifies HIST (source: Davis et al., 2020, confidence 4.0/5)"
720575940611892946,R7,ACH,HIST,"Davis et al., 2020",4.0,categorical_blindspot_HIST,"Review for relabel: classifier predicted ACH, literature verifies HIST (source: Davis et al., 2020, confidence 4.0/5)"
720575940612025954,R7,ACH,HIST,"Davis et al., 2020",4.0,categorical_blindspot_HIST,"Review for relabel: classifier predicted ACH, literature verifies HIST (source: Davis et al., 2020, confidence 4.0/5)"
720575940612254670,Dm12,GABA,GLUT,"Davis et al., 2020",4.0,Dm_GLUT_confusion,"Review for relabel: classifier predicted GABA, literature verifies GLUT (source: Davis et al., 2020, confidence 4.0/5)"
720575940612333518,Dm12,GABA,GLUT,"Davis et al., 2020",4.0,Dm_GLUT_confusion,"Review for relabel: classifier predicted GABA, literature verifies GLUT (source: Davis et al., 2020, confidence 4.0/5)"
720575940612343138,Dm12,GABA,GLUT,"Davis et al., 2020",4.0,Dm_GLUT_confusion,"Review for relabel: classifier predicted GABA, literature verifies GLUT (source: Davis et al., 2020, confidence 4.0/5)"
720575940612419790,R7,GABA,HIST,"Davis et al., 2020",4.0,categorical_blindspot_HIST,"Review for relabel: classifier predicted GABA, literature verifies HIST (source: Davis et al., 2020, confidence 4.0/5)"
720575940612482522,R7,GABA,HIST,"Davis et al., 2020",4.0,categorical_blindspot_HIST,"Review for relabel: classifier predicted GABA, literature verifies HIST (source: Davis et al., 2020, confidence 4.0/5)"
720575940612534641,Dm12,GABA,GLUT,"Davis et al., 2020",4.0,Dm_GLUT_confusion,"Review for relabel: classifier predicted GABA, literature verifies GLUT (source: Davis et al., 2020, confidence 4.0/5)"
720575940612615577,R7,ACH,HIST,"Davis et al., 2020",4.0,categorical_blindspot_HIST,"Review for relabel: classifier predicted ACH, literature verifies HIST (source: Davis et al., 2020, confidence 4.0/5)"
720575940612702577,R8,GLUT,"ACH,HIST","Davis et al., 2020; Sarthy 1991",5.0,categorical_blindspot_HIST,"Review for relabel: classifier predicted GLUT, literature verifies ACH/HIST (source: Davis et al., 2020; Sarthy 1991, confidence 5.0/5)"
720575940612704802,ORN_V,SER,ACH,"Carlsson et al., 2010; Yasuyama et al. 1999",5.0,ORN_SER_confusion,"Review for relabel: classifier predicted SER, literature verifies ACH (source: Carlsson et al., 2010; Yasuyama et al. 1999, confidence 5.0/5)"
720575940612767381,Dm12,GABA,GLUT,"Davis et al., 2020",4.0,Dm_GLUT_confusion,"Review for relabel: classifier predicted GABA, literature verifies GLUT (source: Davis et al., 2020, confidence 4.0/5)"
720575940612867251,R7,ACH,HIST,"Davis et al., 2020",4.0,categorical_blindspot_HIST,"Review for relabel: classifier predicted ACH, literature verifies HIST (source: Davis et al., 2020, confidence 4.0/5)"
720575940612901807,ORN_V,SER,ACH,"Carlsson et al., 2010; Yasuyama et al. 1999",5.0,ORN_SER_confusion,"Review for relabel: classifier predicted SER, literature verifies ACH (source: Carlsson et al., 2010; Yasuyama et al. 1999, confidence 5.0/5)"
720575940612939506,R8,GLUT,"ACH,HIST","Davis et al., 2020; Sarthy 1991",5.0,categorical_blindspot_HIST,"Review for relabel: classifier predicted GLUT, literature verifies ACH/HIST (source: Davis et al., 2020; Sarthy 1991, confidence 5.0/5)"
720575940612948210,R7,GLUT,HIST,"Davis et al., 2020",4.0,categorical_blindspot_HIST,"Review for relabel: classifier predicted GLUT, literature verifies HIST (source: Davis et al., 2020, confidence 4.0/5)"
720575940612982770,R8,GLUT,"ACH,HIST","Davis et al., 2020; Sarthy 1991",5.0,categorical_blindspot_HIST,"Review for relabel: classifier predicted GLUT, literature verifies ACH/HIST (source: Davis et al., 2020; Sarthy 1991, confidence 5.0/5)"
720575940613042728,ORN_DL4,SER,ACH,"Carlsson et al., 2010; Yasuyama et al. 1999",5.0,ORN_SER_confusion,"Review for relabel: classifier predicted SER, literature verifies ACH (source: Carlsson et al., 2010; Yasuyama et al. 1999, confidence 5.0/5)"
720575940613074394,Dm12,GABA,GLUT,"Davis et al., 2020",4.0,Dm_GLUT_confusion,"Review for relabel: classifier predicted GABA, literature verifies GLUT (source: Davis et al., 2020, confidence 4.0/5)"
720575940613103986,Dm1,GABA,GLUT,"Davis et al., 2020",4.0,Dm_GLUT_confusion,"Review for relabel: classifier predicted GABA, literature verifies GLUT (source: Davis et al., 2020, confidence 4.0/5)"
720575940613153253,R7,GABA,HIST,"Davis et al., 2020",4.0,categorical_blindspot_HIST,"Review for relabel: classifier predicted GABA, literature verifies HIST (source: Davis et al., 2020, confidence 4.0/5)"
720575940613161386,R7,GLUT,HIST,"Davis et al., 2020",4.0,categorical_blindspot_HIST,"Review for relabel: classifier predicted GLUT, literature verifies HIST (source: Davis et al., 2020, confidence 4.0/5)"
720575940613171698,R7,GLUT,HIST,"Davis et al., 2020",4.0,categorical_blindspot_HIST,"Review for relabel: classifier predicted GLUT, literature verifies HIST (source: Davis et al., 2020, confidence 4.0/5)"
720575940613201075,R7,ACH,HIST,"Davis et al., 2020",4.0,categorical_blindspot_HIST,"Review for relabel: classifier predicted ACH, literature verifies HIST (source: Davis et al., 2020, confidence 4.0/5)"
720575940613278194,R7,GLUT,HIST,"Davis et al., 2020",4.0,categorical_blindspot_HIST,"Review for relabel: classifier predicted GLUT, literature verifies HIST (source: Davis et al., 2020, confidence 4.0/5)"
720575940613296370,Dm12,GABA,GLUT,"Davis et al., 2020",4.0,Dm_GLUT_confusion,"Review for relabel: classifier predicted GABA, literature verifies GLUT (source: Davis et al., 2020, confidence 4.0/5)"
720575940613394546,Dm12,GABA,GLUT,"Davis et al., 2020",4.0,Dm_GLUT_confusion,"Review for relabel: classifier predicted GABA, literature verifies GLUT (source: Davis et al., 2020, confidence 4.0/5)"
720575940613418137,R7,GABA,HIST,"Davis et al., 2020",4.0,categorical_blindspot_HIST,"Review for relabel: classifier predicted GABA, literature verifies HIST (source: Davis et al., 2020, confidence 4.0/5)"
720575940613419315,ORN_DL4,SER,ACH,"Carlsson et al., 2010; Yasuyama et al. 1999",5.0,ORN_SER_confusion,"Review for relabel: classifier predicted SER, literature verifies ACH (source: Carlsson et al., 2010; Yasuyama et al. 1999, confidence 5.0/5)"
720575940613430245,R8,GLUT,"ACH,HIST","Davis et al., 2020; Sarthy 1991",5.0,categorical_blindspot_HIST,"Review for relabel: classifier predicted GLUT, literature verifies ACH/HIST (source: Davis et al., 2020; Sarthy 1991, confidence 5.0/5)"
720575940613447338,R7,GABA,HIST,"Davis et al., 2020",4.0,categorical_blindspot_HIST,"Review for relabel: classifier predicted GABA, literature verifies HIST (source: Davis et al., 2020, confidence 4.0/5)"
720575940613449369,R8,GABA,"ACH,HIST","Davis et al., 2020; Sarthy 1991",5.0,categorical_blindspot_HIST,"Review for relabel: classifier predicted GABA, literature verifies ACH/HIST (source: Davis et al., 2020; Sarthy 1991, confidence 5.0/5)"
720575940613463013,Dm12,GABA,GLUT,"Davis et al., 2020",4.0,Dm_GLUT_confusion,"Review for relabel: classifier predicted GABA, literature verifies GLUT (source: Davis et al., 2020, confidence 4.0/5)"
720575940613467158,R7,ACH,HIST,"Davis et al., 2020",4.0,categorical_blindspot_HIST,"Review for relabel: classifier predicted ACH, literature verifies HIST (source: Davis et al., 2020, confidence 4.0/5)"
720575940613509010,ORN_VA2,SER,ACH,"Carlsson et al., 2010; Yasuyama et al. 1999",5.0,ORN_SER_confusion,"Review for relabel: classifier predicted SER, literature verifies ACH (source: Carlsson et al., 2010; Yasuyama et al. 1999, confidence 5.0/5)"
720575940613509524,R7,GABA,HIST,"Davis et al., 2020",4.0,categorical_blindspot_HIST,"Review for relabel: classifier predicted GABA, literature verifies HIST (source: Davis et al., 2020, confidence 4.0/5)"
720575940613514098,R7,GLUT,HIST,"Davis et al., 2020",4.0,categorical_blindspot_HIST,"Review for relabel: classifier predicted GLUT, literature verifies HIST (source: Davis et al., 2020, confidence 4.0/5)"
720575940613514649,R7,GABA,HIST,"Davis et al., 2020",4.0,categorical_blindspot_HIST,"Review for relabel: classifier predicted GABA, literature verifies HIST (source: Davis et al., 2020, confidence 4.0/5)"
720575940613531365,Dm19,GABA,GLUT,"Nern et al., 2024",4.0,Dm_GLUT_confusion,"Review for relabel: classifier predicted GABA, literature verifies GLUT (source: Nern et al., 2024, confidence 4.0/5)"
720575940613539478,ORN_DM2,SER,ACH,"Carlsson et al., 2010; Yasuyama et al. 1999",5.0,ORN_SER_confusion,"Review for relabel: classifier predicted SER, literature verifies ACH (source: Carlsson et al., 2010; Yasuyama et al. 1999, confidence 5.0/5)"
720575940613585578,Dm12,GABA,GLUT,"Davis et al., 2020",4.0,Dm_GLUT_confusion,"Review for relabel: classifier predicted GABA, literature verifies GLUT (source: Davis et al., 2020, confidence 4.0/5)"
720575940613619865,R7,GLUT,HIST,"Davis et al., 2020",4.0,categorical_blindspot_HIST,"Review for relabel: classifier predicted GLUT, literature verifies HIST (source: Davis et al., 2020, confidence 4.0/5)"
720575940613636266,R7,ACH,HIST,"Davis et al., 2020",4.0,categorical_blindspot_HIST,"Review for relabel: classifier predicted ACH, literature verifies HIST (source: Davis et al., 2020, confidence 4.0/5)"
720575940613710194,R8,GLUT,"ACH,HIST","Davis et al., 2020; Sarthy 1991",5.0,categorical_blindspot_HIST,"Review for relabel: classifier predicted GLUT, literature verifies ACH/HIST (source: Davis et al., 2020; Sarthy 1991, confidence 5.0/5)"
720575940613737330,R7,GLUT,HIST,"Davis et al., 2020",4.0,categorical_blindspot_HIST,"Review for relabel: classifier predicted GLUT, literature verifies HIST (source: Davis et al., 2020, confidence 4.0/5)"
720575940613753878,Dm1,GABA,GLUT,"Davis et al., 2020",4.0,Dm_GLUT_confusion,"Review for relabel: classifier predicted GABA, literature verifies GLUT (source: Davis et al., 2020, confidence 4.0/5)"
720575940613800470,Dm12,GABA,GLUT,"Davis et al., 2020",4.0,Dm_GLUT_confusion,"Review for relabel: classifier predicted GABA, literature verifies GLUT (source: Davis et al., 2020, confidence 4.0/5)"
720575940613858922,ORN_DL3,SER,ACH,"Carlsson et al., 2010; Yasuyama et al. 1999",5.0,ORN_SER_confusion,"Review for relabel: classifier predicted SER, literature verifies ACH (source: Carlsson et al., 2010; Yasuyama et al. 1999, confidence 5.0/5)"
720575940613860754,ORN_DM3,SER,ACH,"Carlsson et al., 2010; Yasuyama et al. 1999",5.0,ORN_SER_confusion,"Review for relabel: classifier predicted SER, literature verifies ACH (source: Carlsson et al., 2010; Yasuyama et al. 1999, confidence 5.0/5)"
720575940613887858,R8,GABA,"ACH,HIST","Davis et al., 2020; Sarthy 1991",5.0,categorical_blindspot_HIST,"Review for relabel: classifier predicted GABA, literature verifies ACH/HIST (source: Davis et al., 2020; Sarthy 1991, confidence 5.0/5)"
720575940614054685,ORN_V,SER,ACH,"Carlsson et al., 2010; Yasuyama et al. 1999",5.0,ORN_SER_confusion,"Review for relabel: classifier predicted SER, literature verifies ACH (source: Carlsson et al., 2010; Yasuyama et al. 1999, confidence 5.0/5)"
720575940614063853,R7,GABA,HIST,"Davis et al., 2020",4.0,categorical_blindspot_HIST,"Review for relabel: classifier predicted GABA, literature verifies HIST (source: Davis et al., 2020, confidence 4.0/5)"
720575940614153955,R8,GLUT,"ACH,HIST","Davis et al., 2020; Sarthy 1991",5.0,categorical_blindspot_HIST,"Review for relabel: classifier predicted GLUT, literature verifies ACH/HIST (source: Davis et al., 2020; Sarthy 1991, confidence 5.0/5)"
720575940614171875,R8,GABA,"ACH,HIST","Davis et al., 2020; Sarthy 1991",5.0,categorical_blindspot_HIST,"Review for relabel: classifier predicted GABA, literature verifies ACH/HIST (source: Davis et al., 2020; Sarthy 1991, confidence 5.0/5)"
720575940614213603,Dm12,GABA,GLUT,"Davis et al., 2020",4.0,Dm_GLUT_confusion,"Review for relabel: classifier predicted GABA, literature verifies GLUT (source: Davis et al., 2020, confidence 4.0/5)"
720575940614237871,Dm1,GABA,GLUT,"Davis et al., 2020",4.0,Dm_GLUT_confusion,"Review for relabel: classifier predicted GABA, literature verifies GLUT (source: Davis et al., 2020, confidence 4.0/5)"
720575940614251747,R7,GABA,HIST,"Davis et al., 2020",4.0,categorical_blindspot_HIST,"Review for relabel: classifier predicted GABA, literature verifies HIST (source: Davis et al., 2020, confidence 4.0/5)"
720575940614299107,R7,GABA,HIST,"Davis et al., 2020",4.0,categorical_blindspot_HIST,"Review for relabel: classifier predicted GABA, literature verifies HIST (source: Davis et al., 2020, confidence 4.0/5)"
720575940614357407,ORN_DL4,SER,ACH,"Carlsson et al., 2010; Yasuyama et al. 1999",5.0,ORN_SER_confusion,"Review for relabel: classifier predicted SER, literature verifies ACH (source: Carlsson et al., 2010; Yasuyama et al. 1999, confidence 5.0/5)"
720575940614410719,ORN_DL3,SER,ACH,"Carlsson et al., 2010; Yasuyama et al. 1999",5.0,ORN_SER_confusion,"Review for relabel: classifier predicted SER, literature verifies ACH (source: Carlsson et al., 2010; Yasuyama et al. 1999, confidence 5.0/5)"
720575940614421457,Dm12,GABA,GLUT,"Davis et al., 2020",4.0,Dm_GLUT_confusion,"Review for relabel: classifier predicted GABA, literature verifies GLUT (source: Davis et al., 2020, confidence 4.0/5)"
720575940614427055,ORN_DM2,SER,ACH,"Carlsson et al., 2010; Yasuyama et al. 1999",5.0,ORN_SER_confusion,"Review for relabel: classifier predicted SER, literature verifies ACH (source: Carlsson et al., 2010; Yasuyama et al. 1999, confidence 5.0/5)"
720575940614457581,R7,GLUT,HIST,"Davis et al., 2020",4.0,categorical_blindspot_HIST,"Review for relabel: classifier predicted GLUT, literature verifies HIST (source: Davis et al., 2020, confidence 4.0/5)"
720575940614500392,R7,GLUT,HIST,"Davis et al., 2020",4.0,categorical_blindspot_HIST,"Review for relabel: classifier predicted GLUT, literature verifies HIST (source: Davis et al., 2020, confidence 4.0/5)"
720575940614555629,R7,ACH,HIST,"Davis et al., 2020",4.0,categorical_blindspot_HIST,"Review for relabel: classifier predicted ACH, literature verifies HIST (source: Davis et al., 2020, confidence 4.0/5)"
720575940614610630,ORN_DM3,SER,ACH,"Carlsson et al., 2010; Yasuyama et al. 1999",5.0,ORN_SER_confusion,"Review for relabel: classifier predicted SER, literature verifies ACH (source: Carlsson et al., 2010; Yasuyama et al. 1999, confidence 5.0/5)"
720575940614692271,R7,GABA,HIST,"Davis et al., 2020",4.0,categorical_blindspot_HIST,"Review for relabel: classifier predicted GABA, literature verifies HIST (source: Davis et al., 2020, confidence 4.0/5)"
720575940614723495,ORN_DA4m,SER,ACH,"Carlsson et al., 2010; Yasuyama et al. 1999",5.0,ORN_SER_confusion,"Review for relabel: classifier predicted SER, literature verifies ACH (source: Carlsson et al., 2010; Yasuyama et al. 1999, confidence 5.0/5)"
720575940614726546,ORN_DM3,SER,ACH,"Carlsson et al., 2010; Yasuyama et al. 1999",5.0,ORN_SER_confusion,"Review for relabel: classifier predicted SER, literature verifies ACH (source: Carlsson et al., 2010; Yasuyama et al. 1999, confidence 5.0/5)"
720575940614727720,R8,GLUT,"ACH,HIST","Davis et al., 2020; Sarthy 1991",5.0,categorical_blindspot_HIST,"Review for relabel: classifier predicted GLUT, literature verifies ACH/HIST (source: Davis et al., 2020; Sarthy 1991, confidence 5.0/5)"
720575940614850479,R8,GABA,"ACH,HIST","Davis et al., 2020; Sarthy 1991",5.0,categorical_blindspot_HIST,"Review for relabel: classifier predicted GABA, literature verifies ACH/HIST (source: Davis et al., 2020; Sarthy 1991, confidence 5.0/5)"
720575940614860851,R7,GABA,HIST,"Davis et al., 2020",4.0,categorical_blindspot_HIST,"Review for relabel: classifier predicted GABA, literature verifies HIST (source: Davis et al., 2020, confidence 4.0/5)"
720575940614929361,R8,GLUT,"ACH,HIST","Davis et al., 2020; Sarthy 1991",5.0,categorical_blindspot_HIST,"Review for relabel: classifier predicted GLUT, literature verifies ACH/HIST (source: Davis et al., 2020; Sarthy 1991, confidence 5.0/5)"
720575940614944209,R7,GLUT,HIST,"Davis et al., 2020",4.0,categorical_blindspot_HIST,"Review for relabel: classifier predicted GLUT, literature verifies HIST (source: Davis et al., 2020, confidence 4.0/5)"
720575940615052946,R8,GABA,"ACH,HIST","Davis et al., 2020; Sarthy 1991",5.0,categorical_blindspot_HIST,"Review for relabel: classifier predicted GABA, literature verifies ACH/HIST (source: Davis et al., 2020; Sarthy 1991, confidence 5.0/5)"
720575940615079079,R7,GABA,HIST,"Davis et al., 2020",4.0,categorical_blindspot_HIST,"Review for relabel: classifier predicted GABA, literature verifies HIST (source: Davis et al., 2020, confidence 4.0/5)"
720575940615093398,ORN_DL3,SER,ACH,"Carlsson et al., 2010; Yasuyama et al. 1999",5.0,ORN_SER_confusion,"Review for relabel: classifier predicted SER, literature verifies ACH (source: Carlsson et al., 2010; Yasuyama et al. 1999, confidence 5.0/5)"
720575940615153071,R7,GLUT,HIST,"Davis et al., 2020",4.0,categorical_blindspot_HIST,"Review for relabel: classifier predicted GLUT, literature verifies HIST (source: Davis et al., 2020, confidence 4.0/5)"
720575940615173799,R7,GLUT,HIST,"Davis et al., 2020",4.0,categorical_blindspot_HIST,"Review for relabel: classifier predicted GLUT, literature verifies HIST (source: Davis et al., 2020, confidence 4.0/5)"
720575940615177011,Dm12,GABA,GLUT,"Davis et al., 2020",4.0,Dm_GLUT_confusion,"Review for relabel: classifier predicted GABA, literature verifies GLUT (source: Davis et al., 2020, confidence 4.0/5)"
720575940615182033,R7,ACH,HIST,"Davis et al., 2020",4.0,categorical_blindspot_HIST,"Review for relabel: classifier predicted ACH, literature verifies HIST (source: Davis et al., 2020, confidence 4.0/5)"
720575940615188626,Dm12,GABA,GLUT,"Davis et al., 2020",4.0,Dm_GLUT_confusion,"Review for relabel: classifier predicted GABA, literature verifies GLUT (source: Davis et al., 2020, confidence 4.0/5)"
720575940615199143,R8,GLUT,"ACH,HIST","Davis et al., 2020; Sarthy 1991",5.0,categorical_blindspot_HIST,"Review for relabel: classifier predicted GLUT, literature verifies ACH/HIST (source: Davis et al., 2020; Sarthy 1991, confidence 5.0/5)"
720575940615271591,R7,GLUT,HIST,"Davis et al., 2020",4.0,categorical_blindspot_HIST,"Review for relabel: classifier predicted GLUT, literature verifies HIST (source: Davis et al., 2020, confidence 4.0/5)"
720575940615305484,ORN_DL4,SER,ACH,"Carlsson et al., 2010; Yasuyama et al. 1999",5.0,ORN_SER_confusion,"Review for relabel: classifier predicted SER, literature verifies ACH (source: Carlsson et al., 2010; Yasuyama et al. 1999, confidence 5.0/5)"
720575940615318178,R7,GABA,HIST,"Davis et al., 2020",4.0,categorical_blindspot_HIST,"Review for relabel: classifier predicted GABA, literature verifies HIST (source: Davis et al., 2020, confidence 4.0/5)"
720575940615345554,R7,GABA,HIST,"Davis et al., 2020",4.0,categorical_blindspot_HIST,"Review for relabel: classifier predicted GABA, literature verifies HIST (source: Davis et al., 2020, confidence 4.0/5)"
720575940615406226,R7,GLUT,HIST,"Davis et al., 2020",4.0,categorical_blindspot_HIST,"Review for relabel: classifier predicted GLUT, literature verifies HIST (source: Davis et al., 2020, confidence 4.0/5)"
720575940615468987,R8,GLUT,"ACH,HIST","Davis et al., 2020; Sarthy 1991",5.0,categorical_blindspot_HIST,"Review for relabel: classifier predicted GLUT, literature verifies ACH/HIST (source: Davis et al., 2020; Sarthy 1991, confidence 5.0/5)"
720575940615537314,R7,GABA,HIST,"Davis et al., 2020",4.0,categorical_blindspot_HIST,"Review for relabel: classifier predicted GABA, literature verifies HIST (source: Davis et al., 2020, confidence 4.0/5)"
720575940615558598,ORN_DA4l,SER,ACH,"Carlsson et al., 2010; Yasuyama et al. 1999",5.0,ORN_SER_confusion,"Review for relabel: classifier predicted SER, literature verifies ACH (source: Carlsson et al., 2010; Yasuyama et al. 1999, confidence 5.0/5)"
720575940615613855,R7,ACH,HIST,"Davis et al., 2020",4.0,categorical_blindspot_HIST,"Review for relabel: classifier predicted ACH, literature verifies HIST (source: Davis et al., 2020, confidence 4.0/5)"
720575940615706274,Dm12,GABA,GLUT,"Davis et al., 2020",4.0,Dm_GLUT_confusion,"Review for relabel: classifier predicted GABA, literature verifies GLUT (source: Davis et al., 2020, confidence 4.0/5)"
720575940615747259,ORN_DM2,SER,ACH,"Carlsson et al., 2010; Yasuyama et al. 1999",5.0,ORN_SER_confusion,"Review for relabel: classifier predicted SER, literature verifies ACH (source: Carlsson et al., 2010; Yasuyama et al. 1999, confidence 5.0/5)"
720575940615781179,R7,GLUT,HIST,"Davis et al., 2020",4.0,categorical_blindspot_HIST,"Review for relabel: classifier predicted GLUT, literature verifies HIST (source: Davis et al., 2020, confidence 4.0/5)"
720575940615790230,R7,GLUT,HIST,"Davis et al., 2020",4.0,categorical_blindspot_HIST,"Review for relabel: classifier predicted GLUT, literature verifies HIST (source: Davis et al., 2020, confidence 4.0/5)"
720575940615806102,R7,GLUT,HIST,"Davis et al., 2020",4.0,categorical_blindspot_HIST,"Review for relabel: classifier predicted GLUT, literature verifies HIST (source: Davis et al., 2020, confidence 4.0/5)"
720575940615856607,R7,GLUT,HIST,"Davis et al., 2020",4.0,categorical_blindspot_HIST,"Review for relabel: classifier predicted GLUT, literature verifies HIST (source: Davis et al., 2020, confidence 4.0/5)"
720575940615885195,ORN_VM3,SER,ACH,"Carlsson et al., 2010; Yasuyama et al. 1999",5.0,ORN_SER_confusion,"Review for relabel: classifier predicted SER, literature verifies ACH (source: Carlsson et al., 2010; Yasuyama et al. 1999, confidence 5.0/5)"
720575940615969898,R8,GLUT,"ACH,HIST","Davis et al., 2020; Sarthy 1991",5.0,categorical_blindspot_HIST,"Review for relabel: classifier predicted GLUT, literature verifies ACH/HIST (source: Davis et al., 2020; Sarthy 1991, confidence 5.0/5)"
720575940615987083,ORN_VM3,SER,ACH,"Carlsson et al., 2010; Yasuyama et al. 1999",5.0,ORN_SER_confusion,"Review for relabel: classifier predicted SER, literature verifies ACH (source: Carlsson et al., 2010; Yasuyama et al. 1999, confidence 5.0/5)"
720575940616093855,R7,ACH,HIST,"Davis et al., 2020",4.0,categorical_blindspot_HIST,"Review for relabel: classifier predicted ACH, literature verifies HIST (source: Davis et al., 2020, confidence 4.0/5)"
720575940616115010,R7,GLUT,HIST,"Davis et al., 2020",4.0,categorical_blindspot_HIST,"Review for relabel: classifier predicted GLUT, literature verifies HIST (source: Davis et al., 2020, confidence 4.0/5)"
720575940616116566,R7,ACH,HIST,"Davis et al., 2020",4.0,categorical_blindspot_HIST,"Review for relabel: classifier predicted ACH, literature verifies HIST (source: Davis et al., 2020, confidence 4.0/5)"
720575940616194397,ORN_VA2,SER,ACH,"Carlsson et al., 2010; Yasuyama et al. 1999",5.0,ORN_SER_confusion,"Review for relabel: classifier predicted SER, literature verifies ACH (source: Carlsson et al., 2010; Yasuyama et al. 1999, confidence 5.0/5)"
720575940616203067,ORN_DM2,SER,ACH,"Carlsson et al., 2010; Yasuyama et al. 1999",5.0,ORN_SER_confusion,"Review for relabel: classifier predicted SER, literature verifies ACH (source: Carlsson et al., 2010; Yasuyama et al. 1999, confidence 5.0/5)"
720575940616228213,ORN_DA4m,SER,ACH,"Carlsson et al., 2010; Yasuyama et al. 1999",5.0,ORN_SER_confusion,"Review for relabel: classifier predicted SER, literature verifies ACH (source: Carlsson et al., 2010; Yasuyama et al. 1999, confidence 5.0/5)"
720575940616291551,R7,GABA,HIST,"Davis et al., 2020",4.0,categorical_blindspot_HIST,"Review for relabel: classifier predicted GABA, literature verifies HIST (source: Davis et al., 2020, confidence 4.0/5)"
720575940616325343,R8,GLUT,"ACH,HIST","Davis et al., 2020; Sarthy 1991",5.0,categorical_blindspot_HIST,"Review for relabel: classifier predicted GLUT, literature verifies ACH/HIST (source: Davis et al., 2020; Sarthy 1991, confidence 5.0/5)"
720575940616360633,ORN_DM3,SER,ACH,"Carlsson et al., 2010; Yasuyama et al. 1999",5.0,ORN_SER_confusion,"Review for relabel: classifier predicted SER, literature verifies ACH (source: Carlsson et al., 2010; Yasuyama et al. 1999, confidence 5.0/5)"
720575940616364545,ORN_DL3,SER,ACH,"Carlsson et al., 2010; Yasuyama et al. 1999",5.0,ORN_SER_confusion,"Review for relabel: classifier predicted SER, literature verifies ACH (source: Carlsson et al., 2010; Yasuyama et al. 1999, confidence 5.0/5)"
720575940616369474,R7,ACH,HIST,"Davis et al., 2020",4.0,categorical_blindspot_HIST,"Review for relabel: classifier predicted ACH, literature verifies HIST (source: Davis et al., 2020, confidence 4.0/5)"
720575940616472465,ORN_DL4,SER,ACH,"Carlsson et al., 2010; Yasuyama et al. 1999",5.0,ORN_SER_confusion,"Review for relabel: classifier predicted SER, literature verifies ACH (source: Carlsson et al., 2010; Yasuyama et al. 1999, confidence 5.0/5)"
720575940616533826,R7,GLUT,HIST,"Davis et al., 2020",4.0,categorical_blindspot_HIST,"Review for relabel: classifier predicted GLUT, literature verifies HIST (source: Davis et al., 2020, confidence 4.0/5)"
720575940616581981,ORN_DM3,SER,ACH,"Carlsson et al., 2010; Yasuyama et al. 1999",5.0,ORN_SER_confusion,"Review for relabel: classifier predicted SER, literature verifies ACH (source: Carlsson et al., 2010; Yasuyama et al. 1999, confidence 5.0/5)"
720575940616616390,R7,GABA,HIST,"Davis et al., 2020",4.0,categorical_blindspot_HIST,"Review for relabel: classifier predicted GABA, literature verifies HIST (source: Davis et al., 2020, confidence 4.0/5)"
720575940616705734,R7,GABA,HIST,"Davis et al., 2020",4.0,categorical_blindspot_HIST,"Review for relabel: classifier predicted GABA, literature verifies HIST (source: Davis et al., 2020, confidence 4.0/5)"
720575940616713473,ORN_DM2,SER,ACH,"Carlsson et al., 2010; Yasuyama et al. 1999",5.0,ORN_SER_confusion,"Review for relabel: classifier predicted SER, literature verifies ACH (source: Carlsson et al., 2010; Yasuyama et al. 1999, confidence 5.0/5)"
720575940616740539,Dm1,GABA,GLUT,"Davis et al., 2020",4.0,Dm_GLUT_confusion,"Review for relabel: classifier predicted GABA, literature verifies GLUT (source: Davis et al., 2020, confidence 4.0/5)"
720575940616791820,R7,GLUT,HIST,"Davis et al., 2020",4.0,categorical_blindspot_HIST,"Review for relabel: classifier predicted GLUT, literature verifies HIST (source: Davis et al., 2020, confidence 4.0/5)"
720575940616799174,R7,ACH,HIST,"Davis et al., 2020",4.0,categorical_blindspot_HIST,"Review for relabel: classifier predicted ACH, literature verifies HIST (source: Davis et al., 2020, confidence 4.0/5)"
720575940616831349,ORN_DA4m,SER,ACH,"Carlsson et al., 2010; Yasuyama et al. 1999",5.0,ORN_SER_confusion,"Review for relabel: classifier predicted SER, literature verifies ACH (source: Carlsson et al., 2010; Yasuyama et al. 1999, confidence 5.0/5)"
720575940616831794,R7,GLUT,HIST,"Davis et al., 2020",4.0,categorical_blindspot_HIST,"Review for relabel: classifier predicted GLUT, literature verifies HIST (source: Davis et al., 2020, confidence 4.0/5)"
720575940616858636,R8,GLUT,"ACH,HIST","Davis et al., 2020; Sarthy 1991",5.0,categorical_blindspot_HIST,"Review for relabel: classifier predicted GLUT, literature verifies ACH/HIST (source: Davis et al., 2020; Sarthy 1991, confidence 5.0/5)"
720575940616899073,ORN_DL4,SER,ACH,"Carlsson et al., 2010; Yasuyama et al. 1999",5.0,ORN_SER_confusion,"Review for relabel: classifier predicted SER, literature verifies ACH (source: Carlsson et al., 2010; Yasuyama et al. 1999, confidence 5.0/5)"
720575940616908082,Dm1,GABA,GLUT,"Davis et al., 2020",4.0,Dm_GLUT_confusion,"Review for relabel: classifier predicted GABA, literature verifies GLUT (source: Davis et al., 2020, confidence 4.0/5)"
720575940616923945,ORN_V,SER,ACH,"Carlsson et al., 2010; Yasuyama et al. 1999",5.0,ORN_SER_confusion,"Review for relabel: classifier predicted SER, literature verifies ACH (source: Carlsson et al., 2010; Yasuyama et al. 1999, confidence 5.0/5)"
720575940616941362,R7,ACH,HIST,"Davis et al., 2020",4.0,categorical_blindspot_HIST,"Review for relabel: classifier predicted ACH, literature verifies HIST (source: Davis et al., 2020, confidence 4.0/5)"
720575940616946886,R7,GLUT,HIST,"Davis et al., 2020",4.0,categorical_blindspot_HIST,"Review for relabel: classifier predicted GLUT, literature verifies HIST (source: Davis et al., 2020, confidence 4.0/5)"
720575940617009638,ORN_VA2,SER,ACH,"Carlsson et al., 2010; Yasuyama et al. 1999",5.0,ORN_SER_confusion,"Review for relabel: classifier predicted SER, literature verifies ACH (source: Carlsson et al., 2010; Yasuyama et al. 1999, confidence 5.0/5)"
720575940617065403,R7,GABA,HIST,"Davis et al., 2020",4.0,categorical_blindspot_HIST,"Review for relabel: classifier predicted GABA, literature verifies HIST (source: Davis et al., 2020, confidence 4.0/5)"
720575940617104434,Dm12,GABA,GLUT,"Davis et al., 2020",4.0,Dm_GLUT_confusion,"Review for relabel: classifier predicted GABA, literature verifies GLUT (source: Davis et al., 2020, confidence 4.0/5)"
720575940617215700,ORN_DL4,SER,ACH,"Carlsson et al., 2010; Yasuyama et al. 1999",5.0,ORN_SER_confusion,"Review for relabel: classifier predicted SER, literature verifies ACH (source: Carlsson et al., 2010; Yasuyama et al. 1999, confidence 5.0/5)"
720575940617217537,ORN_DL4,SER,ACH,"Carlsson et al., 2010; Yasuyama et al. 1999",5.0,ORN_SER_confusion,"Review for relabel: classifier predicted SER, literature verifies ACH (source: Carlsson et al., 2010; Yasuyama et al. 1999, confidence 5.0/5)"
720575940617234077,ORN_DM2,SER,ACH,"Carlsson et al., 2010; Yasuyama et al. 1999",5.0,ORN_SER_confusion,"Review for relabel: classifier predicted SER, literature verifies ACH (source: Carlsson et al., 2010; Yasuyama et al. 1999, confidence 5.0/5)"
720575940617244116,ORN_DL4,SER,ACH,"Carlsson et al., 2010; Yasuyama et al. 1999",5.0,ORN_SER_confusion,"Review for relabel: classifier predicted SER, literature verifies ACH (source: Carlsson et al., 2010; Yasuyama et al. 1999, confidence 5.0/5)"
720575940617289403,R7,GLUT,HIST,"Davis et al., 2020",4.0,categorical_blindspot_HIST,"Review for relabel: classifier predicted GLUT, literature verifies HIST (source: Davis et al., 2020, confidence 4.0/5)"
720575940617313510,ORN_DA4l,SER,ACH,"Carlsson et al., 2010; Yasuyama et al. 1999",5.0,ORN_SER_confusion,"Review for relabel: classifier predicted SER, literature verifies ACH (source: Carlsson et al., 2010; Yasuyama et al. 1999, confidence 5.0/5)"
720575940617511169,ORN_DA4m,SER,ACH,"Carlsson et al., 2010; Yasuyama et al. 1999",5.0,ORN_SER_confusion,"Review for relabel: classifier predicted SER, literature verifies ACH (source: Carlsson et al., 2010; Yasuyama et al. 1999, confidence 5.0/5)"
720575940617625883,R7,GLUT,HIST,"Davis et al., 2020",4.0,categorical_blindspot_HIST,"Review for relabel: classifier predicted GLUT, literature verifies HIST (source: Davis et al., 2020, confidence 4.0/5)"
720575940617645652,ORN_DM2,SER,ACH,"Carlsson et al., 2010; Yasuyama et al. 1999",5.0,ORN_SER_confusion,"Review for relabel: classifier predicted SER, literature verifies ACH (source: Carlsson et al., 2010; Yasuyama et al. 1999, confidence 5.0/5)"
720575940617650407,ORN_V,SER,ACH,"Carlsson et al., 2010; Yasuyama et al. 1999",5.0,ORN_SER_confusion,"Review for relabel: classifier predicted SER, literature verifies ACH (source: Carlsson et al., 2010; Yasuyama et al. 1999, confidence 5.0/5)"
720575940617737873,ORN_DL4,SER,ACH,"Carlsson et al., 2010; Yasuyama et al. 1999",5.0,ORN_SER_confusion,"Review for relabel: classifier predicted SER, literature verifies ACH (source: Carlsson et al., 2010; Yasuyama et al. 1999, confidence 5.0/5)"
720575940617796923,R7,GLUT,HIST,"Davis et al., 2020",4.0,categorical_blindspot_HIST,"Review for relabel: classifier predicted GLUT, literature verifies HIST (source: Davis et al., 2020, confidence 4.0/5)"
720575940617800331,R7,GLUT,HIST,"Davis et al., 2020",4.0,categorical_blindspot_HIST,"Review for relabel: classifier predicted GLUT, literature verifies HIST (source: Davis et al., 2020, confidence 4.0/5)"
720575940617806475,R7,GLUT,HIST,"Davis et al., 2020",4.0,categorical_blindspot_HIST,"Review for relabel: classifier predicted GLUT, literature verifies HIST (source: Davis et al., 2020, confidence 4.0/5)"
720575940617839243,R7,GLUT,HIST,"Davis et al., 2020",4.0,categorical_blindspot_HIST,"Review for relabel: classifier predicted GLUT, literature verifies HIST (source: Davis et al., 2020, confidence 4.0/5)"
720575940617876953,Dm12,GABA,GLUT,"Davis et al., 2020",4.0,Dm_GLUT_confusion,"Review for relabel: classifier predicted GABA, literature verifies GLUT (source: Davis et al., 2020, confidence 4.0/5)"
720575940617911611,R7,GLUT,HIST,"Davis et al., 2020",4.0,categorical_blindspot_HIST,"Review for relabel: classifier predicted GLUT, literature verifies HIST (source: Davis et al., 2020, confidence 4.0/5)"
720575940618089428,R7,GLUT,HIST,"Davis et al., 2020",4.0,categorical_blindspot_HIST,"Review for relabel: classifier predicted GLUT, literature verifies HIST (source: Davis et al., 2020, confidence 4.0/5)"
720575940618101563,R7,GLUT,HIST,"Davis et al., 2020",4.0,categorical_blindspot_HIST,"Review for relabel: classifier predicted GLUT, literature verifies HIST (source: Davis et al., 2020, confidence 4.0/5)"
720575940618122845,R7,GABA,HIST,"Davis et al., 2020",4.0,categorical_blindspot_HIST,"Review for relabel: classifier predicted GABA, literature verifies HIST (source: Davis et al., 2020, confidence 4.0/5)"
720575940618145147,ORN_DL4,SER,ACH,"Carlsson et al., 2010; Yasuyama et al. 1999",5.0,ORN_SER_confusion,"Review for relabel: classifier predicted SER, literature verifies ACH (source: Carlsson et al., 2010; Yasuyama et al. 1999, confidence 5.0/5)"
720575940618169273,R7,GABA,HIST,"Davis et al., 2020",4.0,categorical_blindspot_HIST,"Review for relabel: classifier predicted GABA, literature verifies HIST (source: Davis et al., 2020, confidence 4.0/5)"
720575940618186555,R7,GLUT,HIST,"Davis et al., 2020",4.0,categorical_blindspot_HIST,"Review for relabel: classifier predicted GLUT, literature verifies HIST (source: Davis et al., 2020, confidence 4.0/5)"
720575940618193625,R7,GLUT,HIST,"Davis et al., 2020",4.0,categorical_blindspot_HIST,"Review for relabel: classifier predicted GLUT, literature verifies HIST (source: Davis et al., 2020, confidence 4.0/5)"
720575940618193881,R8,GLUT,"ACH,HIST","Davis et al., 2020; Sarthy 1991",5.0,categorical_blindspot_HIST,"Review for relabel: classifier predicted GLUT, literature verifies ACH/HIST (source: Davis et al., 2020; Sarthy 1991, confidence 5.0/5)"
720575940618197433,R8,GLUT,"ACH,HIST","Davis et al., 2020; Sarthy 1991",5.0,categorical_blindspot_HIST,"Review for relabel: classifier predicted GLUT, literature verifies ACH/HIST (source: Davis et al., 2020; Sarthy 1991, confidence 5.0/5)"
720575940618202329,R7,GLUT,HIST,"Davis et al., 2020",4.0,categorical_blindspot_HIST,"Review for relabel: classifier predicted GLUT, literature verifies HIST (source: Davis et al., 2020, confidence 4.0/5)"
720575940618247897,R8,GLUT,"ACH,HIST","Davis et al., 2020; Sarthy 1991",5.0,categorical_blindspot_HIST,"Review for relabel: classifier predicted GLUT, literature verifies ACH/HIST (source: Davis et al., 2020; Sarthy 1991, confidence 5.0/5)"
720575940618292697,R8,GLUT,"ACH,HIST","Davis et al., 2020; Sarthy 1991",5.0,categorical_blindspot_HIST,"Review for relabel: classifier predicted GLUT, literature verifies ACH/HIST (source: Davis et al., 2020; Sarthy 1991, confidence 5.0/5)"
720575940618345172,Dm12,GABA,GLUT,"Davis et al., 2020",4.0,Dm_GLUT_confusion,"Review for relabel: classifier predicted GABA, literature verifies GLUT (source: Davis et al., 2020, confidence 4.0/5)"
720575940618367377,R7,GLUT,HIST,"Davis et al., 2020",4.0,categorical_blindspot_HIST,"Review for relabel: classifier predicted GLUT, literature verifies HIST (source: Davis et al., 2020, confidence 4.0/5)"
720575940618368953,Dm12,GABA,GLUT,"Davis et al., 2020",4.0,Dm_GLUT_confusion,"Review for relabel: classifier predicted GABA, literature verifies GLUT (source: Davis et al., 2020, confidence 4.0/5)"
720575940618370449,R7,GABA,HIST,"Davis et al., 2020",4.0,categorical_blindspot_HIST,"Review for relabel: classifier predicted GABA, literature verifies HIST (source: Davis et al., 2020, confidence 4.0/5)"
720575940618392610,R7,GLUT,HIST,"Davis et al., 2020",4.0,categorical_blindspot_HIST,"Review for relabel: classifier predicted GLUT, literature verifies HIST (source: Davis et al., 2020, confidence 4.0/5)"
720575940618416614,Dm12,GABA,GLUT,"Davis et al., 2020",4.0,Dm_GLUT_confusion,"Review for relabel: classifier predicted GABA, literature verifies GLUT (source: Davis et al., 2020, confidence 4.0/5)"
720575940618433826,R8,GLUT,"ACH,HIST","Davis et al., 2020; Sarthy 1991",5.0,categorical_blindspot_HIST,"Review for relabel: classifier predicted GLUT, literature verifies ACH/HIST (source: Davis et al., 2020; Sarthy 1991, confidence 5.0/5)"
720575940618455074,R8,GLUT,"ACH,HIST","Davis et al., 2020; Sarthy 1991",5.0,categorical_blindspot_HIST,"Review for relabel: classifier predicted GLUT, literature verifies ACH/HIST (source: Davis et al., 2020; Sarthy 1991, confidence 5.0/5)"
720575940618508774,R7,GABA,HIST,"Davis et al., 2020",4.0,categorical_blindspot_HIST,"Review for relabel: classifier predicted GABA, literature verifies HIST (source: Davis et al., 2020, confidence 4.0/5)"
720575940618528347,R7,GABA,HIST,"Davis et al., 2020",4.0,categorical_blindspot_HIST,"Review for relabel: classifier predicted GABA, literature verifies HIST (source: Davis et al., 2020, confidence 4.0/5)"
720575940618566557,R7,GABA,HIST,"Davis et al., 2020",4.0,categorical_blindspot_HIST,"Review for relabel: classifier predicted GABA, literature verifies HIST (source: Davis et al., 2020, confidence 4.0/5)"
720575940618570909,R7,GLUT,HIST,"Davis et al., 2020",4.0,categorical_blindspot_HIST,"Review for relabel: classifier predicted GLUT, literature verifies HIST (source: Davis et al., 2020, confidence 4.0/5)"
720575940618591403,Dm1,GABA,GLUT,"Davis et al., 2020",4.0,Dm_GLUT_confusion,"Review for relabel: classifier predicted GABA, literature verifies GLUT (source: Davis et al., 2020, confidence 4.0/5)"
720575940618594333,R7,GLUT,HIST,"Davis et al., 2020",4.0,categorical_blindspot_HIST,"Review for relabel: classifier predicted GLUT, literature verifies HIST (source: Davis et al., 2020, confidence 4.0/5)"
720575940618595874,Dm12,GABA,GLUT,"Davis et al., 2020",4.0,Dm_GLUT_confusion,"Review for relabel: classifier predicted GABA, literature verifies GLUT (source: Davis et al., 2020, confidence 4.0/5)"
720575940618644381,R8,GLUT,"ACH,HIST","Davis et al., 2020; Sarthy 1991",5.0,categorical_blindspot_HIST,"Review for relabel: classifier predicted GLUT, literature verifies ACH/HIST (source: Davis et al., 2020; Sarthy 1991, confidence 5.0/5)"
720575940618676737,R7,GLUT,HIST,"Davis et al., 2020",4.0,categorical_blindspot_HIST,"Review for relabel: classifier predicted GLUT, literature verifies HIST (source: Davis et al., 2020, confidence 4.0/5)"
720575940618738853,ORN_V,GABA,ACH,"Carlsson et al., 2010; Yasuyama et al. 1999",5.0,ORN_SER_confusion,"Review for relabel: classifier predicted GABA, literature verifies ACH (source: Carlsson et al., 2010; Yasuyama et al. 1999, confidence 5.0/5)"
720575940618762397,R7,GABA,HIST,"Davis et al., 2020",4.0,categorical_blindspot_HIST,"Review for relabel: classifier predicted GABA, literature verifies HIST (source: Davis et al., 2020, confidence 4.0/5)"
720575940618818305,R7,GLUT,HIST,"Davis et al., 2020",4.0,categorical_blindspot_HIST,"Review for relabel: classifier predicted GLUT, literature verifies HIST (source: Davis et al., 2020, confidence 4.0/5)"
720575940618867101,R7,GLUT,HIST,"Davis et al., 2020",4.0,categorical_blindspot_HIST,"Review for relabel: classifier predicted GLUT, literature verifies HIST (source: Davis et al., 2020, confidence 4.0/5)"
720575940618875549,R8,GLUT,"ACH,HIST","Davis et al., 2020; Sarthy 1991",5.0,categorical_blindspot_HIST,"Review for relabel: classifier predicted GLUT, literature verifies ACH/HIST (source: Davis et al., 2020; Sarthy 1991, confidence 5.0/5)"
720575940618883924,R8,GLUT,"ACH,HIST","Davis et al., 2020; Sarthy 1991",5.0,categorical_blindspot_HIST,"Review for relabel: classifier predicted GLUT, literature verifies ACH/HIST (source: Davis et al., 2020; Sarthy 1991, confidence 5.0/5)"
720575940618958337,R8,GLUT,"ACH,HIST","Davis et al., 2020; Sarthy 1991",5.0,categorical_blindspot_HIST,"Review for relabel: classifier predicted GLUT, literature verifies ACH/HIST (source: Davis et al., 2020; Sarthy 1991, confidence 5.0/5)"
720575940619010117,R7,GLUT,HIST,"Davis et al., 2020",4.0,categorical_blindspot_HIST,"Review for relabel: classifier predicted GLUT, literature verifies HIST (source: Davis et al., 2020, confidence 4.0/5)"
720575940619028737,R7,ACH,HIST,"Davis et al., 2020",4.0,categorical_blindspot_HIST,"Review for relabel: classifier predicted ACH, literature verifies HIST (source: Davis et al., 2020, confidence 4.0/5)"
720575940619029589,ORN_DA3,SER,ACH,"Carlsson et al., 2010; Yasuyama et al. 1999",5.0,ORN_SER_confusion,"Review for relabel: classifier predicted SER, literature verifies ACH (source: Carlsson et al., 2010; Yasuyama et al. 1999, confidence 5.0/5)"
720575940619045957,R7,GLUT,HIST,"Davis et al., 2020",4.0,categorical_blindspot_HIST,"Review for relabel: classifier predicted GLUT, literature verifies HIST (source: Davis et al., 2020, confidence 4.0/5)"
720575940619054676,Dm12,GABA,GLUT,"Davis et al., 2020",4.0,Dm_GLUT_confusion,"Review for relabel: classifier predicted GABA, literature verifies GLUT (source: Davis et al., 2020, confidence 4.0/5)"
720575940619072001,R8,GLUT,"ACH,HIST","Davis et al., 2020; Sarthy 1991",5.0,categorical_blindspot_HIST,"Review for relabel: classifier predicted GLUT, literature verifies ACH/HIST (source: Davis et al., 2020; Sarthy 1991, confidence 5.0/5)"
720575940619144000,R7,GLUT,HIST,"Davis et al., 2020",4.0,categorical_blindspot_HIST,"Review for relabel: classifier predicted GLUT, literature verifies HIST (source: Davis et al., 2020, confidence 4.0/5)"
720575940619161669,R8,GLUT,"ACH,HIST","Davis et al., 2020; Sarthy 1991",5.0,categorical_blindspot_HIST,"Review for relabel: classifier predicted GLUT, literature verifies ACH/HIST (source: Davis et al., 2020; Sarthy 1991, confidence 5.0/5)"
720575940619165509,Dm12,GABA,GLUT,"Davis et al., 2020",4.0,Dm_GLUT_confusion,"Review for relabel: classifier predicted GABA, literature verifies GLUT (source: Davis et al., 2020, confidence 4.0/5)"
720575940619203909,R7,ACH,HIST,"Davis et al., 2020",4.0,categorical_blindspot_HIST,"Review for relabel: classifier predicted ACH, literature verifies HIST (source: Davis et al., 2020, confidence 4.0/5)"
720575940619219269,R7,GABA,HIST,"Davis et al., 2020",4.0,categorical_blindspot_HIST,"Review for relabel: classifier predicted GABA, literature verifies HIST (source: Davis et al., 2020, confidence 4.0/5)"
720575940619269534,ORN_DA4l,SER,ACH,"Carlsson et al., 2010; Yasuyama et al. 1999",5.0,ORN_SER_confusion,"Review for relabel: classifier predicted SER, literature verifies ACH (source: Carlsson et al., 2010; Yasuyama et al. 1999, confidence 5.0/5)"
720575940619277733,ORN_DM2,SER,ACH,"Carlsson et al., 2010; Yasuyama et al. 1999",5.0,ORN_SER_confusion,"Review for relabel: classifier predicted SER, literature verifies ACH (source: Carlsson et al., 2010; Yasuyama et al. 1999, confidence 5.0/5)"
720575940619304212,ORN_DL3,SER,ACH,"Carlsson et al., 2010; Yasuyama et al. 1999",5.0,ORN_SER_confusion,"Review for relabel: classifier predicted SER, literature verifies ACH (source: Carlsson et al., 2010; Yasuyama et al. 1999, confidence 5.0/5)"
720575940619326262,R7,GABA,HIST,"Davis et al., 2020",4.0,categorical_blindspot_HIST,"Review for relabel: classifier predicted GABA, literature verifies HIST (source: Davis et al., 2020, confidence 4.0/5)"
720575940619357264,ORN_DL4,SER,ACH,"Carlsson et al., 2010; Yasuyama et al. 1999",5.0,ORN_SER_confusion,"Review for relabel: classifier predicted SER, literature verifies ACH (source: Carlsson et al., 2010; Yasuyama et al. 1999, confidence 5.0/5)"
720575940619360532,ORN_VA2,SER,ACH,"Carlsson et al., 2010; Yasuyama et al. 1999",5.0,ORN_SER_confusion,"Review for relabel: classifier predicted SER, literature verifies ACH (source: Carlsson et al., 2010; Yasuyama et al. 1999, confidence 5.0/5)"
720575940619367083,ORN_DL3,SER,ACH,"Carlsson et al., 2010; Yasuyama et al. 1999",5.0,ORN_SER_confusion,"Review for relabel: classifier predicted SER, literature verifies ACH (source: Carlsson et al., 2010; Yasuyama et al. 1999, confidence 5.0/5)"
720575940619388062,ORN_DA4l,SER,ACH,"Carlsson et al., 2010; Yasuyama et al. 1999",5.0,ORN_SER_confusion,"Review for relabel: classifier predicted SER, literature verifies ACH (source: Carlsson et al., 2010; Yasuyama et al. 1999, confidence 5.0/5)"
720575940619408965,R7,GLUT,HIST,"Davis et al., 2020",4.0,categorical_blindspot_HIST,"Review for relabel: classifier predicted GLUT, literature verifies HIST (source: Davis et al., 2020, confidence 4.0/5)"
720575940619454656,ORN_DM3,SER,ACH,"Carlsson et al., 2010; Yasuyama et al. 1999",5.0,ORN_SER_confusion,"Review for relabel: classifier predicted SER, literature verifies ACH (source: Carlsson et al., 2010; Yasuyama et al. 1999, confidence 5.0/5)"
720575940619558235,ORN_DL3,SER,ACH,"Carlsson et al., 2010; Yasuyama et al. 1999",5.0,ORN_SER_confusion,"Review for relabel: classifier predicted SER, literature verifies ACH (source: Carlsson et al., 2010; Yasuyama et al. 1999, confidence 5.0/5)"
720575940619563429,ORN_DA4m,SER,ACH,"Carlsson et al., 2010; Yasuyama et al. 1999",5.0,ORN_SER_confusion,"Review for relabel: classifier predicted SER, literature verifies ACH (source: Carlsson et al., 2010; Yasuyama et al. 1999, confidence 5.0/5)"
720575940619741494,R7,ACH,HIST,"Davis et al., 2020",4.0,categorical_blindspot_HIST,"Review for relabel: classifier predicted ACH, literature verifies HIST (source: Davis et al., 2020, confidence 4.0/5)"
720575940619775355,R8,GLUT,"ACH,HIST","Davis et al., 2020; Sarthy 1991",5.0,categorical_blindspot_HIST,"Review for relabel: classifier predicted GLUT, literature verifies ACH/HIST (source: Davis et al., 2020; Sarthy 1991, confidence 5.0/5)"
720575940619807542,R7,GABA,HIST,"Davis et al., 2020",4.0,categorical_blindspot_HIST,"Review for relabel: classifier predicted GABA, literature verifies HIST (source: Davis et al., 2020, confidence 4.0/5)"
720575940619843520,ORN_DL4,SER,ACH,"Carlsson et al., 2010; Yasuyama et al. 1999",5.0,ORN_SER_confusion,"Review for relabel: classifier predicted SER, literature verifies ACH (source: Carlsson et al., 2010; Yasuyama et al. 1999, confidence 5.0/5)"
720575940619860790,Dm12,GABA,GLUT,"Davis et al., 2020",4.0,Dm_GLUT_confusion,"Review for relabel: classifier predicted GABA, literature verifies GLUT (source: Davis et al., 2020, confidence 4.0/5)"
720575940619880758,R7,ACH,HIST,"Davis et al., 2020",4.0,categorical_blindspot_HIST,"Review for relabel: classifier predicted ACH, literature verifies HIST (source: Davis et al., 2020, confidence 4.0/5)"
720575940619901598,R7,GLUT,HIST,"Davis et al., 2020",4.0,categorical_blindspot_HIST,"Review for relabel: classifier predicted GLUT, literature verifies HIST (source: Davis et al., 2020, confidence 4.0/5)"
720575940619904379,R8,GLUT,"ACH,HIST","Davis et al., 2020; Sarthy 1991",5.0,categorical_blindspot_HIST,"Review for relabel: classifier predicted GLUT, literature verifies ACH/HIST (source: Davis et al., 2020; Sarthy 1991, confidence 5.0/5)"
720575940619909359,R7,GABA,HIST,"Davis et al., 2020",4.0,categorical_blindspot_HIST,"Review for relabel: classifier predicted GABA, literature verifies HIST (source: Davis et al., 2020, confidence 4.0/5)"
720575940619924278,R7,GLUT,HIST,"Davis et al., 2020",4.0,categorical_blindspot_HIST,"Review for relabel: classifier predicted GLUT, literature verifies HIST (source: Davis et al., 2020, confidence 4.0/5)"
720575940619961758,Dm12,GABA,GLUT,"Davis et al., 2020",4.0,Dm_GLUT_confusion,"Review for relabel: classifier predicted GABA, literature verifies GLUT (source: Davis et al., 2020, confidence 4.0/5)"
720575940619973211,ORN_DL3,SER,ACH,"Carlsson et al., 2010; Yasuyama et al. 1999",5.0,ORN_SER_confusion,"Review for relabel: classifier predicted SER, literature verifies ACH (source: Carlsson et al., 2010; Yasuyama et al. 1999, confidence 5.0/5)"
720575940620012081,R7,GLUT,HIST,"Davis et al., 2020",4.0,categorical_blindspot_HIST,"Review for relabel: classifier predicted GLUT, literature verifies HIST (source: Davis et al., 2020, confidence 4.0/5)"
720575940620028080,ORN_VA2,SER,ACH,"Carlsson et al., 2010; Yasuyama et al. 1999",5.0,ORN_SER_confusion,"Review for relabel: classifier predicted SER, literature verifies ACH (source: Carlsson et al., 2010; Yasuyama et al. 1999, confidence 5.0/5)"
720575940620030384,ORN_VA2,SER,ACH,"Carlsson et al., 2010; Yasuyama et al. 1999",5.0,ORN_SER_confusion,"Review for relabel: classifier predicted SER, literature verifies ACH (source: Carlsson et al., 2010; Yasuyama et al. 1999, confidence 5.0/5)"
720575940620109550,ORN_DM3,SER,ACH,"Carlsson et al., 2010; Yasuyama et al. 1999",5.0,ORN_SER_confusion,"Review for relabel: classifier predicted SER, literature verifies ACH (source: Carlsson et al., 2010; Yasuyama et al. 1999, confidence 5.0/5)"
720575940620167083,ORN_DL3,SER,ACH,"Carlsson et al., 2010; Yasuyama et al. 1999",5.0,ORN_SER_confusion,"Review for relabel: classifier predicted SER, literature verifies ACH (source: Carlsson et al., 2010; Yasuyama et al. 1999, confidence 5.0/5)"
720575940620168241,R7,GLUT,HIST,"Davis et al., 2020",4.0,categorical_blindspot_HIST,"Review for relabel: classifier predicted GLUT, literature verifies HIST (source: Davis et al., 2020, confidence 4.0/5)"
720575940620255092,ORN_DL3,SER,ACH,"Carlsson et al., 2010; Yasuyama et al. 1999",5.0,ORN_SER_confusion,"Review for relabel: classifier predicted SER, literature verifies ACH (source: Carlsson et al., 2010; Yasuyama et al. 1999, confidence 5.0/5)"
720575940620337072,ORN_DA4m,SER,ACH,"Carlsson et al., 2010; Yasuyama et al. 1999",5.0,ORN_SER_confusion,"Review for relabel: classifier predicted SER, literature verifies ACH (source: Carlsson et al., 2010; Yasuyama et al. 1999, confidence 5.0/5)"
720575940620348342,ORN_DL3,SER,ACH,"Carlsson et al., 2010; Yasuyama et al. 1999",5.0,ORN_SER_confusion,"Review for relabel: classifier predicted SER, literature verifies ACH (source: Carlsson et al., 2010; Yasuyama et al. 1999, confidence 5.0/5)"
720575940620451800,R7,GLUT,HIST,"Davis et al., 2020",4.0,categorical_blindspot_HIST,"Review for relabel: classifier predicted GLUT, literature verifies HIST (source: Davis et al., 2020, confidence 4.0/5)"
720575940620453169,R7,ACH,HIST,"Davis et al., 2020",4.0,categorical_blindspot_HIST,"Review for relabel: classifier predicted ACH, literature verifies HIST (source: Davis et al., 2020, confidence 4.0/5)"
720575940620507984,Dm12,GABA,GLUT,"Davis et al., 2020",4.0,Dm_GLUT_confusion,"Review for relabel: classifier predicted GABA, literature verifies GLUT (source: Davis et al., 2020, confidence 4.0/5)"
720575940620511793,R7,GABA,HIST,"Davis et al., 2020",4.0,categorical_blindspot_HIST,"Review for relabel: classifier predicted GABA, literature verifies HIST (source: Davis et al., 2020, confidence 4.0/5)"
720575940620537048,Dm12,GABA,GLUT,"Davis et al., 2020",4.0,Dm_GLUT_confusion,"Review for relabel: classifier predicted GABA, literature verifies GLUT (source: Davis et al., 2020, confidence 4.0/5)"
720575940620537264,ORN_DL3,SER,ACH,"Carlsson et al., 2010; Yasuyama et al. 1999",5.0,ORN_SER_confusion,"Review for relabel: classifier predicted SER, literature verifies ACH (source: Carlsson et al., 2010; Yasuyama et al. 1999, confidence 5.0/5)"
720575940620555252,ORN_VA2,SER,ACH,"Carlsson et al., 2010; Yasuyama et al. 1999",5.0,ORN_SER_confusion,"Review for relabel: classifier predicted SER, literature verifies ACH (source: Carlsson et al., 2010; Yasuyama et al. 1999, confidence 5.0/5)"
720575940620577217,ORN_DM2,SER,ACH,"Carlsson et al., 2010; Yasuyama et al. 1999",5.0,ORN_SER_confusion,"Review for relabel: classifier predicted SER, literature verifies ACH (source: Carlsson et al., 2010; Yasuyama et al. 1999, confidence 5.0/5)"
720575940620627109,R8,GABA,"ACH,HIST","Davis et al., 2020; Sarthy 1991",5.0,categorical_blindspot_HIST,"Review for relabel: classifier predicted GABA, literature verifies ACH/HIST (source: Davis et al., 2020; Sarthy 1991, confidence 5.0/5)"
720575940620643787,R7,ACH,HIST,"Davis et al., 2020",4.0,categorical_blindspot_HIST,"Review for relabel: classifier predicted ACH, literature verifies HIST (source: Davis et al., 2020, confidence 4.0/5)"
720575940620673776,ORN_DL3,SER,ACH,"Carlsson et al., 2010; Yasuyama et al. 1999",5.0,ORN_SER_confusion,"Review for relabel: classifier predicted SER, literature verifies ACH (source: Carlsson et al., 2010; Yasuyama et al. 1999, confidence 5.0/5)"
720575940620679233,ORN_DM2,SER,ACH,"Carlsson et al., 2010; Yasuyama et al. 1999",5.0,ORN_SER_confusion,"Review for relabel: classifier predicted SER, literature verifies ACH (source: Carlsson et al., 2010; Yasuyama et al. 1999, confidence 5.0/5)"
720575940620685889,ORN_DM3,SER,ACH,"Carlsson et al., 2010; Yasuyama et al. 1999",5.0,ORN_SER_confusion,"Review for relabel: classifier predicted SER, literature verifies ACH (source: Carlsson et al., 2010; Yasuyama et al. 1999, confidence 5.0/5)"
720575940620746320,R7,GLUT,HIST,"Davis et al., 2020",4.0,categorical_blindspot_HIST,"Review for relabel: classifier predicted GLUT, literature verifies HIST (source: Davis et al., 2020, confidence 4.0/5)"
720575940620777095,R8,GLUT,"ACH,HIST","Davis et al., 2020; Sarthy 1991",5.0,categorical_blindspot_HIST,"Review for relabel: classifier predicted GLUT, literature verifies ACH/HIST (source: Davis et al., 2020; Sarthy 1991, confidence 5.0/5)"
720575940620822049,ORN_VA2,SER,ACH,"Carlsson et al., 2010; Yasuyama et al. 1999",5.0,ORN_SER_confusion,"Review for relabel: classifier predicted SER, literature verifies ACH (source: Carlsson et al., 2010; Yasuyama et al. 1999, confidence 5.0/5)"
720575940620831265,ORN_VA2,SER,ACH,"Carlsson et al., 2010; Yasuyama et al. 1999",5.0,ORN_SER_confusion,"Review for relabel: classifier predicted SER, literature verifies ACH (source: Carlsson et al., 2010; Yasuyama et al. 1999, confidence 5.0/5)"
720575940620878539,R7,GLUT,HIST,"Davis et al., 2020",4.0,categorical_blindspot_HIST,"Review for relabel: classifier predicted GLUT, literature verifies HIST (source: Davis et al., 2020, confidence 4.0/5)"
720575940620909989,R8,GABA,"ACH,HIST","Davis et al., 2020; Sarthy 1991",5.0,categorical_blindspot_HIST,"Review for relabel: classifier predicted GABA, literature verifies ACH/HIST (source: Davis et al., 2020; Sarthy 1991, confidence 5.0/5)"
720575940620910160,R8,GLUT,"ACH,HIST","Davis et al., 2020; Sarthy 1991",5.0,categorical_blindspot_HIST,"Review for relabel: classifier predicted GLUT, literature verifies ACH/HIST (source: Davis et al., 2020; Sarthy 1991, confidence 5.0/5)"
720575940620916871,Dm12,GABA,GLUT,"Davis et al., 2020",4.0,Dm_GLUT_confusion,"Review for relabel: classifier predicted GABA, literature verifies GLUT (source: Davis et al., 2020, confidence 4.0/5)"
720575940620921734,R7,GABA,HIST,"Davis et al., 2020",4.0,categorical_blindspot_HIST,"Review for relabel: classifier predicted GABA, literature verifies HIST (source: Davis et al., 2020, confidence 4.0/5)"
720575940620932717,ORN_DM2,SER,ACH,"Carlsson et al., 2010; Yasuyama et al. 1999",5.0,ORN_SER_confusion,"Review for relabel: classifier predicted SER, literature verifies ACH (source: Carlsson et al., 2010; Yasuyama et al. 1999, confidence 5.0/5)"
720575940620949328,R8,GLUT,"ACH,HIST","Davis et al., 2020; Sarthy 1991",5.0,categorical_blindspot_HIST,"Review for relabel: classifier predicted GLUT, literature verifies ACH/HIST (source: Davis et al., 2020; Sarthy 1991, confidence 5.0/5)"
720575940620957168,ORN_DA4l,SER,ACH,"Carlsson et al., 2010; Yasuyama et al. 1999",5.0,ORN_SER_confusion,"Review for relabel: classifier predicted SER, literature verifies ACH (source: Carlsson et al., 2010; Yasuyama et al. 1999, confidence 5.0/5)"
720575940621072065,R7,GABA,HIST,"Davis et al., 2020",4.0,categorical_blindspot_HIST,"Review for relabel: classifier predicted GABA, literature verifies HIST (source: Davis et al., 2020, confidence 4.0/5)"
720575940621079431,R7,GABA,HIST,"Davis et al., 2020",4.0,categorical_blindspot_HIST,"Review for relabel: classifier predicted GABA, literature verifies HIST (source: Davis et al., 2020, confidence 4.0/5)"
720575940621081253,Dm12,GABA,GLUT,"Davis et al., 2020",4.0,Dm_GLUT_confusion,"Review for relabel: classifier predicted GABA, literature verifies GLUT (source: Davis et al., 2020, confidence 4.0/5)"
720575940621082138,ORN_DL3,SER,ACH,"Carlsson et al., 2010; Yasuyama et al. 1999",5.0,ORN_SER_confusion,"Review for relabel: classifier predicted SER, literature verifies ACH (source: Carlsson et al., 2010; Yasuyama et al. 1999, confidence 5.0/5)"
720575940621110305,ORN_DL4,SER,ACH,"Carlsson et al., 2010; Yasuyama et al. 1999",5.0,ORN_SER_confusion,"Review for relabel: classifier predicted SER, literature verifies ACH (source: Carlsson et al., 2010; Yasuyama et al. 1999, confidence 5.0/5)"
720575940621117121,R7,GABA,HIST,"Davis et al., 2020",4.0,categorical_blindspot_HIST,"Review for relabel: classifier predicted GABA, literature verifies HIST (source: Davis et al., 2020, confidence 4.0/5)"
720575940621132969,ORN_DL3,SER,ACH,"Carlsson et al., 2010; Yasuyama et al. 1999",5.0,ORN_SER_confusion,"Review for relabel: classifier predicted SER, literature verifies ACH (source: Carlsson et al., 2010; Yasuyama et al. 1999, confidence 5.0/5)"
720575940621179329,R7,GABA,HIST,"Davis et al., 2020",4.0,categorical_blindspot_HIST,"Review for relabel: classifier predicted GABA, literature verifies HIST (source: Davis et al., 2020, confidence 4.0/5)"
720575940621190022,R8,GLUT,"ACH,HIST","Davis et al., 2020; Sarthy 1991",5.0,categorical_blindspot_HIST,"Review for relabel: classifier predicted GLUT, literature verifies ACH/HIST (source: Davis et al., 2020; Sarthy 1991, confidence 5.0/5)"
720575940621192436,ORN_V,SER,ACH,"Carlsson et al., 2010; Yasuyama et al. 1999",5.0,ORN_SER_confusion,"Review for relabel: classifier predicted SER, literature verifies ACH (source: Carlsson et al., 2010; Yasuyama et al. 1999, confidence 5.0/5)"
720575940621204556,ORN_DM3,SER,ACH,"Carlsson et al., 2010; Yasuyama et al. 1999",5.0,ORN_SER_confusion,"Review for relabel: classifier predicted SER, literature verifies ACH (source: Carlsson et al., 2010; Yasuyama et al. 1999, confidence 5.0/5)"
720575940621222491,Dm12,GABA,GLUT,"Davis et al., 2020",4.0,Dm_GLUT_confusion,"Review for relabel: classifier predicted GABA, literature verifies GLUT (source: Davis et al., 2020, confidence 4.0/5)"
720575940621235732,R7,ACH,HIST,"Davis et al., 2020",4.0,categorical_blindspot_HIST,"Review for relabel: classifier predicted ACH, literature verifies HIST (source: Davis et al., 2020, confidence 4.0/5)"
720575940621238437,R8,GLUT,"ACH,HIST","Davis et al., 2020; Sarthy 1991",5.0,categorical_blindspot_HIST,"Review for relabel: classifier predicted GLUT, literature verifies ACH/HIST (source: Davis et al., 2020; Sarthy 1991, confidence 5.0/5)"
720575940621287104,R8,GABA,"ACH,HIST","Davis et al., 2020; Sarthy 1991",5.0,categorical_blindspot_HIST,"Review for relabel: classifier predicted GABA, literature verifies ACH/HIST (source: Davis et al., 2020; Sarthy 1991, confidence 5.0/5)"
720575940621297032,R7,GABA,HIST,"Davis et al., 2020",4.0,categorical_blindspot_HIST,"Review for relabel: classifier predicted GABA, literature verifies HIST (source: Davis et al., 2020, confidence 4.0/5)"
720575940621306644,R7,GABA,HIST,"Davis et al., 2020",4.0,categorical_blindspot_HIST,"Review for relabel: classifier predicted GABA, literature verifies HIST (source: Davis et al., 2020, confidence 4.0/5)"
720575940621315293,ORN_V,SER,ACH,"Carlsson et al., 2010; Yasuyama et al. 1999",5.0,ORN_SER_confusion,"Review for relabel: classifier predicted SER, literature verifies ACH (source: Carlsson et al., 2010; Yasuyama et al. 1999, confidence 5.0/5)"
720575940621391457,R8,GLUT,"ACH,HIST","Davis et al., 2020; Sarthy 1991",5.0,categorical_blindspot_HIST,"Review for relabel: classifier predicted GLUT, literature verifies ACH/HIST (source: Davis et al., 2020; Sarthy 1991, confidence 5.0/5)"
720575940621397675,R8,GLUT,"ACH,HIST","Davis et al., 2020; Sarthy 1991",5.0,categorical_blindspot_HIST,"Review for relabel: classifier predicted GLUT, literature verifies ACH/HIST (source: Davis et al., 2020; Sarthy 1991, confidence 5.0/5)"
720575940621399462,ORN_DL3,SER,ACH,"Carlsson et al., 2010; Yasuyama et al. 1999",5.0,ORN_SER_confusion,"Review for relabel: classifier predicted SER, literature verifies ACH (source: Carlsson et al., 2010; Yasuyama et al. 1999, confidence 5.0/5)"
720575940621407659,Dm12,GABA,GLUT,"Davis et al., 2020",4.0,Dm_GLUT_confusion,"Review for relabel: classifier predicted GABA, literature verifies GLUT (source: Davis et al., 2020, confidence 4.0/5)"
720575940621433734,R8,GLUT,"ACH,HIST","Davis et al., 2020; Sarthy 1991",5.0,categorical_blindspot_HIST,"Review for relabel: classifier predicted GLUT, literature verifies ACH/HIST (source: Davis et al., 2020; Sarthy 1991, confidence 5.0/5)"
720575940621441006,R7,GLUT,HIST,"Davis et al., 2020",4.0,categorical_blindspot_HIST,"Review for relabel: classifier predicted GLUT, literature verifies HIST (source: Davis et al., 2020, confidence 4.0/5)"
720575940621442731,R7,ACH,HIST,"Davis et al., 2020",4.0,categorical_blindspot_HIST,"Review for relabel: classifier predicted ACH, literature verifies HIST (source: Davis et al., 2020, confidence 4.0/5)"
720575940621459905,R7,GLUT,HIST,"Davis et al., 2020",4.0,categorical_blindspot_HIST,"Review for relabel: classifier predicted GLUT, literature verifies HIST (source: Davis et al., 2020, confidence 4.0/5)"
720575940621460928,Dm1,GABA,GLUT,"Davis et al., 2020",4.0,Dm_GLUT_confusion,"Review for relabel: classifier predicted GABA, literature verifies GLUT (source: Davis et al., 2020, confidence 4.0/5)"
720575940621474330,R7,ACH,HIST,"Davis et al., 2020",4.0,categorical_blindspot_HIST,"Review for relabel: classifier predicted ACH, literature verifies HIST (source: Davis et al., 2020, confidence 4.0/5)"
720575940621508262,R7,GLUT,HIST,"Davis et al., 2020",4.0,categorical_blindspot_HIST,"Review for relabel: classifier predicted GLUT, literature verifies HIST (source: Davis et al., 2020, confidence 4.0/5)"
720575940621545819,R7,GABA,HIST,"Davis et al., 2020",4.0,categorical_blindspot_HIST,"Review for relabel: classifier predicted GABA, literature verifies HIST (source: Davis et al., 2020, confidence 4.0/5)"
720575940621555309,R7,GABA,HIST,"Davis et al., 2020",4.0,categorical_blindspot_HIST,"Review for relabel: classifier predicted GABA, literature verifies HIST (source: Davis et al., 2020, confidence 4.0/5)"
720575940621555565,R7,ACH,HIST,"Davis et al., 2020",4.0,categorical_blindspot_HIST,"Review for relabel: classifier predicted ACH, literature verifies HIST (source: Davis et al., 2020, confidence 4.0/5)"
720575940621557743,R7,GLUT,HIST,"Davis et al., 2020",4.0,categorical_blindspot_HIST,"Review for relabel: classifier predicted GLUT, literature verifies HIST (source: Davis et al., 2020, confidence 4.0/5)"
720575940621566630,R7,GLUT,HIST,"Davis et al., 2020",4.0,categorical_blindspot_HIST,"Review for relabel: classifier predicted GLUT, literature verifies HIST (source: Davis et al., 2020, confidence 4.0/5)"
720575940621581061,ORN_DL4,SER,ACH,"Carlsson et al., 2010; Yasuyama et al. 1999",5.0,ORN_SER_confusion,"Review for relabel: classifier predicted SER, literature verifies ACH (source: Carlsson et al., 2010; Yasuyama et al. 1999, confidence 5.0/5)"
720575940621581421,R7,GABA,HIST,"Davis et al., 2020",4.0,categorical_blindspot_HIST,"Review for relabel: classifier predicted GABA, literature verifies HIST (source: Davis et al., 2020, confidence 4.0/5)"
720575940621585286,R7,GLUT,HIST,"Davis et al., 2020",4.0,categorical_blindspot_HIST,"Review for relabel: classifier predicted GLUT, literature verifies HIST (source: Davis et al., 2020, confidence 4.0/5)"
720575940621593838,Dm12,GABA,GLUT,"Davis et al., 2020",4.0,Dm_GLUT_confusion,"Review for relabel: classifier predicted GABA, literature verifies GLUT (source: Davis et al., 2020, confidence 4.0/5)"
720575940621609754,ORN_DL4,SER,ACH,"Carlsson et al., 2010; Yasuyama et al. 1999",5.0,ORN_SER_confusion,"Review for relabel: classifier predicted SER, literature verifies ACH (source: Carlsson et al., 2010; Yasuyama et al. 1999, confidence 5.0/5)"
720575940621610678,R7,GABA,HIST,"Davis et al., 2020",4.0,categorical_blindspot_HIST,"Review for relabel: classifier predicted GABA, literature verifies HIST (source: Davis et al., 2020, confidence 4.0/5)"
720575940621623917,R7,GABA,HIST,"Davis et al., 2020",4.0,categorical_blindspot_HIST,"Review for relabel: classifier predicted GABA, literature verifies HIST (source: Davis et al., 2020, confidence 4.0/5)"
720575940621628655,R7,ACH,HIST,"Davis et al., 2020",4.0,categorical_blindspot_HIST,"Review for relabel: classifier predicted ACH, literature verifies HIST (source: Davis et al., 2020, confidence 4.0/5)"
720575940621656411,Dm12,GABA,GLUT,"Davis et al., 2020",4.0,Dm_GLUT_confusion,"Review for relabel: classifier predicted GABA, literature verifies GLUT (source: Davis et al., 2020, confidence 4.0/5)"
720575940621661377,R7,GABA,HIST,"Davis et al., 2020",4.0,categorical_blindspot_HIST,"Review for relabel: classifier predicted GABA, literature verifies HIST (source: Davis et al., 2020, confidence 4.0/5)"
720575940621662145,R7,GLUT,HIST,"Davis et al., 2020",4.0,categorical_blindspot_HIST,"Review for relabel: classifier predicted GLUT, literature verifies HIST (source: Davis et al., 2020, confidence 4.0/5)"
720575940621667163,Dm12,GABA,GLUT,"Davis et al., 2020",4.0,Dm_GLUT_confusion,"Review for relabel: classifier predicted GABA, literature verifies GLUT (source: Davis et al., 2020, confidence 4.0/5)"
720575940621668428,ORN_DA4m,SER,ACH,"Carlsson et al., 2010; Yasuyama et al. 1999",5.0,ORN_SER_confusion,"Review for relabel: classifier predicted SER, literature verifies ACH (source: Carlsson et al., 2010; Yasuyama et al. 1999, confidence 5.0/5)"
720575940621680481,R8,GABA,"ACH,HIST","Davis et al., 2020; Sarthy 1991",5.0,categorical_blindspot_HIST,"Review for relabel: classifier predicted GABA, literature verifies ACH/HIST (source: Davis et al., 2020; Sarthy 1991, confidence 5.0/5)"
720575940621704942,R7,GLUT,HIST,"Davis et al., 2020",4.0,categorical_blindspot_HIST,"Review for relabel: classifier predicted GLUT, literature verifies HIST (source: Davis et al., 2020, confidence 4.0/5)"
720575940621707174,R7,ACH,HIST,"Davis et al., 2020",4.0,categorical_blindspot_HIST,"Review for relabel: classifier predicted ACH, literature verifies HIST (source: Davis et al., 2020, confidence 4.0/5)"
720575940621742189,R7,GABA,HIST,"Davis et al., 2020",4.0,categorical_blindspot_HIST,"Review for relabel: classifier predicted GABA, literature verifies HIST (source: Davis et al., 2020, confidence 4.0/5)"
720575940621749613,R7,GABA,HIST,"Davis et al., 2020",4.0,categorical_blindspot_HIST,"Review for relabel: classifier predicted GABA, literature verifies HIST (source: Davis et al., 2020, confidence 4.0/5)"
720575940621808227,ORN_VA2,SER,ACH,"Carlsson et al., 2010; Yasuyama et al. 1999",5.0,ORN_SER_confusion,"Review for relabel: classifier predicted SER, literature verifies ACH (source: Carlsson et al., 2010; Yasuyama et al. 1999, confidence 5.0/5)"
720575940621886630,R7,GLUT,HIST,"Davis et al., 2020",4.0,categorical_blindspot_HIST,"Review for relabel: classifier predicted GLUT, literature verifies HIST (source: Davis et al., 2020, confidence 4.0/5)"
720575940621891572,R7,GABA,HIST,"Davis et al., 2020",4.0,categorical_blindspot_HIST,"Review for relabel: classifier predicted GABA, literature verifies HIST (source: Davis et al., 2020, confidence 4.0/5)"
720575940621891937,Dm12,GABA,GLUT,"Davis et al., 2020",4.0,Dm_GLUT_confusion,"Review for relabel: classifier predicted GABA, literature verifies GLUT (source: Davis et al., 2020, confidence 4.0/5)"
720575940621914392,ORN_DL3,SER,ACH,"Carlsson et al., 2010; Yasuyama et al. 1999",5.0,ORN_SER_confusion,"Review for relabel: classifier predicted SER, literature verifies ACH (source: Carlsson et al., 2010; Yasuyama et al. 1999, confidence 5.0/5)"
720575940621922998,R8,GLUT,"ACH,HIST","Davis et al., 2020; Sarthy 1991",5.0,categorical_blindspot_HIST,"Review for relabel: classifier predicted GLUT, literature verifies ACH/HIST (source: Davis et al., 2020; Sarthy 1991, confidence 5.0/5)"
720575940621931958,R7,GLUT,HIST,"Davis et al., 2020",4.0,categorical_blindspot_HIST,"Review for relabel: classifier predicted GLUT, literature verifies HIST (source: Davis et al., 2020, confidence 4.0/5)"
720575940621956161,R7,GLUT,HIST,"Davis et al., 2020",4.0,categorical_blindspot_HIST,"Review for relabel: classifier predicted GLUT, literature verifies HIST (source: Davis et al., 2020, confidence 4.0/5)"
720575940621961382,R7,GABA,HIST,"Davis et al., 2020",4.0,categorical_blindspot_HIST,"Review for relabel: classifier predicted GABA, literature verifies HIST (source: Davis et al., 2020, confidence 4.0/5)"
720575940622039551,ORN_DM2,SER,ACH,"Carlsson et al., 2010; Yasuyama et al. 1999",5.0,ORN_SER_confusion,"Review for relabel: classifier predicted SER, literature verifies ACH (source: Carlsson et al., 2010; Yasuyama et al. 1999, confidence 5.0/5)"
720575940622087489,R7,GLUT,HIST,"Davis et al., 2020",4.0,categorical_blindspot_HIST,"Review for relabel: classifier predicted GLUT, literature verifies HIST (source: Davis et al., 2020, confidence 4.0/5)"
720575940622088001,R8,GLUT,"ACH,HIST","Davis et al., 2020; Sarthy 1991",5.0,categorical_blindspot_HIST,"Review for relabel: classifier predicted GLUT, literature verifies ACH/HIST (source: Davis et al., 2020; Sarthy 1991, confidence 5.0/5)"
720575940622099294,ORN_DM2,SER,ACH,"Carlsson et al., 2010; Yasuyama et al. 1999",5.0,ORN_SER_confusion,"Review for relabel: classifier predicted SER, literature verifies ACH (source: Carlsson et al., 2010; Yasuyama et al. 1999, confidence 5.0/5)"
720575940622106790,R7,GLUT,HIST,"Davis et al., 2020",4.0,categorical_blindspot_HIST,"Review for relabel: classifier predicted GLUT, literature verifies HIST (source: Davis et al., 2020, confidence 4.0/5)"
720575940622112182,R7,GLUT,HIST,"Davis et al., 2020",4.0,categorical_blindspot_HIST,"Review for relabel: classifier predicted GLUT, literature verifies HIST (source: Davis et al., 2020, confidence 4.0/5)"
720575940622176628,R7,DA,HIST,"Davis et al., 2020",4.0,categorical_blindspot_HIST,"Review for relabel: classifier predicted DA, literature verifies HIST (source: Davis et al., 2020, confidence 4.0/5)"
720575940622193432,R7,GLUT,HIST,"Davis et al., 2020",4.0,categorical_blindspot_HIST,"Review for relabel: classifier predicted GLUT, literature verifies HIST (source: Davis et al., 2020, confidence 4.0/5)"
720575940622214320,Dm1,GABA,GLUT,"Davis et al., 2020",4.0,Dm_GLUT_confusion,"Review for relabel: classifier predicted GABA, literature verifies GLUT (source: Davis et al., 2020, confidence 4.0/5)"
720575940622258870,R8,GLUT,"ACH,HIST","Davis et al., 2020; Sarthy 1991",5.0,categorical_blindspot_HIST,"Review for relabel: classifier predicted GLUT, literature verifies ACH/HIST (source: Davis et al., 2020; Sarthy 1991, confidence 5.0/5)"
720575940622261168,R7,GABA,HIST,"Davis et al., 2020",4.0,categorical_blindspot_HIST,"Review for relabel: classifier predicted GABA, literature verifies HIST (source: Davis et al., 2020, confidence 4.0/5)"
720575940622306486,R7,ACH,HIST,"Davis et al., 2020",4.0,categorical_blindspot_HIST,"Review for relabel: classifier predicted ACH, literature verifies HIST (source: Davis et al., 2020, confidence 4.0/5)"
720575940622333027,ORN_DL3,SER,ACH,"Carlsson et al., 2010; Yasuyama et al. 1999",5.0,ORN_SER_confusion,"Review for relabel: classifier predicted SER, literature verifies ACH (source: Carlsson et al., 2010; Yasuyama et al. 1999, confidence 5.0/5)"
720575940622361215,R7,GABA,HIST,"Davis et al., 2020",4.0,categorical_blindspot_HIST,"Review for relabel: classifier predicted GABA, literature verifies HIST (source: Davis et al., 2020, confidence 4.0/5)"
720575940622421542,ORN_DL4,SER,ACH,"Carlsson et al., 2010; Yasuyama et al. 1999",5.0,ORN_SER_confusion,"Review for relabel: classifier predicted SER, literature verifies ACH (source: Carlsson et al., 2010; Yasuyama et al. 1999, confidence 5.0/5)"
720575940622432895,Dm12,GABA,GLUT,"Davis et al., 2020",4.0,Dm_GLUT_confusion,"Review for relabel: classifier predicted GABA, literature verifies GLUT (source: Davis et al., 2020, confidence 4.0/5)"
720575940622451188,Dm12,GABA,GLUT,"Davis et al., 2020",4.0,Dm_GLUT_confusion,"Review for relabel: classifier predicted GABA, literature verifies GLUT (source: Davis et al., 2020, confidence 4.0/5)"
720575940622452006,ORN_VM3,SER,ACH,"Carlsson et al., 2010; Yasuyama et al. 1999",5.0,ORN_SER_confusion,"Review for relabel: classifier predicted SER, literature verifies ACH (source: Carlsson et al., 2010; Yasuyama et al. 1999, confidence 5.0/5)"
720575940622464383,R7,GABA,HIST,"Davis et al., 2020",4.0,categorical_blindspot_HIST,"Review for relabel: classifier predicted GABA, literature verifies HIST (source: Davis et al., 2020, confidence 4.0/5)"
720575940622484852,R8,GABA,"ACH,HIST","Davis et al., 2020; Sarthy 1991",5.0,categorical_blindspot_HIST,"Review for relabel: classifier predicted GABA, literature verifies ACH/HIST (source: Davis et al., 2020; Sarthy 1991, confidence 5.0/5)"
720575940622497776,R8,GLUT,"ACH,HIST","Davis et al., 2020; Sarthy 1991",5.0,categorical_blindspot_HIST,"Review for relabel: classifier predicted GLUT, literature verifies ACH/HIST (source: Davis et al., 2020; Sarthy 1991, confidence 5.0/5)"
720575940622512522,ORN_V,SER,ACH,"Carlsson et al., 2010; Yasuyama et al. 1999",5.0,ORN_SER_confusion,"Review for relabel: classifier predicted SER, literature verifies ACH (source: Carlsson et al., 2010; Yasuyama et al. 1999, confidence 5.0/5)"
720575940622574580,R8,GABA,"ACH,HIST","Davis et al., 2020; Sarthy 1991",5.0,categorical_blindspot_HIST,"Review for relabel: classifier predicted GABA, literature verifies ACH/HIST (source: Davis et al., 2020; Sarthy 1991, confidence 5.0/5)"
720575940622596084,R7,GABA,HIST,"Davis et al., 2020",4.0,categorical_blindspot_HIST,"Review for relabel: classifier predicted GABA, literature verifies HIST (source: Davis et al., 2020, confidence 4.0/5)"
720575940622614260,R7,GLUT,HIST,"Davis et al., 2020",4.0,categorical_blindspot_HIST,"Review for relabel: classifier predicted GLUT, literature verifies HIST (source: Davis et al., 2020, confidence 4.0/5)"
720575940622616581,R7,GABA,HIST,"Davis et al., 2020",4.0,categorical_blindspot_HIST,"Review for relabel: classifier predicted GABA, literature verifies HIST (source: Davis et al., 2020, confidence 4.0/5)"
720575940622616670,R7,GLUT,HIST,"Davis et al., 2020",4.0,categorical_blindspot_HIST,"Review for relabel: classifier predicted GLUT, literature verifies HIST (source: Davis et al., 2020, confidence 4.0/5)"
720575940622637695,R8,GLUT,"ACH,HIST","Davis et al., 2020; Sarthy 1991",5.0,categorical_blindspot_HIST,"Review for relabel: classifier predicted GLUT, literature verifies ACH/HIST (source: Davis et al., 2020; Sarthy 1991, confidence 5.0/5)"
720575940622675327,R7,GLUT,HIST,"Davis et al., 2020",4.0,categorical_blindspot_HIST,"Review for relabel: classifier predicted GLUT, literature verifies HIST (source: Davis et al., 2020, confidence 4.0/5)"
720575940622683007,R8,GLUT,"ACH,HIST","Davis et al., 2020; Sarthy 1991",5.0,categorical_blindspot_HIST,"Review for relabel: classifier predicted GLUT, literature verifies ACH/HIST (source: Davis et al., 2020; Sarthy 1991, confidence 5.0/5)"
720575940622689524,R7,DA,HIST,"Davis et al., 2020",4.0,categorical_blindspot_HIST,"Review for relabel: classifier predicted DA, literature verifies HIST (source: Davis et al., 2020, confidence 4.0/5)"
720575940622780165,R7,GLUT,HIST,"Davis et al., 2020",4.0,categorical_blindspot_HIST,"Review for relabel: classifier predicted GLUT, literature verifies HIST (source: Davis et al., 2020, confidence 4.0/5)"
720575940622799966,R7,GABA,HIST,"Davis et al., 2020",4.0,categorical_blindspot_HIST,"Review for relabel: classifier predicted GABA, literature verifies HIST (source: Davis et al., 2020, confidence 4.0/5)"
720575940622819617,R7,ACH,HIST,"Davis et al., 2020",4.0,categorical_blindspot_HIST,"Review for relabel: classifier predicted ACH, literature verifies HIST (source: Davis et al., 2020, confidence 4.0/5)"
720575940622833577,ORN_VA2,SER,ACH,"Carlsson et al., 2010; Yasuyama et al. 1999",5.0,ORN_SER_confusion,"Review for relabel: classifier predicted SER, literature verifies ACH (source: Carlsson et al., 2010; Yasuyama et al. 1999, confidence 5.0/5)"
720575940622880588,ORN_DM2,SER,ACH,"Carlsson et al., 2010; Yasuyama et al. 1999",5.0,ORN_SER_confusion,"Review for relabel: classifier predicted SER, literature verifies ACH (source: Carlsson et al., 2010; Yasuyama et al. 1999, confidence 5.0/5)"
720575940622916075,ORN_VM3,SER,ACH,"Carlsson et al., 2010; Yasuyama et al. 1999",5.0,ORN_SER_confusion,"Review for relabel: classifier predicted SER, literature verifies ACH (source: Carlsson et al., 2010; Yasuyama et al. 1999, confidence 5.0/5)"
720575940622943207,R7,GLUT,HIST,"Davis et al., 2020",4.0,categorical_blindspot_HIST,"Review for relabel: classifier predicted GLUT, literature verifies HIST (source: Davis et al., 2020, confidence 4.0/5)"
720575940622959386,R8,GLUT,"ACH,HIST","Davis et al., 2020; Sarthy 1991",5.0,categorical_blindspot_HIST,"Review for relabel: classifier predicted GLUT, literature verifies ACH/HIST (source: Davis et al., 2020; Sarthy 1991, confidence 5.0/5)"
720575940623019870,R8,SER,"ACH,HIST","Davis et al., 2020; Sarthy 1991",5.0,categorical_blindspot_HIST,"Review for relabel: classifier predicted SER, literature verifies ACH/HIST (source: Davis et al., 2020; Sarthy 1991, confidence 5.0/5)"
720575940623026357,ORN_DL4,SER,ACH,"Carlsson et al., 2010; Yasuyama et al. 1999",5.0,ORN_SER_confusion,"Review for relabel: classifier predicted SER, literature verifies ACH (source: Carlsson et al., 2010; Yasuyama et al. 1999, confidence 5.0/5)"
720575940623031223,ORN_DA3,SER,ACH,"Carlsson et al., 2010; Yasuyama et al. 1999",5.0,ORN_SER_confusion,"Review for relabel: classifier predicted SER, literature verifies ACH (source: Carlsson et al., 2010; Yasuyama et al. 1999, confidence 5.0/5)"
720575940623031559,ORN_DA4l,SER,ACH,"Carlsson et al., 2010; Yasuyama et al. 1999",5.0,ORN_SER_confusion,"Review for relabel: classifier predicted SER, literature verifies ACH (source: Carlsson et al., 2010; Yasuyama et al. 1999, confidence 5.0/5)"
720575940623059347,ORN_DM3,SER,ACH,"Carlsson et al., 2010; Yasuyama et al. 1999",5.0,ORN_SER_confusion,"Review for relabel: classifier predicted SER, literature verifies ACH (source: Carlsson et al., 2010; Yasuyama et al. 1999, confidence 5.0/5)"
720575940623071270,ORN_DL3,SER,ACH,"Carlsson et al., 2010; Yasuyama et al. 1999",5.0,ORN_SER_confusion,"Review for relabel: classifier predicted SER, literature verifies ACH (source: Carlsson et al., 2010; Yasuyama et al. 1999, confidence 5.0/5)"
720575940623071485,ORN_DL4,SER,ACH,"Carlsson et al., 2010; Yasuyama et al. 1999",5.0,ORN_SER_confusion,"Review for relabel: classifier predicted SER, literature verifies ACH (source: Carlsson et al., 2010; Yasuyama et al. 1999, confidence 5.0/5)"
720575940623073809,R7,GLUT,HIST,"Davis et al., 2020",4.0,categorical_blindspot_HIST,"Review for relabel: classifier predicted GLUT, literature verifies HIST (source: Davis et al., 2020, confidence 4.0/5)"
720575940623085495,ORN_DM2,SER,ACH,"Carlsson et al., 2010; Yasuyama et al. 1999",5.0,ORN_SER_confusion,"Review for relabel: classifier predicted SER, literature verifies ACH (source: Carlsson et al., 2010; Yasuyama et al. 1999, confidence 5.0/5)"
720575940623087069,ORN_DL4,SER,ACH,"Carlsson et al., 2010; Yasuyama et al. 1999",5.0,ORN_SER_confusion,"Review for relabel: classifier predicted SER, literature verifies ACH (source: Carlsson et al., 2010; Yasuyama et al. 1999, confidence 5.0/5)"
720575940623124905,R7,GLUT,HIST,"Davis et al., 2020",4.0,categorical_blindspot_HIST,"Review for relabel: classifier predicted GLUT, literature verifies HIST (source: Davis et al., 2020, confidence 4.0/5)"
720575940623132329,R7,GLUT,HIST,"Davis et al., 2020",4.0,categorical_blindspot_HIST,"Review for relabel: classifier predicted GLUT, literature verifies HIST (source: Davis et al., 2020, confidence 4.0/5)"
720575940623243485,Dm12,GABA,GLUT,"Davis et al., 2020",4.0,Dm_GLUT_confusion,"Review for relabel: classifier predicted GABA, literature verifies GLUT (source: Davis et al., 2020, confidence 4.0/5)"
720575940623246204,R7,GLUT,HIST,"Davis et al., 2020",4.0,categorical_blindspot_HIST,"Review for relabel: classifier predicted GLUT, literature verifies HIST (source: Davis et al., 2020, confidence 4.0/5)"
720575940623276471,ORN_DL4,SER,ACH,"Carlsson et al., 2010; Yasuyama et al. 1999",5.0,ORN_SER_confusion,"Review for relabel: classifier predicted SER, literature verifies ACH (source: Carlsson et al., 2010; Yasuyama et al. 1999, confidence 5.0/5)"
720575940623284420,Dm1,GABA,GLUT,"Davis et al., 2020",4.0,Dm_GLUT_confusion,"Review for relabel: classifier predicted GABA, literature verifies GLUT (source: Davis et al., 2020, confidence 4.0/5)"
720575940623356952,R8,GLUT,"ACH,HIST","Davis et al., 2020; Sarthy 1991",5.0,categorical_blindspot_HIST,"Review for relabel: classifier predicted GLUT, literature verifies ACH/HIST (source: Davis et al., 2020; Sarthy 1991, confidence 5.0/5)"
720575940623359466,ORN_DA4l,SER,ACH,"Carlsson et al., 2010; Yasuyama et al. 1999",5.0,ORN_SER_confusion,"Review for relabel: classifier predicted SER, literature verifies ACH (source: Carlsson et al., 2010; Yasuyama et al. 1999, confidence 5.0/5)"
720575940623374156,R7,ACH,HIST,"Davis et al., 2020",4.0,categorical_blindspot_HIST,"Review for relabel: classifier predicted ACH, literature verifies HIST (source: Davis et al., 2020, confidence 4.0/5)"
720575940623376598,Dm1,GABA,GLUT,"Davis et al., 2020",4.0,Dm_GLUT_confusion,"Review for relabel: classifier predicted GABA, literature verifies GLUT (source: Davis et al., 2020, confidence 4.0/5)"
720575940623482355,ORN_VA2,SER,ACH,"Carlsson et al., 2010; Yasuyama et al. 1999",5.0,ORN_SER_confusion,"Review for relabel: classifier predicted SER, literature verifies ACH (source: Carlsson et al., 2010; Yasuyama et al. 1999, confidence 5.0/5)"
720575940623572164,ORN_DA4m,SER,ACH,"Carlsson et al., 2010; Yasuyama et al. 1999",5.0,ORN_SER_confusion,"Review for relabel: classifier predicted SER, literature verifies ACH (source: Carlsson et al., 2010; Yasuyama et al. 1999, confidence 5.0/5)"
720575940623572445,R8,GABA,"ACH,HIST","Davis et al., 2020; Sarthy 1991",5.0,categorical_blindspot_HIST,"Review for relabel: classifier predicted GABA, literature verifies ACH/HIST (source: Davis et al., 2020; Sarthy 1991, confidence 5.0/5)"
720575940623642723,R8,GLUT,"ACH,HIST","Davis et al., 2020; Sarthy 1991",5.0,categorical_blindspot_HIST,"Review for relabel: classifier predicted GLUT, literature verifies ACH/HIST (source: Davis et al., 2020; Sarthy 1991, confidence 5.0/5)"
720575940623725773,R7,OCT,HIST,"Davis et al., 2020",4.0,categorical_blindspot_HIST,"Review for relabel: classifier predicted OCT, literature verifies HIST (source: Davis et al., 2020, confidence 4.0/5)"
720575940623743768,R7,ACH,HIST,"Davis et al., 2020",4.0,categorical_blindspot_HIST,"Review for relabel: classifier predicted ACH, literature verifies HIST (source: Davis et al., 2020, confidence 4.0/5)"
720575940623758616,R8,GLUT,"ACH,HIST","Davis et al., 2020; Sarthy 1991",5.0,categorical_blindspot_HIST,"Review for relabel: classifier predicted GLUT, literature verifies ACH/HIST (source: Davis et al., 2020; Sarthy 1991, confidence 5.0/5)"
720575940623771580,ORN_V,SER,ACH,"Carlsson et al., 2010; Yasuyama et al. 1999",5.0,ORN_SER_confusion,"Review for relabel: classifier predicted SER, literature verifies ACH (source: Carlsson et al., 2010; Yasuyama et al. 1999, confidence 5.0/5)"
720575940623783437,Dm12,GABA,GLUT,"Davis et al., 2020",4.0,Dm_GLUT_confusion,"Review for relabel: classifier predicted GABA, literature verifies GLUT (source: Davis et al., 2020, confidence 4.0/5)"
720575940623801276,ORN_VA2,SER,ACH,"Carlsson et al., 2010; Yasuyama et al. 1999",5.0,ORN_SER_confusion,"Review for relabel: classifier predicted SER, literature verifies ACH (source: Carlsson et al., 2010; Yasuyama et al. 1999, confidence 5.0/5)"
720575940623808509,ORN_DM3,SER,ACH,"Carlsson et al., 2010; Yasuyama et al. 1999",5.0,ORN_SER_confusion,"Review for relabel: classifier predicted SER, literature verifies ACH (source: Carlsson et al., 2010; Yasuyama et al. 1999, confidence 5.0/5)"
720575940623816596,ORN_DL4,SER,ACH,"Carlsson et al., 2010; Yasuyama et al. 1999",5.0,ORN_SER_confusion,"Review for relabel: classifier predicted SER, literature verifies ACH (source: Carlsson et al., 2010; Yasuyama et al. 1999, confidence 5.0/5)"
720575940623851363,R7,GABA,HIST,"Davis et al., 2020",4.0,categorical_blindspot_HIST,"Review for relabel: classifier predicted GABA, literature verifies HIST (source: Davis et al., 2020, confidence 4.0/5)"
720575940623854311,ORN_V,SER,ACH,"Carlsson et al., 2010; Yasuyama et al. 1999",5.0,ORN_SER_confusion,"Review for relabel: classifier predicted SER, literature verifies ACH (source: Carlsson et al., 2010; Yasuyama et al. 1999, confidence 5.0/5)"
720575940623883561,R7,GLUT,HIST,"Davis et al., 2020",4.0,categorical_blindspot_HIST,"Review for relabel: classifier predicted GLUT, literature verifies HIST (source: Davis et al., 2020, confidence 4.0/5)"
720575940623904611,Dm1,GABA,GLUT,"Davis et al., 2020",4.0,Dm_GLUT_confusion,"Review for relabel: classifier predicted GABA, literature verifies GLUT (source: Davis et al., 2020, confidence 4.0/5)"
720575940623925180,ORN_DL3,SER,ACH,"Carlsson et al., 2010; Yasuyama et al. 1999",5.0,ORN_SER_confusion,"Review for relabel: classifier predicted SER, literature verifies ACH (source: Carlsson et al., 2010; Yasuyama et al. 1999, confidence 5.0/5)"
720575940623959566,ORN_DL4,SER,ACH,"Carlsson et al., 2010; Yasuyama et al. 1999",5.0,ORN_SER_confusion,"Review for relabel: classifier predicted SER, literature verifies ACH (source: Carlsson et al., 2010; Yasuyama et al. 1999, confidence 5.0/5)"
720575940624008703,R7,GABA,HIST,"Davis et al., 2020",4.0,categorical_blindspot_HIST,"Review for relabel: classifier predicted GABA, literature verifies HIST (source: Davis et al., 2020, confidence 4.0/5)"
720575940624020521,R8,GLUT,"ACH,HIST","Davis et al., 2020; Sarthy 1991",5.0,categorical_blindspot_HIST,"Review for relabel: classifier predicted GLUT, literature verifies ACH/HIST (source: Davis et al., 2020; Sarthy 1991, confidence 5.0/5)"
720575940624028003,R7,GLUT,HIST,"Davis et al., 2020",4.0,categorical_blindspot_HIST,"Review for relabel: classifier predicted GLUT, literature verifies HIST (source: Davis et al., 2020, confidence 4.0/5)"
720575940624033535,R7,GABA,HIST,"Davis et al., 2020",4.0,categorical_blindspot_HIST,"Review for relabel: classifier predicted GABA, literature verifies HIST (source: Davis et al., 2020, confidence 4.0/5)"
720575940624070953,Dm1,GABA,GLUT,"Davis et al., 2020",4.0,Dm_GLUT_confusion,"Review for relabel: classifier predicted GABA, literature verifies GLUT (source: Davis et al., 2020, confidence 4.0/5)"
720575940624077005,Dm12,GABA,GLUT,"Davis et al., 2020",4.0,Dm_GLUT_confusion,"Review for relabel: classifier predicted GABA, literature verifies GLUT (source: Davis et al., 2020, confidence 4.0/5)"
720575940624086825,R7,ACH,HIST,"Davis et al., 2020",4.0,categorical_blindspot_HIST,"Review for relabel: classifier predicted ACH, literature verifies HIST (source: Davis et al., 2020, confidence 4.0/5)"
720575940624088319,R8,GLUT,"ACH,HIST","Davis et al., 2020; Sarthy 1991",5.0,categorical_blindspot_HIST,"Review for relabel: classifier predicted GLUT, literature verifies ACH/HIST (source: Davis et al., 2020; Sarthy 1991, confidence 5.0/5)"
720575940624089855,R7,SER,HIST,"Davis et al., 2020",4.0,categorical_blindspot_HIST,"Review for relabel: classifier predicted SER, literature verifies HIST (source: Davis et al., 2020, confidence 4.0/5)"
720575940624090918,R7,GLUT,HIST,"Davis et al., 2020",4.0,categorical_blindspot_HIST,"Review for relabel: classifier predicted GLUT, literature verifies HIST (source: Davis et al., 2020, confidence 4.0/5)"
720575940624096708,ORN_VA2,SER,ACH,"Carlsson et al., 2010; Yasuyama et al. 1999",5.0,ORN_SER_confusion,"Review for relabel: classifier predicted SER, literature verifies ACH (source: Carlsson et al., 2010; Yasuyama et al. 1999, confidence 5.0/5)"
720575940624106948,R7,ACH,HIST,"Davis et al., 2020",4.0,categorical_blindspot_HIST,"Review for relabel: classifier predicted ACH, literature verifies HIST (source: Davis et al., 2020, confidence 4.0/5)"
720575940624145449,Dm12,GABA,GLUT,"Davis et al., 2020",4.0,Dm_GLUT_confusion,"Review for relabel: classifier predicted GABA, literature verifies GLUT (source: Davis et al., 2020, confidence 4.0/5)"
720575940624151432,R7,GLUT,HIST,"Davis et al., 2020",4.0,categorical_blindspot_HIST,"Review for relabel: classifier predicted GLUT, literature verifies HIST (source: Davis et al., 2020, confidence 4.0/5)"
720575940624152344,R8,GLUT,"ACH,HIST","Davis et al., 2020; Sarthy 1991",5.0,categorical_blindspot_HIST,"Review for relabel: classifier predicted GLUT, literature verifies ACH/HIST (source: Davis et al., 2020; Sarthy 1991, confidence 5.0/5)"
720575940624163854,ORN_DA3,SER,ACH,"Carlsson et al., 2010; Yasuyama et al. 1999",5.0,ORN_SER_confusion,"Review for relabel: classifier predicted SER, literature verifies ACH (source: Carlsson et al., 2010; Yasuyama et al. 1999, confidence 5.0/5)"
720575940624180628,R7,GLUT,HIST,"Davis et al., 2020",4.0,categorical_blindspot_HIST,"Review for relabel: classifier predicted GLUT, literature verifies HIST (source: Davis et al., 2020, confidence 4.0/5)"
720575940624180735,Dm12,GABA,GLUT,"Davis et al., 2020",4.0,Dm_GLUT_confusion,"Review for relabel: classifier predicted GABA, literature verifies GLUT (source: Davis et al., 2020, confidence 4.0/5)"
720575940624191368,R7,ACH,HIST,"Davis et al., 2020",4.0,categorical_blindspot_HIST,"Review for relabel: classifier predicted ACH, literature verifies HIST (source: Davis et al., 2020, confidence 4.0/5)"
720575940624196095,R7,OCT,HIST,"Davis et al., 2020",4.0,categorical_blindspot_HIST,"Review for relabel: classifier predicted OCT, literature verifies HIST (source: Davis et al., 2020, confidence 4.0/5)"
720575940624202025,R7,ACH,HIST,"Davis et al., 2020",4.0,categorical_blindspot_HIST,"Review for relabel: classifier predicted ACH, literature verifies HIST (source: Davis et al., 2020, confidence 4.0/5)"
720575940624210407,ORN_DM3,SER,ACH,"Carlsson et al., 2010; Yasuyama et al. 1999",5.0,ORN_SER_confusion,"Review for relabel: classifier predicted SER, literature verifies ACH (source: Carlsson et al., 2010; Yasuyama et al. 1999, confidence 5.0/5)"
720575940624248870,R7,GLUT,HIST,"Davis et al., 2020",4.0,categorical_blindspot_HIST,"Review for relabel: classifier predicted GLUT, literature verifies HIST (source: Davis et al., 2020, confidence 4.0/5)"
720575940624264340,ORN_DA4m,SER,ACH,"Carlsson et al., 2010; Yasuyama et al. 1999",5.0,ORN_SER_confusion,"Review for relabel: classifier predicted SER, literature verifies ACH (source: Carlsson et al., 2010; Yasuyama et al. 1999, confidence 5.0/5)"
720575940624267667,R7,ACH,HIST,"Davis et al., 2020",4.0,categorical_blindspot_HIST,"Review for relabel: classifier predicted ACH, literature verifies HIST (source: Davis et al., 2020, confidence 4.0/5)"
720575940624271338,R7,GLUT,HIST,"Davis et al., 2020",4.0,categorical_blindspot_HIST,"Review for relabel: classifier predicted GLUT, literature verifies HIST (source: Davis et al., 2020, confidence 4.0/5)"
720575940624282248,R7,GLUT,HIST,"Davis et al., 2020",4.0,categorical_blindspot_HIST,"Review for relabel: classifier predicted GLUT, literature verifies HIST (source: Davis et al., 2020, confidence 4.0/5)"
720575940624283016,R7,GLUT,HIST,"Davis et al., 2020",4.0,categorical_blindspot_HIST,"Review for relabel: classifier predicted GLUT, literature verifies HIST (source: Davis et al., 2020, confidence 4.0/5)"
720575940624286698,R8,GABA,"ACH,HIST","Davis et al., 2020; Sarthy 1991",5.0,categorical_blindspot_HIST,"Review for relabel: classifier predicted GABA, literature verifies ACH/HIST (source: Davis et al., 2020; Sarthy 1991, confidence 5.0/5)"
720575940624318758,R8,GLUT,"ACH,HIST","Davis et al., 2020; Sarthy 1991",5.0,categorical_blindspot_HIST,"Review for relabel: classifier predicted GLUT, literature verifies ACH/HIST (source: Davis et al., 2020; Sarthy 1991, confidence 5.0/5)"
720575940624334276,Dm1,GABA,GLUT,"Davis et al., 2020",4.0,Dm_GLUT_confusion,"Review for relabel: classifier predicted GABA, literature verifies GLUT (source: Davis et al., 2020, confidence 4.0/5)"
720575940624336324,R7,GABA,HIST,"Davis et al., 2020",4.0,categorical_blindspot_HIST,"Review for relabel: classifier predicted GABA, literature verifies HIST (source: Davis et al., 2020, confidence 4.0/5)"
720575940624346820,R7,GABA,HIST,"Davis et al., 2020",4.0,categorical_blindspot_HIST,"Review for relabel: classifier predicted GABA, literature verifies HIST (source: Davis et al., 2020, confidence 4.0/5)"
720575940624349674,R7,GLUT,HIST,"Davis et al., 2020",4.0,categorical_blindspot_HIST,"Review for relabel: classifier predicted GLUT, literature verifies HIST (source: Davis et al., 2020, confidence 4.0/5)"
720575940624368934,R7,GLUT,HIST,"Davis et al., 2020",4.0,categorical_blindspot_HIST,"Review for relabel: classifier predicted GLUT, literature verifies HIST (source: Davis et al., 2020, confidence 4.0/5)"
720575940624379844,R7,GLUT,HIST,"Davis et al., 2020",4.0,categorical_blindspot_HIST,"Review for relabel: classifier predicted GLUT, literature verifies HIST (source: Davis et al., 2020, confidence 4.0/5)"
720575940624387524,Dm1,GABA,GLUT,"Davis et al., 2020",4.0,Dm_GLUT_confusion,"Review for relabel: classifier predicted GABA, literature verifies GLUT (source: Davis et al., 2020, confidence 4.0/5)"
720575940624390438,Dm12,GABA,GLUT,"Davis et al., 2020",4.0,Dm_GLUT_confusion,"Review for relabel: classifier predicted GABA, literature verifies GLUT (source: Davis et al., 2020, confidence 4.0/5)"
720575940624425924,R7,GLUT,HIST,"Davis et al., 2020",4.0,categorical_blindspot_HIST,"Review for relabel: classifier predicted GLUT, literature verifies HIST (source: Davis et al., 2020, confidence 4.0/5)"
720575940624437956,Dm12,GABA,GLUT,"Davis et al., 2020",4.0,Dm_GLUT_confusion,"Review for relabel: classifier predicted GABA, literature verifies GLUT (source: Davis et al., 2020, confidence 4.0/5)"
720575940624488595,R7,GLUT,HIST,"Davis et al., 2020",4.0,categorical_blindspot_HIST,"Review for relabel: classifier predicted GLUT, literature verifies HIST (source: Davis et al., 2020, confidence 4.0/5)"
720575940624565941,Dm12,GABA,GLUT,"Davis et al., 2020",4.0,Dm_GLUT_confusion,"Review for relabel: classifier predicted GABA, literature verifies GLUT (source: Davis et al., 2020, confidence 4.0/5)"
720575940624571882,R7,GABA,HIST,"Davis et al., 2020",4.0,categorical_blindspot_HIST,"Review for relabel: classifier predicted GABA, literature verifies HIST (source: Davis et al., 2020, confidence 4.0/5)"
720575940624592391,R7,GABA,HIST,"Davis et al., 2020",4.0,categorical_blindspot_HIST,"Review for relabel: classifier predicted GABA, literature verifies HIST (source: Davis et al., 2020, confidence 4.0/5)"
720575940624609461,R7,GLUT,HIST,"Davis et al., 2020",4.0,categorical_blindspot_HIST,"Review for relabel: classifier predicted GLUT, literature verifies HIST (source: Davis et al., 2020, confidence 4.0/5)"
720575940624669966,ORN_DA4l,SER,ACH,"Carlsson et al., 2010; Yasuyama et al. 1999",5.0,ORN_SER_confusion,"Review for relabel: classifier predicted SER, literature verifies ACH (source: Carlsson et al., 2010; Yasuyama et al. 1999, confidence 5.0/5)"
720575940624694078,ORN_DL3,SER,ACH,"Carlsson et al., 2010; Yasuyama et al. 1999",5.0,ORN_SER_confusion,"Review for relabel: classifier predicted SER, literature verifies ACH (source: Carlsson et al., 2010; Yasuyama et al. 1999, confidence 5.0/5)"
720575940624698109,R7,GABA,HIST,"Davis et al., 2020",4.0,categorical_blindspot_HIST,"Review for relabel: classifier predicted GABA, literature verifies HIST (source: Davis et al., 2020, confidence 4.0/5)"
720575940624711216,ORN_DL3,SER,ACH,"Carlsson et al., 2010; Yasuyama et al. 1999",5.0,ORN_SER_confusion,"Review for relabel: classifier predicted SER, literature verifies ACH (source: Carlsson et al., 2010; Yasuyama et al. 1999, confidence 5.0/5)"
720575940624814519,R8,GLUT,"ACH,HIST","Davis et al., 2020; Sarthy 1991",5.0,categorical_blindspot_HIST,"Review for relabel: classifier predicted GLUT, literature verifies ACH/HIST (source: Davis et al., 2020; Sarthy 1991, confidence 5.0/5)"
720575940624871093,R8,GLUT,"ACH,HIST","Davis et al., 2020; Sarthy 1991",5.0,categorical_blindspot_HIST,"Review for relabel: classifier predicted GLUT, literature verifies ACH/HIST (source: Davis et al., 2020; Sarthy 1991, confidence 5.0/5)"
720575940624871677,R8,OCT,"ACH,HIST","Davis et al., 2020; Sarthy 1991",5.0,categorical_blindspot_HIST,"Review for relabel: classifier predicted OCT, literature verifies ACH/HIST (source: Davis et al., 2020; Sarthy 1991, confidence 5.0/5)"
720575940624902296,Dm1,GABA,GLUT,"Davis et al., 2020",4.0,Dm_GLUT_confusion,"Review for relabel: classifier predicted GABA, literature verifies GLUT (source: Davis et al., 2020, confidence 4.0/5)"
720575940624918535,R7,ACH,HIST,"Davis et al., 2020",4.0,categorical_blindspot_HIST,"Review for relabel: classifier predicted ACH, literature verifies HIST (source: Davis et al., 2020, confidence 4.0/5)"
720575940624919625,R7,GABA,HIST,"Davis et al., 2020",4.0,categorical_blindspot_HIST,"Review for relabel: classifier predicted GABA, literature verifies HIST (source: Davis et al., 2020, confidence 4.0/5)"
720575940624931509,R7,GLUT,HIST,"Davis et al., 2020",4.0,categorical_blindspot_HIST,"Review for relabel: classifier predicted GLUT, literature verifies HIST (source: Davis et al., 2020, confidence 4.0/5)"
720575940624963917,ORN_VM3,SER,ACH,"Carlsson et al., 2010; Yasuyama et al. 1999",5.0,ORN_SER_confusion,"Review for relabel: classifier predicted SER, literature verifies ACH (source: Carlsson et al., 2010; Yasuyama et al. 1999, confidence 5.0/5)"
720575940624975909,ORN_DM3,SER,ACH,"Carlsson et al., 2010; Yasuyama et al. 1999",5.0,ORN_SER_confusion,"Review for relabel: classifier predicted SER, literature verifies ACH (source: Carlsson et al., 2010; Yasuyama et al. 1999, confidence 5.0/5)"
720575940624989960,R7,GLUT,HIST,"Davis et al., 2020",4.0,categorical_blindspot_HIST,"Review for relabel: classifier predicted GLUT, literature verifies HIST (source: Davis et al., 2020, confidence 4.0/5)"
720575940625022352,ORN_DL4,SER,ACH,"Carlsson et al., 2010; Yasuyama et al. 1999",5.0,ORN_SER_confusion,"Review for relabel: classifier predicted SER, literature verifies ACH (source: Carlsson et al., 2010; Yasuyama et al. 1999, confidence 5.0/5)"
720575940625031351,Dm12,GABA,GLUT,"Davis et al., 2020",4.0,Dm_GLUT_confusion,"Review for relabel: classifier predicted GABA, literature verifies GLUT (source: Davis et al., 2020, confidence 4.0/5)"
720575940625057515,Dm12,GABA,GLUT,"Davis et al., 2020",4.0,Dm_GLUT_confusion,"Review for relabel: classifier predicted GABA, literature verifies GLUT (source: Davis et al., 2020, confidence 4.0/5)"
720575940625061384,R8,GLUT,"ACH,HIST","Davis et al., 2020; Sarthy 1991",5.0,categorical_blindspot_HIST,"Review for relabel: classifier predicted GLUT, literature verifies ACH/HIST (source: Davis et al., 2020; Sarthy 1991, confidence 5.0/5)"
720575940625093813,R7,GABA,HIST,"Davis et al., 2020",4.0,categorical_blindspot_HIST,"Review for relabel: classifier predicted GABA, literature verifies HIST (source: Davis et al., 2020, confidence 4.0/5)"
720575940625096375,R8,GLUT,"ACH,HIST","Davis et al., 2020; Sarthy 1991",5.0,categorical_blindspot_HIST,"Review for relabel: classifier predicted GLUT, literature verifies ACH/HIST (source: Davis et al., 2020; Sarthy 1991, confidence 5.0/5)"
720575940625137405,R7,GABA,HIST,"Davis et al., 2020",4.0,categorical_blindspot_HIST,"Review for relabel: classifier predicted GABA, literature verifies HIST (source: Davis et al., 2020, confidence 4.0/5)"
720575940625141995,R7,GABA,HIST,"Davis et al., 2020",4.0,categorical_blindspot_HIST,"Review for relabel: classifier predicted GABA, literature verifies HIST (source: Davis et al., 2020, confidence 4.0/5)"
720575940625158206,R7,ACH,HIST,"Davis et al., 2020",4.0,categorical_blindspot_HIST,"Review for relabel: classifier predicted ACH, literature verifies HIST (source: Davis et al., 2020, confidence 4.0/5)"
720575940625161545,R8,GABA,"ACH,HIST","Davis et al., 2020; Sarthy 1991",5.0,categorical_blindspot_HIST,"Review for relabel: classifier predicted GABA, literature verifies ACH/HIST (source: Davis et al., 2020; Sarthy 1991, confidence 5.0/5)"
720575940625176250,ORN_DL3,SER,ACH,"Carlsson et al., 2010; Yasuyama et al. 1999",5.0,ORN_SER_confusion,"Review for relabel: classifier predicted SER, literature verifies ACH (source: Carlsson et al., 2010; Yasuyama et al. 1999, confidence 5.0/5)"
720575940625187390,ORN_DA3,SER,ACH,"Carlsson et al., 2010; Yasuyama et al. 1999",5.0,ORN_SER_confusion,"Review for relabel: classifier predicted SER, literature verifies ACH (source: Carlsson et al., 2010; Yasuyama et al. 1999, confidence 5.0/5)"
720575940625261547,R7,GLUT,HIST,"Davis et al., 2020",4.0,categorical_blindspot_HIST,"Review for relabel: classifier predicted GLUT, literature verifies HIST (source: Davis et al., 2020, confidence 4.0/5)"
720575940625272980,R7,GLUT,HIST,"Davis et al., 2020",4.0,categorical_blindspot_HIST,"Review for relabel: classifier predicted GLUT, literature verifies HIST (source: Davis et al., 2020, confidence 4.0/5)"
720575940625308391,R7,GABA,HIST,"Davis et al., 2020",4.0,categorical_blindspot_HIST,"Review for relabel: classifier predicted GABA, literature verifies HIST (source: Davis et al., 2020, confidence 4.0/5)"
720575940625336299,Dm12,GABA,GLUT,"Davis et al., 2020",4.0,Dm_GLUT_confusion,"Review for relabel: classifier predicted GABA, literature verifies GLUT (source: Davis et al., 2020, confidence 4.0/5)"
720575940625360784,ORN_DM2,SER,ACH,"Carlsson et al., 2010; Yasuyama et al. 1999",5.0,ORN_SER_confusion,"Review for relabel: classifier predicted SER, literature verifies ACH (source: Carlsson et al., 2010; Yasuyama et al. 1999, confidence 5.0/5)"
720575940625362020,ORN_DA4l,SER,ACH,"Carlsson et al., 2010; Yasuyama et al. 1999",5.0,ORN_SER_confusion,"Review for relabel: classifier predicted SER, literature verifies ACH (source: Carlsson et al., 2010; Yasuyama et al. 1999, confidence 5.0/5)"
720575940625385451,R8,GLUT,"ACH,HIST","Davis et al., 2020; Sarthy 1991",5.0,categorical_blindspot_HIST,"Review for relabel: classifier predicted GLUT, literature verifies ACH/HIST (source: Davis et al., 2020; Sarthy 1991, confidence 5.0/5)"
720575940625388948,R8,GABA,"ACH,HIST","Davis et al., 2020; Sarthy 1991",5.0,categorical_blindspot_HIST,"Review for relabel: classifier predicted GABA, literature verifies ACH/HIST (source: Davis et al., 2020; Sarthy 1991, confidence 5.0/5)"
720575940625397140,R7,GABA,HIST,"Davis et al., 2020",4.0,categorical_blindspot_HIST,"Review for relabel: classifier predicted GABA, literature verifies HIST (source: Davis et al., 2020, confidence 4.0/5)"
720575940625409003,R8,GLUT,"ACH,HIST","Davis et al., 2020; Sarthy 1991",5.0,categorical_blindspot_HIST,"Review for relabel: classifier predicted GLUT, literature verifies ACH/HIST (source: Davis et al., 2020; Sarthy 1991, confidence 5.0/5)"
720575940625417447,R7,GLUT,HIST,"Davis et al., 2020",4.0,categorical_blindspot_HIST,"Review for relabel: classifier predicted GLUT, literature verifies HIST (source: Davis et al., 2020, confidence 4.0/5)"
720575940625418475,R8,GLUT,"ACH,HIST","Davis et al., 2020; Sarthy 1991",5.0,categorical_blindspot_HIST,"Review for relabel: classifier predicted GLUT, literature verifies ACH/HIST (source: Davis et al., 2020; Sarthy 1991, confidence 5.0/5)"
720575940625420290,ORN_DL3,SER,ACH,"Carlsson et al., 2010; Yasuyama et al. 1999",5.0,ORN_SER_confusion,"Review for relabel: classifier predicted SER, literature verifies ACH (source: Carlsson et al., 2010; Yasuyama et al. 1999, confidence 5.0/5)"
720575940625447655,R8,SER,"ACH,HIST","Davis et al., 2020; Sarthy 1991",5.0,categorical_blindspot_HIST,"Review for relabel: classifier predicted SER, literature verifies ACH/HIST (source: Davis et al., 2020; Sarthy 1991, confidence 5.0/5)"
720575940625462064,ORN_DA4l,SER,ACH,"Carlsson et al., 2010; Yasuyama et al. 1999",5.0,ORN_SER_confusion,"Review for relabel: classifier predicted SER, literature verifies ACH (source: Carlsson et al., 2010; Yasuyama et al. 1999, confidence 5.0/5)"
720575940625495298,ORN_VM3,SER,ACH,"Carlsson et al., 2010; Yasuyama et al. 1999",5.0,ORN_SER_confusion,"Review for relabel: classifier predicted SER, literature verifies ACH (source: Carlsson et al., 2010; Yasuyama et al. 1999, confidence 5.0/5)"
720575940625539786,ORN_DM3,SER,ACH,"Carlsson et al., 2010; Yasuyama et al. 1999",5.0,ORN_SER_confusion,"Review for relabel: classifier predicted SER, literature verifies ACH (source: Carlsson et al., 2010; Yasuyama et al. 1999, confidence 5.0/5)"
720575940625581208,ORN_V,SER,ACH,"Carlsson et al., 2010; Yasuyama et al. 1999",5.0,ORN_SER_confusion,"Review for relabel: classifier predicted SER, literature verifies ACH (source: Carlsson et al., 2010; Yasuyama et al. 1999, confidence 5.0/5)"
720575940625588920,Dm1,GABA,GLUT,"Davis et al., 2020",4.0,Dm_GLUT_confusion,"Review for relabel: classifier predicted GABA, literature verifies GLUT (source: Davis et al., 2020, confidence 4.0/5)"
720575940625602023,R7,GABA,HIST,"Davis et al., 2020",4.0,categorical_blindspot_HIST,"Review for relabel: classifier predicted GABA, literature verifies HIST (source: Davis et al., 2020, confidence 4.0/5)"
720575940625626348,Dm19,GABA,GLUT,"Nern et al., 2024",4.0,Dm_GLUT_confusion,"Review for relabel: classifier predicted GABA, literature verifies GLUT (source: Nern et al., 2024, confidence 4.0/5)"
720575940625634830,R8,GLUT,"ACH,HIST","Davis et al., 2020; Sarthy 1991",5.0,categorical_blindspot_HIST,"Review for relabel: classifier predicted GLUT, literature verifies ACH/HIST (source: Davis et al., 2020; Sarthy 1991, confidence 5.0/5)"
720575940625675960,R7,GLUT,HIST,"Davis et al., 2020",4.0,categorical_blindspot_HIST,"Review for relabel: classifier predicted GLUT, literature verifies HIST (source: Davis et al., 2020, confidence 4.0/5)"
720575940625709582,R7,GLUT,HIST,"Davis et al., 2020",4.0,categorical_blindspot_HIST,"Review for relabel: classifier predicted GLUT, literature verifies HIST (source: Davis et al., 2020, confidence 4.0/5)"
720575940625736525,R8,GABA,"ACH,HIST","Davis et al., 2020; Sarthy 1991",5.0,categorical_blindspot_HIST,"Review for relabel: classifier predicted GABA, literature verifies ACH/HIST (source: Davis et al., 2020; Sarthy 1991, confidence 5.0/5)"
720575940625750164,R7,GLUT,HIST,"Davis et al., 2020",4.0,categorical_blindspot_HIST,"Review for relabel: classifier predicted GLUT, literature verifies HIST (source: Davis et al., 2020, confidence 4.0/5)"
720575940625795453,ORN_V,SER,ACH,"Carlsson et al., 2010; Yasuyama et al. 1999",5.0,ORN_SER_confusion,"Review for relabel: classifier predicted SER, literature verifies ACH (source: Carlsson et al., 2010; Yasuyama et al. 1999, confidence 5.0/5)"
720575940625799655,R8,GLUT,"ACH,HIST","Davis et al., 2020; Sarthy 1991",5.0,categorical_blindspot_HIST,"Review for relabel: classifier predicted GLUT, literature verifies ACH/HIST (source: Davis et al., 2020; Sarthy 1991, confidence 5.0/5)"
720575940625812408,R7,GLUT,HIST,"Davis et al., 2020",4.0,categorical_blindspot_HIST,"Review for relabel: classifier predicted GLUT, literature verifies HIST (source: Davis et al., 2020, confidence 4.0/5)"
720575940625817102,R7,GLUT,HIST,"Davis et al., 2020",4.0,categorical_blindspot_HIST,"Review for relabel: classifier predicted GLUT, literature verifies HIST (source: Davis et al., 2020, confidence 4.0/5)"
720575940625817575,R8,GLUT,"ACH,HIST","Davis et al., 2020; Sarthy 1991",5.0,categorical_blindspot_HIST,"Review for relabel: classifier predicted GLUT, literature verifies ACH/HIST (source: Davis et al., 2020; Sarthy 1991, confidence 5.0/5)"
720575940625825820,ORN_DM2,SER,ACH,"Carlsson et al., 2010; Yasuyama et al. 1999",5.0,ORN_SER_confusion,"Review for relabel: classifier predicted SER, literature verifies ACH (source: Carlsson et al., 2010; Yasuyama et al. 1999, confidence 5.0/5)"
720575940625872973,R7,GLUT,HIST,"Davis et al., 2020",4.0,categorical_blindspot_HIST,"Review for relabel: classifier predicted GLUT, literature verifies HIST (source: Davis et al., 2020, confidence 4.0/5)"
720575940625880846,R7,GLUT,HIST,"Davis et al., 2020",4.0,categorical_blindspot_HIST,"Review for relabel: classifier predicted GLUT, literature verifies HIST (source: Davis et al., 2020, confidence 4.0/5)"
720575940625890712,ORN_VM3,SER,ACH,"Carlsson et al., 2010; Yasuyama et al. 1999",5.0,ORN_SER_confusion,"Review for relabel: classifier predicted SER, literature verifies ACH (source: Carlsson et al., 2010; Yasuyama et al. 1999, confidence 5.0/5)"
720575940625906190,R7,GLUT,HIST,"Davis et al., 2020",4.0,categorical_blindspot_HIST,"Review for relabel: classifier predicted GLUT, literature verifies HIST (source: Davis et al., 2020, confidence 4.0/5)"
720575940625930995,R7,ACH,HIST,"Davis et al., 2020",4.0,categorical_blindspot_HIST,"Review for relabel: classifier predicted ACH, literature verifies HIST (source: Davis et al., 2020, confidence 4.0/5)"
720575940625954744,R7,ACH,HIST,"Davis et al., 2020",4.0,categorical_blindspot_HIST,"Review for relabel: classifier predicted ACH, literature verifies HIST (source: Davis et al., 2020, confidence 4.0/5)"
720575940625968935,R7,GLUT,HIST,"Davis et al., 2020",4.0,categorical_blindspot_HIST,"Review for relabel: classifier predicted GLUT, literature verifies HIST (source: Davis et al., 2020, confidence 4.0/5)"
720575940625983219,R7,GLUT,HIST,"Davis et al., 2020",4.0,categorical_blindspot_HIST,"Review for relabel: classifier predicted GLUT, literature verifies HIST (source: Davis et al., 2020, confidence 4.0/5)"
720575940625992206,R7,GLUT,HIST,"Davis et al., 2020",4.0,categorical_blindspot_HIST,"Review for relabel: classifier predicted GLUT, literature verifies HIST (source: Davis et al., 2020, confidence 4.0/5)"
720575940626009895,R7,ACH,HIST,"Davis et al., 2020",4.0,categorical_blindspot_HIST,"Review for relabel: classifier predicted ACH, literature verifies HIST (source: Davis et al., 2020, confidence 4.0/5)"
720575940626022183,R7,GLUT,HIST,"Davis et al., 2020",4.0,categorical_blindspot_HIST,"Review for relabel: classifier predicted GLUT, literature verifies HIST (source: Davis et al., 2020, confidence 4.0/5)"
720575940626038460,R7,GLUT,HIST,"Davis et al., 2020",4.0,categorical_blindspot_HIST,"Review for relabel: classifier predicted GLUT, literature verifies HIST (source: Davis et al., 2020, confidence 4.0/5)"
720575940626147971,ORN_DM2,SER,ACH,"Carlsson et al., 2010; Yasuyama et al. 1999",5.0,ORN_SER_confusion,"Review for relabel: classifier predicted SER, literature verifies ACH (source: Carlsson et al., 2010; Yasuyama et al. 1999, confidence 5.0/5)"
720575940626152269,R8,GLUT,"ACH,HIST","Davis et al., 2020; Sarthy 1991",5.0,categorical_blindspot_HIST,"Review for relabel: classifier predicted GLUT, literature verifies ACH/HIST (source: Davis et al., 2020; Sarthy 1991, confidence 5.0/5)"
720575940626162707,ORN_DL3,SER,ACH,"Carlsson et al., 2010; Yasuyama et al. 1999",5.0,ORN_SER_confusion,"Review for relabel: classifier predicted SER, literature verifies ACH (source: Carlsson et al., 2010; Yasuyama et al. 1999, confidence 5.0/5)"
720575940626279205,R7,GABA,HIST,"Davis et al., 2020",4.0,categorical_blindspot_HIST,"Review for relabel: classifier predicted GABA, literature verifies HIST (source: Davis et al., 2020, confidence 4.0/5)"
720575940626279557,ORN_DL3,SER,ACH,"Carlsson et al., 2010; Yasuyama et al. 1999",5.0,ORN_SER_confusion,"Review for relabel: classifier predicted SER, literature verifies ACH (source: Carlsson et al., 2010; Yasuyama et al. 1999, confidence 5.0/5)"
720575940626334541,Dm12,GABA,GLUT,"Davis et al., 2020",4.0,Dm_GLUT_confusion,"Review for relabel: classifier predicted GABA, literature verifies GLUT (source: Davis et al., 2020, confidence 4.0/5)"
720575940626341424,R8,GLUT,"ACH,HIST","Davis et al., 2020; Sarthy 1991",5.0,categorical_blindspot_HIST,"Review for relabel: classifier predicted GLUT, literature verifies ACH/HIST (source: Davis et al., 2020; Sarthy 1991, confidence 5.0/5)"
720575940626341680,R8,GLUT,"ACH,HIST","Davis et al., 2020; Sarthy 1991",5.0,categorical_blindspot_HIST,"Review for relabel: classifier predicted GLUT, literature verifies ACH/HIST (source: Davis et al., 2020; Sarthy 1991, confidence 5.0/5)"
720575940626342733,R7,GABA,HIST,"Davis et al., 2020",4.0,categorical_blindspot_HIST,"Review for relabel: classifier predicted GABA, literature verifies HIST (source: Davis et al., 2020, confidence 4.0/5)"
720575940626344781,R7,GABA,HIST,"Davis et al., 2020",4.0,categorical_blindspot_HIST,"Review for relabel: classifier predicted GABA, literature verifies HIST (source: Davis et al., 2020, confidence 4.0/5)"
720575940626364976,R7,GLUT,HIST,"Davis et al., 2020",4.0,categorical_blindspot_HIST,"Review for relabel: classifier predicted GLUT, literature verifies HIST (source: Davis et al., 2020, confidence 4.0/5)"
720575940626375501,R8,GLUT,"ACH,HIST","Davis et al., 2020; Sarthy 1991",5.0,categorical_blindspot_HIST,"Review for relabel: classifier predicted GLUT, literature verifies ACH/HIST (source: Davis et al., 2020; Sarthy 1991, confidence 5.0/5)"
720575940626399550,ORN_DA3,SER,ACH,"Carlsson et al., 2010; Yasuyama et al. 1999",5.0,ORN_SER_confusion,"Review for relabel: classifier predicted SER, literature verifies ACH (source: Carlsson et al., 2010; Yasuyama et al. 1999, confidence 5.0/5)"
720575940626457290,ORN_DA4l,SER,ACH,"Carlsson et al., 2010; Yasuyama et al. 1999",5.0,ORN_SER_confusion,"Review for relabel: classifier predicted SER, literature verifies ACH (source: Carlsson et al., 2010; Yasuyama et al. 1999, confidence 5.0/5)"
720575940626462864,R7,GLUT,HIST,"Davis et al., 2020",4.0,categorical_blindspot_HIST,"Review for relabel: classifier predicted GLUT, literature verifies HIST (source: Davis et al., 2020, confidence 4.0/5)"
720575940626501458,ORN_DL3,SER,ACH,"Carlsson et al., 2010; Yasuyama et al. 1999",5.0,ORN_SER_confusion,"Review for relabel: classifier predicted SER, literature verifies ACH (source: Carlsson et al., 2010; Yasuyama et al. 1999, confidence 5.0/5)"
720575940626581348,R7,GABA,HIST,"Davis et al., 2020",4.0,categorical_blindspot_HIST,"Review for relabel: classifier predicted GABA, literature verifies HIST (source: Davis et al., 2020, confidence 4.0/5)"
720575940626583059,ORN_DL3,SER,ACH,"Carlsson et al., 2010; Yasuyama et al. 1999",5.0,ORN_SER_confusion,"Review for relabel: classifier predicted SER, literature verifies ACH (source: Carlsson et al., 2010; Yasuyama et al. 1999, confidence 5.0/5)"
720575940626614053,R8,GLUT,"ACH,HIST","Davis et al., 2020; Sarthy 1991",5.0,categorical_blindspot_HIST,"Review for relabel: classifier predicted GLUT, literature verifies ACH/HIST (source: Davis et al., 2020; Sarthy 1991, confidence 5.0/5)"
720575940626619411,ORN_DA4l,SER,ACH,"Carlsson et al., 2010; Yasuyama et al. 1999",5.0,ORN_SER_confusion,"Review for relabel: classifier predicted SER, literature verifies ACH (source: Carlsson et al., 2010; Yasuyama et al. 1999, confidence 5.0/5)"
720575940626630288,R8,GLUT,"ACH,HIST","Davis et al., 2020; Sarthy 1991",5.0,categorical_blindspot_HIST,"Review for relabel: classifier predicted GLUT, literature verifies ACH/HIST (source: Davis et al., 2020; Sarthy 1991, confidence 5.0/5)"
720575940626634698,R7,GLUT,HIST,"Davis et al., 2020",4.0,categorical_blindspot_HIST,"Review for relabel: classifier predicted GLUT, literature verifies HIST (source: Davis et al., 2020, confidence 4.0/5)"
720575940626644068,R7,GABA,HIST,"Davis et al., 2020",4.0,categorical_blindspot_HIST,"Review for relabel: classifier predicted GABA, literature verifies HIST (source: Davis et al., 2020, confidence 4.0/5)"
720575940626666021,R7,GLUT,HIST,"Davis et al., 2020",4.0,categorical_blindspot_HIST,"Review for relabel: classifier predicted GLUT, literature verifies HIST (source: Davis et al., 2020, confidence 4.0/5)"
720575940626673712,R8,GLUT,"ACH,HIST","Davis et al., 2020; Sarthy 1991",5.0,categorical_blindspot_HIST,"Review for relabel: classifier predicted GLUT, literature verifies ACH/HIST (source: Davis et al., 2020; Sarthy 1991, confidence 5.0/5)"
720575940626680368,R7,GABA,HIST,"Davis et al., 2020",4.0,categorical_blindspot_HIST,"Review for relabel: classifier predicted GABA, literature verifies HIST (source: Davis et al., 2020, confidence 4.0/5)"
720575940626680453,ORN_DL3,SER,ACH,"Carlsson et al., 2010; Yasuyama et al. 1999",5.0,ORN_SER_confusion,"Review for relabel: classifier predicted SER, literature verifies ACH (source: Carlsson et al., 2010; Yasuyama et al. 1999, confidence 5.0/5)"
720575940626688144,R7,GLUT,HIST,"Davis et al., 2020",4.0,categorical_blindspot_HIST,"Review for relabel: classifier predicted GLUT, literature verifies HIST (source: Davis et al., 2020, confidence 4.0/5)"
720575940626688529,ORN_VM3,SER,ACH,"Carlsson et al., 2010; Yasuyama et al. 1999",5.0,ORN_SER_confusion,"Review for relabel: classifier predicted SER, literature verifies ACH (source: Carlsson et al., 2010; Yasuyama et al. 1999, confidence 5.0/5)"
720575940626717114,R7,ACH,HIST,"Davis et al., 2020",4.0,categorical_blindspot_HIST,"Review for relabel: classifier predicted ACH, literature verifies HIST (source: Davis et al., 2020, confidence 4.0/5)"
720575940626730058,ORN_DM3,SER,ACH,"Carlsson et al., 2010; Yasuyama et al. 1999",5.0,ORN_SER_confusion,"Review for relabel: classifier predicted SER, literature verifies ACH (source: Carlsson et al., 2010; Yasuyama et al. 1999, confidence 5.0/5)"
720575940626774160,R8,GLUT,"ACH,HIST","Davis et al., 2020; Sarthy 1991",5.0,categorical_blindspot_HIST,"Review for relabel: classifier predicted GLUT, literature verifies ACH/HIST (source: Davis et al., 2020; Sarthy 1991, confidence 5.0/5)"
720575940626802238,R7,ACH,HIST,"Davis et al., 2020",4.0,categorical_blindspot_HIST,"Review for relabel: classifier predicted ACH, literature verifies HIST (source: Davis et al., 2020, confidence 4.0/5)"
720575940626826682,R7,GLUT,HIST,"Davis et al., 2020",4.0,categorical_blindspot_HIST,"Review for relabel: classifier predicted GLUT, literature verifies HIST (source: Davis et al., 2020, confidence 4.0/5)"
720575940626866020,R7,ACH,HIST,"Davis et al., 2020",4.0,categorical_blindspot_HIST,"Review for relabel: classifier predicted ACH, literature verifies HIST (source: Davis et al., 2020, confidence 4.0/5)"
720575940626867593,ORN_DL4,SER,ACH,"Carlsson et al., 2010; Yasuyama et al. 1999",5.0,ORN_SER_confusion,"Review for relabel: classifier predicted SER, literature verifies ACH (source: Carlsson et al., 2010; Yasuyama et al. 1999, confidence 5.0/5)"
720575940626872593,ORN_DL3,SER,ACH,"Carlsson et al., 2010; Yasuyama et al. 1999",5.0,ORN_SER_confusion,"Review for relabel: classifier predicted SER, literature verifies ACH (source: Carlsson et al., 2010; Yasuyama et al. 1999, confidence 5.0/5)"
720575940626879484,ORN_VA2,SER,ACH,"Carlsson et al., 2010; Yasuyama et al. 1999",5.0,ORN_SER_confusion,"Review for relabel: classifier predicted SER, literature verifies ACH (source: Carlsson et al., 2010; Yasuyama et al. 1999, confidence 5.0/5)"
720575940626886602,R7,GABA,HIST,"Davis et al., 2020",4.0,categorical_blindspot_HIST,"Review for relabel: classifier predicted GABA, literature verifies HIST (source: Davis et al., 2020, confidence 4.0/5)"
720575940626918074,R7,GLUT,HIST,"Davis et al., 2020",4.0,categorical_blindspot_HIST,"Review for relabel: classifier predicted GLUT, literature verifies HIST (source: Davis et al., 2020, confidence 4.0/5)"
720575940626956837,R8,GABA,"ACH,HIST","Davis et al., 2020; Sarthy 1991",5.0,categorical_blindspot_HIST,"Review for relabel: classifier predicted GABA, literature verifies ACH/HIST (source: Davis et al., 2020; Sarthy 1991, confidence 5.0/5)"
720575940626977636,Dm1,GABA,GLUT,"Davis et al., 2020",4.0,Dm_GLUT_confusion,"Review for relabel: classifier predicted GABA, literature verifies GLUT (source: Davis et al., 2020, confidence 4.0/5)"
720575940626979271,ORN_DL3,SER,ACH,"Carlsson et al., 2010; Yasuyama et al. 1999",5.0,ORN_SER_confusion,"Review for relabel: classifier predicted SER, literature verifies ACH (source: Carlsson et al., 2010; Yasuyama et al. 1999, confidence 5.0/5)"
720575940626996252,ORN_DA4l,SER,ACH,"Carlsson et al., 2010; Yasuyama et al. 1999",5.0,ORN_SER_confusion,"Review for relabel: classifier predicted SER, literature verifies ACH (source: Carlsson et al., 2010; Yasuyama et al. 1999, confidence 5.0/5)"
720575940626996632,ORN_DL3,SER,ACH,"Carlsson et al., 2010; Yasuyama et al. 1999",5.0,ORN_SER_confusion,"Review for relabel: classifier predicted SER, literature verifies ACH (source: Carlsson et al., 2010; Yasuyama et al. 1999, confidence 5.0/5)"
720575940627108636,R7,GABA,HIST,"Davis et al., 2020",4.0,categorical_blindspot_HIST,"Review for relabel: classifier predicted GABA, literature verifies HIST (source: Davis et al., 2020, confidence 4.0/5)"
720575940627130980,R8,GLUT,"ACH,HIST","Davis et al., 2020; Sarthy 1991",5.0,categorical_blindspot_HIST,"Review for relabel: classifier predicted GLUT, literature verifies ACH/HIST (source: Davis et al., 2020; Sarthy 1991, confidence 5.0/5)"
720575940627148234,R7,GABA,HIST,"Davis et al., 2020",4.0,categorical_blindspot_HIST,"Review for relabel: classifier predicted GABA, literature verifies HIST (source: Davis et al., 2020, confidence 4.0/5)"
720575940627148546,R8,GLUT,"ACH,HIST","Davis et al., 2020; Sarthy 1991",5.0,categorical_blindspot_HIST,"Review for relabel: classifier predicted GLUT, literature verifies ACH/HIST (source: Davis et al., 2020; Sarthy 1991, confidence 5.0/5)"
720575940627159704,ORN_DL3,SER,ACH,"Carlsson et al., 2010; Yasuyama et al. 1999",5.0,ORN_SER_confusion,"Review for relabel: classifier predicted SER, literature verifies ACH (source: Carlsson et al., 2010; Yasuyama et al. 1999, confidence 5.0/5)"
720575940627168830,Dm12,GABA,GLUT,"Davis et al., 2020",4.0,Dm_GLUT_confusion,"Review for relabel: classifier predicted GABA, literature verifies GLUT (source: Davis et al., 2020, confidence 4.0/5)"
720575940627185064,ORN_DA4m,SER,ACH,"Carlsson et al., 2010; Yasuyama et al. 1999",5.0,ORN_SER_confusion,"Review for relabel: classifier predicted SER, literature verifies ACH (source: Carlsson et al., 2010; Yasuyama et al. 1999, confidence 5.0/5)"
720575940627198809,Dm1,GABA,GLUT,"Davis et al., 2020",4.0,Dm_GLUT_confusion,"Review for relabel: classifier predicted GABA, literature verifies GLUT (source: Davis et al., 2020, confidence 4.0/5)"
720575940627208196,ORN_DA4l,SER,ACH,"Carlsson et al., 2010; Yasuyama et al. 1999",5.0,ORN_SER_confusion,"Review for relabel: classifier predicted SER, literature verifies ACH (source: Carlsson et al., 2010; Yasuyama et al. 1999, confidence 5.0/5)"
720575940627226761,ORN_DA4l,SER,ACH,"Carlsson et al., 2010; Yasuyama et al. 1999",5.0,ORN_SER_confusion,"Review for relabel: classifier predicted SER, literature verifies ACH (source: Carlsson et al., 2010; Yasuyama et al. 1999, confidence 5.0/5)"
720575940627251786,ORN_DL3,SER,ACH,"Carlsson et al., 2010; Yasuyama et al. 1999",5.0,ORN_SER_confusion,"Review for relabel: classifier predicted SER, literature verifies ACH (source: Carlsson et al., 2010; Yasuyama et al. 1999, confidence 5.0/5)"
720575940627307097,R7,GLUT,HIST,"Davis et al., 2020",4.0,categorical_blindspot_HIST,"Review for relabel: classifier predicted GLUT, literature verifies HIST (source: Davis et al., 2020, confidence 4.0/5)"
720575940627322088,ORN_V,GABA,ACH,"Carlsson et al., 2010; Yasuyama et al. 1999",5.0,ORN_SER_confusion,"Review for relabel: classifier predicted GABA, literature verifies ACH (source: Carlsson et al., 2010; Yasuyama et al. 1999, confidence 5.0/5)"
720575940627372290,Dm12,GABA,GLUT,"Davis et al., 2020",4.0,Dm_GLUT_confusion,"Review for relabel: classifier predicted GABA, literature verifies GLUT (source: Davis et al., 2020, confidence 4.0/5)"
720575940627453895,ORN_DL4,SER,ACH,"Carlsson et al., 2010; Yasuyama et al. 1999",5.0,ORN_SER_confusion,"Review for relabel: classifier predicted SER, literature verifies ACH (source: Carlsson et al., 2010; Yasuyama et al. 1999, confidence 5.0/5)"
720575940627481630,Dm1,GABA,GLUT,"Davis et al., 2020",4.0,Dm_GLUT_confusion,"Review for relabel: classifier predicted GABA, literature verifies GLUT (source: Davis et al., 2020, confidence 4.0/5)"
720575940627497609,R7,GABA,HIST,"Davis et al., 2020",4.0,categorical_blindspot_HIST,"Review for relabel: classifier predicted GABA, literature verifies HIST (source: Davis et al., 2020, confidence 4.0/5)"
720575940627537497,R8,GABA,"ACH,HIST","Davis et al., 2020; Sarthy 1991",5.0,categorical_blindspot_HIST,"Review for relabel: classifier predicted GABA, literature verifies ACH/HIST (source: Davis et al., 2020; Sarthy 1991, confidence 5.0/5)"
720575940627545219,Dm19,GABA,GLUT,"Nern et al., 2024",4.0,Dm_GLUT_confusion,"Review for relabel: classifier predicted GABA, literature verifies GLUT (source: Nern et al., 2024, confidence 4.0/5)"
720575940627548930,R7,GLUT,HIST,"Davis et al., 2020",4.0,categorical_blindspot_HIST,"Review for relabel: classifier predicted GLUT, literature verifies HIST (source: Davis et al., 2020, confidence 4.0/5)"
720575940627760280,R7,ACH,HIST,"Davis et al., 2020",4.0,categorical_blindspot_HIST,"Review for relabel: classifier predicted ACH, literature verifies HIST (source: Davis et al., 2020, confidence 4.0/5)"
720575940627797641,R7,GABA,HIST,"Davis et al., 2020",4.0,categorical_blindspot_HIST,"Review for relabel: classifier predicted GABA, literature verifies HIST (source: Davis et al., 2020, confidence 4.0/5)"
720575940627799677,R7,GABA,HIST,"Davis et al., 2020",4.0,categorical_blindspot_HIST,"Review for relabel: classifier predicted GABA, literature verifies HIST (source: Davis et al., 2020, confidence 4.0/5)"
720575940627820649,ORN_DL3,SER,ACH,"Carlsson et al., 2010; Yasuyama et al. 1999",5.0,ORN_SER_confusion,"Review for relabel: classifier predicted SER, literature verifies ACH (source: Carlsson et al., 2010; Yasuyama et al. 1999, confidence 5.0/5)"
720575940627861125,R8,GLUT,"ACH,HIST","Davis et al., 2020; Sarthy 1991",5.0,categorical_blindspot_HIST,"Review for relabel: classifier predicted GLUT, literature verifies ACH/HIST (source: Davis et al., 2020; Sarthy 1991, confidence 5.0/5)"
720575940627890231,ORN_V,SER,ACH,"Carlsson et al., 2010; Yasuyama et al. 1999",5.0,ORN_SER_confusion,"Review for relabel: classifier predicted SER, literature verifies ACH (source: Carlsson et al., 2010; Yasuyama et al. 1999, confidence 5.0/5)"
720575940627937157,R7,GLUT,HIST,"Davis et al., 2020",4.0,categorical_blindspot_HIST,"Review for relabel: classifier predicted GLUT, literature verifies HIST (source: Davis et al., 2020, confidence 4.0/5)"
720575940627961481,R7,GABA,HIST,"Davis et al., 2020",4.0,categorical_blindspot_HIST,"Review for relabel: classifier predicted GABA, literature verifies HIST (source: Davis et al., 2020, confidence 4.0/5)"
720575940627970898,R7,GABA,HIST,"Davis et al., 2020",4.0,categorical_blindspot_HIST,"Review for relabel: classifier predicted GABA, literature verifies HIST (source: Davis et al., 2020, confidence 4.0/5)"
720575940627971709,Dm12,GABA,GLUT,"Davis et al., 2020",4.0,Dm_GLUT_confusion,"Review for relabel: classifier predicted GABA, literature verifies GLUT (source: Davis et al., 2020, confidence 4.0/5)"
720575940627974808,R7,GABA,HIST,"Davis et al., 2020",4.0,categorical_blindspot_HIST,"Review for relabel: classifier predicted GABA, literature verifies HIST (source: Davis et al., 2020, confidence 4.0/5)"
720575940628008264,R7,GABA,HIST,"Davis et al., 2020",4.0,categorical_blindspot_HIST,"Review for relabel: classifier predicted GABA, literature verifies HIST (source: Davis et al., 2020, confidence 4.0/5)"
720575940628073298,R7,DA,HIST,"Davis et al., 2020",4.0,categorical_blindspot_HIST,"Review for relabel: classifier predicted DA, literature verifies HIST (source: Davis et al., 2020, confidence 4.0/5)"
720575940628128275,R7,GLUT,HIST,"Davis et al., 2020",4.0,categorical_blindspot_HIST,"Review for relabel: classifier predicted GLUT, literature verifies HIST (source: Davis et al., 2020, confidence 4.0/5)"
720575940628164907,ORN_DL3,SER,ACH,"Carlsson et al., 2010; Yasuyama et al. 1999",5.0,ORN_SER_confusion,"Review for relabel: classifier predicted SER, literature verifies ACH (source: Carlsson et al., 2010; Yasuyama et al. 1999, confidence 5.0/5)"
720575940628184914,R7,ACH,HIST,"Davis et al., 2020",4.0,categorical_blindspot_HIST,"Review for relabel: classifier predicted ACH, literature verifies HIST (source: Davis et al., 2020, confidence 4.0/5)"
720575940628189256,R8,GLUT,"ACH,HIST","Davis et al., 2020; Sarthy 1991",5.0,categorical_blindspot_HIST,"Review for relabel: classifier predicted GLUT, literature verifies ACH/HIST (source: Davis et al., 2020; Sarthy 1991, confidence 5.0/5)"
720575940628216201,Dm12,GABA,GLUT,"Davis et al., 2020",4.0,Dm_GLUT_confusion,"Review for relabel: classifier predicted GABA, literature verifies GLUT (source: Davis et al., 2020, confidence 4.0/5)"
720575940628218129,R8,GABA,"ACH,HIST","Davis et al., 2020; Sarthy 1991",5.0,categorical_blindspot_HIST,"Review for relabel: classifier predicted GABA, literature verifies ACH/HIST (source: Davis et al., 2020; Sarthy 1991, confidence 5.0/5)"
720575940628221256,R7,GABA,HIST,"Davis et al., 2020",4.0,categorical_blindspot_HIST,"Review for relabel: classifier predicted GABA, literature verifies HIST (source: Davis et al., 2020, confidence 4.0/5)"
720575940628230223,R8,GABA,"ACH,HIST","Davis et al., 2020; Sarthy 1991",5.0,categorical_blindspot_HIST,"Review for relabel: classifier predicted GABA, literature verifies ACH/HIST (source: Davis et al., 2020; Sarthy 1991, confidence 5.0/5)"
720575940628239162,R7,GLUT,HIST,"Davis et al., 2020",4.0,categorical_blindspot_HIST,"Review for relabel: classifier predicted GLUT, literature verifies HIST (source: Davis et al., 2020, confidence 4.0/5)"
720575940628240906,R7,ACH,HIST,"Davis et al., 2020",4.0,categorical_blindspot_HIST,"Review for relabel: classifier predicted ACH, literature verifies HIST (source: Davis et al., 2020, confidence 4.0/5)"
720575940628243002,R7,GABA,HIST,"Davis et al., 2020",4.0,categorical_blindspot_HIST,"Review for relabel: classifier predicted GABA, literature verifies HIST (source: Davis et al., 2020, confidence 4.0/5)"
720575940628253690,R7,GLUT,HIST,"Davis et al., 2020",4.0,categorical_blindspot_HIST,"Review for relabel: classifier predicted GLUT, literature verifies HIST (source: Davis et al., 2020, confidence 4.0/5)"
720575940628277327,ORN_DL3,SER,ACH,"Carlsson et al., 2010; Yasuyama et al. 1999",5.0,ORN_SER_confusion,"Review for relabel: classifier predicted SER, literature verifies ACH (source: Carlsson et al., 2010; Yasuyama et al. 1999, confidence 5.0/5)"
720575940628280911,ORN_DL3,SER,ACH,"Carlsson et al., 2010; Yasuyama et al. 1999",5.0,ORN_SER_confusion,"Review for relabel: classifier predicted SER, literature verifies ACH (source: Carlsson et al., 2010; Yasuyama et al. 1999, confidence 5.0/5)"
720575940628288143,R8,GLUT,"ACH,HIST","Davis et al., 2020; Sarthy 1991",5.0,categorical_blindspot_HIST,"Review for relabel: classifier predicted GLUT, literature verifies ACH/HIST (source: Davis et al., 2020; Sarthy 1991, confidence 5.0/5)"
720575940628293892,R7,GABA,HIST,"Davis et al., 2020",4.0,categorical_blindspot_HIST,"Review for relabel: classifier predicted GABA, literature verifies HIST (source: Davis et al., 2020, confidence 4.0/5)"
720575940628296872,R8,OCT,"ACH,HIST","Davis et al., 2020; Sarthy 1991",5.0,categorical_blindspot_HIST,"Review for relabel: classifier predicted OCT, literature verifies ACH/HIST (source: Davis et al., 2020; Sarthy 1991, confidence 5.0/5)"
720575940628300090,R7,GLUT,HIST,"Davis et al., 2020",4.0,categorical_blindspot_HIST,"Review for relabel: classifier predicted GLUT, literature verifies HIST (source: Davis et al., 2020, confidence 4.0/5)"
720575940628303183,ORN_DM3,SER,ACH,"Carlsson et al., 2010; Yasuyama et al. 1999",5.0,ORN_SER_confusion,"Review for relabel: classifier predicted SER, literature verifies ACH (source: Carlsson et al., 2010; Yasuyama et al. 1999, confidence 5.0/5)"
720575940628304954,R7,GLUT,HIST,"Davis et al., 2020",4.0,categorical_blindspot_HIST,"Review for relabel: classifier predicted GLUT, literature verifies HIST (source: Davis et al., 2020, confidence 4.0/5)"
720575940628317778,R8,GABA,"ACH,HIST","Davis et al., 2020; Sarthy 1991",5.0,categorical_blindspot_HIST,"Review for relabel: classifier predicted GABA, literature verifies ACH/HIST (source: Davis et al., 2020; Sarthy 1991, confidence 5.0/5)"
720575940628323943,ORN_VM3,SER,ACH,"Carlsson et al., 2010; Yasuyama et al. 1999",5.0,ORN_SER_confusion,"Review for relabel: classifier predicted SER, literature verifies ACH (source: Carlsson et al., 2010; Yasuyama et al. 1999, confidence 5.0/5)"
720575940628388264,R7,GLUT,HIST,"Davis et al., 2020",4.0,categorical_blindspot_HIST,"Review for relabel: classifier predicted GLUT, literature verifies HIST (source: Davis et al., 2020, confidence 4.0/5)"
720575940628398791,ORN_DL3,SER,ACH,"Carlsson et al., 2010; Yasuyama et al. 1999",5.0,ORN_SER_confusion,"Review for relabel: classifier predicted SER, literature verifies ACH (source: Carlsson et al., 2010; Yasuyama et al. 1999, confidence 5.0/5)"
720575940628416017,R7,GABA,HIST,"Davis et al., 2020",4.0,categorical_blindspot_HIST,"Review for relabel: classifier predicted GABA, literature verifies HIST (source: Davis et al., 2020, confidence 4.0/5)"
720575940628426257,R7,GLUT,HIST,"Davis et al., 2020",4.0,categorical_blindspot_HIST,"Review for relabel: classifier predicted GLUT, literature verifies HIST (source: Davis et al., 2020, confidence 4.0/5)"
720575940628445583,Dm12,GABA,GLUT,"Davis et al., 2020",4.0,Dm_GLUT_confusion,"Review for relabel: classifier predicted GABA, literature verifies GLUT (source: Davis et al., 2020, confidence 4.0/5)"
720575940628517675,ORN_DA4l,SER,ACH,"Carlsson et al., 2010; Yasuyama et al. 1999",5.0,ORN_SER_confusion,"Review for relabel: classifier predicted SER, literature verifies ACH (source: Carlsson et al., 2010; Yasuyama et al. 1999, confidence 5.0/5)"
720575940628549397,Dm12,GABA,GLUT,"Davis et al., 2020",4.0,Dm_GLUT_confusion,"Review for relabel: classifier predicted GABA, literature verifies GLUT (source: Davis et al., 2020, confidence 4.0/5)"
720575940628592917,R8,GLUT,"ACH,HIST","Davis et al., 2020; Sarthy 1991",5.0,categorical_blindspot_HIST,"Review for relabel: classifier predicted GLUT, literature verifies ACH/HIST (source: Davis et al., 2020; Sarthy 1991, confidence 5.0/5)"
720575940628674686,ORN_DM3,SER,ACH,"Carlsson et al., 2010; Yasuyama et al. 1999",5.0,ORN_SER_confusion,"Review for relabel: classifier predicted SER, literature verifies ACH (source: Carlsson et al., 2010; Yasuyama et al. 1999, confidence 5.0/5)"
720575940628677626,ORN_DM2,SER,ACH,"Carlsson et al., 2010; Yasuyama et al. 1999",5.0,ORN_SER_confusion,"Review for relabel: classifier predicted SER, literature verifies ACH (source: Carlsson et al., 2010; Yasuyama et al. 1999, confidence 5.0/5)"
720575940628688616,R8,GABA,"ACH,HIST","Davis et al., 2020; Sarthy 1991",5.0,categorical_blindspot_HIST,"Review for relabel: classifier predicted GABA, literature verifies ACH/HIST (source: Davis et al., 2020; Sarthy 1991, confidence 5.0/5)"
720575940628696232,R8,GLUT,"ACH,HIST","Davis et al., 2020; Sarthy 1991",5.0,categorical_blindspot_HIST,"Review for relabel: classifier predicted GLUT, literature verifies ACH/HIST (source: Davis et al., 2020; Sarthy 1991, confidence 5.0/5)"
720575940628709800,Dm12,GABA,GLUT,"Davis et al., 2020",4.0,Dm_GLUT_confusion,"Review for relabel: classifier predicted GABA, literature verifies GLUT (source: Davis et al., 2020, confidence 4.0/5)"
720575940628730344,R7,GABA,HIST,"Davis et al., 2020",4.0,categorical_blindspot_HIST,"Review for relabel: classifier predicted GABA, literature verifies HIST (source: Davis et al., 2020, confidence 4.0/5)"
720575940628738728,R7,GLUT,HIST,"Davis et al., 2020",4.0,categorical_blindspot_HIST,"Review for relabel: classifier predicted GLUT, literature verifies HIST (source: Davis et al., 2020, confidence 4.0/5)"
720575940628762600,R8,GLUT,"ACH,HIST","Davis et al., 2020; Sarthy 1991",5.0,categorical_blindspot_HIST,"Review for relabel: classifier predicted GLUT, literature verifies ACH/HIST (source: Davis et al., 2020; Sarthy 1991, confidence 5.0/5)"
720575940628767899,R7,GLUT,HIST,"Davis et al., 2020",4.0,categorical_blindspot_HIST,"Review for relabel: classifier predicted GLUT, literature verifies HIST (source: Davis et al., 2020, confidence 4.0/5)"
720575940628790784,ORN_DL3,SER,ACH,"Carlsson et al., 2010; Yasuyama et al. 1999",5.0,ORN_SER_confusion,"Review for relabel: classifier predicted SER, literature verifies ACH (source: Carlsson et al., 2010; Yasuyama et al. 1999, confidence 5.0/5)"
720575940628816917,R7,GLUT,HIST,"Davis et al., 2020",4.0,categorical_blindspot_HIST,"Review for relabel: classifier predicted GLUT, literature verifies HIST (source: Davis et al., 2020, confidence 4.0/5)"
720575940628823281,R7,ACH,HIST,"Davis et al., 2020",4.0,categorical_blindspot_HIST,"Review for relabel: classifier predicted ACH, literature verifies HIST (source: Davis et al., 2020, confidence 4.0/5)"
720575940628835840,ORN_DL3,SER,ACH,"Carlsson et al., 2010; Yasuyama et al. 1999",5.0,ORN_SER_confusion,"Review for relabel: classifier predicted SER, literature verifies ACH (source: Carlsson et al., 2010; Yasuyama et al. 1999, confidence 5.0/5)"
720575940628864771,Dm12,GABA,GLUT,"Davis et al., 2020",4.0,Dm_GLUT_confusion,"Review for relabel: classifier predicted GABA, literature verifies GLUT (source: Davis et al., 2020, confidence 4.0/5)"
720575940628875688,Dm12,GABA,GLUT,"Davis et al., 2020",4.0,Dm_GLUT_confusion,"Review for relabel: classifier predicted GABA, literature verifies GLUT (source: Davis et al., 2020, confidence 4.0/5)"
720575940628898792,R7,GABA,HIST,"Davis et al., 2020",4.0,categorical_blindspot_HIST,"Review for relabel: classifier predicted GABA, literature verifies HIST (source: Davis et al., 2020, confidence 4.0/5)"
720575940628945148,R8,GABA,"ACH,HIST","Davis et al., 2020; Sarthy 1991",5.0,categorical_blindspot_HIST,"Review for relabel: classifier predicted GABA, literature verifies ACH/HIST (source: Davis et al., 2020; Sarthy 1991, confidence 5.0/5)"
720575940628962300,R8,GLUT,"ACH,HIST","Davis et al., 2020; Sarthy 1991",5.0,categorical_blindspot_HIST,"Review for relabel: classifier predicted GLUT, literature verifies ACH/HIST (source: Davis et al., 2020; Sarthy 1991, confidence 5.0/5)"
720575940628986954,R7,GLUT,HIST,"Davis et al., 2020",4.0,categorical_blindspot_HIST,"Review for relabel: classifier predicted GLUT, literature verifies HIST (source: Davis et al., 2020, confidence 4.0/5)"
720575940628994524,ORN_DM3,SER,ACH,"Carlsson et al., 2010; Yasuyama et al. 1999",5.0,ORN_SER_confusion,"Review for relabel: classifier predicted SER, literature verifies ACH (source: Carlsson et al., 2010; Yasuyama et al. 1999, confidence 5.0/5)"
720575940629002570,R7,GABA,HIST,"Davis et al., 2020",4.0,categorical_blindspot_HIST,"Review for relabel: classifier predicted GABA, literature verifies HIST (source: Davis et al., 2020, confidence 4.0/5)"
720575940629020176,ORN_DA4l,SER,ACH,"Carlsson et al., 2010; Yasuyama et al. 1999",5.0,ORN_SER_confusion,"Review for relabel: classifier predicted SER, literature verifies ACH (source: Carlsson et al., 2010; Yasuyama et al. 1999, confidence 5.0/5)"
720575940629020675,ORN_DL3,SER,ACH,"Carlsson et al., 2010; Yasuyama et al. 1999",5.0,ORN_SER_confusion,"Review for relabel: classifier predicted SER, literature verifies ACH (source: Carlsson et al., 2010; Yasuyama et al. 1999, confidence 5.0/5)"
720575940629070342,R8,GLUT,"ACH,HIST","Davis et al., 2020; Sarthy 1991",5.0,categorical_blindspot_HIST,"Review for relabel: classifier predicted GLUT, literature verifies ACH/HIST (source: Davis et al., 2020; Sarthy 1991, confidence 5.0/5)"
720575940629083377,R7,GLUT,HIST,"Davis et al., 2020",4.0,categorical_blindspot_HIST,"Review for relabel: classifier predicted GLUT, literature verifies HIST (source: Davis et al., 2020, confidence 4.0/5)"
720575940629102922,R7,GABA,HIST,"Davis et al., 2020",4.0,categorical_blindspot_HIST,"Review for relabel: classifier predicted GABA, literature verifies HIST (source: Davis et al., 2020, confidence 4.0/5)"
720575940629166953,R8,GLUT,"ACH,HIST","Davis et al., 2020; Sarthy 1991",5.0,categorical_blindspot_HIST,"Review for relabel: classifier predicted GLUT, literature verifies ACH/HIST (source: Davis et al., 2020; Sarthy 1991, confidence 5.0/5)"
720575940629274935,ORN_DL3,SER,ACH,"Carlsson et al., 2010; Yasuyama et al. 1999",5.0,ORN_SER_confusion,"Review for relabel: classifier predicted SER, literature verifies ACH (source: Carlsson et al., 2010; Yasuyama et al. 1999, confidence 5.0/5)"
720575940629346715,ORN_DA4l,SER,ACH,"Carlsson et al., 2010; Yasuyama et al. 1999",5.0,ORN_SER_confusion,"Review for relabel: classifier predicted SER, literature verifies ACH (source: Carlsson et al., 2010; Yasuyama et al. 1999, confidence 5.0/5)"
720575940629372521,R7,ACH,HIST,"Davis et al., 2020",4.0,categorical_blindspot_HIST,"Review for relabel: classifier predicted ACH, literature verifies HIST (source: Davis et al., 2020, confidence 4.0/5)"
720575940629390065,Dm12,GABA,GLUT,"Davis et al., 2020",4.0,Dm_GLUT_confusion,"Review for relabel: classifier predicted GABA, literature verifies GLUT (source: Davis et al., 2020, confidence 4.0/5)"
720575940629400838,R7,GLUT,HIST,"Davis et al., 2020",4.0,categorical_blindspot_HIST,"Review for relabel: classifier predicted GLUT, literature verifies HIST (source: Davis et al., 2020, confidence 4.0/5)"
720575940629425001,R7,GABA,HIST,"Davis et al., 2020",4.0,categorical_blindspot_HIST,"Review for relabel: classifier predicted GABA, literature verifies HIST (source: Davis et al., 2020, confidence 4.0/5)"
720575940629425994,R8,GLUT,"ACH,HIST","Davis et al., 2020; Sarthy 1991",5.0,categorical_blindspot_HIST,"Review for relabel: classifier predicted GLUT, literature verifies ACH/HIST (source: Davis et al., 2020; Sarthy 1991, confidence 5.0/5)"
720575940629443628,ORN_DA4m,SER,ACH,"Carlsson et al., 2010; Yasuyama et al. 1999",5.0,ORN_SER_confusion,"Review for relabel: classifier predicted SER, literature verifies ACH (source: Carlsson et al., 2010; Yasuyama et al. 1999, confidence 5.0/5)"
720575940629452670,ORN_DM3,SER,ACH,"Carlsson et al., 2010; Yasuyama et al. 1999",5.0,ORN_SER_confusion,"Review for relabel: classifier predicted SER, literature verifies ACH (source: Carlsson et al., 2010; Yasuyama et al. 1999, confidence 5.0/5)"
720575940629473323,R7,GLUT,HIST,"Davis et al., 2020",4.0,categorical_blindspot_HIST,"Review for relabel: classifier predicted GLUT, literature verifies HIST (source: Davis et al., 2020, confidence 4.0/5)"
720575940629476081,Dm1,GABA,GLUT,"Davis et al., 2020",4.0,Dm_GLUT_confusion,"Review for relabel: classifier predicted GABA, literature verifies GLUT (source: Davis et al., 2020, confidence 4.0/5)"
720575940629504617,R7,ACH,HIST,"Davis et al., 2020",4.0,categorical_blindspot_HIST,"Review for relabel: classifier predicted ACH, literature verifies HIST (source: Davis et al., 2020, confidence 4.0/5)"
720575940629510249,R7,GLUT,HIST,"Davis et al., 2020",4.0,categorical_blindspot_HIST,"Review for relabel: classifier predicted GLUT, literature verifies HIST (source: Davis et al., 2020, confidence 4.0/5)"
720575940629593193,R7,GABA,HIST,"Davis et al., 2020",4.0,categorical_blindspot_HIST,"Review for relabel: classifier predicted GABA, literature verifies HIST (source: Davis et al., 2020, confidence 4.0/5)"
720575940629611625,R7,GABA,HIST,"Davis et al., 2020",4.0,categorical_blindspot_HIST,"Review for relabel: classifier predicted GABA, literature verifies HIST (source: Davis et al., 2020, confidence 4.0/5)"
720575940629612075,R8,GLUT,"ACH,HIST","Davis et al., 2020; Sarthy 1991",5.0,categorical_blindspot_HIST,"Review for relabel: classifier predicted GLUT, literature verifies ACH/HIST (source: Davis et al., 2020; Sarthy 1991, confidence 5.0/5)"
720575940629621865,R8,GABA,"ACH,HIST","Davis et al., 2020; Sarthy 1991",5.0,categorical_blindspot_HIST,"Review for relabel: classifier predicted GABA, literature verifies ACH/HIST (source: Davis et al., 2020; Sarthy 1991, confidence 5.0/5)"
720575940629622607,R7,GABA,HIST,"Davis et al., 2020",4.0,categorical_blindspot_HIST,"Review for relabel: classifier predicted GABA, literature verifies HIST (source: Davis et al., 2020, confidence 4.0/5)"
720575940629644375,ORN_V,SER,ACH,"Carlsson et al., 2010; Yasuyama et al. 1999",5.0,ORN_SER_confusion,"Review for relabel: classifier predicted SER, literature verifies ACH (source: Carlsson et al., 2010; Yasuyama et al. 1999, confidence 5.0/5)"
720575940629673692,ORN_DA4l,SER,ACH,"Carlsson et al., 2010; Yasuyama et al. 1999",5.0,ORN_SER_confusion,"Review for relabel: classifier predicted SER, literature verifies ACH (source: Carlsson et al., 2010; Yasuyama et al. 1999, confidence 5.0/5)"
720575940629677655,ORN_VA2,SER,ACH,"Carlsson et al., 2010; Yasuyama et al. 1999",5.0,ORN_SER_confusion,"Review for relabel: classifier predicted SER, literature verifies ACH (source: Carlsson et al., 2010; Yasuyama et al. 1999, confidence 5.0/5)"
720575940629724247,ORN_DM3,SER,ACH,"Carlsson et al., 2010; Yasuyama et al. 1999",5.0,ORN_SER_confusion,"Review for relabel: classifier predicted SER, literature verifies ACH (source: Carlsson et al., 2010; Yasuyama et al. 1999, confidence 5.0/5)"
720575940629738539,Dm12,GABA,GLUT,"Davis et al., 2020",4.0,Dm_GLUT_confusion,"Review for relabel: classifier predicted GABA, literature verifies GLUT (source: Davis et al., 2020, confidence 4.0/5)"
720575940629757739,R8,GLUT,"ACH,HIST","Davis et al., 2020; Sarthy 1991",5.0,categorical_blindspot_HIST,"Review for relabel: classifier predicted GLUT, literature verifies ACH/HIST (source: Davis et al., 2020; Sarthy 1991, confidence 5.0/5)"
720575940629765675,R7,GLUT,HIST,"Davis et al., 2020",4.0,categorical_blindspot_HIST,"Review for relabel: classifier predicted GLUT, literature verifies HIST (source: Davis et al., 2020, confidence 4.0/5)"
720575940629778987,R8,GLUT,"ACH,HIST","Davis et al., 2020; Sarthy 1991",5.0,categorical_blindspot_HIST,"Review for relabel: classifier predicted GLUT, literature verifies ACH/HIST (source: Davis et al., 2020; Sarthy 1991, confidence 5.0/5)"
720575940629782748,ORN_DA3,SER,ACH,"Carlsson et al., 2010; Yasuyama et al. 1999",5.0,ORN_SER_confusion,"Review for relabel: classifier predicted SER, literature verifies ACH (source: Carlsson et al., 2010; Yasuyama et al. 1999, confidence 5.0/5)"
720575940629797648,R8,GLUT,"ACH,HIST","Davis et al., 2020; Sarthy 1991",5.0,categorical_blindspot_HIST,"Review for relabel: classifier predicted GLUT, literature verifies ACH/HIST (source: Davis et al., 2020; Sarthy 1991, confidence 5.0/5)"
720575940629797904,R7,ACH,HIST,"Davis et al., 2020",4.0,categorical_blindspot_HIST,"Review for relabel: classifier predicted ACH, literature verifies HIST (source: Davis et al., 2020, confidence 4.0/5)"
720575940629799323,R7,GABA,HIST,"Davis et al., 2020",4.0,categorical_blindspot_HIST,"Review for relabel: classifier predicted GABA, literature verifies HIST (source: Davis et al., 2020, confidence 4.0/5)"
720575940629832252,ORN_DA4l,SER,ACH,"Carlsson et al., 2010; Yasuyama et al. 1999",5.0,ORN_SER_confusion,"Review for relabel: classifier predicted SER, literature verifies ACH (source: Carlsson et al., 2010; Yasuyama et al. 1999, confidence 5.0/5)"
720575940629853015,ORN_DL3,SER,ACH,"Carlsson et al., 2010; Yasuyama et al. 1999",5.0,ORN_SER_confusion,"Review for relabel: classifier predicted SER, literature verifies ACH (source: Carlsson et al., 2010; Yasuyama et al. 1999, confidence 5.0/5)"
720575940629888599,ORN_DL4,SER,ACH,"Carlsson et al., 2010; Yasuyama et al. 1999",5.0,ORN_SER_confusion,"Review for relabel: classifier predicted SER, literature verifies ACH (source: Carlsson et al., 2010; Yasuyama et al. 1999, confidence 5.0/5)"
720575940629904748,ORN_DL3,SER,ACH,"Carlsson et al., 2010; Yasuyama et al. 1999",5.0,ORN_SER_confusion,"Review for relabel: classifier predicted SER, literature verifies ACH (source: Carlsson et al., 2010; Yasuyama et al. 1999, confidence 5.0/5)"
720575940629915139,R8,GLUT,"ACH,HIST","Davis et al., 2020; Sarthy 1991",5.0,categorical_blindspot_HIST,"Review for relabel: classifier predicted GLUT, literature verifies ACH/HIST (source: Davis et al., 2020; Sarthy 1991, confidence 5.0/5)"
720575940630031003,R8,GLUT,"ACH,HIST","Davis et al., 2020; Sarthy 1991",5.0,categorical_blindspot_HIST,"Review for relabel: classifier predicted GLUT, literature verifies ACH/HIST (source: Davis et al., 2020; Sarthy 1991, confidence 5.0/5)"
720575940630033962,ORN_DL3,SER,ACH,"Carlsson et al., 2010; Yasuyama et al. 1999",5.0,ORN_SER_confusion,"Review for relabel: classifier predicted SER, literature verifies ACH (source: Carlsson et al., 2010; Yasuyama et al. 1999, confidence 5.0/5)"
720575940630042011,R7,GLUT,HIST,"Davis et al., 2020",4.0,categorical_blindspot_HIST,"Review for relabel: classifier predicted GLUT, literature verifies HIST (source: Davis et al., 2020, confidence 4.0/5)"
720575940630043599,ORN_VM3,SER,ACH,"Carlsson et al., 2010; Yasuyama et al. 1999",5.0,ORN_SER_confusion,"Review for relabel: classifier predicted SER, literature verifies ACH (source: Carlsson et al., 2010; Yasuyama et al. 1999, confidence 5.0/5)"
720575940630135963,R8,GABA,"ACH,HIST","Davis et al., 2020; Sarthy 1991",5.0,categorical_blindspot_HIST,"Review for relabel: classifier predicted GABA, literature verifies ACH/HIST (source: Davis et al., 2020; Sarthy 1991, confidence 5.0/5)"
720575940630141558,ORN_DM3,SER,ACH,"Carlsson et al., 2010; Yasuyama et al. 1999",5.0,ORN_SER_confusion,"Review for relabel: classifier predicted SER, literature verifies ACH (source: Carlsson et al., 2010; Yasuyama et al. 1999, confidence 5.0/5)"
720575940630202050,R7,GABA,HIST,"Davis et al., 2020",4.0,categorical_blindspot_HIST,"Review for relabel: classifier predicted GABA, literature verifies HIST (source: Davis et al., 2020, confidence 4.0/5)"
720575940630238567,R8,GLUT,"ACH,HIST","Davis et al., 2020; Sarthy 1991",5.0,categorical_blindspot_HIST,"Review for relabel: classifier predicted GLUT, literature verifies ACH/HIST (source: Davis et al., 2020; Sarthy 1991, confidence 5.0/5)"
720575940630266983,Dm19,GABA,GLUT,"Nern et al., 2024",4.0,Dm_GLUT_confusion,"Review for relabel: classifier predicted GABA, literature verifies GLUT (source: Nern et al., 2024, confidence 4.0/5)"
720575940630275522,R7,GABA,HIST,"Davis et al., 2020",4.0,categorical_blindspot_HIST,"Review for relabel: classifier predicted GABA, literature verifies HIST (source: Davis et al., 2020, confidence 4.0/5)"
720575940630314110,R7,GABA,HIST,"Davis et al., 2020",4.0,categorical_blindspot_HIST,"Review for relabel: classifier predicted GABA, literature verifies HIST (source: Davis et al., 2020, confidence 4.0/5)"
720575940630334334,R7,GABA,HIST,"Davis et al., 2020",4.0,categorical_blindspot_HIST,"Review for relabel: classifier predicted GABA, literature verifies HIST (source: Davis et al., 2020, confidence 4.0/5)"
720575940630370379,ORN_DL3,SER,ACH,"Carlsson et al., 2010; Yasuyama et al. 1999",5.0,ORN_SER_confusion,"Review for relabel: classifier predicted SER, literature verifies ACH (source: Carlsson et al., 2010; Yasuyama et al. 1999, confidence 5.0/5)"
720575940630383607,R7,GABA,HIST,"Davis et al., 2020",4.0,categorical_blindspot_HIST,"Review for relabel: classifier predicted GABA, literature verifies HIST (source: Davis et al., 2020, confidence 4.0/5)"
720575940630415810,R8,GABA,"ACH,HIST","Davis et al., 2020; Sarthy 1991",5.0,categorical_blindspot_HIST,"Review for relabel: classifier predicted GABA, literature verifies ACH/HIST (source: Davis et al., 2020; Sarthy 1991, confidence 5.0/5)"
720575940630502138,R7,GLUT,HIST,"Davis et al., 2020",4.0,categorical_blindspot_HIST,"Review for relabel: classifier predicted GLUT, literature verifies HIST (source: Davis et al., 2020, confidence 4.0/5)"
720575940630503034,R7,GLUT,HIST,"Davis et al., 2020",4.0,categorical_blindspot_HIST,"Review for relabel: classifier predicted GLUT, literature verifies HIST (source: Davis et al., 2020, confidence 4.0/5)"
720575940630529402,R7,ACH,HIST,"Davis et al., 2020",4.0,categorical_blindspot_HIST,"Review for relabel: classifier predicted ACH, literature verifies HIST (source: Davis et al., 2020, confidence 4.0/5)"
720575940630548791,R7,GABA,HIST,"Davis et al., 2020",4.0,categorical_blindspot_HIST,"Review for relabel: classifier predicted GABA, literature verifies HIST (source: Davis et al., 2020, confidence 4.0/5)"
720575940630569815,ORN_DM3,SER,ACH,"Carlsson et al., 2010; Yasuyama et al. 1999",5.0,ORN_SER_confusion,"Review for relabel: classifier predicted SER, literature verifies ACH (source: Carlsson et al., 2010; Yasuyama et al. 1999, confidence 5.0/5)"
720575940630585644,R7,GABA,HIST,"Davis et al., 2020",4.0,categorical_blindspot_HIST,"Review for relabel: classifier predicted GABA, literature verifies HIST (source: Davis et al., 2020, confidence 4.0/5)"
720575940630603255,R8,GLUT,"ACH,HIST","Davis et al., 2020; Sarthy 1991",5.0,categorical_blindspot_HIST,"Review for relabel: classifier predicted GLUT, literature verifies ACH/HIST (source: Davis et al., 2020; Sarthy 1991, confidence 5.0/5)"
720575940630612280,ORN_DM2,SER,ACH,"Carlsson et al., 2010; Yasuyama et al. 1999",5.0,ORN_SER_confusion,"Review for relabel: classifier predicted SER, literature verifies ACH (source: Carlsson et al., 2010; Yasuyama et al. 1999, confidence 5.0/5)"
720575940630645067,ORN_DM3,SER,ACH,"Carlsson et al., 2010; Yasuyama et al. 1999",5.0,ORN_SER_confusion,"Review for relabel: classifier predicted SER, literature verifies ACH (source: Carlsson et al., 2010; Yasuyama et al. 1999, confidence 5.0/5)"
720575940630679749,ORN_DL3,SER,ACH,"Carlsson et al., 2010; Yasuyama et al. 1999",5.0,ORN_SER_confusion,"Review for relabel: classifier predicted SER, literature verifies ACH (source: Carlsson et al., 2010; Yasuyama et al. 1999, confidence 5.0/5)"
720575940630694594,R7,GLUT,HIST,"Davis et al., 2020",4.0,categorical_blindspot_HIST,"Review for relabel: classifier predicted GLUT, literature verifies HIST (source: Davis et al., 2020, confidence 4.0/5)"
720575940630717175,R8,GLUT,"ACH,HIST","Davis et al., 2020; Sarthy 1991",5.0,categorical_blindspot_HIST,"Review for relabel: classifier predicted GLUT, literature verifies ACH/HIST (source: Davis et al., 2020; Sarthy 1991, confidence 5.0/5)"
720575940630720810,ORN_DL4,SER,ACH,"Carlsson et al., 2010; Yasuyama et al. 1999",5.0,ORN_SER_confusion,"Review for relabel: classifier predicted SER, literature verifies ACH (source: Carlsson et al., 2010; Yasuyama et al. 1999, confidence 5.0/5)"
720575940630742316,R8,GLUT,"ACH,HIST","Davis et al., 2020; Sarthy 1991",5.0,categorical_blindspot_HIST,"Review for relabel: classifier predicted GLUT, literature verifies ACH/HIST (source: Davis et al., 2020; Sarthy 1991, confidence 5.0/5)"
720575940630756478,Dm1,GABA,GLUT,"Davis et al., 2020",4.0,Dm_GLUT_confusion,"Review for relabel: classifier predicted GABA, literature verifies GLUT (source: Davis et al., 2020, confidence 4.0/5)"
720575940630804956,Dm1,GABA,GLUT,"Davis et al., 2020",4.0,Dm_GLUT_confusion,"Review for relabel: classifier predicted GABA, literature verifies GLUT (source: Davis et al., 2020, confidence 4.0/5)"
720575940630826231,R7,GABA,HIST,"Davis et al., 2020",4.0,categorical_blindspot_HIST,"Review for relabel: classifier predicted GABA, literature verifies HIST (source: Davis et al., 2020, confidence 4.0/5)"
720575940630851639,R8,GLUT,"ACH,HIST","Davis et al., 2020; Sarthy 1991",5.0,categorical_blindspot_HIST,"Review for relabel: classifier predicted GLUT, literature verifies ACH/HIST (source: Davis et al., 2020; Sarthy 1991, confidence 5.0/5)"
720575940630852138,ORN_DL3,SER,ACH,"Carlsson et al., 2010; Yasuyama et al. 1999",5.0,ORN_SER_confusion,"Review for relabel: classifier predicted SER, literature verifies ACH (source: Carlsson et al., 2010; Yasuyama et al. 1999, confidence 5.0/5)"
720575940630869522,ORN_DM3,SER,ACH,"Carlsson et al., 2010; Yasuyama et al. 1999",5.0,ORN_SER_confusion,"Review for relabel: classifier predicted SER, literature verifies ACH (source: Carlsson et al., 2010; Yasuyama et al. 1999, confidence 5.0/5)"
720575940630898944,R7,GABA,HIST,"Davis et al., 2020",4.0,categorical_blindspot_HIST,"Review for relabel: classifier predicted GABA, literature verifies HIST (source: Davis et al., 2020, confidence 4.0/5)"
720575940630958454,R7,GABA,HIST,"Davis et al., 2020",4.0,categorical_blindspot_HIST,"Review for relabel: classifier predicted GABA, literature verifies HIST (source: Davis et al., 2020, confidence 4.0/5)"
720575940630960780,ORN_DA4m,SER,ACH,"Carlsson et al., 2010; Yasuyama et al. 1999",5.0,ORN_SER_confusion,"Review for relabel: classifier predicted SER, literature verifies ACH (source: Carlsson et al., 2010; Yasuyama et al. 1999, confidence 5.0/5)"
720575940630975036,R8,GLUT,"ACH,HIST","Davis et al., 2020; Sarthy 1991",5.0,categorical_blindspot_HIST,"Review for relabel: classifier predicted GLUT, literature verifies ACH/HIST (source: Davis et al., 2020; Sarthy 1991, confidence 5.0/5)"
720575940630990732,ORN_DL3,SER,ACH,"Carlsson et al., 2010; Yasuyama et al. 1999",5.0,ORN_SER_confusion,"Review for relabel: classifier predicted SER, literature verifies ACH (source: Carlsson et al., 2010; Yasuyama et al. 1999, confidence 5.0/5)"
720575940630995200,R7,GLUT,HIST,"Davis et al., 2020",4.0,categorical_blindspot_HIST,"Review for relabel: classifier predicted GLUT, literature verifies HIST (source: Davis et al., 2020, confidence 4.0/5)"
720575940631041079,R8,GLUT,"ACH,HIST","Davis et al., 2020; Sarthy 1991",5.0,categorical_blindspot_HIST,"Review for relabel: classifier predicted GLUT, literature verifies ACH/HIST (source: Davis et al., 2020; Sarthy 1991, confidence 5.0/5)"
720575940631060291,ORN_DL4,SER,ACH,"Carlsson et al., 2010; Yasuyama et al. 1999",5.0,ORN_SER_confusion,"Review for relabel: classifier predicted SER, literature verifies ACH (source: Carlsson et al., 2010; Yasuyama et al. 1999, confidence 5.0/5)"
720575940631065900,R7,GLUT,HIST,"Davis et al., 2020",4.0,categorical_blindspot_HIST,"Review for relabel: classifier predicted GLUT, literature verifies HIST (source: Davis et al., 2020, confidence 4.0/5)"
720575940631067452,Dm12,GABA,GLUT,"Davis et al., 2020",4.0,Dm_GLUT_confusion,"Review for relabel: classifier predicted GABA, literature verifies GLUT (source: Davis et al., 2020, confidence 4.0/5)"
720575940631080822,R7,GLUT,HIST,"Davis et al., 2020",4.0,categorical_blindspot_HIST,"Review for relabel: classifier predicted GLUT, literature verifies HIST (source: Davis et al., 2020, confidence 4.0/5)"
720575940631095291,R8,GLUT,"ACH,HIST","Davis et al., 2020; Sarthy 1991",5.0,categorical_blindspot_HIST,"Review for relabel: classifier predicted GLUT, literature verifies ACH/HIST (source: Davis et al., 2020; Sarthy 1991, confidence 5.0/5)"
720575940631099708,Dm12,GABA,GLUT,"Davis et al., 2020",4.0,Dm_GLUT_confusion,"Review for relabel: classifier predicted GABA, literature verifies GLUT (source: Davis et al., 2020, confidence 4.0/5)"
720575940631102279,ORN_DL4,SER,ACH,"Carlsson et al., 2010; Yasuyama et al. 1999",5.0,ORN_SER_confusion,"Review for relabel: classifier predicted SER, literature verifies ACH (source: Carlsson et al., 2010; Yasuyama et al. 1999, confidence 5.0/5)"
720575940631141516,ORN_VM3,SER,ACH,"Carlsson et al., 2010; Yasuyama et al. 1999",5.0,ORN_SER_confusion,"Review for relabel: classifier predicted SER, literature verifies ACH (source: Carlsson et al., 2010; Yasuyama et al. 1999, confidence 5.0/5)"
720575940631166535,ORN_DM3,SER,ACH,"Carlsson et al., 2010; Yasuyama et al. 1999",5.0,ORN_SER_confusion,"Review for relabel: classifier predicted SER, literature verifies ACH (source: Carlsson et al., 2010; Yasuyama et al. 1999, confidence 5.0/5)"
720575940631174431,ORN_VA2,SER,ACH,"Carlsson et al., 2010; Yasuyama et al. 1999",5.0,ORN_SER_confusion,"Review for relabel: classifier predicted SER, literature verifies ACH (source: Carlsson et al., 2010; Yasuyama et al. 1999, confidence 5.0/5)"
720575940631197496,R7,GLUT,HIST,"Davis et al., 2020",4.0,categorical_blindspot_HIST,"Review for relabel: classifier predicted GLUT, literature verifies HIST (source: Davis et al., 2020, confidence 4.0/5)"
720575940631203896,ORN_VA2,SER,ACH,"Carlsson et al., 2010; Yasuyama et al. 1999",5.0,ORN_SER_confusion,"Review for relabel: classifier predicted SER, literature verifies ACH (source: Carlsson et al., 2010; Yasuyama et al. 1999, confidence 5.0/5)"
720575940631205420,R8,GLUT,"ACH,HIST","Davis et al., 2020; Sarthy 1991",5.0,categorical_blindspot_HIST,"Review for relabel: classifier predicted GLUT, literature verifies ACH/HIST (source: Davis et al., 2020; Sarthy 1991, confidence 5.0/5)"
720575940631228665,R7,GLUT,HIST,"Davis et al., 2020",4.0,categorical_blindspot_HIST,"Review for relabel: classifier predicted GLUT, literature verifies HIST (source: Davis et al., 2020, confidence 4.0/5)"
720575940631228719,ORN_DM2,SER,ACH,"Carlsson et al., 2010; Yasuyama et al. 1999",5.0,ORN_SER_confusion,"Review for relabel: classifier predicted SER, literature verifies ACH (source: Carlsson et al., 2010; Yasuyama et al. 1999, confidence 5.0/5)"
720575940631236167,ORN_DA4m,SER,ACH,"Carlsson et al., 2010; Yasuyama et al. 1999",5.0,ORN_SER_confusion,"Review for relabel: classifier predicted SER, literature verifies ACH (source: Carlsson et al., 2010; Yasuyama et al. 1999, confidence 5.0/5)"
720575940631237238,R7,GLUT,HIST,"Davis et al., 2020",4.0,categorical_blindspot_HIST,"Review for relabel: classifier predicted GLUT, literature verifies HIST (source: Davis et al., 2020, confidence 4.0/5)"
720575940631242700,R7,GABA,HIST,"Davis et al., 2020",4.0,categorical_blindspot_HIST,"Review for relabel: classifier predicted GABA, literature verifies HIST (source: Davis et al., 2020, confidence 4.0/5)"
720575940631246556,R8,GABA,"ACH,HIST","Davis et al., 2020; Sarthy 1991",5.0,categorical_blindspot_HIST,"Review for relabel: classifier predicted GABA, literature verifies ACH/HIST (source: Davis et al., 2020; Sarthy 1991, confidence 5.0/5)"
720575940631253967,ORN_DA4m,SER,ACH,"Carlsson et al., 2010; Yasuyama et al. 1999",5.0,ORN_SER_confusion,"Review for relabel: classifier predicted SER, literature verifies ACH (source: Carlsson et al., 2010; Yasuyama et al. 1999, confidence 5.0/5)"
720575940631278444,R7,GLUT,HIST,"Davis et al., 2020",4.0,categorical_blindspot_HIST,"Review for relabel: classifier predicted GLUT, literature verifies HIST (source: Davis et al., 2020, confidence 4.0/5)"
720575940631312758,R7,GABA,HIST,"Davis et al., 2020",4.0,categorical_blindspot_HIST,"Review for relabel: classifier predicted GABA, literature verifies HIST (source: Davis et al., 2020, confidence 4.0/5)"
720575940631314479,ORN_DA3,SER,ACH,"Carlsson et al., 2010; Yasuyama et al. 1999",5.0,ORN_SER_confusion,"Review for relabel: classifier predicted SER, literature verifies ACH (source: Carlsson et al., 2010; Yasuyama et al. 1999, confidence 5.0/5)"
720575940631317292,R7,GLUT,HIST,"Davis et al., 2020",4.0,categorical_blindspot_HIST,"Review for relabel: classifier predicted GLUT, literature verifies HIST (source: Davis et al., 2020, confidence 4.0/5)"
720575940631321675,ORN_DL3,SER,ACH,"Carlsson et al., 2010; Yasuyama et al. 1999",5.0,ORN_SER_confusion,"Review for relabel: classifier predicted SER, literature verifies ACH (source: Carlsson et al., 2010; Yasuyama et al. 1999, confidence 5.0/5)"
720575940631374843,R7,GLUT,HIST,"Davis et al., 2020",4.0,categorical_blindspot_HIST,"Review for relabel: classifier predicted GLUT, literature verifies HIST (source: Davis et al., 2020, confidence 4.0/5)"
720575940631406329,R8,GLUT,"ACH,HIST","Davis et al., 2020; Sarthy 1991",5.0,categorical_blindspot_HIST,"Review for relabel: classifier predicted GLUT, literature verifies ACH/HIST (source: Davis et al., 2020; Sarthy 1991, confidence 5.0/5)"
720575940631429165,ORN_DM3,SER,ACH,"Carlsson et al., 2010; Yasuyama et al. 1999",5.0,ORN_SER_confusion,"Review for relabel: classifier predicted SER, literature verifies ACH (source: Carlsson et al., 2010; Yasuyama et al. 1999, confidence 5.0/5)"
720575940631433785,R8,GLUT,"ACH,HIST","Davis et al., 2020; Sarthy 1991",5.0,categorical_blindspot_HIST,"Review for relabel: classifier predicted GLUT, literature verifies ACH/HIST (source: Davis et al., 2020; Sarthy 1991, confidence 5.0/5)"
720575940631436229,R7,GABA,HIST,"Davis et al., 2020",4.0,categorical_blindspot_HIST,"Review for relabel: classifier predicted GABA, literature verifies HIST (source: Davis et al., 2020, confidence 4.0/5)"
720575940631456331,Dm12,GABA,GLUT,"Davis et al., 2020",4.0,Dm_GLUT_confusion,"Review for relabel: classifier predicted GABA, literature verifies GLUT (source: Davis et al., 2020, confidence 4.0/5)"
720575940631463542,Dm12,GABA,GLUT,"Davis et al., 2020",4.0,Dm_GLUT_confusion,"Review for relabel: classifier predicted GABA, literature verifies GLUT (source: Davis et al., 2020, confidence 4.0/5)"
720575940631479570,ORN_DA4m,SER,ACH,"Carlsson et al., 2010; Yasuyama et al. 1999",5.0,ORN_SER_confusion,"Review for relabel: classifier predicted SER, literature verifies ACH (source: Carlsson et al., 2010; Yasuyama et al. 1999, confidence 5.0/5)"
720575940631524695,R8,GLUT,"ACH,HIST","Davis et al., 2020; Sarthy 1991",5.0,categorical_blindspot_HIST,"Review for relabel: classifier predicted GLUT, literature verifies ACH/HIST (source: Davis et al., 2020; Sarthy 1991, confidence 5.0/5)"
720575940631526518,R8,GLUT,"ACH,HIST","Davis et al., 2020; Sarthy 1991",5.0,categorical_blindspot_HIST,"Review for relabel: classifier predicted GLUT, literature verifies ACH/HIST (source: Davis et al., 2020; Sarthy 1991, confidence 5.0/5)"
720575940631544694,Dm19,GABA,GLUT,"Nern et al., 2024",4.0,Dm_GLUT_confusion,"Review for relabel: classifier predicted GABA, literature verifies GLUT (source: Nern et al., 2024, confidence 4.0/5)"
720575940631544740,ORN_DL3,SER,ACH,"Carlsson et al., 2010; Yasuyama et al. 1999",5.0,ORN_SER_confusion,"Review for relabel: classifier predicted SER, literature verifies ACH (source: Carlsson et al., 2010; Yasuyama et al. 1999, confidence 5.0/5)"
720575940631547991,R8,GLUT,"ACH,HIST","Davis et al., 2020; Sarthy 1991",5.0,categorical_blindspot_HIST,"Review for relabel: classifier predicted GLUT, literature verifies ACH/HIST (source: Davis et al., 2020; Sarthy 1991, confidence 5.0/5)"
720575940631557228,R8,GABA,"ACH,HIST","Davis et al., 2020; Sarthy 1991",5.0,categorical_blindspot_HIST,"Review for relabel: classifier predicted GABA, literature verifies ACH/HIST (source: Davis et al., 2020; Sarthy 1991, confidence 5.0/5)"
720575940631606981,R7,GLUT,HIST,"Davis et al., 2020",4.0,categorical_blindspot_HIST,"Review for relabel: classifier predicted GLUT, literature verifies HIST (source: Davis et al., 2020, confidence 4.0/5)"
720575940631616056,ORN_DA4m,SER,ACH,"Carlsson et al., 2010; Yasuyama et al. 1999",5.0,ORN_SER_confusion,"Review for relabel: classifier predicted SER, literature verifies ACH (source: Carlsson et al., 2010; Yasuyama et al. 1999, confidence 5.0/5)"
720575940631635052,R7,GABA,HIST,"Davis et al., 2020",4.0,categorical_blindspot_HIST,"Review for relabel: classifier predicted GABA, literature verifies HIST (source: Davis et al., 2020, confidence 4.0/5)"
720575940631638981,R7,GLUT,HIST,"Davis et al., 2020",4.0,categorical_blindspot_HIST,"Review for relabel: classifier predicted GLUT, literature verifies HIST (source: Davis et al., 2020, confidence 4.0/5)"
720575940631640517,Dm1,GABA,GLUT,"Davis et al., 2020",4.0,Dm_GLUT_confusion,"Review for relabel: classifier predicted GABA, literature verifies GLUT (source: Davis et al., 2020, confidence 4.0/5)"
720575940631732687,R7,GLUT,HIST,"Davis et al., 2020",4.0,categorical_blindspot_HIST,"Review for relabel: classifier predicted GLUT, literature verifies HIST (source: Davis et al., 2020, confidence 4.0/5)"
720575940631743575,R7,OCT,HIST,"Davis et al., 2020",4.0,categorical_blindspot_HIST,"Review for relabel: classifier predicted OCT, literature verifies HIST (source: Davis et al., 2020, confidence 4.0/5)"
720575940631812911,Dm1,GABA,GLUT,"Davis et al., 2020",4.0,Dm_GLUT_confusion,"Review for relabel: classifier predicted GABA, literature verifies GLUT (source: Davis et al., 2020, confidence 4.0/5)"
720575940631880399,R8,GABA,"ACH,HIST","Davis et al., 2020; Sarthy 1991",5.0,categorical_blindspot_HIST,"Review for relabel: classifier predicted GABA, literature verifies ACH/HIST (source: Davis et al., 2020; Sarthy 1991, confidence 5.0/5)"
720575940631904719,R7,GABA,HIST,"Davis et al., 2020",4.0,categorical_blindspot_HIST,"Review for relabel: classifier predicted GABA, literature verifies HIST (source: Davis et al., 2020, confidence 4.0/5)"
720575940631913047,R7,OCT,HIST,"Davis et al., 2020",4.0,categorical_blindspot_HIST,"Review for relabel: classifier predicted OCT, literature verifies HIST (source: Davis et al., 2020, confidence 4.0/5)"
720575940631923816,ORN_DM2,SER,ACH,"Carlsson et al., 2010; Yasuyama et al. 1999",5.0,ORN_SER_confusion,"Review for relabel: classifier predicted SER, literature verifies ACH (source: Carlsson et al., 2010; Yasuyama et al. 1999, confidence 5.0/5)"
720575940631929175,Dm1,GABA,GLUT,"Davis et al., 2020",4.0,Dm_GLUT_confusion,"Review for relabel: classifier predicted GABA, literature verifies GLUT (source: Davis et al., 2020, confidence 4.0/5)"
720575940631932108,ORN_DL3,SER,ACH,"Carlsson et al., 2010; Yasuyama et al. 1999",5.0,ORN_SER_confusion,"Review for relabel: classifier predicted SER, literature verifies ACH (source: Carlsson et al., 2010; Yasuyama et al. 1999, confidence 5.0/5)"
720575940632021867,R7,ACH,HIST,"Davis et al., 2020",4.0,categorical_blindspot_HIST,"Review for relabel: classifier predicted ACH, literature verifies HIST (source: Davis et al., 2020, confidence 4.0/5)"
720575940632108586,R7,GLUT,HIST,"Davis et al., 2020",4.0,categorical_blindspot_HIST,"Review for relabel: classifier predicted GLUT, literature verifies HIST (source: Davis et al., 2020, confidence 4.0/5)"
720575940632113682,R7,GABA,HIST,"Davis et al., 2020",4.0,categorical_blindspot_HIST,"Review for relabel: classifier predicted GABA, literature verifies HIST (source: Davis et al., 2020, confidence 4.0/5)"
720575940632115983,R8,GLUT,"ACH,HIST","Davis et al., 2020; Sarthy 1991",5.0,categorical_blindspot_HIST,"Review for relabel: classifier predicted GLUT, literature verifies ACH/HIST (source: Davis et al., 2020; Sarthy 1991, confidence 5.0/5)"
720575940632242450,R7,GLUT,HIST,"Davis et al., 2020",4.0,categorical_blindspot_HIST,"Review for relabel: classifier predicted GLUT, literature verifies HIST (source: Davis et al., 2020, confidence 4.0/5)"
720575940632243218,R8,GLUT,"ACH,HIST","Davis et al., 2020; Sarthy 1991",5.0,categorical_blindspot_HIST,"Review for relabel: classifier predicted GLUT, literature verifies ACH/HIST (source: Davis et al., 2020; Sarthy 1991, confidence 5.0/5)"
720575940632266794,R7,GLUT,HIST,"Davis et al., 2020",4.0,categorical_blindspot_HIST,"Review for relabel: classifier predicted GLUT, literature verifies HIST (source: Davis et al., 2020, confidence 4.0/5)"
720575940632277519,Dm12,GABA,GLUT,"Davis et al., 2020",4.0,Dm_GLUT_confusion,"Review for relabel: classifier predicted GABA, literature verifies GLUT (source: Davis et al., 2020, confidence 4.0/5)"
720575940632297263,ORN_DA3,SER,ACH,"Carlsson et al., 2010; Yasuyama et al. 1999",5.0,ORN_SER_confusion,"Review for relabel: classifier predicted SER, literature verifies ACH (source: Carlsson et al., 2010; Yasuyama et al. 1999, confidence 5.0/5)"
720575940632315106,ORN_VA2,SER,ACH,"Carlsson et al., 2010; Yasuyama et al. 1999",5.0,ORN_SER_confusion,"Review for relabel: classifier predicted SER, literature verifies ACH (source: Carlsson et al., 2010; Yasuyama et al. 1999, confidence 5.0/5)"
720575940632396875,R7,GABA,HIST,"Davis et al., 2020",4.0,categorical_blindspot_HIST,"Review for relabel: classifier predicted GABA, literature verifies HIST (source: Davis et al., 2020, confidence 4.0/5)"
720575940632419395,R7,GLUT,HIST,"Davis et al., 2020",4.0,categorical_blindspot_HIST,"Review for relabel: classifier predicted GLUT, literature verifies HIST (source: Davis et al., 2020, confidence 4.0/5)"
720575940632427282,Dm1,GABA,GLUT,"Davis et al., 2020",4.0,Dm_GLUT_confusion,"Review for relabel: classifier predicted GABA, literature verifies GLUT (source: Davis et al., 2020, confidence 4.0/5)"
720575940632437971,ORN_DL3,SER,ACH,"Carlsson et al., 2010; Yasuyama et al. 1999",5.0,ORN_SER_confusion,"Review for relabel: classifier predicted SER, literature verifies ACH (source: Carlsson et al., 2010; Yasuyama et al. 1999, confidence 5.0/5)"
720575940632451897,R8,GLUT,"ACH,HIST","Davis et al., 2020; Sarthy 1991",5.0,categorical_blindspot_HIST,"Review for relabel: classifier predicted GLUT, literature verifies ACH/HIST (source: Davis et al., 2020; Sarthy 1991, confidence 5.0/5)"
720575940632482105,R8,GABA,"ACH,HIST","Davis et al., 2020; Sarthy 1991",5.0,categorical_blindspot_HIST,"Review for relabel: classifier predicted GABA, literature verifies ACH/HIST (source: Davis et al., 2020; Sarthy 1991, confidence 5.0/5)"
720575940632484419,R7,GABA,HIST,"Davis et al., 2020",4.0,categorical_blindspot_HIST,"Review for relabel: classifier predicted GABA, literature verifies HIST (source: Davis et al., 2020, confidence 4.0/5)"
720575940632570593,ORN_DL3,SER,ACH,"Carlsson et al., 2010; Yasuyama et al. 1999",5.0,ORN_SER_confusion,"Review for relabel: classifier predicted SER, literature verifies ACH (source: Carlsson et al., 2010; Yasuyama et al. 1999, confidence 5.0/5)"
720575940632573240,R7,GABA,HIST,"Davis et al., 2020",4.0,categorical_blindspot_HIST,"Review for relabel: classifier predicted GABA, literature verifies HIST (source: Davis et al., 2020, confidence 4.0/5)"
720575940632576482,ORN_DM3,SER,ACH,"Carlsson et al., 2010; Yasuyama et al. 1999",5.0,ORN_SER_confusion,"Review for relabel: classifier predicted SER, literature verifies ACH (source: Carlsson et al., 2010; Yasuyama et al. 1999, confidence 5.0/5)"
720575940632586297,R7,GLUT,HIST,"Davis et al., 2020",4.0,categorical_blindspot_HIST,"Review for relabel: classifier predicted GLUT, literature verifies HIST (source: Davis et al., 2020, confidence 4.0/5)"
720575940632631097,R8,GLUT,"ACH,HIST","Davis et al., 2020; Sarthy 1991",5.0,categorical_blindspot_HIST,"Review for relabel: classifier predicted GLUT, literature verifies ACH/HIST (source: Davis et al., 2020; Sarthy 1991, confidence 5.0/5)"
720575940632649795,R7,GABA,HIST,"Davis et al., 2020",4.0,categorical_blindspot_HIST,"Review for relabel: classifier predicted GABA, literature verifies HIST (source: Davis et al., 2020, confidence 4.0/5)"
720575940632657512,R7,GABA,HIST,"Davis et al., 2020",4.0,categorical_blindspot_HIST,"Review for relabel: classifier predicted GABA, literature verifies HIST (source: Davis et al., 2020, confidence 4.0/5)"
720575940632666435,R7,GABA,HIST,"Davis et al., 2020",4.0,categorical_blindspot_HIST,"Review for relabel: classifier predicted GABA, literature verifies HIST (source: Davis et al., 2020, confidence 4.0/5)"
720575940632671149,Dm12,GABA,GLUT,"Davis et al., 2020",4.0,Dm_GLUT_confusion,"Review for relabel: classifier predicted GABA, literature verifies GLUT (source: Davis et al., 2020, confidence 4.0/5)"
720575940632696377,R8,GLUT,"ACH,HIST","Davis et al., 2020; Sarthy 1991",5.0,categorical_blindspot_HIST,"Review for relabel: classifier predicted GLUT, literature verifies ACH/HIST (source: Davis et al., 2020; Sarthy 1991, confidence 5.0/5)"
720575940632697508,Dm1,GABA,GLUT,"Davis et al., 2020",4.0,Dm_GLUT_confusion,"Review for relabel: classifier predicted GABA, literature verifies GLUT (source: Davis et al., 2020, confidence 4.0/5)"
720575940632709945,R7,GABA,HIST,"Davis et al., 2020",4.0,categorical_blindspot_HIST,"Review for relabel: classifier predicted GABA, literature verifies HIST (source: Davis et al., 2020, confidence 4.0/5)"
720575940632714823,R7,GABA,HIST,"Davis et al., 2020",4.0,categorical_blindspot_HIST,"Review for relabel: classifier predicted GABA, literature verifies HIST (source: Davis et al., 2020, confidence 4.0/5)"
720575940632737327,R8,GABA,"ACH,HIST","Davis et al., 2020; Sarthy 1991",5.0,categorical_blindspot_HIST,"Review for relabel: classifier predicted GABA, literature verifies ACH/HIST (source: Davis et al., 2020; Sarthy 1991, confidence 5.0/5)"
720575940632751928,Dm12,GABA,GLUT,"Davis et al., 2020",4.0,Dm_GLUT_confusion,"Review for relabel: classifier predicted GABA, literature verifies GLUT (source: Davis et al., 2020, confidence 4.0/5)"
720575940632765288,Dm12,GABA,GLUT,"Davis et al., 2020",4.0,Dm_GLUT_confusion,"Review for relabel: classifier predicted GABA, literature verifies GLUT (source: Davis et al., 2020, confidence 4.0/5)"
720575940632824531,ORN_DM3,SER,ACH,"Carlsson et al., 2010; Yasuyama et al. 1999",5.0,ORN_SER_confusion,"Review for relabel: classifier predicted SER, literature verifies ACH (source: Carlsson et al., 2010; Yasuyama et al. 1999, confidence 5.0/5)"
720575940632832583,R7,ACH,HIST,"Davis et al., 2020",4.0,categorical_blindspot_HIST,"Review for relabel: classifier predicted ACH, literature verifies HIST (source: Davis et al., 2020, confidence 4.0/5)"
720575940632853816,R8,GLUT,"ACH,HIST","Davis et al., 2020; Sarthy 1991",5.0,categorical_blindspot_HIST,"Review for relabel: classifier predicted GLUT, literature verifies ACH/HIST (source: Davis et al., 2020; Sarthy 1991, confidence 5.0/5)"
720575940632869423,R7,GABA,HIST,"Davis et al., 2020",4.0,categorical_blindspot_HIST,"Review for relabel: classifier predicted GABA, literature verifies HIST (source: Davis et al., 2020, confidence 4.0/5)"
720575940632880441,R7,GABA,HIST,"Davis et al., 2020",4.0,categorical_blindspot_HIST,"Review for relabel: classifier predicted GABA, literature verifies HIST (source: Davis et al., 2020, confidence 4.0/5)"
720575940632897561,ORN_VM3,SER,ACH,"Carlsson et al., 2010; Yasuyama et al. 1999",5.0,ORN_SER_confusion,"Review for relabel: classifier predicted SER, literature verifies ACH (source: Carlsson et al., 2010; Yasuyama et al. 1999, confidence 5.0/5)"
720575940632966445,ORN_DL4,SER,ACH,"Carlsson et al., 2010; Yasuyama et al. 1999",5.0,ORN_SER_confusion,"Review for relabel: classifier predicted SER, literature verifies ACH (source: Carlsson et al., 2010; Yasuyama et al. 1999, confidence 5.0/5)"
720575940633017415,R7,GABA,HIST,"Davis et al., 2020",4.0,categorical_blindspot_HIST,"Review for relabel: classifier predicted GABA, literature verifies HIST (source: Davis et al., 2020, confidence 4.0/5)"
720575940633019207,Dm12,GABA,GLUT,"Davis et al., 2020",4.0,Dm_GLUT_confusion,"Review for relabel: classifier predicted GABA, literature verifies GLUT (source: Davis et al., 2020, confidence 4.0/5)"
720575940633033133,ORN_DA4l,SER,ACH,"Carlsson et al., 2010; Yasuyama et al. 1999",5.0,ORN_SER_confusion,"Review for relabel: classifier predicted SER, literature verifies ACH (source: Carlsson et al., 2010; Yasuyama et al. 1999, confidence 5.0/5)"
720575940633049671,R7,GLUT,HIST,"Davis et al., 2020",4.0,categorical_blindspot_HIST,"Review for relabel: classifier predicted GLUT, literature verifies HIST (source: Davis et al., 2020, confidence 4.0/5)"
720575940633122607,R8,GLUT,"ACH,HIST","Davis et al., 2020; Sarthy 1991",5.0,categorical_blindspot_HIST,"Review for relabel: classifier predicted GLUT, literature verifies ACH/HIST (source: Davis et al., 2020; Sarthy 1991, confidence 5.0/5)"
720575940633146705,R7,ACH,HIST,"Davis et al., 2020",4.0,categorical_blindspot_HIST,"Review for relabel: classifier predicted ACH, literature verifies HIST (source: Davis et al., 2020, confidence 4.0/5)"
720575940633228940,R7,GABA,HIST,"Davis et al., 2020",4.0,categorical_blindspot_HIST,"Review for relabel: classifier predicted GABA, literature verifies HIST (source: Davis et al., 2020, confidence 4.0/5)"
720575940633230929,R8,GLUT,"ACH,HIST","Davis et al., 2020; Sarthy 1991",5.0,categorical_blindspot_HIST,"Review for relabel: classifier predicted GLUT, literature verifies ACH/HIST (source: Davis et al., 2020; Sarthy 1991, confidence 5.0/5)"
720575940633240879,Dm1,GABA,GLUT,"Davis et al., 2020",4.0,Dm_GLUT_confusion,"Review for relabel: classifier predicted GABA, literature verifies GLUT (source: Davis et al., 2020, confidence 4.0/5)"
720575940633256140,Dm19,GABA,GLUT,"Nern et al., 2024",4.0,Dm_GLUT_confusion,"Review for relabel: classifier predicted GABA, literature verifies GLUT (source: Nern et al., 2024, confidence 4.0/5)"
720575940633341604,R7,GABA,HIST,"Davis et al., 2020",4.0,categorical_blindspot_HIST,"Review for relabel: classifier predicted GABA, literature verifies HIST (source: Davis et al., 2020, confidence 4.0/5)"
720575940633366995,R8,GLUT,"ACH,HIST","Davis et al., 2020; Sarthy 1991",5.0,categorical_blindspot_HIST,"Review for relabel: classifier predicted GLUT, literature verifies ACH/HIST (source: Davis et al., 2020; Sarthy 1991, confidence 5.0/5)"
720575940633450188,R8,GLUT,"ACH,HIST","Davis et al., 2020; Sarthy 1991",5.0,categorical_blindspot_HIST,"Review for relabel: classifier predicted GLUT, literature verifies ACH/HIST (source: Davis et al., 2020; Sarthy 1991, confidence 5.0/5)"
720575940633464109,R7,GLUT,HIST,"Davis et al., 2020",4.0,categorical_blindspot_HIST,"Review for relabel: classifier predicted GLUT, literature verifies HIST (source: Davis et al., 2020, confidence 4.0/5)"
720575940633478829,R7,GABA,HIST,"Davis et al., 2020",4.0,categorical_blindspot_HIST,"Review for relabel: classifier predicted GABA, literature verifies HIST (source: Davis et al., 2020, confidence 4.0/5)"
720575940633496863,R7,GLUT,HIST,"Davis et al., 2020",4.0,categorical_blindspot_HIST,"Review for relabel: classifier predicted GLUT, literature verifies HIST (source: Davis et al., 2020, confidence 4.0/5)"
720575940633509949,ORN_V,SER,ACH,"Carlsson et al., 2010; Yasuyama et al. 1999",5.0,ORN_SER_confusion,"Review for relabel: classifier predicted SER, literature verifies ACH (source: Carlsson et al., 2010; Yasuyama et al. 1999, confidence 5.0/5)"
720575940633519308,R7,GABA,HIST,"Davis et al., 2020",4.0,categorical_blindspot_HIST,"Review for relabel: classifier predicted GABA, literature verifies HIST (source: Davis et al., 2020, confidence 4.0/5)"
720575940633523808,ORN_DL4,SER,ACH,"Carlsson et al., 2010; Yasuyama et al. 1999",5.0,ORN_SER_confusion,"Review for relabel: classifier predicted SER, literature verifies ACH (source: Carlsson et al., 2010; Yasuyama et al. 1999, confidence 5.0/5)"
720575940633541165,R8,GLUT,"ACH,HIST","Davis et al., 2020; Sarthy 1991",5.0,categorical_blindspot_HIST,"Review for relabel: classifier predicted GLUT, literature verifies ACH/HIST (source: Davis et al., 2020; Sarthy 1991, confidence 5.0/5)"
720575940633557986,ORN_DA4l,SER,ACH,"Carlsson et al., 2010; Yasuyama et al. 1999",5.0,ORN_SER_confusion,"Review for relabel: classifier predicted SER, literature verifies ACH (source: Carlsson et al., 2010; Yasuyama et al. 1999, confidence 5.0/5)"
720575940633631661,R8,GABA,"ACH,HIST","Davis et al., 2020; Sarthy 1991",5.0,categorical_blindspot_HIST,"Review for relabel: classifier predicted GABA, literature verifies ACH/HIST (source: Davis et al., 2020; Sarthy 1991, confidence 5.0/5)"
720575940633686317,R7,GABA,HIST,"Davis et al., 2020",4.0,categorical_blindspot_HIST,"Review for relabel: classifier predicted GABA, literature verifies HIST (source: Davis et al., 2020, confidence 4.0/5)"
720575940633690925,R7,ACH,HIST,"Davis et al., 2020",4.0,categorical_blindspot_HIST,"Review for relabel: classifier predicted ACH, literature verifies HIST (source: Davis et al., 2020, confidence 4.0/5)"
720575940633715501,R7,ACH,HIST,"Davis et al., 2020",4.0,categorical_blindspot_HIST,"Review for relabel: classifier predicted ACH, literature verifies HIST (source: Davis et al., 2020, confidence 4.0/5)"
720575940633721133,Dm12,GABA,GLUT,"Davis et al., 2020",4.0,Dm_GLUT_confusion,"Review for relabel: classifier predicted GABA, literature verifies GLUT (source: Davis et al., 2020, confidence 4.0/5)"
720575940633734739,R8,GLUT,"ACH,HIST","Davis et al., 2020; Sarthy 1991",5.0,categorical_blindspot_HIST,"Review for relabel: classifier predicted GLUT, literature verifies ACH/HIST (source: Davis et al., 2020; Sarthy 1991, confidence 5.0/5)"
720575940633762003,R7,GLUT,HIST,"Davis et al., 2020",4.0,categorical_blindspot_HIST,"Review for relabel: classifier predicted GLUT, literature verifies HIST (source: Davis et al., 2020, confidence 4.0/5)"
720575940633791277,R8,GLUT,"ACH,HIST","Davis et al., 2020; Sarthy 1991",5.0,categorical_blindspot_HIST,"Review for relabel: classifier predicted GLUT, literature verifies ACH/HIST (source: Davis et al., 2020; Sarthy 1991, confidence 5.0/5)"
720575940633802045,ORN_V,SER,ACH,"Carlsson et al., 2010; Yasuyama et al. 1999",5.0,ORN_SER_confusion,"Review for relabel: classifier predicted SER, literature verifies ACH (source: Carlsson et al., 2010; Yasuyama et al. 1999, confidence 5.0/5)"
720575940633830701,R8,GLUT,"ACH,HIST","Davis et al., 2020; Sarthy 1991",5.0,categorical_blindspot_HIST,"Review for relabel: classifier predicted GLUT, literature verifies ACH/HIST (source: Davis et al., 2020; Sarthy 1991, confidence 5.0/5)"
720575940633841747,Dm12,GABA,GLUT,"Davis et al., 2020",4.0,Dm_GLUT_confusion,"Review for relabel: classifier predicted GABA, literature verifies GLUT (source: Davis et al., 2020, confidence 4.0/5)"
720575940633842146,R7,GABA,HIST,"Davis et al., 2020",4.0,categorical_blindspot_HIST,"Review for relabel: classifier predicted GABA, literature verifies HIST (source: Davis et al., 2020, confidence 4.0/5)"
720575940633849901,R7,GLUT,HIST,"Davis et al., 2020",4.0,categorical_blindspot_HIST,"Review for relabel: classifier predicted GLUT, literature verifies HIST (source: Davis et al., 2020, confidence 4.0/5)"
720575940633850593,ORN_DM3,SER,ACH,"Carlsson et al., 2010; Yasuyama et al. 1999",5.0,ORN_SER_confusion,"Review for relabel: classifier predicted SER, literature verifies ACH (source: Carlsson et al., 2010; Yasuyama et al. 1999, confidence 5.0/5)"
720575940633857107,R8,GLUT,"ACH,HIST","Davis et al., 2020; Sarthy 1991",5.0,categorical_blindspot_HIST,"Review for relabel: classifier predicted GLUT, literature verifies ACH/HIST (source: Davis et al., 2020; Sarthy 1991, confidence 5.0/5)"
720575940633940761,ORN_DL3,SER,ACH,"Carlsson et al., 2010; Yasuyama et al. 1999",5.0,ORN_SER_confusion,"Review for relabel: classifier predicted SER, literature verifies ACH (source: Carlsson et al., 2010; Yasuyama et al. 1999, confidence 5.0/5)"
720575940633988179,R7,GLUT,HIST,"Davis et al., 2020",4.0,categorical_blindspot_HIST,"Review for relabel: classifier predicted GLUT, literature verifies HIST (source: Davis et al., 2020, confidence 4.0/5)"
720575940634012243,R7,ACH,HIST,"Davis et al., 2020",4.0,categorical_blindspot_HIST,"Review for relabel: classifier predicted ACH, literature verifies HIST (source: Davis et al., 2020, confidence 4.0/5)"
720575940634046419,R8,GLUT,"ACH,HIST","Davis et al., 2020; Sarthy 1991",5.0,categorical_blindspot_HIST,"Review for relabel: classifier predicted GLUT, literature verifies ACH/HIST (source: Davis et al., 2020; Sarthy 1991, confidence 5.0/5)"
720575940634132634,R7,GLUT,HIST,"Davis et al., 2020",4.0,categorical_blindspot_HIST,"Review for relabel: classifier predicted GLUT, literature verifies HIST (source: Davis et al., 2020, confidence 4.0/5)"
720575940634183103,ORN_DL4,SER,ACH,"Carlsson et al., 2010; Yasuyama et al. 1999",5.0,ORN_SER_confusion,"Review for relabel: classifier predicted SER, literature verifies ACH (source: Carlsson et al., 2010; Yasuyama et al. 1999, confidence 5.0/5)"
720575940634206690,R7,GABA,HIST,"Davis et al., 2020",4.0,categorical_blindspot_HIST,"Review for relabel: classifier predicted GABA, literature verifies HIST (source: Davis et al., 2020, confidence 4.0/5)"
720575940634232290,R8,GLUT,"ACH,HIST","Davis et al., 2020; Sarthy 1991",5.0,categorical_blindspot_HIST,"Review for relabel: classifier predicted GLUT, literature verifies ACH/HIST (source: Davis et al., 2020; Sarthy 1991, confidence 5.0/5)"
720575940634306274,R7,GLUT,HIST,"Davis et al., 2020",4.0,categorical_blindspot_HIST,"Review for relabel: classifier predicted GLUT, literature verifies HIST (source: Davis et al., 2020, confidence 4.0/5)"
720575940634399071,ORN_DA4l,SER,ACH,"Carlsson et al., 2010; Yasuyama et al. 1999",5.0,ORN_SER_confusion,"Review for relabel: classifier predicted SER, literature verifies ACH (source: Carlsson et al., 2010; Yasuyama et al. 1999, confidence 5.0/5)"
720575940634460385,Dm12,GABA,GLUT,"Davis et al., 2020",4.0,Dm_GLUT_confusion,"Review for relabel: classifier predicted GABA, literature verifies GLUT (source: Davis et al., 2020, confidence 4.0/5)"
720575940634482913,R7,GLUT,HIST,"Davis et al., 2020",4.0,categorical_blindspot_HIST,"Review for relabel: classifier predicted GLUT, literature verifies HIST (source: Davis et al., 2020, confidence 4.0/5)"
720575940634502370,R8,GABA,"ACH,HIST","Davis et al., 2020; Sarthy 1991",5.0,categorical_blindspot_HIST,"Review for relabel: classifier predicted GABA, literature verifies ACH/HIST (source: Davis et al., 2020; Sarthy 1991, confidence 5.0/5)"
720575940634509794,R7,GLUT,HIST,"Davis et al., 2020",4.0,categorical_blindspot_HIST,"Review for relabel: classifier predicted GLUT, literature verifies HIST (source: Davis et al., 2020, confidence 4.0/5)"
720575940634525153,R8,SER,"ACH,HIST","Davis et al., 2020; Sarthy 1991",5.0,categorical_blindspot_HIST,"Review for relabel: classifier predicted SER, literature verifies ACH/HIST (source: Davis et al., 2020; Sarthy 1991, confidence 5.0/5)"
720575940634530530,R8,GLUT,"ACH,HIST","Davis et al., 2020; Sarthy 1991",5.0,categorical_blindspot_HIST,"Review for relabel: classifier predicted GLUT, literature verifies ACH/HIST (source: Davis et al., 2020; Sarthy 1991, confidence 5.0/5)"
720575940634577377,R7,GABA,HIST,"Davis et al., 2020",4.0,categorical_blindspot_HIST,"Review for relabel: classifier predicted GABA, literature verifies HIST (source: Davis et al., 2020, confidence 4.0/5)"
720575940634703987,ORN_DM3,SER,ACH,"Carlsson et al., 2010; Yasuyama et al. 1999",5.0,ORN_SER_confusion,"Review for relabel: classifier predicted SER, literature verifies ACH (source: Carlsson et al., 2010; Yasuyama et al. 1999, confidence 5.0/5)"
720575940634761208,ORN_DL3,SER,ACH,"Carlsson et al., 2010; Yasuyama et al. 1999",5.0,ORN_SER_confusion,"Review for relabel: classifier predicted SER, literature verifies ACH (source: Carlsson et al., 2010; Yasuyama et al. 1999, confidence 5.0/5)"
720575940634881561,R7,GABA,HIST,"Davis et al., 2020",4.0,categorical_blindspot_HIST,"Review for relabel: classifier predicted GABA, literature verifies HIST (source: Davis et al., 2020, confidence 4.0/5)"
720575940634984372,ORN_DA4m,SER,ACH,"Carlsson et al., 2010; Yasuyama et al. 1999",5.0,ORN_SER_confusion,"Review for relabel: classifier predicted SER, literature verifies ACH (source: Carlsson et al., 2010; Yasuyama et al. 1999, confidence 5.0/5)"
720575940635042912,R7,GLUT,HIST,"Davis et al., 2020",4.0,categorical_blindspot_HIST,"Review for relabel: classifier predicted GLUT, literature verifies HIST (source: Davis et al., 2020, confidence 4.0/5)"
720575940635075740,R7,GABA,HIST,"Davis et al., 2020",4.0,categorical_blindspot_HIST,"Review for relabel: classifier predicted GABA, literature verifies HIST (source: Davis et al., 2020, confidence 4.0/5)"
720575940635079324,R7,GLUT,HIST,"Davis et al., 2020",4.0,categorical_blindspot_HIST,"Review for relabel: classifier predicted GLUT, literature verifies HIST (source: Davis et al., 2020, confidence 4.0/5)"
720575940635094426,ORN_DM2,SER,ACH,"Carlsson et al., 2010; Yasuyama et al. 1999",5.0,ORN_SER_confusion,"Review for relabel: classifier predicted SER, literature verifies ACH (source: Carlsson et al., 2010; Yasuyama et al. 1999, confidence 5.0/5)"
720575940635104363,Dm1,GABA,GLUT,"Davis et al., 2020",4.0,Dm_GLUT_confusion,"Review for relabel: classifier predicted GABA, literature verifies GLUT (source: Davis et al., 2020, confidence 4.0/5)"
720575940635126452,ORN_DM3,SER,ACH,"Carlsson et al., 2010; Yasuyama et al. 1999",5.0,ORN_SER_confusion,"Review for relabel: classifier predicted SER, literature verifies ACH (source: Carlsson et al., 2010; Yasuyama et al. 1999, confidence 5.0/5)"
720575940635133803,Dm12,GABA,GLUT,"Davis et al., 2020",4.0,Dm_GLUT_confusion,"Review for relabel: classifier predicted GABA, literature verifies GLUT (source: Davis et al., 2020, confidence 4.0/5)"
720575940635300448,R7,GLUT,HIST,"Davis et al., 2020",4.0,categorical_blindspot_HIST,"Review for relabel: classifier predicted GLUT, literature verifies HIST (source: Davis et al., 2020, confidence 4.0/5)"
720575940635357024,R7,GLUT,HIST,"Davis et al., 2020",4.0,categorical_blindspot_HIST,"Review for relabel: classifier predicted GLUT, literature verifies HIST (source: Davis et al., 2020, confidence 4.0/5)"
720575940635374176,Dm1,GABA,GLUT,"Davis et al., 2020",4.0,Dm_GLUT_confusion,"Review for relabel: classifier predicted GABA, literature verifies GLUT (source: Davis et al., 2020, confidence 4.0/5)"
720575940635374231,R7,GLUT,HIST,"Davis et al., 2020",4.0,categorical_blindspot_HIST,"Review for relabel: classifier predicted GLUT, literature verifies HIST (source: Davis et al., 2020, confidence 4.0/5)"
720575940635483031,R7,GLUT,HIST,"Davis et al., 2020",4.0,categorical_blindspot_HIST,"Review for relabel: classifier predicted GLUT, literature verifies HIST (source: Davis et al., 2020, confidence 4.0/5)"
720575940635494810,R7,GABA,HIST,"Davis et al., 2020",4.0,categorical_blindspot_HIST,"Review for relabel: classifier predicted GABA, literature verifies HIST (source: Davis et al., 2020, confidence 4.0/5)"
720575940635525995,R7,GABA,HIST,"Davis et al., 2020",4.0,categorical_blindspot_HIST,"Review for relabel: classifier predicted GABA, literature verifies HIST (source: Davis et al., 2020, confidence 4.0/5)"
720575940635530848,R8,GLUT,"ACH,HIST","Davis et al., 2020; Sarthy 1991",5.0,categorical_blindspot_HIST,"Review for relabel: classifier predicted GLUT, literature verifies ACH/HIST (source: Davis et al., 2020; Sarthy 1991, confidence 5.0/5)"
720575940635568026,R7,GABA,HIST,"Davis et al., 2020",4.0,categorical_blindspot_HIST,"Review for relabel: classifier predicted GABA, literature verifies HIST (source: Davis et al., 2020, confidence 4.0/5)"
720575940635584398,ORN_DL4,SER,ACH,"Carlsson et al., 2010; Yasuyama et al. 1999",5.0,ORN_SER_confusion,"Review for relabel: classifier predicted SER, literature verifies ACH (source: Carlsson et al., 2010; Yasuyama et al. 1999, confidence 5.0/5)"
720575940635609751,R7,GLUT,HIST,"Davis et al., 2020",4.0,categorical_blindspot_HIST,"Review for relabel: classifier predicted GLUT, literature verifies HIST (source: Davis et al., 2020, confidence 4.0/5)"
720575940635624383,R7,GABA,HIST,"Davis et al., 2020",4.0,categorical_blindspot_HIST,"Review for relabel: classifier predicted GABA, literature verifies HIST (source: Davis et al., 2020, confidence 4.0/5)"
720575940635631767,R7,GABA,HIST,"Davis et al., 2020",4.0,categorical_blindspot_HIST,"Review for relabel: classifier predicted GABA, literature verifies HIST (source: Davis et al., 2020, confidence 4.0/5)"
720575940635827051,Dm1,GABA,GLUT,"Davis et al., 2020",4.0,Dm_GLUT_confusion,"Review for relabel: classifier predicted GABA, literature verifies GLUT (source: Davis et al., 2020, confidence 4.0/5)"
720575940635846847,R8,GLUT,"ACH,HIST","Davis et al., 2020; Sarthy 1991",5.0,categorical_blindspot_HIST,"Review for relabel: classifier predicted GLUT, literature verifies ACH/HIST (source: Davis et al., 2020; Sarthy 1991, confidence 5.0/5)"
720575940635897535,Dm1,GABA,GLUT,"Davis et al., 2020",4.0,Dm_GLUT_confusion,"Review for relabel: classifier predicted GABA, literature verifies GLUT (source: Davis et al., 2020, confidence 4.0/5)"
720575940636025951,Dm12,GABA,GLUT,"Davis et al., 2020",4.0,Dm_GLUT_confusion,"Review for relabel: classifier predicted GABA, literature verifies GLUT (source: Davis et al., 2020, confidence 4.0/5)"
720575940636053087,Dm1,GABA,GLUT,"Davis et al., 2020",4.0,Dm_GLUT_confusion,"Review for relabel: classifier predicted GABA, literature verifies GLUT (source: Davis et al., 2020, confidence 4.0/5)"
720575940636063339,R7,GABA,HIST,"Davis et al., 2020",4.0,categorical_blindspot_HIST,"Review for relabel: classifier predicted GABA, literature verifies HIST (source: Davis et al., 2020, confidence 4.0/5)"
720575940636076639,Dm12,GABA,GLUT,"Davis et al., 2020",4.0,Dm_GLUT_confusion,"Review for relabel: classifier predicted GABA, literature verifies GLUT (source: Davis et al., 2020, confidence 4.0/5)"
720575940636094815,R7,GLUT,HIST,"Davis et al., 2020",4.0,categorical_blindspot_HIST,"Review for relabel: classifier predicted GLUT, literature verifies HIST (source: Davis et al., 2020, confidence 4.0/5)"
720575940636153195,R8,GLUT,"ACH,HIST","Davis et al., 2020; Sarthy 1991",5.0,categorical_blindspot_HIST,"Review for relabel: classifier predicted GLUT, literature verifies ACH/HIST (source: Davis et al., 2020; Sarthy 1991, confidence 5.0/5)"
720575940636190571,R8,GLUT,"ACH,HIST","Davis et al., 2020; Sarthy 1991",5.0,categorical_blindspot_HIST,"Review for relabel: classifier predicted GLUT, literature verifies ACH/HIST (source: Davis et al., 2020; Sarthy 1991, confidence 5.0/5)"
720575940636193387,R7,GLUT,HIST,"Davis et al., 2020",4.0,categorical_blindspot_HIST,"Review for relabel: classifier predicted GLUT, literature verifies HIST (source: Davis et al., 2020, confidence 4.0/5)"
720575940636227696,ORN_DL3,SER,ACH,"Carlsson et al., 2010; Yasuyama et al. 1999",5.0,ORN_SER_confusion,"Review for relabel: classifier predicted SER, literature verifies ACH (source: Carlsson et al., 2010; Yasuyama et al. 1999, confidence 5.0/5)"
720575940636370424,Dm1,GABA,GLUT,"Davis et al., 2020",4.0,Dm_GLUT_confusion,"Review for relabel: classifier predicted GABA, literature verifies GLUT (source: Davis et al., 2020, confidence 4.0/5)"
720575940636388750,ORN_DL3,SER,ACH,"Carlsson et al., 2010; Yasuyama et al. 1999",5.0,ORN_SER_confusion,"Review for relabel: classifier predicted SER, literature verifies ACH (source: Carlsson et al., 2010; Yasuyama et al. 1999, confidence 5.0/5)"
720575940636390263,R7,GABA,HIST,"Davis et al., 2020",4.0,categorical_blindspot_HIST,"Review for relabel: classifier predicted GABA, literature verifies HIST (source: Davis et al., 2020, confidence 4.0/5)"
720575940636660855,R7,GABA,HIST,"Davis et al., 2020",4.0,categorical_blindspot_HIST,"Review for relabel: classifier predicted GABA, literature verifies HIST (source: Davis et al., 2020, confidence 4.0/5)"
720575940636715998,R7,GLUT,HIST,"Davis et al., 2020",4.0,categorical_blindspot_HIST,"Review for relabel: classifier predicted GLUT, literature verifies HIST (source: Davis et al., 2020, confidence 4.0/5)"
720575940636741488,ORN_DM2,SER,ACH,"Carlsson et al., 2010; Yasuyama et al. 1999",5.0,ORN_SER_confusion,"Review for relabel: classifier predicted SER, literature verifies ACH (source: Carlsson et al., 2010; Yasuyama et al. 1999, confidence 5.0/5)"
720575940636748911,R8,GLUT,"ACH,HIST","Davis et al., 2020; Sarthy 1991",5.0,categorical_blindspot_HIST,"Review for relabel: classifier predicted GLUT, literature verifies ACH/HIST (source: Davis et al., 2020; Sarthy 1991, confidence 5.0/5)"
720575940636753118,ORN_DA4m,SER,ACH,"Carlsson et al., 2010; Yasuyama et al. 1999",5.0,ORN_SER_confusion,"Review for relabel: classifier predicted SER, literature verifies ACH (source: Carlsson et al., 2010; Yasuyama et al. 1999, confidence 5.0/5)"
720575940636781167,R8,GLUT,"ACH,HIST","Davis et al., 2020; Sarthy 1991",5.0,categorical_blindspot_HIST,"Review for relabel: classifier predicted GLUT, literature verifies ACH/HIST (source: Davis et al., 2020; Sarthy 1991, confidence 5.0/5)"
720575940636832375,R7,GABA,HIST,"Davis et al., 2020",4.0,categorical_blindspot_HIST,"Review for relabel: classifier predicted GABA, literature verifies HIST (source: Davis et al., 2020, confidence 4.0/5)"
720575940636868727,Dm12,GABA,GLUT,"Davis et al., 2020",4.0,Dm_GLUT_confusion,"Review for relabel: classifier predicted GABA, literature verifies GLUT (source: Davis et al., 2020, confidence 4.0/5)"
720575940636879215,Dm12,GABA,GLUT,"Davis et al., 2020",4.0,Dm_GLUT_confusion,"Review for relabel: classifier predicted GABA, literature verifies GLUT (source: Davis et al., 2020, confidence 4.0/5)"
720575940636883034,ORN_DM3,SER,ACH,"Carlsson et al., 2010; Yasuyama et al. 1999",5.0,ORN_SER_confusion,"Review for relabel: classifier predicted SER, literature verifies ACH (source: Carlsson et al., 2010; Yasuyama et al. 1999, confidence 5.0/5)"
720575940636922735,R8,GABA,"ACH,HIST","Davis et al., 2020; Sarthy 1991",5.0,categorical_blindspot_HIST,"Review for relabel: classifier predicted GABA, literature verifies ACH/HIST (source: Davis et al., 2020; Sarthy 1991, confidence 5.0/5)"
720575940636942447,R7,GLUT,HIST,"Davis et al., 2020",4.0,categorical_blindspot_HIST,"Review for relabel: classifier predicted GLUT, literature verifies HIST (source: Davis et al., 2020, confidence 4.0/5)"
720575940637030007,R8,GABA,"ACH,HIST","Davis et al., 2020; Sarthy 1991",5.0,categorical_blindspot_HIST,"Review for relabel: classifier predicted GABA, literature verifies ACH/HIST (source: Davis et al., 2020; Sarthy 1991, confidence 5.0/5)"
720575940637254628,ORN_DA4l,SER,ACH,"Carlsson et al., 2010; Yasuyama et al. 1999",5.0,ORN_SER_confusion,"Review for relabel: classifier predicted SER, literature verifies ACH (source: Carlsson et al., 2010; Yasuyama et al. 1999, confidence 5.0/5)"
720575940637259895,R7,GLUT,HIST,"Davis et al., 2020",4.0,categorical_blindspot_HIST,"Review for relabel: classifier predicted GLUT, literature verifies HIST (source: Davis et al., 2020, confidence 4.0/5)"
720575940637271214,Dm12,GABA,GLUT,"Davis et al., 2020",4.0,Dm_GLUT_confusion,"Review for relabel: classifier predicted GABA, literature verifies GLUT (source: Davis et al., 2020, confidence 4.0/5)"
720575940637621349,R7,ACH,HIST,"Davis et al., 2020",4.0,categorical_blindspot_HIST,"Review for relabel: classifier predicted ACH, literature verifies HIST (source: Davis et al., 2020, confidence 4.0/5)"
720575940637664478,Dm1,GABA,GLUT,"Davis et al., 2020",4.0,Dm_GLUT_confusion,"Review for relabel: classifier predicted GABA, literature verifies GLUT (source: Davis et al., 2020, confidence 4.0/5)"
720575940637806766,R7,GABA,HIST,"Davis et al., 2020",4.0,categorical_blindspot_HIST,"Review for relabel: classifier predicted GABA, literature verifies HIST (source: Davis et al., 2020, confidence 4.0/5)"
720575940637820272,R8,GABA,"ACH,HIST","Davis et al., 2020; Sarthy 1991",5.0,categorical_blindspot_HIST,"Review for relabel: classifier predicted GABA, literature verifies ACH/HIST (source: Davis et al., 2020; Sarthy 1991, confidence 5.0/5)"
720575940637846069,ORN_VA2,SER,ACH,"Carlsson et al., 2010; Yasuyama et al. 1999",5.0,ORN_SER_confusion,"Review for relabel: classifier predicted SER, literature verifies ACH (source: Carlsson et al., 2010; Yasuyama et al. 1999, confidence 5.0/5)"
720575940637921392,R7,ACH,HIST,"Davis et al., 2020",4.0,categorical_blindspot_HIST,"Review for relabel: classifier predicted ACH, literature verifies HIST (source: Davis et al., 2020, confidence 4.0/5)"
720575940637965621,ORN_DL3,SER,ACH,"Carlsson et al., 2010; Yasuyama et al. 1999",5.0,ORN_SER_confusion,"Review for relabel: classifier predicted SER, literature verifies ACH (source: Carlsson et al., 2010; Yasuyama et al. 1999, confidence 5.0/5)"
720575940638106736,R7,ACH,HIST,"Davis et al., 2020",4.0,categorical_blindspot_HIST,"Review for relabel: classifier predicted ACH, literature verifies HIST (source: Davis et al., 2020, confidence 4.0/5)"
720575940638181086,R7,GABA,HIST,"Davis et al., 2020",4.0,categorical_blindspot_HIST,"Review for relabel: classifier predicted GABA, literature verifies HIST (source: Davis et al., 2020, confidence 4.0/5)"
720575940638404580,R7,GLUT,HIST,"Davis et al., 2020",4.0,categorical_blindspot_HIST,"Review for relabel: classifier predicted GLUT, literature verifies HIST (source: Davis et al., 2020, confidence 4.0/5)"
720575940638428382,Dm12,GABA,GLUT,"Davis et al., 2020",4.0,Dm_GLUT_confusion,"Review for relabel: classifier predicted GABA, literature verifies GLUT (source: Davis et al., 2020, confidence 4.0/5)"
720575940638525662,R7,ACH,HIST,"Davis et al., 2020",4.0,categorical_blindspot_HIST,"Review for relabel: classifier predicted ACH, literature verifies HIST (source: Davis et al., 2020, confidence 4.0/5)"
720575940638542426,ORN_DA4l,SER,ACH,"Carlsson et al., 2010; Yasuyama et al. 1999",5.0,ORN_SER_confusion,"Review for relabel: classifier predicted SER, literature verifies ACH (source: Carlsson et al., 2010; Yasuyama et al. 1999, confidence 5.0/5)"
720575940638576829,ORN_DM2,SER,ACH,"Carlsson et al., 2010; Yasuyama et al. 1999",5.0,ORN_SER_confusion,"Review for relabel: classifier predicted SER, literature verifies ACH (source: Carlsson et al., 2010; Yasuyama et al. 1999, confidence 5.0/5)"
720575940638630889,R7,GABA,HIST,"Davis et al., 2020",4.0,categorical_blindspot_HIST,"Review for relabel: classifier predicted GABA, literature verifies HIST (source: Davis et al., 2020, confidence 4.0/5)"
720575940638749274,R8,GLUT,"ACH,HIST","Davis et al., 2020; Sarthy 1991",5.0,categorical_blindspot_HIST,"Review for relabel: classifier predicted GLUT, literature verifies ACH/HIST (source: Davis et al., 2020; Sarthy 1991, confidence 5.0/5)"
720575940638798052,R7,GLUT,HIST,"Davis et al., 2020",4.0,categorical_blindspot_HIST,"Review for relabel: classifier predicted GLUT, literature verifies HIST (source: Davis et al., 2020, confidence 4.0/5)"
720575940638852736,ORN_VA2,SER,ACH,"Carlsson et al., 2010; Yasuyama et al. 1999",5.0,ORN_SER_confusion,"Review for relabel: classifier predicted SER, literature verifies ACH (source: Carlsson et al., 2010; Yasuyama et al. 1999, confidence 5.0/5)"
720575940639003455,R8,GABA,"ACH,HIST","Davis et al., 2020; Sarthy 1991",5.0,categorical_blindspot_HIST,"Review for relabel: classifier predicted GABA, literature verifies ACH/HIST (source: Davis et al., 2020; Sarthy 1991, confidence 5.0/5)"
720575940639006948,R8,GLUT,"ACH,HIST","Davis et al., 2020; Sarthy 1991",5.0,categorical_blindspot_HIST,"Review for relabel: classifier predicted GLUT, literature verifies ACH/HIST (source: Davis et al., 2020; Sarthy 1991, confidence 5.0/5)"
720575940639021540,R7,GABA,HIST,"Davis et al., 2020",4.0,categorical_blindspot_HIST,"Review for relabel: classifier predicted GABA, literature verifies HIST (source: Davis et al., 2020, confidence 4.0/5)"
720575940639024462,ORN_DM2,SER,ACH,"Carlsson et al., 2010; Yasuyama et al. 1999",5.0,ORN_SER_confusion,"Review for relabel: classifier predicted SER, literature verifies ACH (source: Carlsson et al., 2010; Yasuyama et al. 1999, confidence 5.0/5)"
720575940639028312,ORN_DA3,SER,ACH,"Carlsson et al., 2010; Yasuyama et al. 1999",5.0,ORN_SER_confusion,"Review for relabel: classifier predicted SER, literature verifies ACH (source: Carlsson et al., 2010; Yasuyama et al. 1999, confidence 5.0/5)"
720575940639054569,R8,GLUT,"ACH,HIST","Davis et al., 2020; Sarthy 1991",5.0,categorical_blindspot_HIST,"Review for relabel: classifier predicted GLUT, literature verifies ACH/HIST (source: Davis et al., 2020; Sarthy 1991, confidence 5.0/5)"
720575940639062106,R8,GLUT,"ACH,HIST","Davis et al., 2020; Sarthy 1991",5.0,categorical_blindspot_HIST,"Review for relabel: classifier predicted GLUT, literature verifies ACH/HIST (source: Davis et al., 2020; Sarthy 1991, confidence 5.0/5)"
720575940639064297,R8,GLUT,"ACH,HIST","Davis et al., 2020; Sarthy 1991",5.0,categorical_blindspot_HIST,"Review for relabel: classifier predicted GLUT, literature verifies ACH/HIST (source: Davis et al., 2020; Sarthy 1991, confidence 5.0/5)"
720575940639070554,Dm12,GABA,GLUT,"Davis et al., 2020",4.0,Dm_GLUT_confusion,"Review for relabel: classifier predicted GABA, literature verifies GLUT (source: Davis et al., 2020, confidence 4.0/5)"
720575940639076696,ORN_DL4,SER,ACH,"Carlsson et al., 2010; Yasuyama et al. 1999",5.0,ORN_SER_confusion,"Review for relabel: classifier predicted SER, literature verifies ACH (source: Carlsson et al., 2010; Yasuyama et al. 1999, confidence 5.0/5)"
720575940639089571,ORN_DL3,SER,ACH,"Carlsson et al., 2010; Yasuyama et al. 1999",5.0,ORN_SER_confusion,"Review for relabel: classifier predicted SER, literature verifies ACH (source: Carlsson et al., 2010; Yasuyama et al. 1999, confidence 5.0/5)"
720575940639102015,R7,GABA,HIST,"Davis et al., 2020",4.0,categorical_blindspot_HIST,"Review for relabel: classifier predicted GABA, literature verifies HIST (source: Davis et al., 2020, confidence 4.0/5)"
720575940639163108,Dm1,GABA,GLUT,"Davis et al., 2020",4.0,Dm_GLUT_confusion,"Review for relabel: classifier predicted GABA, literature verifies GLUT (source: Davis et al., 2020, confidence 4.0/5)"
720575940639258431,R7,GABA,HIST,"Davis et al., 2020",4.0,categorical_blindspot_HIST,"Review for relabel: classifier predicted GABA, literature verifies HIST (source: Davis et al., 2020, confidence 4.0/5)"
720575940639279686,R7,GLUT,HIST,"Davis et al., 2020",4.0,categorical_blindspot_HIST,"Review for relabel: classifier predicted GLUT, literature verifies HIST (source: Davis et al., 2020, confidence 4.0/5)"
720575940639306355,ORN_DL4,SER,ACH,"Carlsson et al., 2010; Yasuyama et al. 1999",5.0,ORN_SER_confusion,"Review for relabel: classifier predicted SER, literature verifies ACH (source: Carlsson et al., 2010; Yasuyama et al. 1999, confidence 5.0/5)"
720575940639439174,R7,GLUT,HIST,"Davis et al., 2020",4.0,categorical_blindspot_HIST,"Review for relabel: classifier predicted GLUT, literature verifies HIST (source: Davis et al., 2020, confidence 4.0/5)"
720575940639448528,ORN_VA2,SER,ACH,"Carlsson et al., 2010; Yasuyama et al. 1999",5.0,ORN_SER_confusion,"Review for relabel: classifier predicted SER, literature verifies ACH (source: Carlsson et al., 2010; Yasuyama et al. 1999, confidence 5.0/5)"
720575940639564496,ORN_DL3,SER,ACH,"Carlsson et al., 2010; Yasuyama et al. 1999",5.0,ORN_SER_confusion,"Review for relabel: classifier predicted SER, literature verifies ACH (source: Carlsson et al., 2010; Yasuyama et al. 1999, confidence 5.0/5)"
720575940639674200,R8,GLUT,"ACH,HIST","Davis et al., 2020; Sarthy 1991",5.0,categorical_blindspot_HIST,"Review for relabel: classifier predicted GLUT, literature verifies ACH/HIST (source: Davis et al., 2020; Sarthy 1991, confidence 5.0/5)"
720575940639696829,R8,GLUT,"ACH,HIST","Davis et al., 2020; Sarthy 1991",5.0,categorical_blindspot_HIST,"Review for relabel: classifier predicted GLUT, literature verifies ACH/HIST (source: Davis et al., 2020; Sarthy 1991, confidence 5.0/5)"
720575940639698766,R7,GLUT,HIST,"Davis et al., 2020",4.0,categorical_blindspot_HIST,"Review for relabel: classifier predicted GLUT, literature verifies HIST (source: Davis et al., 2020, confidence 4.0/5)"
720575940639864765,R7,GABA,HIST,"Davis et al., 2020",4.0,categorical_blindspot_HIST,"Review for relabel: classifier predicted GABA, literature verifies HIST (source: Davis et al., 2020, confidence 4.0/5)"
720575940640047925,R8,GABA,"ACH,HIST","Davis et al., 2020; Sarthy 1991",5.0,categorical_blindspot_HIST,"Review for relabel: classifier predicted GABA, literature verifies ACH/HIST (source: Davis et al., 2020; Sarthy 1991, confidence 5.0/5)"
720575940640063805,R7,GABA,HIST,"Davis et al., 2020",4.0,categorical_blindspot_HIST,"Review for relabel: classifier predicted GABA, literature verifies HIST (source: Davis et al., 2020, confidence 4.0/5)"
720575940640113616,ORN_DL3,SER,ACH,"Carlsson et al., 2010; Yasuyama et al. 1999",5.0,ORN_SER_confusion,"Review for relabel: classifier predicted SER, literature verifies ACH (source: Carlsson et al., 2010; Yasuyama et al. 1999, confidence 5.0/5)"
720575940640152509,R8,GLUT,"ACH,HIST","Davis et al., 2020; Sarthy 1991",5.0,categorical_blindspot_HIST,"Review for relabel: classifier predicted GLUT, literature verifies ACH/HIST (source: Davis et al., 2020; Sarthy 1991, confidence 5.0/5)"
720575940640206781,R7,ACH,HIST,"Davis et al., 2020",4.0,categorical_blindspot_HIST,"Review for relabel: classifier predicted ACH, literature verifies HIST (source: Davis et al., 2020, confidence 4.0/5)"
720575940640214643,R8,GABA,"ACH,HIST","Davis et al., 2020; Sarthy 1991",5.0,categorical_blindspot_HIST,"Review for relabel: classifier predicted GABA, literature verifies ACH/HIST (source: Davis et al., 2020; Sarthy 1991, confidence 5.0/5)"
720575940640426611,R8,GLUT,"ACH,HIST","Davis et al., 2020; Sarthy 1991",5.0,categorical_blindspot_HIST,"Review for relabel: classifier predicted GLUT, literature verifies ACH/HIST (source: Davis et al., 2020; Sarthy 1991, confidence 5.0/5)"
720575940640558755,R7,GABA,HIST,"Davis et al., 2020",4.0,categorical_blindspot_HIST,"Review for relabel: classifier predicted GABA, literature verifies HIST (source: Davis et al., 2020, confidence 4.0/5)"
720575940640581235,R7,GABA,HIST,"Davis et al., 2020",4.0,categorical_blindspot_HIST,"Review for relabel: classifier predicted GABA, literature verifies HIST (source: Davis et al., 2020, confidence 4.0/5)"
720575940640592755,Dm12,GABA,GLUT,"Davis et al., 2020",4.0,Dm_GLUT_confusion,"Review for relabel: classifier predicted GABA, literature verifies GLUT (source: Davis et al., 2020, confidence 4.0/5)"
720575940640595840,ORN_DA4l,SER,ACH,"Carlsson et al., 2010; Yasuyama et al. 1999",5.0,ORN_SER_confusion,"Review for relabel: classifier predicted SER, literature verifies ACH (source: Carlsson et al., 2010; Yasuyama et al. 1999, confidence 5.0/5)"
720575940640655779,R8,GLUT,"ACH,HIST","Davis et al., 2020; Sarthy 1991",5.0,categorical_blindspot_HIST,"Review for relabel: classifier predicted GLUT, literature verifies ACH/HIST (source: Davis et al., 2020; Sarthy 1991, confidence 5.0/5)"
720575940640674211,R8,GLUT,"ACH,HIST","Davis et al., 2020; Sarthy 1991",5.0,categorical_blindspot_HIST,"Review for relabel: classifier predicted GLUT, literature verifies ACH/HIST (source: Davis et al., 2020; Sarthy 1991, confidence 5.0/5)"
720575940640677795,R8,GLUT,"ACH,HIST","Davis et al., 2020; Sarthy 1991",5.0,categorical_blindspot_HIST,"Review for relabel: classifier predicted GLUT, literature verifies ACH/HIST (source: Davis et al., 2020; Sarthy 1991, confidence 5.0/5)"
720575940640690339,R8,GLUT,"ACH,HIST","Davis et al., 2020; Sarthy 1991",5.0,categorical_blindspot_HIST,"Review for relabel: classifier predicted GLUT, literature verifies ACH/HIST (source: Davis et al., 2020; Sarthy 1991, confidence 5.0/5)"
720575940640740979,Dm12,GABA,GLUT,"Davis et al., 2020",4.0,Dm_GLUT_confusion,"Review for relabel: classifier predicted GABA, literature verifies GLUT (source: Davis et al., 2020, confidence 4.0/5)"
720575940640851189,ORN_VM3,SER,ACH,"Carlsson et al., 2010; Yasuyama et al. 1999",5.0,ORN_SER_confusion,"Review for relabel: classifier predicted SER, literature verifies ACH (source: Carlsson et al., 2010; Yasuyama et al. 1999, confidence 5.0/5)"
720575940641039067,ORN_DM2,SER,ACH,"Carlsson et al., 2010; Yasuyama et al. 1999",5.0,ORN_SER_confusion,"Review for relabel: classifier predicted SER, literature verifies ACH (source: Carlsson et al., 2010; Yasuyama et al. 1999, confidence 5.0/5)"
720575940641063632,R7,GABA,HIST,"Davis et al., 2020",4.0,categorical_blindspot_HIST,"Review for relabel: classifier predicted GABA, literature verifies HIST (source: Davis et al., 2020, confidence 4.0/5)"
720575940641073024,R8,GLUT,"ACH,HIST","Davis et al., 2020; Sarthy 1991",5.0,categorical_blindspot_HIST,"Review for relabel: classifier predicted GLUT, literature verifies ACH/HIST (source: Davis et al., 2020; Sarthy 1991, confidence 5.0/5)"
720575940641200512,R8,GABA,"ACH,HIST","Davis et al., 2020; Sarthy 1991",5.0,categorical_blindspot_HIST,"Review for relabel: classifier predicted GABA, literature verifies ACH/HIST (source: Davis et al., 2020; Sarthy 1991, confidence 5.0/5)"
720575940641282523,ORN_DM3,SER,ACH,"Carlsson et al., 2010; Yasuyama et al. 1999",5.0,ORN_SER_confusion,"Review for relabel: classifier predicted SER, literature verifies ACH (source: Carlsson et al., 2010; Yasuyama et al. 1999, confidence 5.0/5)"
720575940641534197,R8,GLUT,"ACH,HIST","Davis et al., 2020; Sarthy 1991",5.0,categorical_blindspot_HIST,"Review for relabel: classifier predicted GLUT, literature verifies ACH/HIST (source: Davis et al., 2020; Sarthy 1991, confidence 5.0/5)"
720575940641989877,Dm1,GABA,GLUT,"Davis et al., 2020",4.0,Dm_GLUT_confusion,"Review for relabel: classifier predicted GABA, literature verifies GLUT (source: Davis et al., 2020, confidence 4.0/5)"
720575940642225627,Dm12,GABA,GLUT,"Davis et al., 2020",4.0,Dm_GLUT_confusion,"Review for relabel: classifier predicted GABA, literature verifies GLUT (source: Davis et al., 2020, confidence 4.0/5)"
720575940643065997,R7,GABA,HIST,"Davis et al., 2020",4.0,categorical_blindspot_HIST,"Review for relabel: classifier predicted GABA, literature verifies HIST (source: Davis et al., 2020, confidence 4.0/5)"
720575940643199885,R7,GABA,HIST,"Davis et al., 2020",4.0,categorical_blindspot_HIST,"Review for relabel: classifier predicted GABA, literature verifies HIST (source: Davis et al., 2020, confidence 4.0/5)"
720575940643202445,R8,GLUT,"ACH,HIST","Davis et al., 2020; Sarthy 1991",5.0,categorical_blindspot_HIST,"Review for relabel: classifier predicted GLUT, literature verifies ACH/HIST (source: Davis et al., 2020; Sarthy 1991, confidence 5.0/5)"
720575940643407520,ORN_DM3,SER,ACH,"Carlsson et al., 2010; Yasuyama et al. 1999",5.0,ORN_SER_confusion,"Review for relabel: classifier predicted SER, literature verifies ACH (source: Carlsson et al., 2010; Yasuyama et al. 1999, confidence 5.0/5)"
720575940643425992,R7,GLUT,HIST,"Davis et al., 2020",4.0,categorical_blindspot_HIST,"Review for relabel: classifier predicted GLUT, literature verifies HIST (source: Davis et al., 2020, confidence 4.0/5)"
720575940643931336,ORN_DM3,SER,ACH,"Carlsson et al., 2010; Yasuyama et al. 1999",5.0,ORN_SER_confusion,"Review for relabel: classifier predicted SER, literature verifies ACH (source: Carlsson et al., 2010; Yasuyama et al. 1999, confidence 5.0/5)"
720575940644028452,ORN_VA2,SER,ACH,"Carlsson et al., 2010; Yasuyama et al. 1999",5.0,ORN_SER_confusion,"Review for relabel: classifier predicted SER, literature verifies ACH (source: Carlsson et al., 2010; Yasuyama et al. 1999, confidence 5.0/5)"
720575940644076398,ORN_VA2,SER,ACH,"Carlsson et al., 2010; Yasuyama et al. 1999",5.0,ORN_SER_confusion,"Review for relabel: classifier predicted SER, literature verifies ACH (source: Carlsson et al., 2010; Yasuyama et al. 1999, confidence 5.0/5)"
720575940644088480,R7,GABA,HIST,"Davis et al., 2020",4.0,categorical_blindspot_HIST,"Review for relabel: classifier predicted GABA, literature verifies HIST (source: Davis et al., 2020, confidence 4.0/5)"
720575940644221038,ORN_DL3,SER,ACH,"Carlsson et al., 2010; Yasuyama et al. 1999",5.0,ORN_SER_confusion,"Review for relabel: classifier predicted SER, literature verifies ACH (source: Carlsson et al., 2010; Yasuyama et al. 1999, confidence 5.0/5)"
720575940644260768,R8,GLUT,"ACH,HIST","Davis et al., 2020; Sarthy 1991",5.0,categorical_blindspot_HIST,"Review for relabel: classifier predicted GLUT, literature verifies ACH/HIST (source: Davis et al., 2020; Sarthy 1991, confidence 5.0/5)"
720575940644542755,R7,GABA,HIST,"Davis et al., 2020",4.0,categorical_blindspot_HIST,"Review for relabel: classifier predicted GABA, literature verifies HIST (source: Davis et al., 2020, confidence 4.0/5)"
720575940644599712,R7,GABA,HIST,"Davis et al., 2020",4.0,categorical_blindspot_HIST,"Review for relabel: classifier predicted GABA, literature verifies HIST (source: Davis et al., 2020, confidence 4.0/5)"
720575940644624032,Dm12,GABA,GLUT,"Davis et al., 2020",4.0,Dm_GLUT_confusion,"Review for relabel: classifier predicted GABA, literature verifies GLUT (source: Davis et al., 2020, confidence 4.0/5)"
720575940644638112,Dm12,GABA,GLUT,"Davis et al., 2020",4.0,Dm_GLUT_confusion,"Review for relabel: classifier predicted GABA, literature verifies GLUT (source: Davis et al., 2020, confidence 4.0/5)"
720575940644726728,R8,GABA,"ACH,HIST","Davis et al., 2020; Sarthy 1991",5.0,categorical_blindspot_HIST,"Review for relabel: classifier predicted GABA, literature verifies ACH/HIST (source: Davis et al., 2020; Sarthy 1991, confidence 5.0/5)"
720575940644746606,ORN_DL3,SER,ACH,"Carlsson et al., 2010; Yasuyama et al. 1999",5.0,ORN_SER_confusion,"Review for relabel: classifier predicted SER, literature verifies ACH (source: Carlsson et al., 2010; Yasuyama et al. 1999, confidence 5.0/5)"
720575940644754592,R7,GLUT,HIST,"Davis et al., 2020",4.0,categorical_blindspot_HIST,"Review for relabel: classifier predicted GLUT, literature verifies HIST (source: Davis et al., 2020, confidence 4.0/5)"
720575940644883656,R7,GABA,HIST,"Davis et al., 2020",4.0,categorical_blindspot_HIST,"Review for relabel: classifier predicted GABA, literature verifies HIST (source: Davis et al., 2020, confidence 4.0/5)"
720575940645050568,R8,GLUT,"ACH,HIST","Davis et al., 2020; Sarthy 1991",5.0,categorical_blindspot_HIST,"Review for relabel: classifier predicted GLUT, literature verifies ACH/HIST (source: Davis et al., 2020; Sarthy 1991, confidence 5.0/5)"
720575940645576756,ORN_VA2,SER,ACH,"Carlsson et al., 2010; Yasuyama et al. 1999",5.0,ORN_SER_confusion,"Review for relabel: classifier predicted SER, literature verifies ACH (source: Carlsson et al., 2010; Yasuyama et al. 1999, confidence 5.0/5)"
720575940645612579,ORN_DA4l,SER,ACH,"Carlsson et al., 2010; Yasuyama et al. 1999",5.0,ORN_SER_confusion,"Review for relabel: classifier predicted SER, literature verifies ACH (source: Carlsson et al., 2010; Yasuyama et al. 1999, confidence 5.0/5)"
720575940645689892,R7,GLUT,HIST,"Davis et al., 2020",4.0,categorical_blindspot_HIST,"Review for relabel: classifier predicted GLUT, literature verifies HIST (source: Davis et al., 2020, confidence 4.0/5)"
720575940645859863,R7,GABA,HIST,"Davis et al., 2020",4.0,categorical_blindspot_HIST,"Review for relabel: classifier predicted GABA, literature verifies HIST (source: Davis et al., 2020, confidence 4.0/5)"
720575940645877271,R8,GLUT,"ACH,HIST","Davis et al., 2020; Sarthy 1991",5.0,categorical_blindspot_HIST,"Review for relabel: classifier predicted GLUT, literature verifies ACH/HIST (source: Davis et al., 2020; Sarthy 1991, confidence 5.0/5)"
720575940645899799,R7,GABA,HIST,"Davis et al., 2020",4.0,categorical_blindspot_HIST,"Review for relabel: classifier predicted GABA, literature verifies HIST (source: Davis et al., 2020, confidence 4.0/5)"
720575940646039075,ORN_DA4l,SER,ACH,"Carlsson et al., 2010; Yasuyama et al. 1999",5.0,ORN_SER_confusion,"Review for relabel: classifier predicted SER, literature verifies ACH (source: Carlsson et al., 2010; Yasuyama et al. 1999, confidence 5.0/5)"
720575940646047511,R7,GLUT,HIST,"Davis et al., 2020",4.0,categorical_blindspot_HIST,"Review for relabel: classifier predicted GLUT, literature verifies HIST (source: Davis et al., 2020, confidence 4.0/5)"
720575940646120324,ORN_VA2,SER,ACH,"Carlsson et al., 2010; Yasuyama et al. 1999",5.0,ORN_SER_confusion,"Review for relabel: classifier predicted SER, literature verifies ACH (source: Carlsson et al., 2010; Yasuyama et al. 1999, confidence 5.0/5)"
720575940646380654,R8,GLUT,"ACH,HIST","Davis et al., 2020; Sarthy 1991",5.0,categorical_blindspot_HIST,"Review for relabel: classifier predicted GLUT, literature verifies ACH/HIST (source: Davis et al., 2020; Sarthy 1991, confidence 5.0/5)"
720575940646484020,ORN_DM3,SER,ACH,"Carlsson et al., 2010; Yasuyama et al. 1999",5.0,ORN_SER_confusion,"Review for relabel: classifier predicted SER, literature verifies ACH (source: Carlsson et al., 2010; Yasuyama et al. 1999, confidence 5.0/5)"
720575940646672260,ORN_DM3,SER,ACH,"Carlsson et al., 2010; Yasuyama et al. 1999",5.0,ORN_SER_confusion,"Review for relabel: classifier predicted SER, literature verifies ACH (source: Carlsson et al., 2010; Yasuyama et al. 1999, confidence 5.0/5)"
720575940647041315,R7,GLUT,HIST,"Davis et al., 2020",4.0,categorical_blindspot_HIST,"Review for relabel: classifier predicted GLUT, literature verifies HIST (source: Davis et al., 2020, confidence 4.0/5)"
720575940647097732,ORN_DM2,SER,ACH,"Carlsson et al., 2010; Yasuyama et al. 1999",5.0,ORN_SER_confusion,"Review for relabel: classifier predicted SER, literature verifies ACH (source: Carlsson et al., 2010; Yasuyama et al. 1999, confidence 5.0/5)"
720575940647152931,R8,GLUT,"ACH,HIST","Davis et al., 2020; Sarthy 1991",5.0,categorical_blindspot_HIST,"Review for relabel: classifier predicted GLUT, literature verifies ACH/HIST (source: Davis et al., 2020; Sarthy 1991, confidence 5.0/5)"
720575940647181091,R7,GABA,HIST,"Davis et al., 2020",4.0,categorical_blindspot_HIST,"Review for relabel: classifier predicted GABA, literature verifies HIST (source: Davis et al., 2020, confidence 4.0/5)"
720575940647182627,R7,GLUT,HIST,"Davis et al., 2020",4.0,categorical_blindspot_HIST,"Review for relabel: classifier predicted GLUT, literature verifies HIST (source: Davis et al., 2020, confidence 4.0/5)"
720575940647406115,R7,GABA,HIST,"Davis et al., 2020",4.0,categorical_blindspot_HIST,"Review for relabel: classifier predicted GABA, literature verifies HIST (source: Davis et al., 2020, confidence 4.0/5)"
720575940647750196,R7,GLUT,HIST,"Davis et al., 2020",4.0,categorical_blindspot_HIST,"Review for relabel: classifier predicted GLUT, literature verifies HIST (source: Davis et al., 2020, confidence 4.0/5)"
720575940647793716,R7,GLUT,HIST,"Davis et al., 2020",4.0,categorical_blindspot_HIST,"Review for relabel: classifier predicted GLUT, literature verifies HIST (source: Davis et al., 2020, confidence 4.0/5)"
720575940647849012,R7,GABA,HIST,"Davis et al., 2020",4.0,categorical_blindspot_HIST,"Review for relabel: classifier predicted GABA, literature verifies HIST (source: Davis et al., 2020, confidence 4.0/5)"
720575940648192900,R7,GLUT,HIST,"Davis et al., 2020",4.0,categorical_blindspot_HIST,"Review for relabel: classifier predicted GLUT, literature verifies HIST (source: Davis et al., 2020, confidence 4.0/5)"
720575940648473476,R7,GABA,HIST,"Davis et al., 2020",4.0,categorical_blindspot_HIST,"Review for relabel: classifier predicted GABA, literature verifies HIST (source: Davis et al., 2020, confidence 4.0/5)"
720575940648476036,R7,GABA,HIST,"Davis et al., 2020",4.0,categorical_blindspot_HIST,"Review for relabel: classifier predicted GABA, literature verifies HIST (source: Davis et al., 2020, confidence 4.0/5)"
720575940648554628,R7,GLUT,HIST,"Davis et al., 2020",4.0,categorical_blindspot_HIST,"Review for relabel: classifier predicted GLUT, literature verifies HIST (source: Davis et al., 2020, confidence 4.0/5)"
720575940648565892,R7,ACH,HIST,"Davis et al., 2020",4.0,categorical_blindspot_HIST,"Review for relabel: classifier predicted ACH, literature verifies HIST (source: Davis et al., 2020, confidence 4.0/5)"
720575940649434489,ORN_DM3,SER,ACH,"Carlsson et al., 2010; Yasuyama et al. 1999",5.0,ORN_SER_confusion,"Review for relabel: classifier predicted SER, literature verifies ACH (source: Carlsson et al., 2010; Yasuyama et al. 1999, confidence 5.0/5)"
720575940650003577,ORN_DA4l,SER,ACH,"Carlsson et al., 2010; Yasuyama et al. 1999",5.0,ORN_SER_confusion,"Review for relabel: classifier predicted SER, literature verifies ACH (source: Carlsson et al., 2010; Yasuyama et al. 1999, confidence 5.0/5)"
720575940653401846,R7,GABA,HIST,"Davis et al., 2020",4.0,categorical_blindspot_HIST,"Review for relabel: classifier predicted GABA, literature verifies HIST (source: Davis et al., 2020, confidence 4.0/5)"
720575940653436406,R7,GLUT,HIST,"Davis et al., 2020",4.0,categorical_blindspot_HIST,"Review for relabel: classifier predicted GLUT, literature verifies HIST (source: Davis et al., 2020, confidence 4.0/5)"
720575940654194337,ORN_DM2,SER,ACH,"Carlsson et al., 2010; Yasuyama et al. 1999",5.0,ORN_SER_confusion,"Review for relabel: classifier predicted SER, literature verifies ACH (source: Carlsson et al., 2010; Yasuyama et al. 1999, confidence 5.0/5)"
720575940654851489,ORN_DA4m,SER,ACH,"Carlsson et al., 2010; Yasuyama et al. 1999",5.0,ORN_SER_confusion,"Review for relabel: classifier predicted SER, literature verifies ACH (source: Carlsson et al., 2010; Yasuyama et al. 1999, confidence 5.0/5)"
720575940655010209,ORN_DM2,SER,ACH,"Carlsson et al., 2010; Yasuyama et al. 1999",5.0,ORN_SER_confusion,"Review for relabel: classifier predicted SER, literature verifies ACH (source: Carlsson et al., 2010; Yasuyama et al. 1999, confidence 5.0/5)"
720575940655971489,R7,GABA,HIST,"Davis et al., 2020",4.0,categorical_blindspot_HIST,"Review for relabel: classifier predicted GABA, literature verifies HIST (source: Davis et al., 2020, confidence 4.0/5)"
720575940660740481,R7,GABA,HIST,"Davis et al., 2020",4.0,categorical_blindspot_HIST,"Review for relabel: classifier predicted GABA, literature verifies HIST (source: Davis et al., 2020, confidence 4.0/5)"
720575940660868737,R7,GABA,HIST,"Davis et al., 2020",4.0,categorical_blindspot_HIST,"Review for relabel: classifier predicted GABA, literature verifies HIST (source: Davis et al., 2020, confidence 4.0/5)"
720575940660884097,R7,GABA,HIST,"Davis et al., 2020",4.0,categorical_blindspot_HIST,"Review for relabel: classifier predicted GABA, literature verifies HIST (source: Davis et al., 2020, confidence 4.0/5)"
720575940660931713,R7,ACH,HIST,"Davis et al., 2020",4.0,categorical_blindspot_HIST,"Review for relabel: classifier predicted ACH, literature verifies HIST (source: Davis et al., 2020, confidence 4.0/5)"
