root_id,nt_label,partner_Dm8b,partner_Dm8a,partner_Dm9,partner_MeTu3c,partner_R8,partner_Tm5b,partner_Dm11,partner_MeTu3b,partner_Tm5a,partner_L3,partner_DmDRA1,partner_Dm2,partner_Tm20,partner_MeTu2a,partner_Mi15,partner_Sm01,partner_Mi9,partner_aMe12,partner_MeTu3a,partner_Mi4,partner_Tm5d,partner_MeMe_e10,partner_MeTu2b,partner_Tm27,partner_Tm5c,partner_L1,partner_Dm4,partner_DmDRA2,partner_Mi1,partner_R7
720575940605179360,GABA,0.0,0.3728813559322034,0.1751412429378531,0.06779661016949153,0.05084745762711865,0.0,0.062146892655367235,0.15819209039548024,0.07344632768361582,0.03954802259887006,0.0,0.0,0.0,0.0,0.0,0.0,0.0,0.0,0.0,0.0,0.0,0.0,0.0,0.0,0.0,0.0,0.0,0.0,0.0,0.0
720575940606247456,OCT,0.4823529411764706,0.041176470588235294,0.07647058823529412,0.041176470588235294,0.047058823529411764,0.047058823529411764,0.047058823529411764,0.0,0.06470588235294118,0.029411764705882353,0.0,0.029411764705882353,0.03529411764705882,0.0,0.0,0.029411764705882353,0.029411764705882353,0.0,0.0,0.0,0.0,0.0,0.0,0.0,0.0,0.0,0.0,0.0,0.0,0.0
720575940606367166,GABA,0.35555555555555557,0.06666666666666667,0.24444444444444444,0.0,0.0,0.1111111111111111,0.08888888888888889,0.0,0.0,0.0,0.0,0.0,0.07777777777777778,0.0,0.0,0.0,0.05555555555555555,0.0,0.0,0.0,0.0,0.0,0.0,0.0,0.0,0.0,0.0,0.0,0.0,0.0
720575940606377062,GLUT,0.4012738853503185,0.21656050955414013,0.03821656050955414,0.06369426751592357,0.07643312101910828,0.10828025477707007,0.050955414012738856,0.0,0.0,0.044585987261146494,0.0,0.0,0.0,0.0,0.0,0.0,0.0,0.0,0.0,0.0,0.0,0.0,0.0,0.0,0.0,0.0,0.0,0.0,0.0,0.0
720575940606447793,GLUT,0.17142857142857143,0.0,0.23809523809523808,0.10952380952380952,0.09047619047619047,0.05714285714285714,0.05238095238095238,0.13333333333333333,0.0,0.04285714285714286,0.0,0.0,0.0,0.0,0.02857142857142857,0.0,0.0,0.0,0.0761904761904762,0.0,0.0,0.0,0.0,0.0,0.0,0.0,0.0,0.0,0.0,0.0
720575940606450110,GLUT,0.37540453074433655,0.09061488673139159,0.1941747572815534,0.0,0.08414239482200647,0.07766990291262135,0.025889967637540454,0.0,0.05501618122977346,0.016181229773462782,0.0,0.038834951456310676,0.042071197411003236,0.0,0.0,0.0,0.0,0.0,0.0,0.0,0.0,0.0,0.0,0.0,0.0,0.0,0.0,0.0,0.0,0.0
720575940606471345,GLUT,0.35294117647058826,0.1245674740484429,0.0,0.058823529411764705,0.06228373702422145,0.08996539792387544,0.04498269896193772,0.020761245674740483,0.0726643598615917,0.02768166089965398,0.0,0.02422145328719723,0.0,0.0,0.0,0.04844290657439446,0.0,0.01730103806228374,0.0,0.0,0.0,0.0,0.0,0.03806228373702422,0.01730103806228374,0.0,0.0,0.0,0.0,0.0
720575940606495422,GABA,0.27586206896551724,0.23275862068965517,0.3275862068965517,0.0,0.04310344827586207,0.0,0.0,0.0,0.0,0.05172413793103448,0.0,0.0,0.0,0.0,0.0,0.06896551724137931,0.0,0.0,0.0,0.0,0.0,0.0,0.0,0.0,0.0,0.0,0.0,0.0,0.0,0.0
720575940606506272,GABA,0.0,0.5546218487394958,0.058823529411764705,0.0,0.058823529411764705,0.0,0.08403361344537816,0.0,0.17647058823529413,0.06722689075630252,0.0,0.0,0.0,0.0,0.0,0.0,0.0,0.0,0.0,0.0,0.0,0.0,0.0,0.0,0.0,0.0,0.0,0.0,0.0,0.0
720575940606508646,GABA,0.47619047619047616,0.14285714285714285,0.0,0.0,0.2619047619047619,0.0,0.0,0.0,0.0,0.0,0.0,0.0,0.0,0.0,0.0,0.0,0.0,0.11904761904761904,0.0,0.0,0.0,0.0,0.0,0.0,0.0,0.0,0.0,0.0,0.0,0.0
720575940606534502,GLUT,0.372,0.036,0.236,0.084,0.0,0.108,0.028,0.0,0.068,0.02,0.0,0.02,0.0,0.0,0.0,0.0,0.0,0.0,0.0,0.028,0.0,0.0,0.0,0.0,0.0,0.0,0.0,0.0,0.0,0.0
720575940606828465,GLUT,0.14743589743589744,0.1794871794871795,0.21153846153846154,0.17307692307692307,0.03205128205128205,0.04487179487179487,0.057692307692307696,0.0641025641025641,0.0,0.0,0.0,0.05128205128205128,0.0,0.0,0.038461538461538464,0.0,0.0,0.0,0.0,0.0,0.0,0.0,0.0,0.0,0.0,0.0,0.0,0.0,0.0,0.0
720575940607438466,GLUT,0.31746031746031744,0.12698412698412698,0.30158730158730157,0.0,0.07142857142857142,0.0,0.047619047619047616,0.0,0.0,0.047619047619047616,0.0,0.03968253968253968,0.047619047619047616,0.0,0.0,0.0,0.0,0.0,0.0,0.0,0.0,0.0,0.0,0.0,0.0,0.0,0.0,0.0,0.0,0.0
720575940607722185,ACH,0.379746835443038,0.10126582278481013,0.12025316455696203,0.08860759493670886,0.06962025316455696,0.11392405063291139,0.04430379746835443,0.0,0.0,0.0,0.0,0.04430379746835443,0.0379746835443038,0.0,0.0,0.0,0.0,0.0,0.0,0.0,0.0,0.0,0.0,0.0,0.0,0.0,0.0,0.0,0.0,0.0
720575940608110466,GLUT,0.31718061674008813,0.030837004405286344,0.04405286343612335,0.32599118942731276,0.07929515418502203,0.06607929515418502,0.04405286343612335,0.048458149779735685,0.022026431718061675,0.0,0.0,0.0,0.0,0.0,0.022026431718061675,0.0,0.0,0.0,0.0,0.0,0.0,0.0,0.0,0.0,0.0,0.0,0.0,0.0,0.0,0.0
720575940608339330,OCT,0.1111111111111111,0.3333333333333333,0.0,0.0,0.31746031746031744,0.14285714285714285,0.0,0.0,0.0,0.09523809523809523,0.0,0.0,0.0,0.0,0.0,0.0,0.0,0.0,0.0,0.0,0.0,0.0,0.0,0.0,0.0,0.0,0.0,0.0,0.0,0.0
720575940608368050,ACH,0.043010752688172046,0.0,0.27956989247311825,0.043010752688172046,0.03225806451612903,0.0,0.0,0.20430107526881722,0.0,0.026881720430107527,0.16666666666666666,0.053763440860215055,0.0,0.0,0.026881720430107527,0.0,0.0,0.0,0.06451612903225806,0.03225806451612903,0.0,0.0,0.0,0.0,0.0,0.0,0.026881720430107527,0.0,0.0,0.0
720575940608943708,GABA,0.3546511627906977,0.10465116279069768,0.1511627906976744,0.0755813953488372,0.0755813953488372,0.0872093023255814,0.040697674418604654,0.046511627906976744,0.0,0.029069767441860465,0.0,0.0,0.0,0.0,0.0,0.0,0.0,0.0,0.0,0.0,0.03488372093023256,0.0,0.0,0.0,0.0,0.0,0.0,0.0,0.0,0.0
720575940609197321,GABA,0.34513274336283184,0.0,0.1415929203539823,0.0,0.08849557522123894,0.10619469026548672,0.0,0.0,0.0,0.05309734513274336,0.0,0.07079646017699115,0.07079646017699115,0.0,0.0,0.061946902654867256,0.061946902654867256,0.0,0.0,0.0,0.0,0.0,0.0,0.0,0.0,0.0,0.0,0.0,0.0,0.0
720575940609209180,SER,0.5284090909090909,0.13068181818181818,0.0,0.0,0.13068181818181818,0.0625,0.0,0.028409090909090908,0.0,0.028409090909090908,0.0,0.0,0.0,0.0,0.0,0.0625,0.0,0.0,0.0,0.0,0.028409090909090908,0.0,0.0,0.0,0.0,0.0,0.0,0.0,0.0,0.0
720575940609276681,GABA,0.46153846153846156,0.0641025641025641,0.2564102564102564,0.0,0.0,0.0,0.0,0.0,0.0,0.08974358974358974,0.0,0.0,0.0641025641025641,0.0,0.0,0.0641025641025641,0.0,0.0,0.0,0.0,0.0,0.0,0.0,0.0,0.0,0.0,0.0,0.0,0.0,0.0
720575940609505545,GLUT,0.0,0.19745222929936307,0.3057324840764331,0.14012738853503184,0.05732484076433121,0.0,0.05732484076433121,0.0,0.15286624203821655,0.044585987261146494,0.0,0.0,0.0,0.0,0.0,0.0,0.044585987261146494,0.0,0.0,0.0,0.0,0.0,0.0,0.0,0.0,0.0,0.0,0.0,0.0,0.0
720575940609674763,OCT,0.205607476635514,0.32710280373831774,0.0,0.056074766355140186,0.205607476635514,0.07476635514018691,0.0,0.0,0.0,0.07476635514018691,0.0,0.056074766355140186,0.0,0.0,0.0,0.0,0.0,0.0,0.0,0.0,0.0,0.0,0.0,0.0,0.0,0.0,0.0,0.0,0.0,0.0
720575940609726731,GLUT,0.3897058823529412,0.1323529411764706,0.10294117647058823,0.0,0.051470588235294115,0.125,0.058823529411764705,0.0,0.08823529411764706,0.0,0.0,0.0,0.0,0.0,0.0,0.0,0.051470588235294115,0.0,0.0,0.0,0.0,0.0,0.0,0.0,0.0,0.0,0.0,0.0,0.0,0.0
720575940609758985,GABA,0.0,0.4496124031007752,0.18604651162790697,0.0,0.08527131782945736,0.0,0.0,0.05426356589147287,0.07751937984496124,0.046511627906976744,0.0,0.05426356589147287,0.0,0.0,0.0,0.0,0.046511627906976744,0.0,0.0,0.0,0.0,0.0,0.0,0.0,0.0,0.0,0.0,0.0,0.0,0.0
720575940610005955,GLUT,0.38461538461538464,0.038461538461538464,0.17307692307692307,0.16025641025641027,0.038461538461538464,0.05128205128205128,0.04487179487179487,0.03205128205128205,0.0,0.0,0.0,0.03205128205128205,0.0,0.0,0.0,0.04487179487179487,0.0,0.0,0.0,0.0,0.0,0.0,0.0,0.0,0.0,0.0,0.0,0.0,0.0,0.0
720575940610174403,GLUT,0.0,0.49557522123893805,0.0,0.0,0.11504424778761062,0.0,0.0,0.12389380530973451,0.12389380530973451,0.061946902654867256,0.0,0.0,0.0,0.0,0.07964601769911504,0.0,0.0,0.0,0.0,0.0,0.0,0.0,0.0,0.0,0.0,0.0,0.0,0.0,0.0,0.0
720575940610933572,GLUT,0.2571428571428571,0.4714285714285714,0.07142857142857142,0.0,0.12857142857142856,0.07142857142857142,0.0,0.0,0.0,0.0,0.0,0.0,0.0,0.0,0.0,0.0,0.0,0.0,0.0,0.0,0.0,0.0,0.0,0.0,0.0,0.0,0.0,0.0,0.0,0.0
720575940611493752,ACH,0.032467532467532464,0.474025974025974,0.045454545454545456,0.0,0.032467532467532464,0.0,0.032467532467532464,0.0,0.09740259740259741,0.0,0.0,0.0,0.18181818181818182,0.0,0.03896103896103896,0.06493506493506493,0.0,0.0,0.0,0.0,0.0,0.0,0.0,0.0,0.0,0.0,0.0,0.0,0.0,0.0
720575940611645650,GABA,0.27848101265822783,0.11392405063291139,0.0,0.3291139240506329,0.0,0.0,0.13924050632911392,0.13924050632911392,0.0,0.0,0.0,0.0,0.0,0.0,0.0,0.0,0.0,0.0,0.0,0.0,0.0,0.0,0.0,0.0,0.0,0.0,0.0,0.0,0.0,0.0
720575940611660152,GLUT,0.0,0.6420454545454546,0.17613636363636365,0.0,0.028409090909090908,0.0,0.0,0.0,0.11363636363636363,0.0,0.0,0.0,0.0,0.0,0.0,0.0,0.03977272727272727,0.0,0.0,0.0,0.0,0.0,0.0,0.0,0.0,0.0,0.0,0.0,0.0,0.0
720575940611818594,ACH,0.0,0.0,0.10614525139664804,0.0,0.10614525139664804,0.0,0.0,0.0,0.0,0.027932960893854747,0.4972067039106145,0.0,0.0,0.19553072625698323,0.0,0.0,0.0,0.0,0.0,0.0,0.0,0.0,0.0335195530726257,0.0,0.0,0.0335195530726257,0.0,0.0,0.0,0.0
720575940611892946,ACH,0.0,0.0,0.30131004366812225,0.0,0.08733624454148471,0.0,0.0,0.0,0.0,0.034934497816593885,0.37117903930131,0.0,0.0,0.17467248908296942,0.0,0.0,0.0,0.0,0.0,0.0,0.0,0.0,0.03056768558951965,0.0,0.0,0.0,0.0,0.0,0.0,0.0
720575940612025954,ACH,0.354978354978355,0.0,0.12121212121212122,0.17316017316017315,0.03463203463203463,0.08225108225108226,0.0735930735930736,0.05194805194805195,0.0,0.05194805194805195,0.0,0.030303030303030304,0.0,0.0,0.025974025974025976,0.0,0.0,0.0,0.0,0.0,0.0,0.0,0.0,0.0,0.0,0.0,0.0,0.0,0.0,0.0
720575940612419790,GABA,0.0625,0.3125,0.375,0.0,0.0,0.0,0.0625,0.0,0.052083333333333336,0.0625,0.0,0.0,0.07291666666666667,0.0,0.0,0.0,0.0,0.0,0.0,0.0,0.0,0.0,0.0,0.0,0.0,0.0,0.0,0.0,0.0,0.0
720575940612482522,GABA,0.2875,0.4,0.0,0.0,0.0875,0.0,0.075,0.0,0.075,0.0,0.0,0.075,0.0,0.0,0.0,0.0,0.0,0.0,0.0,0.0,0.0,0.0,0.0,0.0,0.0,0.0,0.0,0.0,0.0,0.0
720575940612867251,ACH,0.0,0.0,0.8,0.0,0.0,0.0,0.0,0.0,0.0,0.0,0.0,0.0,0.0,0.0,0.2,0.0,0.0,0.0,0.0,0.0,0.0,0.0,0.0,0.0,0.0,0.0,0.0,0.0,0.0,0.0
720575940612948210,GLUT,0.4391304347826087,0.10434782608695652,0.0782608695652174,0.12608695652173912,0.0391304347826087,0.06086956521739131,0.034782608695652174,0.0,0.0,0.02608695652173913,0.0,0.02608695652173913,0.0,0.0,0.0,0.0,0.0,0.021739130434782608,0.0,0.0,0.0,0.0,0.0,0.043478260869565216,0.0,0.0,0.0,0.0,0.0,0.0
720575940613153253,GABA,0.0,0.40229885057471265,0.0,0.08045977011494253,0.12643678160919541,0.0,0.0,0.19540229885057472,0.08045977011494253,0.11494252873563218,0.0,0.0,0.0,0.0,0.0,0.0,0.0,0.0,0.0,0.0,0.0,0.0,0.0,0.0,0.0,0.0,0.0,0.0,0.0,0.0
720575940613161386,GLUT,0.2857142857142857,0.02857142857142857,0.2914285714285714,0.25142857142857145,0.0,0.0,0.04,0.06857142857142857,0.0,0.0,0.0,0.0,0.0,0.0,0.0,0.0,0.0,0.03428571428571429,0.0,0.0,0.0,0.0,0.0,0.0,0.0,0.0,0.0,0.0,0.0,0.0
720575940613171698,GLUT,0.1919191919191919,0.0,0.05555555555555555,0.29797979797979796,0.04040404040404041,0.0,0.10101010101010101,0.1919191919191919,0.0,0.06060606060606061,0.0,0.0,0.0,0.0,0.0,0.0,0.0,0.0,0.0,0.0,0.025252525252525252,0.0,0.0,0.0,0.0,0.03535353535353535,0.0,0.0,0.0,0.0
720575940613201075,ACH,0.0,0.0,0.1717171717171717,0.0,0.17676767676767677,0.0,0.025252525252525252,0.0,0.0,0.025252525252525252,0.3484848484848485,0.050505050505050504,0.0,0.10606060606060606,0.0,0.0,0.0,0.0,0.0,0.0,0.0,0.030303030303030304,0.030303030303030304,0.0,0.0,0.0,0.0,0.03535353535353535,0.0,0.0
720575940613278194,GLUT,0.0,0.5668789808917197,0.0,0.0,0.06369426751592357,0.0,0.07643312101910828,0.07006369426751592,0.06369426751592357,0.05732484076433121,0.0,0.050955414012738856,0.0,0.0,0.0,0.0,0.050955414012738856,0.0,0.0,0.0,0.0,0.0,0.0,0.0,0.0,0.0,0.0,0.0,0.0,0.0
720575940613418137,GABA,0.0,0.08620689655172414,0.05172413793103448,0.1206896551724138,0.1810344827586207,0.0,0.11206896551724138,0.06896551724137931,0.1724137931034483,0.07758620689655173,0.0,0.08620689655172414,0.0,0.0,0.04310344827586207,0.0,0.0,0.0,0.0,0.0,0.0,0.0,0.0,0.0,0.0,0.0,0.0,0.0,0.0,0.0
720575940613447338,GABA,0.2926829268292683,0.17073170731707318,0.0,0.14634146341463414,0.0,0.0,0.0975609756097561,0.23170731707317074,0.0,0.06097560975609756,0.0,0.0,0.0,0.0,0.0,0.0,0.0,0.0,0.0,0.0,0.0,0.0,0.0,0.0,0.0,0.0,0.0,0.0,0.0,0.0
720575940613467158,ACH,0.3333333333333333,0.10526315789473684,0.19298245614035087,0.0,0.04824561403508772,0.06140350877192982,0.04824561403508772,0.0,0.021929824561403508,0.03070175438596491,0.0,0.03508771929824561,0.02631578947368421,0.0,0.0,0.02631578947368421,0.03508771929824561,0.03508771929824561,0.0,0.0,0.0,0.0,0.0,0.0,0.0,0.0,0.0,0.0,0.0,0.0
720575940613509524,GABA,0.44525547445255476,0.145985401459854,0.0,0.15328467153284672,0.11678832116788321,0.058394160583941604,0.043795620437956206,0.0,0.0364963503649635,0.0,0.0,0.0,0.0,0.0,0.0,0.0,0.0,0.0,0.0,0.0,0.0,0.0,0.0,0.0,0.0,0.0,0.0,0.0,0.0,0.0
720575940613514098,GLUT,0.0,0.4126984126984127,0.21693121693121692,0.031746031746031744,0.08465608465608465,0.0,0.047619047619047616,0.0,0.10052910052910052,0.037037037037037035,0.0,0.031746031746031744,0.0,0.0,0.0,0.0,0.037037037037037035,0.0,0.0,0.0,0.0,0.0,0.0,0.0,0.0,0.0,0.0,0.0,0.0,0.0
720575940613514649,GABA,0.3113207547169811,0.08490566037735849,0.22641509433962265,0.11320754716981132,0.08490566037735849,0.05660377358490566,0.0,0.04716981132075472,0.0,0.0,0.0,0.07547169811320754,0.0,0.0,0.0,0.0,0.0,0.0,0.0,0.0,0.0,0.0,0.0,0.0,0.0,0.0,0.0,0.0,0.0,0.0
720575940613619865,GLUT,0.5128205128205128,0.0,0.0,0.06837606837606838,0.0,0.0,0.08547008547008547,0.26495726495726496,0.0,0.0,0.0,0.0,0.0,0.0,0.0,0.0,0.0,0.06837606837606838,0.0,0.0,0.0,0.0,0.0,0.0,0.0,0.0,0.0,0.0,0.0,0.0
720575940613636266,ACH,0.0,0.0,0.3582089552238806,0.0,0.13059701492537312,0.0,0.0,0.0,0.0,0.022388059701492536,0.23134328358208955,0.055970149253731345,0.0,0.09701492537313433,0.055970149253731345,0.0,0.0,0.0,0.0,0.0,0.0,0.048507462686567165,0.0,0.0,0.0,0.0,0.0,0.0,0.0,0.0
720575940613737330,GLUT,0.5269461077844312,0.08383233532934131,0.0,0.0,0.029940119760479042,0.10179640718562874,0.05389221556886228,0.0,0.0,0.029940119760479042,0.0,0.04790419161676647,0.0,0.0,0.0,0.04790419161676647,0.0,0.0,0.0,0.0,0.03592814371257485,0.0,0.0,0.041916167664670656,0.0,0.0,0.0,0.0,0.0,0.0
720575940614063853,GABA,0.0,0.44554455445544555,0.2079207920792079,0.0,0.1188118811881188,0.0,0.0594059405940594,0.0,0.1188118811881188,0.04950495049504951,0.0,0.0,0.0,0.0,0.0,0.0,0.0,0.0,0.0,0.0,0.0,0.0,0.0,0.0,0.0,0.0,0.0,0.0,0.0,0.0
720575940614251747,GABA,0.3611111111111111,0.046296296296296294,0.2962962962962963,0.0,0.07407407407407407,0.0,0.046296296296296294,0.0,0.0,0.06481481481481481,0.0,0.06481481481481481,0.0,0.0,0.0,0.0,0.0,0.0,0.0,0.0,0.0,0.0,0.0,0.0,0.0,0.0,0.046296296296296294,0.0,0.0,0.0
720575940614299107,GABA,0.0,0.55625,0.1375,0.04375,0.0,0.0,0.05,0.0,0.10625,0.0,0.0,0.03125,0.0,0.0,0.0,0.0375,0.0,0.0,0.0,0.0,0.0,0.0,0.0,0.0,0.0,0.0,0.0375,0.0,0.0,0.0
720575940614457581,GLUT,0.39215686274509803,0.12745098039215685,0.0,0.0784313725490196,0.049019607843137254,0.09803921568627451,0.09803921568627451,0.0,0.0,0.0,0.0,0.0,0.049019607843137254,0.0,0.0,0.058823529411764705,0.0,0.0,0.0,0.0,0.049019607843137254,0.0,0.0,0.0,0.0,0.0,0.0,0.0,0.0,0.0
720575940614500392,GLUT,0.09523809523809523,0.15873015873015872,0.31746031746031744,0.15873015873015872,0.07142857142857142,0.09523809523809523,0.0,0.03968253968253968,0.0,0.06349206349206349,0.0,0.0,0.0,0.0,0.0,0.0,0.0,0.0,0.0,0.0,0.0,0.0,0.0,0.0,0.0,0.0,0.0,0.0,0.0,0.0
720575940614555629,ACH,0.14864864864864866,0.06756756756756757,0.47297297297297297,0.0,0.0945945945945946,0.0,0.0,0.0,0.06756756756756757,0.06756756756756757,0.0,0.0,0.08108108108108109,0.0,0.0,0.0,0.0,0.0,0.0,0.0,0.0,0.0,0.0,0.0,0.0,0.0,0.0,0.0,0.0,0.0
720575940614692271,GABA,0.14583333333333334,0.40625,0.21875,0.0,0.0,0.0,0.08333333333333333,0.0,0.08333333333333333,0.0,0.0,0.0,0.0,0.0,0.0,0.0625,0.0,0.0,0.0,0.0,0.0,0.0,0.0,0.0,0.0,0.0,0.0,0.0,0.0,0.0
720575940614860851,GABA,0.3779527559055118,0.08661417322834646,0.03937007874015748,0.25196850393700787,0.0,0.07874015748031496,0.0,0.08661417322834646,0.0,0.03937007874015748,0.0,0.0,0.0,0.0,0.03937007874015748,0.0,0.0,0.0,0.0,0.0,0.0,0.0,0.0,0.0,0.0,0.0,0.0,0.0,0.0,0.0
720575940614944209,GLUT,0.0,0.0,0.28321678321678323,0.0,0.0944055944055944,0.0,0.0,0.0,0.0,0.02097902097902098,0.3356643356643357,0.04195804195804196,0.0,0.12237762237762238,0.027972027972027972,0.0,0.0,0.0,0.0,0.0,0.0,0.0,0.027972027972027972,0.0,0.0,0.024475524475524476,0.0,0.0,0.02097902097902098,0.0
720575940615079079,GABA,0.5555555555555556,0.0,0.0,0.16666666666666666,0.1111111111111111,0.0,0.09722222222222222,0.06944444444444445,0.0,0.0,0.0,0.0,0.0,0.0,0.0,0.0,0.0,0.0,0.0,0.0,0.0,0.0,0.0,0.0,0.0,0.0,0.0,0.0,0.0,0.0
720575940615153071,GLUT,0.046511627906976744,0.6666666666666666,0.06201550387596899,0.0,0.05426356589147287,0.0,0.0,0.0,0.17054263565891473,0.0,0.0,0.0,0.0,0.0,0.0,0.0,0.0,0.0,0.0,0.0,0.0,0.0,0.0,0.0,0.0,0.0,0.0,0.0,0.0,0.0
720575940615173799,GLUT,0.3275862068965517,0.08045977011494253,0.1724137931034483,0.14942528735632185,0.07471264367816093,0.040229885057471264,0.05172413793103448,0.07471264367816093,0.0,0.0,0.0,0.028735632183908046,0.0,0.0,0.0,0.0,0.0,0.0,0.0,0.0,0.0,0.0,0.0,0.0,0.0,0.0,0.0,0.0,0.0,0.0
720575940615182033,ACH,0.0,0.0,0.0,0.0,0.13917525773195877,0.0,0.0,0.0,0.0,0.05154639175257732,0.37628865979381443,0.0,0.0,0.31443298969072164,0.0,0.0,0.0,0.0,0.0,0.0,0.0,0.07216494845360824,0.04639175257731959,0.0,0.0,0.0,0.0,0.0,0.0,0.0
720575940615271591,GLUT,0.023026315789473683,0.5756578947368421,0.18421052631578946,0.03289473684210526,0.019736842105263157,0.0,0.01644736842105263,0.0,0.11842105263157894,0.0,0.0,0.0,0.0,0.0,0.0,0.029605263157894735,0.0,0.0,0.0,0.0,0.0,0.0,0.0,0.0,0.0,0.0,0.0,0.0,0.0,0.0
720575940615318178,GABA,0.3503184713375796,0.11464968152866242,0.12738853503184713,0.14012738853503184,0.044585987261146494,0.0,0.08280254777070063,0.07006369426751592,0.0,0.03184713375796178,0.0,0.03821656050955414,0.0,0.0,0.0,0.0,0.0,0.0,0.0,0.0,0.0,0.0,0.0,0.0,0.0,0.0,0.0,0.0,0.0,0.0
720575940615345554,GABA,0.4666666666666667,0.14444444444444443,0.06666666666666667,0.0,0.06666666666666667,0.16666666666666666,0.0,0.0,0.0,0.08888888888888889,0.0,0.0,0.0,0.0,0.0,0.0,0.0,0.0,0.0,0.0,0.0,0.0,0.0,0.0,0.0,0.0,0.0,0.0,0.0,0.0
720575940615406226,GLUT,0.26666666666666666,0.2,0.26666666666666666,0.0,0.0,0.08888888888888889,0.0,0.0,0.05185185185185185,0.0,0.0,0.0,0.1259259259259259,0.0,0.0,0.0,0.0,0.0,0.0,0.0,0.0,0.0,0.0,0.0,0.0,0.0,0.0,0.0,0.0,0.0
720575940615537314,GABA,0.41830065359477125,0.1503267973856209,0.0,0.08496732026143791,0.10457516339869281,0.06535947712418301,0.05228758169934641,0.0457516339869281,0.0,0.0392156862745098,0.0,0.0392156862745098,0.0,0.0,0.0,0.0,0.0,0.0,0.0,0.0,0.0,0.0,0.0,0.0,0.0,0.0,0.0,0.0,0.0,0.0
720575940615613855,ACH,0.0,0.0,0.09876543209876543,0.0,0.11934156378600823,0.0,0.0,0.0,0.0,0.06584362139917696,0.37448559670781895,0.02880658436213992,0.0,0.11522633744855967,0.0,0.0,0.0,0.0,0.0,0.0,0.0,0.13991769547325103,0.05761316872427984,0.0,0.0,0.0,0.0,0.0,0.0,0.0
720575940615781179,GLUT,0.1794871794871795,0.08974358974358974,0.1858974358974359,0.358974358974359,0.03205128205128205,0.0,0.04487179487179487,0.07051282051282051,0.0,0.038461538461538464,0.0,0.0,0.0,0.0,0.0,0.0,0.0,0.0,0.0,0.0,0.0,0.0,0.0,0.0,0.0,0.0,0.0,0.0,0.0,0.0
720575940615790230,GLUT,0.23333333333333334,0.125,0.25833333333333336,0.0,0.09166666666666666,0.06666666666666667,0.0,0.0,0.0,0.0,0.0,0.09166666666666666,0.0,0.0,0.0,0.075,0.0,0.0,0.0,0.0,0.0,0.0,0.0,0.058333333333333334,0.0,0.0,0.0,0.0,0.0,0.0
720575940615806102,GLUT,0.2549019607843137,0.049019607843137254,0.0,0.3235294117647059,0.09803921568627451,0.0784313725490196,0.06862745098039216,0.049019607843137254,0.0,0.0,0.0,0.0392156862745098,0.0,0.0,0.0392156862745098,0.0,0.0,0.0,0.0,0.0,0.0,0.0,0.0,0.0,0.0,0.0,0.0,0.0,0.0,0.0
720575940615856607,GLUT,0.49032258064516127,0.03870967741935484,0.0,0.05806451612903226,0.06451612903225806,0.12258064516129032,0.03870967741935484,0.0,0.03870967741935484,0.0,0.0,0.0,0.07741935483870968,0.0,0.0,0.03870967741935484,0.03225806451612903,0.0,0.0,0.0,0.0,0.0,0.0,0.0,0.0,0.0,0.0,0.0,0.0,0.0
720575940616093855,ACH,0.2920353982300885,0.0,0.0,0.23008849557522124,0.1504424778761062,0.0,0.0,0.09734513274336283,0.0,0.05309734513274336,0.11504424778761062,0.0,0.0,0.0,0.0,0.0,0.0,0.0,0.0,0.0,0.0,0.0,0.0,0.0,0.0,0.0,0.0,0.061946902654867256,0.0,0.0
720575940616115010,GLUT,0.25,0.15476190476190477,0.07142857142857142,0.0,0.08333333333333333,0.16666666666666666,0.0,0.0,0.0,0.0,0.0,0.0,0.0,0.0,0.0,0.10714285714285714,0.07142857142857142,0.0,0.0,0.0,0.0,0.0,0.0,0.09523809523809523,0.0,0.0,0.0,0.0,0.0,0.0
720575940616116566,ACH,0.3807829181494662,0.05693950177935943,0.17437722419928825,0.06405693950177936,0.05693950177935943,0.0711743772241993,0.03558718861209965,0.017793594306049824,0.0,0.028469750889679714,0.0,0.03202846975088968,0.0,0.0,0.0,0.03558718861209965,0.0,0.028469750889679714,0.0,0.0,0.0,0.0,0.0,0.0,0.0,0.0,0.017793594306049824,0.0,0.0,0.0
720575940616291551,GABA,0.0,0.4675324675324675,0.21428571428571427,0.0,0.0,0.0,0.05194805194805195,0.0,0.11038961038961038,0.06493506493506493,0.0,0.045454545454545456,0.0,0.0,0.0,0.0,0.045454545454545456,0.0,0.0,0.0,0.0,0.0,0.0,0.0,0.0,0.0,0.0,0.0,0.0,0.0
720575940616369474,ACH,0.2891566265060241,0.13855421686746988,0.3132530120481928,0.0,0.030120481927710843,0.13855421686746988,0.0,0.0,0.0,0.03614457831325301,0.0,0.05421686746987952,0.0,0.0,0.0,0.0,0.0,0.0,0.0,0.0,0.0,0.0,0.0,0.0,0.0,0.0,0.0,0.0,0.0,0.0
720575940616533826,GLUT,0.0,0.4019607843137255,0.049019607843137254,0.049019607843137254,0.049019607843137254,0.0,0.11764705882352941,0.23529411764705882,0.049019607843137254,0.049019607843137254,0.0,0.0,0.0,0.0,0.0,0.0,0.0,0.0,0.0,0.0,0.0,0.0,0.0,0.0,0.0,0.0,0.0,0.0,0.0,0.0
720575940616616390,GABA,0.0,0.722972972972973,0.12162162162162163,0.0,0.0,0.0,0.0,0.0,0.0945945945945946,0.0,0.0,0.0,0.060810810810810814,0.0,0.0,0.0,0.0,0.0,0.0,0.0,0.0,0.0,0.0,0.0,0.0,0.0,0.0,0.0,0.0,0.0
720575940616705734,GABA,0.0,0.0,0.0,0.0,0.0,0.0,0.0,0.5,0.0,0.0,0.4,0.0,0.0,0.0,0.0,0.0,0.0,0.0,0.0,0.0,0.0,0.0,0.0,0.0,0.0,0.0,0.0,0.1,0.0,0.0
720575940616791820,GLUT,0.0,0.4067796610169492,0.1694915254237288,0.0,0.05084745762711865,0.0,0.05084745762711865,0.22598870056497175,0.05649717514124294,0.03954802259887006,0.0,0.0,0.0,0.0,0.0,0.0,0.0,0.0,0.0,0.0,0.0,0.0,0.0,0.0,0.0,0.0,0.0,0.0,0.0,0.0
720575940616799174,ACH,0.2549019607843137,0.049019607843137254,0.0,0.2647058823529412,0.14705882352941177,0.058823529411764705,0.0784313725490196,0.0,0.0,0.0,0.0,0.0784313725490196,0.0,0.0,0.0,0.0,0.0,0.0,0.0,0.06862745098039216,0.0,0.0,0.0,0.0,0.0,0.0,0.0,0.0,0.0,0.0
720575940616831794,GLUT,0.2541436464088398,0.0,0.3425414364640884,0.1712707182320442,0.027624309392265192,0.0,0.04419889502762431,0.08287292817679558,0.0,0.0,0.0,0.0,0.0,0.0,0.03314917127071823,0.0,0.0,0.04419889502762431,0.0,0.0,0.0,0.0,0.0,0.0,0.0,0.0,0.0,0.0,0.0,0.0
720575940616941362,ACH,0.2358974358974359,0.08717948717948718,0.06153846153846154,0.08205128205128205,0.046153846153846156,0.03076923076923077,0.05641025641025641,0.11282051282051282,0.041025641025641026,0.21025641025641026,0.0,0.0,0.0,0.0,0.035897435897435895,0.0,0.0,0.0,0.0,0.0,0.0,0.0,0.0,0.0,0.0,0.0,0.0,0.0,0.0,0.0
720575940616946886,GLUT,0.45161290322580644,0.12258064516129032,0.04516129032258064,0.08387096774193549,0.07096774193548387,0.03225806451612903,0.0,0.03870967741935484,0.0,0.05161290322580645,0.0,0.03225806451612903,0.0,0.0,0.0,0.03870967741935484,0.0,0.03225806451612903,0.0,0.0,0.0,0.0,0.0,0.0,0.0,0.0,0.0,0.0,0.0,0.0
720575940617065403,GABA,0.2826086956521739,0.0,0.0,0.2608695652173913,0.0,0.05434782608695652,0.09782608695652174,0.16304347826086957,0.0,0.08695652173913043,0.0,0.0,0.0,0.0,0.05434782608695652,0.0,0.0,0.0,0.0,0.0,0.0,0.0,0.0,0.0,0.0,0.0,0.0,0.0,0.0,0.0
720575940617289403,GLUT,0.0,0.6187845303867403,0.1878453038674033,0.0,0.027624309392265192,0.0,0.0,0.0,0.13259668508287292,0.0,0.0,0.0,0.0,0.0,0.0,0.0,0.03314917127071823,0.0,0.0,0.0,0.0,0.0,0.0,0.0,0.0,0.0,0.0,0.0,0.0,0.0
720575940617625883,GLUT,0.0,0.4411764705882353,0.25,0.17647058823529413,0.08088235294117647,0.0,0.0,0.051470588235294115,0.0,0.0,0.0,0.0,0.0,0.0,0.0,0.0,0.0,0.0,0.0,0.0,0.0,0.0,0.0,0.0,0.0,0.0,0.0,0.0,0.0,0.0
720575940617796923,GLUT,0.15432098765432098,0.24691358024691357,0.18518518518518517,0.07407407407407407,0.037037037037037035,0.06172839506172839,0.06172839506172839,0.0,0.06172839506172839,0.037037037037037035,0.0,0.030864197530864196,0.0,0.0,0.0,0.0,0.0,0.04938271604938271,0.0,0.0,0.0,0.0,0.0,0.0,0.0,0.0,0.0,0.0,0.0,0.0
720575940617800331,GLUT,0.0,0.7706422018348624,0.0,0.0,0.0,0.0,0.0,0.0,0.1743119266055046,0.0,0.0,0.0,0.05504587155963303,0.0,0.0,0.0,0.0,0.0,0.0,0.0,0.0,0.0,0.0,0.0,0.0,0.0,0.0,0.0,0.0,0.0
720575940617806475,GLUT,0.2653061224489796,0.16326530612244897,0.061224489795918366,0.061224489795918366,0.07482993197278912,0.05442176870748299,0.08163265306122448,0.05442176870748299,0.08163265306122448,0.05442176870748299,0.0,0.047619047619047616,0.0,0.0,0.0,0.0,0.0,0.0,0.0,0.0,0.0,0.0,0.0,0.0,0.0,0.0,0.0,0.0,0.0,0.0
720575940617839243,GLUT,0.0,0.6369426751592356,0.0,0.0,0.09554140127388536,0.0,0.0,0.2229299363057325,0.0,0.044585987261146494,0.0,0.0,0.0,0.0,0.0,0.0,0.0,0.0,0.0,0.0,0.0,0.0,0.0,0.0,0.0,0.0,0.0,0.0,0.0,0.0
720575940617911611,GLUT,0.41735537190082644,0.08677685950413223,0.13636363636363635,0.10743801652892562,0.045454545454545456,0.05371900826446281,0.028925619834710745,0.028925619834710745,0.0,0.028925619834710745,0.0,0.0,0.0,0.0,0.0,0.02066115702479339,0.0,0.024793388429752067,0.0,0.0,0.0,0.0,0.0,0.0,0.0,0.0,0.0,0.0,0.0,0.02066115702479339
720575940618089428,GLUT,0.19796954314720813,0.1065989847715736,0.19289340101522842,0.0,0.08629441624365482,0.07614213197969544,0.025380710659898477,0.0,0.06598984771573604,0.05583756345177665,0.0,0.025380710659898477,0.1065989847715736,0.0,0.0,0.06091370558375635,0.0,0.0,0.0,0.0,0.0,0.0,0.0,0.0,0.0,0.0,0.0,0.0,0.0,0.0
720575940618101563,GLUT,0.31976744186046513,0.09302325581395349,0.0,0.0755813953488372,0.0755813953488372,0.05232558139534884,0.06976744186046512,0.0,0.0,0.03488372093023256,0.0,0.029069767441860465,0.11046511627906977,0.0,0.0,0.0,0.040697674418604654,0.0,0.0,0.0,0.0,0.0,0.0,0.040697674418604654,0.029069767441860465,0.0,0.029069767441860465,0.0,0.0,0.0
720575940618122845,GABA,0.22972972972972974,0.0,0.3108108108108108,0.0,0.08108108108108109,0.14864864864864866,0.0,0.0,0.0,0.06756756756756757,0.0,0.0,0.0,0.0,0.0,0.06756756756756757,0.0,0.0945945945945946,0.0,0.0,0.0,0.0,0.0,0.0,0.0,0.0,0.0,0.0,0.0,0.0
720575940618169273,GABA,0.5063291139240507,0.20253164556962025,0.0,0.0,0.0,0.189873417721519,0.0,0.0,0.10126582278481013,0.0,0.0,0.0,0.0,0.0,0.0,0.0,0.0,0.0,0.0,0.0,0.0,0.0,0.0,0.0,0.0,0.0,0.0,0.0,0.0,0.0
720575940618186555,GLUT,0.4194915254237288,0.08898305084745763,0.17796610169491525,0.0635593220338983,0.046610169491525424,0.06779661016949153,0.029661016949152543,0.03389830508474576,0.0,0.0,0.0,0.0211864406779661,0.0,0.0,0.0,0.025423728813559324,0.0,0.025423728813559324,0.0,0.0,0.0,0.0,0.0,0.0,0.0,0.0,0.0,0.0,0.0,0.0
720575940618193625,GLUT,0.36551724137931035,0.0,0.0,0.1724137931034483,0.05517241379310345,0.10344827586206896,0.06206896551724138,0.04827586206896552,0.034482758620689655,0.041379310344827586,0.0,0.06896551724137931,0.0,0.0,0.0,0.0,0.0,0.04827586206896552,0.0,0.0,0.0,0.0,0.0,0.0,0.0,0.0,0.0,0.0,0.0,0.0
720575940618202329,GLUT,0.12871287128712872,0.21782178217821782,0.3118811881188119,0.024752475247524754,0.0594059405940594,0.06930693069306931,0.0594059405940594,0.0,0.0,0.07425742574257425,0.0,0.024752475247524754,0.0,0.0,0.0,0.0297029702970297,0.0,0.0,0.0,0.0,0.0,0.0,0.0,0.0,0.0,0.0,0.0,0.0,0.0,0.0
720575940618367377,GLUT,0.27631578947368424,0.02631578947368421,0.2149122807017544,0.21929824561403508,0.05701754385964912,0.0,0.07456140350877193,0.043859649122807015,0.0,0.03508771929824561,0.0,0.021929824561403508,0.0,0.0,0.03070175438596491,0.0,0.0,0.0,0.0,0.0,0.0,0.0,0.0,0.0,0.0,0.0,0.0,0.0,0.0,0.0
720575940618370449,GABA,0.2712765957446808,0.10638297872340426,0.2074468085106383,0.12234042553191489,0.026595744680851064,0.0797872340425532,0.026595744680851064,0.0,0.05319148936170213,0.0425531914893617,0.0,0.031914893617021274,0.0,0.0,0.0,0.0,0.0,0.0,0.0,0.0,0.031914893617021274,0.0,0.0,0.0,0.0,0.0,0.0,0.0,0.0,0.0
720575940618392610,GLUT,0.211864406779661,0.23728813559322035,0.2627118644067797,0.0,0.1016949152542373,0.0,0.06779661016949153,0.0,0.0,0.059322033898305086,0.0,0.059322033898305086,0.0,0.0,0.0,0.0,0.0,0.0,0.0,0.0,0.0,0.0,0.0,0.0,0.0,0.0,0.0,0.0,0.0,0.0
720575940618508774,GABA,0.48031496062992124,0.031496062992125984,0.16535433070866143,0.09055118110236221,0.05905511811023622,0.03937007874015748,0.07480314960629922,0.0,0.0,0.027559055118110236,0.0,0.031496062992125984,0.0,0.0,0.0,0.0,0.0,0.0,0.0,0.0,0.0,0.0,0.0,0.0,0.0,0.0,0.0,0.0,0.0,0.0
720575940618528347,GABA,0.22950819672131148,0.04918032786885246,0.27049180327868855,0.0,0.08196721311475409,0.0,0.04918032786885246,0.0,0.0,0.09836065573770492,0.0,0.0,0.06557377049180328,0.0,0.0,0.040983606557377046,0.040983606557377046,0.07377049180327869,0.0,0.0,0.0,0.0,0.0,0.0,0.0,0.0,0.0,0.0,0.0,0.0
720575940618566557,GABA,0.0,0.42105263157894735,0.15789473684210525,0.0,0.21052631578947367,0.0,0.0,0.0,0.0,0.21052631578947367,0.0,0.0,0.0,0.0,0.0,0.0,0.0,0.0,0.0,0.0,0.0,0.0,0.0,0.0,0.0,0.0,0.0,0.0,0.0,0.0
720575940618570909,GLUT,0.3238095238095238,0.12380952380952381,0.17142857142857143,0.047619047619047616,0.047619047619047616,0.06190476190476191,0.05238095238095238,0.09523809523809523,0.0,0.05238095238095238,0.0,0.0,0.0,0.0,0.0,0.0,0.0,0.023809523809523808,0.0,0.0,0.0,0.0,0.0,0.0,0.0,0.0,0.0,0.0,0.0,0.0
720575940618594333,GLUT,0.0,0.35714285714285715,0.18831168831168832,0.1038961038961039,0.032467532467532464,0.0,0.07792207792207792,0.16883116883116883,0.03896103896103896,0.032467532467532464,0.0,0.0,0.0,0.0,0.0,0.0,0.0,0.0,0.0,0.0,0.0,0.0,0.0,0.0,0.0,0.0,0.0,0.0,0.0,0.0
720575940618676737,GLUT,0.15384615384615385,0.26153846153846155,0.23846153846153847,0.0,0.1076923076923077,0.038461538461538464,0.046153846153846156,0.0,0.08461538461538462,0.06923076923076923,0.0,0.0,0.0,0.0,0.0,0.0,0.0,0.0,0.0,0.0,0.0,0.0,0.0,0.0,0.0,0.0,0.0,0.0,0.0,0.0
720575940618762397,GABA,0.0,0.5112359550561798,0.0,0.07865168539325842,0.10674157303370786,0.0,0.0,0.0449438202247191,0.12359550561797752,0.08426966292134831,0.0,0.05056179775280899,0.0,0.0,0.0,0.0,0.0,0.0,0.0,0.0,0.0,0.0,0.0,0.0,0.0,0.0,0.0,0.0,0.0,0.0
720575940618818305,GLUT,0.3535714285714286,0.07857142857142857,0.21428571428571427,0.13214285714285715,0.03214285714285714,0.06785714285714285,0.0,0.0,0.0,0.025,0.0,0.025,0.0,0.0,0.0,0.02857142857142857,0.0,0.0,0.0,0.0,0.0,0.0,0.0,0.02142857142857143,0.0,0.0,0.02142857142857143,0.0,0.0,0.0
720575940618867101,GLUT,0.2814814814814815,0.044444444444444446,0.2814814814814815,0.18518518518518517,0.05925925925925926,0.05185185185185185,0.05185185185185185,0.0,0.0,0.0,0.0,0.044444444444444446,0.0,0.0,0.0,0.0,0.0,0.0,0.0,0.0,0.0,0.0,0.0,0.0,0.0,0.0,0.0,0.0,0.0,0.0
720575940619010117,GLUT,0.3983050847457627,0.07627118644067797,0.0,0.0,0.06779661016949153,0.1271186440677966,0.059322033898305086,0.0,0.0,0.0,0.0,0.059322033898305086,0.05084745762711865,0.0,0.0,0.05084745762711865,0.059322033898305086,0.05084745762711865,0.0,0.0,0.0,0.0,0.0,0.0,0.0,0.0,0.0,0.0,0.0,0.0
720575940619028737,ACH,0.0,0.0,0.19008264462809918,0.0,0.1487603305785124,0.0,0.0,0.0,0.0,0.0,0.33884297520661155,0.0,0.0,0.21487603305785125,0.05785123966942149,0.0,0.0,0.0,0.0,0.0,0.0,0.0,0.049586776859504134,0.0,0.0,0.0,0.0,0.0,0.0,0.0
720575940619045957,GLUT,0.17391304347826086,0.21739130434782608,0.21739130434782608,0.0,0.05652173913043478,0.06521739130434782,0.043478260869565216,0.0,0.08695652173913043,0.043478260869565216,0.0,0.021739130434782608,0.02608695652173913,0.0,0.0,0.02608695652173913,0.0,0.021739130434782608,0.0,0.0,0.0,0.0,0.0,0.0,0.0,0.0,0.0,0.0,0.0,0.0
720575940619144000,GLUT,0.0,0.0,0.14893617021276595,0.0,0.2765957446808511,0.0,0.0,0.0,0.0,0.07446808510638298,0.3191489361702128,0.05319148936170213,0.0,0.0,0.07446808510638298,0.0,0.0,0.0,0.0,0.0,0.0,0.0,0.05319148936170213,0.0,0.0,0.0,0.0,0.0,0.0,0.0
720575940619203909,ACH,0.12140575079872204,0.0,0.30990415335463256,0.04472843450479233,0.06070287539936102,0.022364217252396165,0.0,0.07667731629392971,0.0,0.0,0.0,0.08306709265175719,0.054313099041533544,0.0,0.07028753993610223,0.0,0.025559105431309903,0.0,0.0,0.07348242811501597,0.0,0.0,0.0,0.0,0.0,0.019169329073482427,0.0,0.0,0.038338658146964855,0.0
720575940619219269,GABA,0.0,0.5979381443298969,0.0,0.09278350515463918,0.05154639175257732,0.0,0.0,0.061855670103092786,0.14432989690721648,0.0,0.0,0.0,0.0,0.0,0.0,0.0,0.0,0.0,0.0,0.0,0.0,0.0,0.0,0.0,0.0,0.05154639175257732,0.0,0.0,0.0,0.0
720575940619326262,GABA,0.4975124378109453,0.04975124378109453,0.024875621890547265,0.13432835820895522,0.05472636815920398,0.11940298507462686,0.0,0.0,0.0,0.03980099502487562,0.0,0.029850746268656716,0.0,0.0,0.0,0.024875621890547265,0.0,0.0,0.0,0.0,0.024875621890547265,0.0,0.0,0.0,0.0,0.0,0.0,0.0,0.0,0.0
720575940619408965,GLUT,0.19858156028368795,0.24113475177304963,0.07801418439716312,0.0,0.0425531914893617,0.04964539007092199,0.06382978723404255,0.0,0.09929078014184398,0.0,0.0,0.0425531914893617,0.07801418439716312,0.0,0.0,0.07092198581560284,0.0,0.0,0.0,0.0,0.0,0.0,0.0,0.0,0.0,0.0,0.03546099290780142,0.0,0.0,0.0
720575940619741494,ACH,0.0,0.34328358208955223,0.263681592039801,0.0,0.03980099502487562,0.0,0.04477611940298507,0.17412935323383086,0.06467661691542288,0.04477611940298507,0.0,0.0,0.0,0.0,0.0,0.0,0.0,0.0,0.0,0.0,0.0,0.0,0.0,0.024875621890547265,0.0,0.0,0.0,0.0,0.0,0.0
720575940619807542,GABA,0.2109375,0.0390625,0.171875,0.1796875,0.0859375,0.0,0.1171875,0.0,0.0,0.0703125,0.0,0.0390625,0.0,0.0,0.0,0.0,0.0,0.0859375,0.0,0.0,0.0,0.0,0.0,0.0,0.0,0.0,0.0,0.0,0.0,0.0
720575940619880758,ACH,0.0,0.0,0.0,0.0,0.2185430463576159,0.0,0.0,0.0,0.0,0.0728476821192053,0.2185430463576159,0.039735099337748346,0.0,0.1986754966887417,0.0,0.0,0.0,0.0,0.0,0.0,0.0,0.1390728476821192,0.11258278145695365,0.0,0.0,0.0,0.0,0.0,0.0,0.0
720575940619901598,GLUT,0.24401913875598086,0.0,0.20574162679425836,0.21052631578947367,0.0,0.0,0.028708133971291867,0.16267942583732056,0.0,0.0,0.0,0.028708133971291867,0.0,0.0,0.0,0.0,0.0,0.0,0.0861244019138756,0.0,0.0,0.03349282296650718,0.0,0.0,0.0,0.0,0.0,0.0,0.0,0.0
720575940619909359,GABA,0.455,0.165,0.14,0.05,0.0,0.03,0.025,0.0,0.045,0.03,0.0,0.03,0.0,0.0,0.0,0.03,0.0,0.0,0.0,0.0,0.0,0.0,0.0,0.0,0.0,0.0,0.0,0.0,0.0,0.0
720575940619924278,GLUT,0.0,0.3419354838709677,0.0,0.0967741935483871,0.05161290322580645,0.0,0.05806451612903226,0.22580645161290322,0.0,0.03225806451612903,0.0,0.03870967741935484,0.0,0.0,0.0,0.0,0.0,0.0,0.15483870967741936,0.0,0.0,0.0,0.0,0.0,0.0,0.0,0.0,0.0,0.0,0.0
720575940620012081,GLUT,0.18666666666666668,0.0,0.30666666666666664,0.04666666666666667,0.07333333333333333,0.06,0.06,0.19333333333333333,0.0,0.03333333333333333,0.0,0.0,0.0,0.0,0.0,0.0,0.0,0.0,0.04,0.0,0.0,0.0,0.0,0.0,0.0,0.0,0.0,0.0,0.0,0.0
720575940620168241,GLUT,0.37790697674418605,0.0,0.0,0.3023255813953488,0.040697674418604654,0.06976744186046512,0.09302325581395349,0.040697674418604654,0.0,0.040697674418604654,0.0,0.03488372093023256,0.0,0.0,0.0,0.0,0.0,0.0,0.0,0.0,0.0,0.0,0.0,0.0,0.0,0.0,0.0,0.0,0.0,0.0
720575940620451800,GLUT,0.08450704225352113,0.38028169014084506,0.15492957746478872,0.0,0.11267605633802817,0.0,0.0,0.0,0.0,0.07042253521126761,0.0,0.11267605633802817,0.0,0.0,0.0,0.08450704225352113,0.0,0.0,0.0,0.0,0.0,0.0,0.0,0.0,0.0,0.0,0.0,0.0,0.0,0.0
720575940620453169,ACH,0.0,0.4391891891891892,0.17567567567567569,0.0472972972972973,0.0,0.0,0.04054054054054054,0.16216216216216217,0.0,0.0,0.0,0.0472972972972973,0.0,0.0,0.05405405405405406,0.0,0.0,0.0,0.033783783783783786,0.0,0.0,0.0,0.0,0.0,0.0,0.0,0.0,0.0,0.0,0.0
720575940620511793,GABA,0.3135593220338983,0.059322033898305086,0.288135593220339,0.0,0.05084745762711865,0.11016949152542373,0.06779661016949153,0.0,0.059322033898305086,0.0,0.0,0.0,0.05084745762711865,0.0,0.0,0.0,0.0,0.0,0.0,0.0,0.0,0.0,0.0,0.0,0.0,0.0,0.0,0.0,0.0,0.0
720575940620643787,ACH,0.1651376146788991,0.3669724770642202,0.10091743119266056,0.0,0.09174311926605505,0.0,0.08256880733944955,0.0,0.08256880733944955,0.0,0.0,0.0,0.11009174311926606,0.0,0.0,0.0,0.0,0.0,0.0,0.0,0.0,0.0,0.0,0.0,0.0,0.0,0.0,0.0,0.0,0.0
720575940620746320,GLUT,0.0,0.4105960264900662,0.059602649006622516,0.09271523178807947,0.0728476821192053,0.0,0.059602649006622516,0.13245033112582782,0.10596026490066225,0.033112582781456956,0.0,0.0,0.0,0.0,0.0,0.0,0.033112582781456956,0.0,0.0,0.0,0.0,0.0,0.0,0.0,0.0,0.0,0.0,0.0,0.0,0.0
720575940620878539,GLUT,0.3235294117647059,0.0,0.23529411764705882,0.23529411764705882,0.07058823529411765,0.0,0.041176470588235294,0.0,0.0,0.052941176470588235,0.0,0.041176470588235294,0.0,0.0,0.0,0.0,0.0,0.0,0.0,0.0,0.0,0.0,0.0,0.0,0.0,0.0,0.0,0.0,0.0,0.0
720575940620921734,GABA,0.0,0.46107784431137727,0.08383233532934131,0.1497005988023952,0.04790419161676647,0.0,0.07784431137724551,0.05389221556886228,0.05389221556886228,0.029940119760479042,0.0,0.0,0.0,0.0,0.0,0.0,0.0,0.0,0.041916167664670656,0.0,0.0,0.0,0.0,0.0,0.0,0.0,0.0,0.0,0.0,0.0
720575940621072065,GABA,0.3181818181818182,0.06060606060606061,0.26515151515151514,0.0,0.05303030303030303,0.06818181818181818,0.045454545454545456,0.0,0.0,0.07575757575757576,0.0,0.06060606060606061,0.0,0.0,0.0,0.0,0.0,0.05303030303030303,0.0,0.0,0.0,0.0,0.0,0.0,0.0,0.0,0.0,0.0,0.0,0.0
720575940621079431,GABA,0.0,0.4656084656084656,0.20105820105820105,0.10052910052910052,0.037037037037037035,0.0,0.026455026455026454,0.06349206349206349,0.06349206349206349,0.0,0.0,0.042328042328042326,0.0,0.0,0.0,0.0,0.0,0.0,0.0,0.0,0.0,0.0,0.0,0.0,0.0,0.0,0.0,0.0,0.0,0.0
720575940621117121,GABA,0.2983425414364641,0.06629834254143646,0.2265193370165746,0.11049723756906077,0.055248618784530384,0.08287292817679558,0.049723756906077346,0.0,0.0,0.027624309392265192,0.0,0.055248618784530384,0.0,0.0,0.0,0.0,0.0,0.0,0.0,0.0,0.027624309392265192,0.0,0.0,0.0,0.0,0.0,0.0,0.0,0.0,0.0
720575940621179329,GABA,0.3712121212121212,0.045454545454545456,0.3106060606060606,0.0,0.03787878787878788,0.12878787878787878,0.0,0.0,0.0,0.05303030303030303,0.0,0.05303030303030303,0.0,0.0,0.0,0.0,0.0,0.0,0.0,0.0,0.0,0.0,0.0,0.0,0.0,0.0,0.0,0.0,0.0,0.0
720575940621235732,ACH,0.16666666666666666,0.5555555555555556,0.0,0.0,0.0,0.0,0.1388888888888889,0.0,0.0,0.0,0.0,0.0,0.0,0.0,0.1388888888888889,0.0,0.0,0.0,0.0,0.0,0.0,0.0,0.0,0.0,0.0,0.0,0.0,0.0,0.0,0.0
720575940621297032,GABA,0.23333333333333334,0.05555555555555555,0.1,0.0,0.1111111111111111,0.1,0.08888888888888889,0.0,0.0,0.0,0.0,0.05555555555555555,0.05555555555555555,0.0,0.0,0.0,0.07777777777777778,0.0,0.0,0.06666666666666667,0.0,0.0,0.0,0.0,0.0,0.0,0.05555555555555555,0.0,0.0,0.0
720575940621306644,GABA,0.1532258064516129,0.0,0.33064516129032256,0.0,0.056451612903225805,0.04032258064516129,0.0967741935483871,0.0,0.0,0.04838709677419355,0.0,0.0967741935483871,0.07258064516129033,0.0,0.0,0.0,0.056451612903225805,0.0,0.0,0.0,0.0,0.0,0.0,0.0,0.04838709677419355,0.0,0.0,0.0,0.0,0.0
720575940621441006,GLUT,0.35964912280701755,0.14035087719298245,0.21929824561403508,0.0,0.03508771929824561,0.07017543859649122,0.0,0.0,0.07017543859649122,0.021929824561403508,0.0,0.03070175438596491,0.02631578947368421,0.0,0.0,0.02631578947368421,0.0,0.0,0.0,0.0,0.0,0.0,0.0,0.0,0.0,0.0,0.0,0.0,0.0,0.0
720575940621442731,ACH,0.17405063291139242,0.0,0.0189873417721519,0.0,0.21518987341772153,0.04746835443037975,0.02531645569620253,0.07911392405063292,0.0,0.0,0.0,0.10126582278481013,0.02531645569620253,0.0,0.07278481012658228,0.0,0.015822784810126583,0.0189873417721519,0.0,0.10443037974683544,0.015822784810126583,0.0,0.0,0.0,0.0,0.02531645569620253,0.015822784810126583,0.0,0.04430379746835443,0.0
720575940621459905,GLUT,0.3735408560311284,0.1517509727626459,0.1556420233463035,0.058365758754863814,0.07392996108949416,0.058365758754863814,0.04669260700389105,0.038910505836575876,0.0,0.023346303501945526,0.0,0.019455252918287938,0.0,0.0,0.0,0.0,0.0,0.0,0.0,0.0,0.0,0.0,0.0,0.0,0.0,0.0,0.0,0.0,0.0,0.0
720575940621474330,ACH,0.34965034965034963,0.04195804195804196,0.14685314685314685,0.11188811188811189,0.1048951048951049,0.06993006993006994,0.0979020979020979,0.0,0.0,0.07692307692307693,0.0,0.0,0.0,0.0,0.0,0.0,0.0,0.0,0.0,0.0,0.0,0.0,0.0,0.0,0.0,0.0,0.0,0.0,0.0,0.0
720575940621508262,GLUT,0.0,0.65625,0.1875,0.0,0.0,0.0,0.0,0.0,0.125,0.03125,0.0,0.0,0.0,0.0,0.0,0.0,0.0,0.0,0.0,0.0,0.0,0.0,0.0,0.0,0.0,0.0,0.0,0.0,0.0,0.0
720575940621545819,GABA,0.4444444444444444,0.08187134502923976,0.08771929824561403,0.09941520467836257,0.05847953216374269,0.05263157894736842,0.04678362573099415,0.029239766081871343,0.04093567251461988,0.0,0.0,0.05847953216374269,0.0,0.0,0.0,0.0,0.0,0.0,0.0,0.0,0.0,0.0,0.0,0.0,0.0,0.0,0.0,0.0,0.0,0.0
720575940621555309,GABA,0.11764705882352941,0.18823529411764706,0.35294117647058826,0.0,0.07058823529411765,0.0,0.0,0.0,0.0,0.0,0.0,0.0,0.1411764705882353,0.0,0.0,0.0,0.058823529411764705,0.0,0.0,0.07058823529411765,0.0,0.0,0.0,0.0,0.0,0.0,0.0,0.0,0.0,0.0
720575940621555565,ACH,0.0,0.0,0.2062937062937063,0.0,0.13636363636363635,0.0,0.05244755244755245,0.0,0.0,0.04195804195804196,0.26573426573426573,0.0,0.0,0.1888111888111888,0.03146853146853147,0.0,0.0,0.0,0.04195804195804196,0.0,0.0,0.0,0.03496503496503497,0.0,0.0,0.0,0.0,0.0,0.0,0.0
720575940621557743,GLUT,0.3881278538812785,0.0,0.1872146118721461,0.1963470319634703,0.0502283105022831,0.045662100456621,0.0730593607305936,0.0,0.0,0.0,0.0,0.0319634703196347,0.0,0.0,0.0273972602739726,0.0,0.0,0.0,0.0,0.0,0.0,0.0,0.0,0.0,0.0,0.0,0.0,0.0,0.0,0.0
720575940621566630,GLUT,0.21390374331550802,0.12834224598930483,0.0427807486631016,0.22459893048128343,0.1925133689839572,0.06417112299465241,0.0427807486631016,0.0,0.0,0.0,0.0,0.053475935828877004,0.0,0.0,0.0,0.0,0.0,0.0374331550802139,0.0,0.0,0.0,0.0,0.0,0.0,0.0,0.0,0.0,0.0,0.0,0.0
720575940621581421,GABA,0.49732620320855614,0.026737967914438502,0.18181818181818182,0.03208556149732621,0.0,0.08021390374331551,0.03208556149732621,0.0,0.053475935828877004,0.0,0.0,0.03208556149732621,0.0374331550802139,0.0,0.0,0.0,0.0,0.0,0.0,0.0,0.026737967914438502,0.0,0.0,0.0,0.0,0.0,0.0,0.0,0.0,0.0
720575940621585286,GLUT,0.3116883116883117,0.06060606060606061,0.03463203463203463,0.22077922077922077,0.08225108225108226,0.047619047619047616,0.06926406926406926,0.06493506493506493,0.0,0.03896103896103896,0.0,0.04329004329004329,0.0,0.0,0.0,0.0,0.0,0.025974025974025976,0.0,0.0,0.0,0.0,0.0,0.0,0.0,0.0,0.0,0.0,0.0,0.0
720575940621610678,GABA,0.28484848484848485,0.07272727272727272,0.296969696969697,0.030303030303030304,0.07272727272727272,0.07878787878787878,0.07878787878787878,0.0,0.0,0.03636363636363636,0.0,0.048484848484848485,0.0,0.0,0.0,0.0,0.0,0.0,0.0,0.0,0.0,0.0,0.0,0.0,0.0,0.0,0.0,0.0,0.0,0.0
720575940621623917,GABA,0.30256410256410254,0.02564102564102564,0.0,0.2717948717948718,0.08717948717948718,0.05128205128205128,0.1282051282051282,0.02564102564102564,0.0,0.06153846153846154,0.0,0.046153846153846156,0.0,0.0,0.0,0.0,0.0,0.0,0.0,0.0,0.0,0.0,0.0,0.0,0.0,0.0,0.0,0.0,0.0,0.0
720575940621628655,ACH,0.354014598540146,0.10583941605839416,0.1897810218978102,0.08759124087591241,0.043795620437956206,0.040145985401459854,0.05474452554744526,0.0,0.0,0.025547445255474453,0.0,0.0364963503649635,0.0,0.0,0.0,0.0,0.0,0.0,0.0,0.0,0.0,0.0,0.0,0.0364963503649635,0.0,0.0,0.025547445255474453,0.0,0.0,0.0
720575940621661377,GABA,0.2872340425531915,0.0,0.32978723404255317,0.0,0.0,0.05319148936170213,0.11702127659574468,0.0,0.0,0.0851063829787234,0.0,0.05319148936170213,0.07446808510638298,0.0,0.0,0.0,0.0,0.0,0.0,0.0,0.0,0.0,0.0,0.0,0.0,0.0,0.0,0.0,0.0,0.0
720575940621662145,GLUT,0.23140495867768596,0.06611570247933884,0.30578512396694213,0.23140495867768596,0.10743801652892562,0.0,0.05785123966942149,0.0,0.0,0.0,0.0,0.0,0.0,0.0,0.0,0.0,0.0,0.0,0.0,0.0,0.0,0.0,0.0,0.0,0.0,0.0,0.0,0.0,0.0,0.0
720575940621704942,GLUT,0.0,0.3852813852813853,0.03463203463203463,0.19913419913419914,0.0735930735930736,0.0,0.06926406926406926,0.03896103896103896,0.09956709956709957,0.0,0.0,0.025974025974025976,0.0,0.0,0.0,0.021645021645021644,0.025974025974025976,0.0,0.0,0.0,0.025974025974025976,0.0,0.0,0.0,0.0,0.0,0.0,0.0,0.0,0.0
720575940621707174,ACH,0.0,0.0,0.0,0.0,0.5,0.0,0.0,0.0,0.0,0.5,0.0,0.0,0.0,0.0,0.0,0.0,0.0,0.0,0.0,0.0,0.0,0.0,0.0,0.0,0.0,0.0,0.0,0.0,0.0,0.0
720575940621742189,GABA,0.5514705882352942,0.08088235294117647,0.0,0.08088235294117647,0.051470588235294115,0.125,0.058823529411764705,0.0,0.0,0.0,0.0,0.051470588235294115,0.0,0.0,0.0,0.0,0.0,0.0,0.0,0.0,0.0,0.0,0.0,0.0,0.0,0.0,0.0,0.0,0.0,0.0
720575940621749613,GABA,0.0,0.5067567567567568,0.0,0.04054054054054054,0.10135135135135136,0.0,0.07432432432432433,0.05405405405405406,0.12837837837837837,0.0472972972972973,0.0,0.0472972972972973,0.0,0.0,0.0,0.0,0.0,0.0,0.0,0.0,0.0,0.0,0.0,0.0,0.0,0.0,0.0,0.0,0.0,0.0
720575940621886630,GLUT,0.3716216216216216,0.11486486486486487,0.0,0.16891891891891891,0.04054054054054054,0.10135135135135136,0.060810810810810814,0.0,0.0,0.0,0.0,0.033783783783783786,0.060810810810810814,0.0,0.0,0.0,0.0,0.0,0.0,0.0,0.0,0.0,0.0,0.0,0.0,0.0472972972972973,0.0,0.0,0.0,0.0
720575940621891572,GABA,0.11888111888111888,0.5384615384615384,0.07692307692307693,0.0,0.03496503496503497,0.0,0.0,0.0,0.13286713286713286,0.0,0.0,0.0,0.0,0.0,0.0,0.03496503496503497,0.06293706293706294,0.0,0.0,0.0,0.0,0.0,0.0,0.0,0.0,0.0,0.0,0.0,0.0,0.0
720575940621931958,GLUT,0.11299435028248588,0.288135593220339,0.24858757062146894,0.0,0.04519774011299435,0.03954802259887006,0.0,0.0,0.062146892655367235,0.05084745762711865,0.0,0.0,0.062146892655367235,0.0,0.0,0.05084745762711865,0.0,0.0,0.0,0.0,0.0,0.0,0.0,0.0,0.03954802259887006,0.0,0.0,0.0,0.0,0.0
720575940621956161,GLUT,0.0,0.3877551020408163,0.23979591836734693,0.03571428571428571,0.025510204081632654,0.0,0.07142857142857142,0.0,0.12244897959183673,0.030612244897959183,0.0,0.04081632653061224,0.0,0.0,0.0,0.0,0.04591836734693878,0.0,0.0,0.0,0.0,0.0,0.0,0.0,0.0,0.0,0.0,0.0,0.0,0.0
720575940621961382,GABA,0.0,0.6324786324786325,0.0,0.042735042735042736,0.0,0.0,0.05982905982905983,0.0,0.21367521367521367,0.05128205128205128,0.0,0.0,0.0,0.0,0.0,0.0,0.0,0.0,0.0,0.0,0.0,0.0,0.0,0.0,0.0,0.0,0.0,0.0,0.0,0.0
720575940622087489,GLUT,0.0,0.5431472081218274,0.030456852791878174,0.116751269035533,0.03553299492385787,0.0,0.0,0.1065989847715736,0.07614213197969544,0.0,0.0,0.0,0.0,0.0,0.0,0.04568527918781726,0.04568527918781726,0.0,0.0,0.0,0.0,0.0,0.0,0.0,0.0,0.0,0.0,0.0,0.0,0.0
720575940622106790,GLUT,0.36486486486486486,0.05855855855855856,0.24324324324324326,0.12612612612612611,0.04504504504504504,0.036036036036036036,0.02702702702702703,0.04054054054054054,0.0,0.0,0.0,0.03153153153153153,0.0,0.0,0.0,0.0,0.0,0.0,0.02702702702702703,0.0,0.0,0.0,0.0,0.0,0.0,0.0,0.0,0.0,0.0,0.0
720575940622112182,GLUT,0.15730337078651685,0.0898876404494382,0.0,0.0,0.0,0.10112359550561797,0.0898876404494382,0.0,0.0,0.0,0.0,0.10112359550561797,0.20224719101123595,0.0,0.0,0.0,0.10112359550561797,0.15730337078651685,0.0,0.0,0.0,0.0,0.0,0.0,0.0,0.0,0.0,0.0,0.0,0.0
720575940622176628,DA,0.396,0.04,0.212,0.048,0.048,0.032,0.104,0.02,0.0,0.036,0.0,0.04,0.0,0.0,0.0,0.024,0.0,0.0,0.0,0.0,0.0,0.0,0.0,0.0,0.0,0.0,0.0,0.0,0.0,0.0
720575940622193432,GLUT,0.42,0.0,0.235,0.08,0.065,0.025,0.08,0.035,0.0,0.03,0.0,0.03,0.0,0.0,0.0,0.0,0.0,0.0,0.0,0.0,0.0,0.0,0.0,0.0,0.0,0.0,0.0,0.0,0.0,0.0
720575940622261168,GABA,0.09137055837563451,0.14213197969543148,0.39086294416243655,0.0,0.0,0.04060913705583756,0.0,0.0,0.0,0.0,0.0,0.0,0.08121827411167512,0.0,0.0,0.0,0.030456852791878174,0.0,0.0,0.116751269035533,0.0,0.0,0.0,0.0,0.0,0.04568527918781726,0.0,0.0,0.06091370558375635,0.0
720575940622306486,ACH,0.09219858156028368,0.10638297872340426,0.2872340425531915,0.0425531914893617,0.09574468085106383,0.0,0.0,0.02127659574468085,0.0,0.0,0.0,0.03546099290780142,0.05319148936170213,0.0,0.0,0.0,0.01773049645390071,0.05673758865248227,0.0,0.07092198581560284,0.0,0.0,0.0,0.0,0.031914893617021274,0.028368794326241134,0.0,0.0,0.06028368794326241,0.0
720575940622361215,GABA,0.0,0.3067484662576687,0.15950920245398773,0.13496932515337423,0.03067484662576687,0.0,0.1165644171779141,0.06748466257668712,0.06748466257668712,0.05521472392638037,0.0,0.03067484662576687,0.0,0.0,0.0,0.0,0.03067484662576687,0.0,0.0,0.0,0.0,0.0,0.0,0.0,0.0,0.0,0.0,0.0,0.0,0.0
720575940622464383,GABA,0.0,0.6712328767123288,0.1917808219178082,0.0,0.0,0.0,0.0,0.0,0.136986301369863,0.0,0.0,0.0,0.0,0.0,0.0,0.0,0.0,0.0,0.0,0.0,0.0,0.0,0.0,0.0,0.0,0.0,0.0,0.0,0.0,0.0
720575940622596084,GABA,0.3197278911564626,0.034013605442176874,0.0,0.16326530612244897,0.11564625850340136,0.061224489795918366,0.06802721088435375,0.05442176870748299,0.0,0.0,0.0,0.05442176870748299,0.0,0.0,0.08843537414965986,0.0,0.0,0.0,0.0,0.0,0.04081632653061224,0.0,0.0,0.0,0.0,0.0,0.0,0.0,0.0,0.0
720575940622614260,GLUT,0.5469387755102041,0.08163265306122448,0.061224489795918366,0.08571428571428572,0.08571428571428572,0.09387755102040816,0.024489795918367346,0.0,0.0,0.02040816326530612,0.0,0.0,0.0,0.0,0.0,0.0,0.0,0.0,0.0,0.0,0.0,0.0,0.0,0.0,0.0,0.0,0.0,0.0,0.0,0.0
720575940622616581,GABA,0.0,0.4427860696517413,0.07960199004975124,0.07462686567164178,0.08955223880597014,0.0,0.05472636815920398,0.0,0.12437810945273632,0.03980099502487562,0.0,0.029850746268656716,0.0,0.0,0.0,0.0,0.03980099502487562,0.0,0.0,0.0,0.0,0.0,0.0,0.024875621890547265,0.0,0.0,0.0,0.0,0.0,0.0
720575940622616670,GLUT,0.0,0.6857142857142857,0.0,0.0,0.0,0.0,0.0,0.0,0.0,0.0,0.0,0.0,0.14285714285714285,0.0,0.0,0.0,0.17142857142857143,0.0,0.0,0.0,0.0,0.0,0.0,0.0,0.0,0.0,0.0,0.0,0.0,0.0
720575940622675327,GLUT,0.3561643835616438,0.08904109589041095,0.21232876712328766,0.04794520547945205,0.04794520547945205,0.04794520547945205,0.0,0.0,0.0410958904109589,0.0410958904109589,0.0,0.04794520547945205,0.0684931506849315,0.0,0.0,0.0,0.0,0.0,0.0,0.0,0.0,0.0,0.0,0.0,0.0,0.0,0.0,0.0,0.0,0.0
720575940622689524,DA,0.15555555555555556,0.0,0.0,0.1111111111111111,0.3333333333333333,0.0,0.0,0.0,0.13333333333333333,0.26666666666666666,0.0,0.0,0.0,0.0,0.0,0.0,0.0,0.0,0.0,0.0,0.0,0.0,0.0,0.0,0.0,0.0,0.0,0.0,0.0,0.0
720575940622780165,GLUT,0.13450292397660818,0.09941520467836257,0.19883040935672514,0.2046783625730994,0.06432748538011696,0.0,0.06432748538011696,0.09941520467836257,0.05847953216374269,0.0,0.0,0.029239766081871343,0.0,0.0,0.04678362573099415,0.0,0.0,0.0,0.0,0.0,0.0,0.0,0.0,0.0,0.0,0.0,0.0,0.0,0.0,0.0
720575940622799966,GABA,0.3431372549019608,0.058823529411764705,0.0,0.24509803921568626,0.12745098039215685,0.09803921568627451,0.0784313725490196,0.0,0.0,0.0,0.0,0.049019607843137254,0.0,0.0,0.0,0.0,0.0,0.0,0.0,0.0,0.0,0.0,0.0,0.0,0.0,0.0,0.0,0.0,0.0,0.0
720575940622819617,ACH,0.0,0.0,0.1078838174273859,0.0,0.07468879668049792,0.0,0.0,0.0,0.0,0.0,0.4149377593360996,0.04979253112033195,0.0,0.3070539419087137,0.02074688796680498,0.0,0.0,0.0,0.0,0.0,0.0,0.024896265560165973,0.0,0.0,0.0,0.0,0.0,0.0,0.0,0.0
720575940622943207,GLUT,0.0,0.41509433962264153,0.3270440251572327,0.07547169811320754,0.0,0.0,0.0,0.03773584905660377,0.08176100628930817,0.031446540880503145,0.0,0.0,0.0,0.0,0.0,0.0,0.031446540880503145,0.0,0.0,0.0,0.0,0.0,0.0,0.0,0.0,0.0,0.0,0.0,0.0,0.0
720575940623073809,GLUT,0.18705035971223022,0.11510791366906475,0.3381294964028777,0.2446043165467626,0.05755395683453238,0.05755395683453238,0.0,0.0,0.0,0.0,0.0,0.0,0.0,0.0,0.0,0.0,0.0,0.0,0.0,0.0,0.0,0.0,0.0,0.0,0.0,0.0,0.0,0.0,0.0,0.0
720575940623124905,GLUT,0.0,0.3554006968641115,0.0313588850174216,0.0,0.0,0.04878048780487805,0.0,0.0,0.08710801393728224,0.027874564459930314,0.0,0.0,0.08710801393728224,0.0,0.08013937282229965,0.0,0.020905923344947737,0.0,0.0,0.09407665505226481,0.0,0.0,0.0,0.0,0.10452961672473868,0.024390243902439025,0.0,0.0,0.03832752613240418,0.0
720575940623132329,GLUT,0.0,0.7291666666666666,0.03125,0.0,0.036458333333333336,0.0,0.0,0.0,0.109375,0.036458333333333336,0.0,0.0,0.0,0.0,0.0,0.057291666666666664,0.0,0.0,0.0,0.0,0.0,0.0,0.0,0.0,0.0,0.0,0.0,0.0,0.0,0.0
720575940623246204,GLUT,0.46153846153846156,0.0,0.0,0.0,0.1623931623931624,0.1282051282051282,0.06837606837606838,0.042735042735042736,0.0,0.07692307692307693,0.0,0.05982905982905983,0.0,0.0,0.0,0.0,0.0,0.0,0.0,0.0,0.0,0.0,0.0,0.0,0.0,0.0,0.0,0.0,0.0,0.0
720575940623374156,ACH,0.0,0.41818181818181815,0.0,0.16363636363636364,0.14545454545454545,0.0,0.0,0.2727272727272727,0.0,0.0,0.0,0.0,0.0,0.0,0.0,0.0,0.0,0.0,0.0,0.0,0.0,0.0,0.0,0.0,0.0,0.0,0.0,0.0,0.0,0.0
720575940623725773,OCT,0.2261904761904762,0.03571428571428571,0.30357142857142855,0.11904761904761904,0.047619047619047616,0.08928571428571429,0.07142857142857142,0.06547619047619048,0.0,0.0,0.0,0.041666666666666664,0.0,0.0,0.0,0.0,0.0,0.0,0.0,0.0,0.0,0.0,0.0,0.0,0.0,0.0,0.0,0.0,0.0,0.0
720575940623743768,ACH,0.05263157894736842,0.0,0.38596491228070173,0.22807017543859648,0.16666666666666666,0.0,0.0,0.0,0.0,0.05263157894736842,0.0,0.0,0.0,0.0,0.0,0.0,0.0,0.07017543859649122,0.0,0.0,0.0,0.0,0.0,0.0,0.0,0.0,0.043859649122807015,0.0,0.0,0.0
720575940623851363,GABA,0.14285714285714285,0.12244897959183673,0.0,0.24489795918367346,0.10884353741496598,0.061224489795918366,0.047619047619047616,0.061224489795918366,0.034013605442176874,0.0,0.0,0.05442176870748299,0.0,0.0,0.05442176870748299,0.0,0.0,0.034013605442176874,0.0,0.034013605442176874,0.0,0.0,0.0,0.0,0.0,0.0,0.0,0.0,0.0,0.0
720575940623883561,GLUT,0.35784313725490197,0.049019607843137254,0.23039215686274508,0.0,0.09803921568627451,0.04411764705882353,0.058823529411764705,0.08823529411764706,0.0,0.049019607843137254,0.0,0.024509803921568627,0.0,0.0,0.0,0.0,0.0,0.0,0.0,0.0,0.0,0.0,0.0,0.0,0.0,0.0,0.0,0.0,0.0,0.0
720575940624008703,GABA,0.0,0.5443037974683544,0.0759493670886076,0.0,0.12658227848101267,0.0,0.0,0.0,0.10126582278481013,0.08860759493670886,0.0,0.0,0.0,0.0,0.06329113924050633,0.0,0.0,0.0,0.0,0.0,0.0,0.0,0.0,0.0,0.0,0.0,0.0,0.0,0.0,0.0
720575940624028003,GLUT,0.17204301075268819,0.08602150537634409,0.25806451612903225,0.0967741935483871,0.06451612903225806,0.0,0.15053763440860216,0.07526881720430108,0.0,0.0967741935483871,0.0,0.0,0.0,0.0,0.0,0.0,0.0,0.0,0.0,0.0,0.0,0.0,0.0,0.0,0.0,0.0,0.0,0.0,0.0,0.0
720575940624033535,GABA,0.423963133640553,0.041474654377880185,0.12903225806451613,0.08294930875576037,0.07834101382488479,0.08294930875576037,0.02304147465437788,0.027649769585253458,0.0,0.03686635944700461,0.0,0.04608294930875576,0.0,0.0,0.0,0.027649769585253458,0.0,0.0,0.0,0.0,0.0,0.0,0.0,0.0,0.0,0.0,0.0,0.0,0.0,0.0
720575940624086825,ACH,0.0,0.2682926829268293,0.2804878048780488,0.1951219512195122,0.03048780487804878,0.0,0.036585365853658534,0.06707317073170732,0.09146341463414634,0.0,0.0,0.03048780487804878,0.0,0.0,0.0,0.0,0.0,0.0,0.0,0.0,0.0,0.0,0.0,0.0,0.0,0.0,0.0,0.0,0.0,0.0
720575940624089855,SER,0.6176470588235294,0.15441176470588236,0.0,0.0,0.04411764705882353,0.058823529411764705,0.0,0.0,0.051470588235294115,0.0,0.0,0.0,0.03676470588235294,0.0,0.0,0.0,0.0,0.0,0.0,0.0,0.03676470588235294,0.0,0.0,0.0,0.0,0.0,0.0,0.0,0.0,0.0
720575940624090918,GLUT,0.2564102564102564,0.05128205128205128,0.2564102564102564,0.14957264957264957,0.038461538461538464,0.042735042735042736,0.021367521367521368,0.08974358974358974,0.021367521367521368,0.0,0.0,0.03418803418803419,0.0,0.0,0.038461538461538464,0.0,0.0,0.0,0.0,0.0,0.0,0.0,0.0,0.0,0.0,0.0,0.0,0.0,0.0,0.0
720575940624106948,ACH,0.0,0.7777777777777778,0.0,0.0,0.13580246913580246,0.0,0.0,0.0,0.0,0.08641975308641975,0.0,0.0,0.0,0.0,0.0,0.0,0.0,0.0,0.0,0.0,0.0,0.0,0.0,0.0,0.0,0.0,0.0,0.0,0.0,0.0
720575940624151432,GLUT,0.11731843575418995,0.24581005586592178,0.17318435754189945,0.1564245810055866,0.07262569832402235,0.03910614525139665,0.0,0.11731843575418995,0.0,0.0335195530726257,0.0,0.0446927374301676,0.0,0.0,0.0,0.0,0.0,0.0,0.0,0.0,0.0,0.0,0.0,0.0,0.0,0.0,0.0,0.0,0.0,0.0
720575940624180628,GLUT,0.18340611353711792,0.021834061135371178,0.19213973799126638,0.12663755458515283,0.03056768558951965,0.021834061135371178,0.05240174672489083,0.2096069868995633,0.0,0.034934497816593885,0.0,0.0,0.0,0.0,0.03056768558951965,0.0,0.0,0.0,0.06550218340611354,0.0,0.0,0.0,0.0,0.03056768558951965,0.0,0.0,0.0,0.0,0.0,0.0
720575940624191368,ACH,0.36666666666666664,0.0,0.0,0.05,0.125,0.0,0.11666666666666667,0.041666666666666664,0.0,0.075,0.0,0.075,0.0,0.0,0.075,0.0,0.0,0.075,0.0,0.0,0.0,0.0,0.0,0.0,0.0,0.0,0.0,0.0,0.0,0.0
720575940624196095,OCT,0.2413793103448276,0.0,0.0,0.0,0.3448275862068966,0.0,0.20689655172413793,0.0,0.0,0.20689655172413793,0.0,0.0,0.0,0.0,0.0,0.0,0.0,0.0,0.0,0.0,0.0,0.0,0.0,0.0,0.0,0.0,0.0,0.0,0.0,0.0
720575940624202025,ACH,0.0,0.24161073825503357,0.2214765100671141,0.0738255033557047,0.0738255033557047,0.0,0.03355704697986577,0.15436241610738255,0.04697986577181208,0.087248322147651,0.0,0.0,0.0,0.0,0.0,0.0,0.0,0.0,0.06711409395973154,0.0,0.0,0.0,0.0,0.0,0.0,0.0,0.0,0.0,0.0,0.0
720575940624248870,GLUT,0.0,0.6648936170212766,0.15425531914893617,0.0,0.0,0.0,0.0,0.0,0.0851063829787234,0.0,0.0,0.0,0.0425531914893617,0.0,0.0,0.0,0.0,0.0,0.0,0.026595744680851064,0.0,0.0,0.0,0.0,0.0,0.0,0.026595744680851064,0.0,0.0,0.0
720575940624267667,ACH,0.0,0.0,0.19662921348314608,0.0,0.10674157303370786,0.0,0.0,0.0,0.0,0.06179775280898876,0.34831460674157305,0.0,0.0,0.1797752808988764,0.033707865168539325,0.0,0.0,0.0,0.0,0.0,0.0,0.07303370786516854,0.0,0.0,0.0,0.0,0.0,0.0,0.0,0.0
720575940624271338,GLUT,0.16666666666666666,0.11538461538461539,0.23717948717948717,0.2564102564102564,0.038461538461538464,0.0,0.07692307692307693,0.05128205128205128,0.0,0.0,0.0,0.057692307692307696,0.0,0.0,0.0,0.0,0.0,0.0,0.0,0.0,0.0,0.0,0.0,0.0,0.0,0.0,0.0,0.0,0.0,0.0
720575940624282248,GLUT,0.2638888888888889,0.25,0.0,0.0,0.06944444444444445,0.0,0.0,0.0,0.18055555555555555,0.0,0.0,0.0,0.16666666666666666,0.0,0.0,0.06944444444444445,0.0,0.0,0.0,0.0,0.0,0.0,0.0,0.0,0.0,0.0,0.0,0.0,0.0,0.0
720575940624283016,GLUT,0.38011695906432746,0.0935672514619883,0.23391812865497075,0.08771929824561403,0.0,0.029239766081871343,0.0,0.0,0.08771929824561403,0.0,0.0,0.029239766081871343,0.029239766081871343,0.0,0.0,0.029239766081871343,0.0,0.0,0.0,0.0,0.0,0.0,0.0,0.0,0.0,0.0,0.0,0.0,0.0,0.0
720575940624336324,GABA,0.6984126984126984,0.0,0.0,0.2222222222222222,0.0,0.07936507936507936,0.0,0.0,0.0,0.0,0.0,0.0,0.0,0.0,0.0,0.0,0.0,0.0,0.0,0.0,0.0,0.0,0.0,0.0,0.0,0.0,0.0,0.0,0.0,0.0
720575940624346820,GABA,0.3291139240506329,0.05063291139240506,0.0,0.2974683544303797,0.056962025316455694,0.0,0.08227848101265822,0.08227848101265822,0.0,0.056962025316455694,0.0,0.0,0.0,0.0,0.0,0.0,0.0,0.04430379746835443,0.0,0.0,0.0,0.0,0.0,0.0,0.0,0.0,0.0,0.0,0.0,0.0
720575940624349674,GLUT,0.38222222222222224,0.02666666666666667,0.24888888888888888,0.10666666666666667,0.12444444444444444,0.057777777777777775,0.03111111111111111,0.0,0.0,0.0,0.0,0.0,0.0,0.0,0.0,0.0,0.0,0.0,0.0,0.0,0.022222222222222223,0.0,0.0,0.0,0.0,0.0,0.0,0.0,0.0,0.0
720575940624368934,GLUT,0.33093525179856115,0.1223021582733813,0.1223021582733813,0.07194244604316546,0.04316546762589928,0.07913669064748201,0.04316546762589928,0.0,0.0,0.050359712230215826,0.0,0.050359712230215826,0.0,0.0,0.0,0.0,0.0,0.0,0.0,0.04316546762589928,0.0,0.0,0.0,0.04316546762589928,0.0,0.0,0.0,0.0,0.0,0.0
720575940624379844,GLUT,0.0,0.577639751552795,0.031055900621118012,0.11801242236024845,0.043478260869565216,0.0,0.031055900621118012,0.0,0.14285714285714285,0.055900621118012424,0.0,0.0,0.0,0.0,0.0,0.0,0.0,0.0,0.0,0.0,0.0,0.0,0.0,0.0,0.0,0.0,0.0,0.0,0.0,0.0
720575940624425924,GLUT,0.3546511627906977,0.10465116279069768,0.19186046511627908,0.0,0.05232558139534884,0.09302325581395349,0.06395348837209303,0.0,0.029069767441860465,0.040697674418604654,0.0,0.0,0.06976744186046512,0.0,0.0,0.0,0.0,0.0,0.0,0.0,0.0,0.0,0.0,0.0,0.0,0.0,0.0,0.0,0.0,0.0
720575940624488595,GLUT,0.2987012987012987,0.15584415584415584,0.26406926406926406,0.0,0.0735930735930736,0.06060606060606061,0.05627705627705628,0.0,0.0,0.03463203463203463,0.0,0.030303030303030304,0.0,0.0,0.0,0.0,0.0,0.025974025974025976,0.0,0.0,0.0,0.0,0.0,0.0,0.0,0.0,0.0,0.0,0.0,0.0
720575940624571882,GABA,0.09333333333333334,0.6666666666666666,0.0,0.0,0.0,0.0,0.10666666666666667,0.06666666666666667,0.0,0.06666666666666667,0.0,0.0,0.0,0.0,0.0,0.0,0.0,0.0,0.0,0.0,0.0,0.0,0.0,0.0,0.0,0.0,0.0,0.0,0.0,0.0
720575940624592391,GABA,0.20441988950276244,0.03314917127071823,0.26519337016574585,0.2541436464088398,0.06077348066298342,0.0,0.055248618784530384,0.0718232044198895,0.0,0.0,0.0,0.027624309392265192,0.0,0.0,0.0,0.0,0.0,0.0,0.027624309392265192,0.0,0.0,0.0,0.0,0.0,0.0,0.0,0.0,0.0,0.0,0.0
720575940624609461,GLUT,0.2553191489361702,0.06914893617021277,0.14893617021276595,0.07446808510638298,0.047872340425531915,0.047872340425531915,0.06914893617021277,0.2393617021276596,0.0,0.047872340425531915,0.0,0.0,0.0,0.0,0.0,0.0,0.0,0.0,0.0,0.0,0.0,0.0,0.0,0.0,0.0,0.0,0.0,0.0,0.0,0.0
720575940624698109,GABA,0.2413793103448276,0.2413793103448276,0.07758620689655173,0.04310344827586207,0.08620689655172414,0.09482758620689655,0.07758620689655173,0.05172413793103448,0.08620689655172414,0.0,0.0,0.0,0.0,0.0,0.0,0.0,0.0,0.0,0.0,0.0,0.0,0.0,0.0,0.0,0.0,0.0,0.0,0.0,0.0,0.0
720575940624918535,ACH,0.0,0.0,0.0,0.0,0.1308411214953271,0.0,0.0,0.0,0.0,0.0,0.6074766355140186,0.0,0.0,0.21495327102803738,0.0,0.0,0.0,0.0,0.0,0.0,0.0,0.0,0.0,0.0,0.0,0.04672897196261682,0.0,0.0,0.0,0.0
720575940624919625,GABA,0.31666666666666665,0.041666666666666664,0.0,0.175,0.16666666666666666,0.0,0.08333333333333333,0.10833333333333334,0.0,0.058333333333333334,0.0,0.05,0.0,0.0,0.0,0.0,0.0,0.0,0.0,0.0,0.0,0.0,0.0,0.0,0.0,0.0,0.0,0.0,0.0,0.0
720575940624931509,GLUT,0.4696969696969697,0.11363636363636363,0.0,0.045454545454545456,0.06818181818181818,0.12878787878787878,0.0,0.0,0.0,0.03787878787878788,0.0,0.06060606060606061,0.07575757575757576,0.0,0.0,0.0,0.0,0.0,0.0,0.0,0.0,0.0,0.0,0.0,0.0,0.0,0.0,0.0,0.0,0.0
720575940624989960,GLUT,0.0,0.0,0.2803738317757009,0.02336448598130841,0.1542056074766355,0.0,0.03271028037383177,0.0,0.0,0.02336448598130841,0.24766355140186916,0.06074766355140187,0.0,0.06542056074766354,0.037383177570093455,0.0,0.0,0.0,0.0,0.0,0.0,0.0,0.04672897196261682,0.0,0.0,0.028037383177570093,0.0,0.0,0.0,0.0
720575940625093813,GABA,0.6274509803921569,0.058823529411764705,0.0,0.0,0.10784313725490197,0.0,0.0,0.0,0.0,0.08823529411764706,0.0,0.049019607843137254,0.0,0.0,0.0,0.06862745098039216,0.0,0.0,0.0,0.0,0.0,0.0,0.0,0.0,0.0,0.0,0.0,0.0,0.0,0.0
720575940625137405,GABA,0.29213483146067415,0.14606741573033707,0.11235955056179775,0.2808988764044944,0.056179775280898875,0.056179775280898875,0.0,0.0,0.0,0.056179775280898875,0.0,0.0,0.0,0.0,0.0,0.0,0.0,0.0,0.0,0.0,0.0,0.0,0.0,0.0,0.0,0.0,0.0,0.0,0.0,0.0
720575940625141995,GABA,0.0,0.5827814569536424,0.12582781456953643,0.033112582781456956,0.0,0.0,0.052980132450331126,0.0,0.08609271523178808,0.046357615894039736,0.0,0.0,0.0,0.0,0.0,0.0,0.0,0.0,0.0,0.039735099337748346,0.0,0.0,0.0,0.0,0.0,0.0,0.033112582781456956,0.0,0.0,0.0
720575940625158206,ACH,0.0,0.4339622641509434,0.3018867924528302,0.05660377358490566,0.0440251572327044,0.0,0.0,0.07547169811320754,0.0,0.031446540880503145,0.0,0.0,0.0,0.0,0.05660377358490566,0.0,0.0,0.0,0.0,0.0,0.0,0.0,0.0,0.0,0.0,0.0,0.0,0.0,0.0,0.0
720575940625261547,GLUT,0.4140127388535032,0.044585987261146494,0.2484076433121019,0.08280254777070063,0.0,0.07006369426751592,0.044585987261146494,0.0,0.0,0.03821656050955414,0.0,0.05732484076433121,0.0,0.0,0.0,0.0,0.0,0.0,0.0,0.0,0.0,0.0,0.0,0.0,0.0,0.0,0.0,0.0,0.0,0.0
720575940625272980,GLUT,0.2815126050420168,0.08403361344537816,0.18907563025210083,0.1092436974789916,0.08403361344537816,0.0546218487394958,0.037815126050420166,0.08823529411764706,0.02100840336134454,0.025210084033613446,0.0,0.0,0.0,0.0,0.0,0.0,0.0,0.0,0.0,0.0,0.0,0.0,0.0,0.0,0.0,0.0,0.0,0.025210084033613446,0.0,0.0
720575940625308391,GABA,0.3931034482758621,0.10344827586206896,0.2827586206896552,0.08275862068965517,0.0,0.06896551724137931,0.0,0.0,0.0,0.0,0.0,0.034482758620689655,0.0,0.0,0.0,0.0,0.0,0.0,0.0,0.0,0.0,0.0,0.0,0.034482758620689655,0.0,0.0,0.0,0.0,0.0,0.0
720575940625397140,GABA,0.35443037974683544,0.08438818565400844,0.0,0.18565400843881857,0.08438818565400844,0.05485232067510549,0.04219409282700422,0.0379746835443038,0.0,0.02109704641350211,0.0,0.06751054852320675,0.0,0.0,0.02531645569620253,0.0,0.0,0.02109704641350211,0.0,0.0,0.02109704641350211,0.0,0.0,0.0,0.0,0.0,0.0,0.0,0.0,0.0
720575940625417447,GLUT,0.24561403508771928,0.0,0.2631578947368421,0.23684210526315788,0.043859649122807015,0.0,0.05263157894736842,0.06140350877192982,0.0,0.05263157894736842,0.0,0.043859649122807015,0.0,0.0,0.0,0.0,0.0,0.0,0.0,0.0,0.0,0.0,0.0,0.0,0.0,0.0,0.0,0.0,0.0,0.0
720575940625602023,GABA,0.0,0.5342465753424658,0.1141552511415525,0.0,0.0273972602739726,0.0,0.0,0.0,0.1552511415525114,0.0410958904109589,0.0,0.0,0.0639269406392694,0.0,0.0228310502283105,0.0,0.0410958904109589,0.0,0.0,0.0,0.0,0.0,0.0,0.0,0.0,0.0,0.0,0.0,0.0,0.0
720575940625675960,GLUT,0.3013698630136986,0.1506849315068493,0.0,0.0,0.1232876712328767,0.0,0.1095890410958904,0.0,0.0,0.0,0.0,0.0684931506849315,0.0,0.0,0.0,0.0821917808219178,0.0,0.0958904109589041,0.0,0.0,0.0,0.0,0.0,0.0,0.0684931506849315,0.0,0.0,0.0,0.0,0.0
720575940625709582,GLUT,0.410958904109589,0.091324200913242,0.0,0.1141552511415525,0.0684931506849315,0.0776255707762557,0.0,0.0639269406392694,0.0,0.0228310502283105,0.0,0.1506849315068493,0.0,0.0,0.0,0.0,0.0,0.0,0.0,0.0,0.0,0.0,0.0,0.0,0.0,0.0,0.0,0.0,0.0,0.0
720575940625750164,GLUT,0.15763546798029557,0.08866995073891626,0.21674876847290642,0.27586206896551724,0.029556650246305417,0.03940886699507389,0.04926108374384237,0.03940886699507389,0.0,0.04926108374384237,0.0,0.029556650246305417,0.0,0.0,0.024630541871921183,0.0,0.0,0.0,0.0,0.0,0.0,0.0,0.0,0.0,0.0,0.0,0.0,0.0,0.0,0.0
720575940625812408,GLUT,0.0,0.4967741935483871,0.13548387096774195,0.12903225806451613,0.03870967741935484,0.0,0.0,0.0967741935483871,0.1032258064516129,0.0,0.0,0.0,0.0,0.0,0.0,0.0,0.0,0.0,0.0,0.0,0.0,0.0,0.0,0.0,0.0,0.0,0.0,0.0,0.0,0.0
720575940625817102,GLUT,0.0,0.3120567375886525,0.24113475177304963,0.19148936170212766,0.03546099290780142,0.0,0.06382978723404255,0.03546099290780142,0.0851063829787234,0.0,0.0,0.0,0.0,0.0,0.0,0.0,0.03546099290780142,0.0,0.0,0.0,0.0,0.0,0.0,0.0,0.0,0.0,0.0,0.0,0.0,0.0
720575940625872973,GLUT,0.0,0.3383458646616541,0.15789473684210525,0.21052631578947367,0.0,0.0,0.08270676691729323,0.09774436090225563,0.07518796992481203,0.0,0.0,0.0,0.0,0.0,0.0,0.0,0.03759398496240601,0.0,0.0,0.0,0.0,0.0,0.0,0.0,0.0,0.0,0.0,0.0,0.0,0.0
720575940625880846,GLUT,0.4634146341463415,0.13414634146341464,0.20121951219512196,0.0,0.03048780487804878,0.08536585365853659,0.0,0.0,0.08536585365853659,0.0,0.0,0.0,0.0,0.0,0.0,0.0,0.0,0.0,0.0,0.0,0.0,0.0,0.0,0.0,0.0,0.0,0.0,0.0,0.0,0.0
720575940625906190,GLUT,0.0,0.0,0.37850467289719625,0.0,0.17289719626168223,0.0,0.04672897196261682,0.0,0.0,0.04205607476635514,0.24766355140186916,0.028037383177570093,0.0,0.0,0.02336448598130841,0.0,0.0,0.0,0.0,0.0,0.0,0.03271028037383177,0.028037383177570093,0.0,0.0,0.0,0.0,0.0,0.0,0.0
720575940625930995,ACH,0.0,0.0,0.24778761061946902,0.0,0.07079646017699115,0.0,0.0,0.0,0.0,0.022123893805309734,0.3938053097345133,0.0,0.0,0.24336283185840707,0.0,0.0,0.0,0.0,0.0,0.0,0.0,0.0,0.022123893805309734,0.0,0.0,0.0,0.0,0.0,0.0,0.0
720575940625954744,ACH,0.35023041474654376,0.08294930875576037,0.20276497695852536,0.03686635944700461,0.055299539170506916,0.12442396313364056,0.0,0.0,0.0,0.03686635944700461,0.0,0.0,0.027649769585253458,0.0,0.0,0.03686635944700461,0.0,0.0,0.0,0.0,0.04608294930875576,0.0,0.0,0.0,0.0,0.0,0.0,0.0,0.0,0.0
720575940625968935,GLUT,0.3288590604026846,0.03355704697986577,0.26174496644295303,0.0,0.053691275167785234,0.15436241610738255,0.0,0.0,0.0,0.04697986577181208,0.0,0.0,0.08053691275167785,0.0,0.0,0.0,0.0,0.0,0.0,0.0,0.040268456375838924,0.0,0.0,0.0,0.0,0.0,0.0,0.0,0.0,0.0
720575940625983219,GLUT,0.0,0.46368715083798884,0.18994413407821228,0.0,0.055865921787709494,0.0,0.05027932960893855,0.12849162011173185,0.05027932960893855,0.0335195530726257,0.0,0.0,0.0,0.0,0.027932960893854747,0.0,0.0,0.0,0.0,0.0,0.0,0.0,0.0,0.0,0.0,0.0,0.0,0.0,0.0,0.0
720575940625992206,GLUT,0.3978494623655914,0.08602150537634409,0.15412186379928317,0.0,0.02867383512544803,0.07526881720430108,0.04659498207885305,0.0,0.07885304659498207,0.025089605734767026,0.0,0.0,0.021505376344086023,0.0,0.0,0.025089605734767026,0.025089605734767026,0.0,0.0,0.017921146953405017,0.0,0.0,0.0,0.0,0.0,0.0,0.017921146953405017,0.0,0.0,0.0
720575940626009895,ACH,0.0,0.4426229508196721,0.14754098360655737,0.0,0.21311475409836064,0.0,0.0,0.0,0.0,0.040983606557377046,0.0,0.0,0.0,0.0,0.09836065573770492,0.0,0.05737704918032787,0.0,0.0,0.0,0.0,0.0,0.0,0.0,0.0,0.0,0.0,0.0,0.0,0.0
720575940626022183,GLUT,0.0,0.20430107526881722,0.0,0.17204301075268819,0.04838709677419355,0.0,0.026881720430107527,0.34408602150537637,0.05913978494623656,0.03225806451612903,0.0,0.0,0.0,0.0,0.0,0.0,0.0,0.0,0.11290322580645161,0.0,0.0,0.0,0.0,0.0,0.0,0.0,0.0,0.0,0.0,0.0
720575940626038460,GLUT,0.24719101123595505,0.07865168539325842,0.0,0.0,0.07303370786516854,0.10112359550561797,0.06179775280898876,0.0,0.07865168539325842,0.0,0.0,0.0,0.05056179775280899,0.0,0.0,0.05056179775280899,0.2303370786516854,0.0,0.0,0.028089887640449437,0.0,0.0,0.0,0.0,0.0,0.0,0.0,0.0,0.0,0.0
720575940626279205,GABA,0.46994535519125685,0.060109289617486336,0.1366120218579235,0.0,0.04918032786885246,0.12568306010928962,0.04371584699453552,0.0,0.0546448087431694,0.0273224043715847,0.0,0.0,0.0,0.0,0.0,0.0,0.0,0.0,0.0,0.0,0.03278688524590164,0.0,0.0,0.0,0.0,0.0,0.0,0.0,0.0,0.0
720575940626342733,GABA,0.2748091603053435,0.10687022900763359,0.26717557251908397,0.0,0.0916030534351145,0.03816793893129771,0.04580152671755725,0.0,0.0,0.06870229007633588,0.0,0.06870229007633588,0.0,0.0,0.0,0.0,0.03816793893129771,0.0,0.0,0.0,0.0,0.0,0.0,0.0,0.0,0.0,0.0,0.0,0.0,0.0
720575940626344781,GABA,0.44505494505494503,0.1043956043956044,0.13736263736263737,0.16483516483516483,0.038461538461538464,0.054945054945054944,0.0,0.0,0.0,0.054945054945054944,0.0,0.0,0.0,0.0,0.0,0.0,0.0,0.0,0.0,0.0,0.0,0.0,0.0,0.0,0.0,0.0,0.0,0.0,0.0,0.0
720575940626364976,GLUT,0.0,0.4930875576036866,0.16129032258064516,0.03686635944700461,0.055299539170506916,0.0,0.09216589861751152,0.0,0.07373271889400922,0.059907834101382486,0.0,0.0,0.0,0.0,0.0,0.027649769585253458,0.0,0.0,0.0,0.0,0.0,0.0,0.0,0.0,0.0,0.0,0.0,0.0,0.0,0.0
720575940626462864,GLUT,0.0,0.3669724770642202,0.1926605504587156,0.06880733944954129,0.05045871559633028,0.0,0.0779816513761468,0.05504587155963303,0.0963302752293578,0.03211009174311927,0.0,0.027522935779816515,0.0,0.0,0.03211009174311927,0.0,0.0,0.0,0.0,0.0,0.0,0.0,0.0,0.0,0.0,0.0,0.0,0.0,0.0,0.0
720575940626581348,GABA,0.0,0.5394736842105263,0.0,0.07894736842105263,0.0,0.0,0.06578947368421052,0.05921052631578947,0.11842105263157894,0.03289473684210526,0.0,0.05921052631578947,0.0,0.0,0.0,0.0,0.046052631578947366,0.0,0.0,0.0,0.0,0.0,0.0,0.0,0.0,0.0,0.0,0.0,0.0,0.0
720575940626634698,GLUT,0.25203252032520324,0.13414634146341464,0.1951219512195122,0.07723577235772358,0.06910569105691057,0.056910569105691054,0.044715447154471545,0.0,0.0,0.056910569105691054,0.0,0.04065040650406504,0.0,0.0,0.024390243902439025,0.02032520325203252,0.028455284552845527,0.0,0.0,0.0,0.0,0.0,0.0,0.0,0.0,0.0,0.0,0.0,0.0,0.0
720575940626644068,GABA,0.0,0.5670103092783505,0.15979381443298968,0.0,0.02577319587628866,0.0,0.05154639175257732,0.0,0.12371134020618557,0.07216494845360824,0.0,0.0,0.0,0.0,0.0,0.0,0.0,0.0,0.0,0.0,0.0,0.0,0.0,0.0,0.0,0.0,0.0,0.0,0.0,0.0
720575940626666021,GLUT,0.4253731343283582,0.05970149253731343,0.12313432835820895,0.04477611940298507,0.05970149253731343,0.08208955223880597,0.05223880597014925,0.0,0.048507462686567165,0.026119402985074626,0.0,0.0,0.0,0.0,0.029850746268656716,0.029850746268656716,0.0,0.0,0.0,0.0,0.018656716417910446,0.0,0.0,0.0,0.0,0.0,0.0,0.0,0.0,0.0
720575940626680368,GABA,0.2324561403508772,0.12719298245614036,0.18421052631578946,0.043859649122807015,0.06140350877192982,0.10087719298245613,0.021929824561403508,0.0,0.10526315789473684,0.04824561403508772,0.0,0.03508771929824561,0.0,0.0,0.0,0.0,0.0,0.0,0.0,0.0,0.0,0.0,0.0,0.039473684210526314,0.0,0.0,0.0,0.0,0.0,0.0
720575940626688144,GLUT,0.0,0.4720812182741117,0.25888324873096447,0.07614213197969544,0.07614213197969544,0.0,0.050761421319796954,0.0,0.04060913705583756,0.0,0.0,0.0,0.0,0.0,0.0,0.0,0.025380710659898477,0.0,0.0,0.0,0.0,0.0,0.0,0.0,0.0,0.0,0.0,0.0,0.0,0.0
720575940626717114,ACH,0.0,0.0,0.5925925925925926,0.0,0.4074074074074074,0.0,0.0,0.0,0.0,0.0,0.0,0.0,0.0,0.0,0.0,0.0,0.0,0.0,0.0,0.0,0.0,0.0,0.0,0.0,0.0,0.0,0.0,0.0,0.0,0.0
720575940626802238,ACH,0.29714285714285715,0.04,0.21142857142857144,0.09142857142857143,0.03428571428571429,0.09142857142857143,0.06285714285714286,0.03428571428571429,0.0,0.02857142857142857,0.0,0.0,0.0,0.0,0.0,0.03428571428571429,0.0,0.0,0.0,0.0,0.0,0.0,0.0,0.04,0.0,0.0,0.03428571428571429,0.0,0.0,0.0
720575940626826682,GLUT,0.0,0.5070422535211268,0.15492957746478872,0.056338028169014086,0.06103286384976526,0.0,0.0,0.0,0.11737089201877934,0.0,0.0,0.0,0.0,0.0,0.03755868544600939,0.04225352112676056,0.0,0.0,0.0,0.023474178403755867,0.0,0.0,0.0,0.0,0.0,0.0,0.0,0.0,0.0,0.0
720575940626866020,ACH,0.0,0.3806818181818182,0.3125,0.125,0.0,0.0,0.0,0.0,0.11931818181818182,0.0,0.0,0.0,0.0,0.0,0.0,0.0,0.03409090909090909,0.0,0.0,0.0,0.0,0.0,0.0,0.0,0.0,0.028409090909090908,0.0,0.0,0.0,0.0
720575940626886602,GABA,0.34710743801652894,0.06611570247933884,0.0,0.0,0.12396694214876033,0.04132231404958678,0.05785123966942149,0.19834710743801653,0.0,0.0743801652892562,0.0,0.0,0.0,0.0,0.09090909090909091,0.0,0.0,0.0,0.0,0.0,0.0,0.0,0.0,0.0,0.0,0.0,0.0,0.0,0.0,0.0
720575940626918074,GLUT,0.0,0.3333333333333333,0.0,0.17222222222222222,0.10555555555555556,0.0,0.044444444444444446,0.11666666666666667,0.11666666666666667,0.0,0.0,0.03888888888888889,0.0,0.0,0.03888888888888889,0.0,0.03333333333333333,0.0,0.0,0.0,0.0,0.0,0.0,0.0,0.0,0.0,0.0,0.0,0.0,0.0
720575940627108636,GABA,0.0,0.5,0.18627450980392157,0.0,0.09803921568627451,0.0,0.08823529411764706,0.0,0.0,0.12745098039215685,0.0,0.0,0.0,0.0,0.0,0.0,0.0,0.0,0.0,0.0,0.0,0.0,0.0,0.0,0.0,0.0,0.0,0.0,0.0,0.0
720575940627148234,GABA,0.43243243243243246,0.0990990990990991,0.23423423423423423,0.06306306306306306,0.07207207207207207,0.04504504504504504,0.0,0.0,0.0,0.0,0.0,0.0,0.0,0.0,0.0,0.0,0.0,0.05405405405405406,0.0,0.0,0.0,0.0,0.0,0.0,0.0,0.0,0.0,0.0,0.0,0.0
720575940627307097,GLUT,0.13013698630136986,0.0,0.0958904109589041,0.13013698630136986,0.0958904109589041,0.0,0.0958904109589041,0.11643835616438356,0.0547945205479452,0.04794520547945205,0.1643835616438356,0.0,0.0,0.0,0.0684931506849315,0.0,0.0,0.0,0.0,0.0,0.0,0.0,0.0,0.0,0.0,0.0,0.0,0.0,0.0,0.0
720575940627497609,GABA,0.357487922705314,0.07729468599033816,0.19806763285024154,0.057971014492753624,0.08695652173913043,0.09178743961352658,0.0,0.0,0.0,0.043478260869565216,0.0,0.06280193236714976,0.0,0.0,0.0,0.0,0.0,0.0,0.0,0.0,0.0,0.0,0.0,0.0,0.0,0.0,0.024154589371980676,0.0,0.0,0.0
720575940627548930,GLUT,0.25595238095238093,0.11904761904761904,0.21428571428571427,0.16071428571428573,0.0,0.05952380952380952,0.08333333333333333,0.041666666666666664,0.03571428571428571,0.0,0.0,0.02976190476190476,0.0,0.0,0.0,0.0,0.0,0.0,0.0,0.0,0.0,0.0,0.0,0.0,0.0,0.0,0.0,0.0,0.0,0.0
720575940627760280,ACH,0.0,0.3412698412698413,0.30952380952380953,0.0,0.09523809523809523,0.0,0.07142857142857142,0.07142857142857142,0.07142857142857142,0.0,0.0,0.03968253968253968,0.0,0.0,0.0,0.0,0.0,0.0,0.0,0.0,0.0,0.0,0.0,0.0,0.0,0.0,0.0,0.0,0.0,0.0
720575940627797641,GABA,0.16129032258064516,0.5935483870967742,0.11612903225806452,0.0,0.0,0.0,0.0,0.0,0.12903225806451613,0.0,0.0,0.0,0.0,0.0,0.0,0.0,0.0,0.0,0.0,0.0,0.0,0.0,0.0,0.0,0.0,0.0,0.0,0.0,0.0,0.0
720575940627799677,GABA,0.05785123966942149,0.1652892561983471,0.3140495867768595,0.0,0.06611570247933884,0.0,0.11570247933884298,0.0,0.08264462809917356,0.06611570247933884,0.0,0.0,0.08264462809917356,0.0,0.0,0.0,0.049586776859504134,0.0,0.0,0.0,0.0,0.0,0.0,0.0,0.0,0.0,0.0,0.0,0.0,0.0
720575940627937157,GLUT,0.3263888888888889,0.0763888888888889,0.2569444444444444,0.05555555555555555,0.09027777777777778,0.041666666666666664,0.0,0.09027777777777778,0.0,0.0625,0.0,0.0,0.0,0.0,0.0,0.0,0.0,0.0,0.0,0.0,0.0,0.0,0.0,0.0,0.0,0.0,0.0,0.0,0.0,0.0
720575940627961481,GABA,0.4067796610169492,0.0,0.0,0.0847457627118644,0.0847457627118644,0.0,0.0,0.1864406779661017,0.0,0.15254237288135594,0.0,0.0,0.0,0.0,0.0,0.0,0.0,0.0847457627118644,0.0,0.0,0.0,0.0,0.0,0.0,0.0,0.0,0.0,0.0,0.0,0.0
720575940627970898,GABA,0.2677595628415301,0.26229508196721313,0.20218579234972678,0.0,0.03825136612021858,0.06557377049180328,0.04918032786885246,0.0,0.07650273224043716,0.0,0.0,0.03825136612021858,0.0,0.0,0.0,0.0,0.0,0.0,0.0,0.0,0.0,0.0,0.0,0.0,0.0,0.0,0.0,0.0,0.0,0.0
720575940627974808,GABA,0.2897196261682243,0.2803738317757009,0.2336448598130841,0.07476635514018691,0.056074766355140186,0.06542056074766354,0.0,0.0,0.0,0.0,0.0,0.0,0.0,0.0,0.0,0.0,0.0,0.0,0.0,0.0,0.0,0.0,0.0,0.0,0.0,0.0,0.0,0.0,0.0,0.0
720575940628008264,GABA,0.07042253521126761,0.38028169014084506,0.09859154929577464,0.0,0.15492957746478872,0.07042253521126761,0.14084507042253522,0.0,0.08450704225352113,0.0,0.0,0.0,0.0,0.0,0.0,0.0,0.0,0.0,0.0,0.0,0.0,0.0,0.0,0.0,0.0,0.0,0.0,0.0,0.0,0.0
720575940628073298,DA,0.32592592592592595,0.1259259259259259,0.2,0.0,0.1037037037037037,0.06666666666666667,0.0962962962962963,0.0,0.0,0.044444444444444446,0.0,0.037037037037037035,0.0,0.0,0.0,0.0,0.0,0.0,0.0,0.0,0.0,0.0,0.0,0.0,0.0,0.0,0.0,0.0,0.0,0.0
720575940628128275,GLUT,0.0,0.5178571428571429,0.05952380952380952,0.1488095238095238,0.05952380952380952,0.0,0.0,0.14285714285714285,0.041666666666666664,0.02976190476190476,0.0,0.0,0.0,0.0,0.0,0.0,0.0,0.0,0.0,0.0,0.0,0.0,0.0,0.0,0.0,0.0,0.0,0.0,0.0,0.0
720575940628184914,ACH,0.0,0.5,0.12048192771084337,0.0,0.060240963855421686,0.0,0.0,0.12650602409638553,0.04819277108433735,0.04819277108433735,0.0,0.04819277108433735,0.0,0.0,0.04819277108433735,0.0,0.0,0.0,0.0,0.0,0.0,0.0,0.0,0.0,0.0,0.0,0.0,0.0,0.0,0.0
720575940628221256,GABA,0.20491803278688525,0.22950819672131148,0.0,0.13934426229508196,0.0,0.13114754098360656,0.040983606557377046,0.0,0.09836065573770492,0.05737704918032787,0.0,0.0,0.04918032786885246,0.0,0.0,0.04918032786885246,0.0,0.0,0.0,0.0,0.0,0.0,0.0,0.0,0.0,0.0,0.0,0.0,0.0,0.0
720575940628239162,GLUT,0.0,0.46774193548387094,0.22043010752688172,0.04838709677419355,0.026881720430107527,0.0,0.043010752688172046,0.0,0.08064516129032258,0.0,0.0,0.03225806451612903,0.0,0.0,0.0,0.03225806451612903,0.0,0.0,0.0,0.0,0.0,0.0,0.0,0.04838709677419355,0.0,0.0,0.0,0.0,0.0,0.0
720575940628240906,ACH,0.4398496240601504,0.2669172932330827,0.0,0.05263157894736842,0.03759398496240601,0.10150375939849623,0.0,0.0,0.0,0.03383458646616541,0.0,0.02631578947368421,0.018796992481203006,0.0,0.0,0.0,0.0,0.0,0.0,0.0,0.022556390977443608,0.0,0.0,0.0,0.0,0.0,0.0,0.0,0.0,0.0
720575940628243002,GABA,0.2389937106918239,0.20125786163522014,0.2641509433962264,0.09433962264150944,0.03773584905660377,0.0,0.031446540880503145,0.0,0.03773584905660377,0.0,0.0,0.05660377358490566,0.0,0.0,0.0,0.03773584905660377,0.0,0.0,0.0,0.0,0.0,0.0,0.0,0.0,0.0,0.0,0.0,0.0,0.0,0.0
720575940628253690,GLUT,0.20987654320987653,0.0,0.2037037037037037,0.2037037037037037,0.04938271604938271,0.10493827160493827,0.08641975308641975,0.06790123456790123,0.0,0.0,0.0,0.043209876543209874,0.0,0.0,0.0,0.0,0.030864197530864196,0.0,0.0,0.0,0.0,0.0,0.0,0.0,0.0,0.0,0.0,0.0,0.0,0.0
720575940628293892,GABA,0.0,0.44,0.05142857142857143,0.05714285714285714,0.03428571428571429,0.0,0.0,0.28,0.05714285714285714,0.05142857142857143,0.0,0.0,0.0,0.0,0.0,0.0,0.0,0.0,0.02857142857142857,0.0,0.0,0.0,0.0,0.0,0.0,0.0,0.0,0.0,0.0,0.0
720575940628300090,GLUT,0.21487603305785125,0.049586776859504134,0.06611570247933884,0.2066115702479339,0.09917355371900827,0.1322314049586777,0.09090909090909091,0.0,0.0,0.09090909090909091,0.0,0.0,0.0,0.0,0.0,0.049586776859504134,0.0,0.0,0.0,0.0,0.0,0.0,0.0,0.0,0.0,0.0,0.0,0.0,0.0,0.0
720575940628304954,GLUT,0.31759656652360513,0.08583690987124463,0.19313304721030042,0.034334763948497854,0.06437768240343347,0.060085836909871244,0.02145922746781116,0.12875536480686695,0.0,0.0,0.0,0.034334763948497854,0.0,0.0,0.02145922746781116,0.0,0.0,0.0,0.03862660944206009,0.0,0.0,0.0,0.0,0.0,0.0,0.0,0.0,0.0,0.0,0.0
720575940628388264,GLUT,0.19393939393939394,0.06666666666666667,0.30303030303030304,0.10303030303030303,0.0,0.06666666666666667,0.05454545454545454,0.16363636363636364,0.0,0.048484848484848485,0.0,0.0,0.0,0.0,0.0,0.0,0.0,0.0,0.0,0.0,0.0,0.0,0.0,0.0,0.0,0.0,0.0,0.0,0.0,0.0
720575940628416017,GABA,0.05555555555555555,0.4222222222222222,0.2,0.0,0.1,0.0,0.0,0.0,0.15555555555555556,0.06666666666666667,0.0,0.0,0.0,0.0,0.0,0.0,0.0,0.0,0.0,0.0,0.0,0.0,0.0,0.0,0.0,0.0,0.0,0.0,0.0,0.0
720575940628426257,GLUT,0.0,0.39215686274509803,0.21568627450980393,0.0,0.08496732026143791,0.0,0.0,0.0457516339869281,0.08496732026143791,0.0,0.0,0.13725490196078433,0.0,0.0,0.0392156862745098,0.0,0.0,0.0,0.0,0.0,0.0,0.0,0.0,0.0,0.0,0.0,0.0,0.0,0.0,0.0
720575940628730344,GABA,0.0,0.5306122448979592,0.30612244897959184,0.0,0.0,0.0,0.0,0.0,0.0,0.0,0.0,0.0,0.0,0.0,0.0,0.0,0.0,0.0,0.0,0.0,0.0,0.0,0.0,0.0,0.16326530612244897,0.0,0.0,0.0,0.0,0.0
720575940628738728,GLUT,0.17714285714285713,0.32571428571428573,0.04,0.08,0.05714285714285714,0.10285714285714286,0.06857142857142857,0.05142857142857143,0.0,0.0,0.0,0.05142857142857143,0.0,0.0,0.0,0.0,0.0,0.045714285714285714,0.0,0.0,0.0,0.0,0.0,0.0,0.0,0.0,0.0,0.0,0.0,0.0
720575940628767899,GLUT,0.175,0.04,0.18,0.03,0.1,0.065,0.095,0.14,0.025,0.025,0.0,0.0,0.0,0.0,0.0,0.0,0.0,0.035,0.09,0.0,0.0,0.0,0.0,0.0,0.0,0.0,0.0,0.0,0.0,0.0
720575940628816917,GLUT,0.23943661971830985,0.2112676056338028,0.31690140845070425,0.0,0.0,0.056338028169014086,0.0,0.0,0.09154929577464789,0.0,0.0,0.0,0.04929577464788732,0.0,0.0,0.035211267605633804,0.0,0.0,0.0,0.0,0.0,0.0,0.0,0.0,0.0,0.0,0.0,0.0,0.0,0.0
720575940628823281,ACH,0.29411764705882354,0.0,0.0,0.0,0.27450980392156865,0.3137254901960784,0.0,0.0,0.0,0.11764705882352941,0.0,0.0,0.0,0.0,0.0,0.0,0.0,0.0,0.0,0.0,0.0,0.0,0.0,0.0,0.0,0.0,0.0,0.0,0.0,0.0
720575940628898792,GABA,0.0,0.6666666666666666,0.0,0.0,0.062146892655367235,0.0,0.062146892655367235,0.0,0.15254237288135594,0.0,0.0,0.0,0.02824858757062147,0.0,0.0,0.02824858757062147,0.0,0.0,0.0,0.0,0.0,0.0,0.0,0.0,0.0,0.0,0.0,0.0,0.0,0.0
720575940628986954,GLUT,0.3669064748201439,0.12949640287769784,0.07194244604316546,0.1079136690647482,0.10071942446043165,0.0,0.09352517985611511,0.0,0.0,0.05755395683453238,0.0,0.0,0.0,0.0,0.0,0.0,0.0,0.0,0.0,0.0,0.0,0.0,0.0,0.0,0.0,0.07194244604316546,0.0,0.0,0.0,0.0
720575940629002570,GABA,0.0,0.4927536231884058,0.0,0.057971014492753624,0.13043478260869565,0.0,0.050724637681159424,0.0,0.13043478260869565,0.10144927536231885,0.0,0.0,0.0,0.0,0.036231884057971016,0.0,0.0,0.0,0.0,0.0,0.0,0.0,0.0,0.0,0.0,0.0,0.0,0.0,0.0,0.0
720575940629083377,GLUT,0.3611111111111111,0.037037037037037035,0.2037037037037037,0.08796296296296297,0.05092592592592592,0.05092592592592592,0.027777777777777776,0.06018518518518518,0.037037037037037035,0.023148148148148147,0.0,0.0,0.0,0.0,0.0,0.0,0.0,0.037037037037037035,0.0,0.0,0.0,0.0,0.0,0.0,0.023148148148148147,0.0,0.0,0.0,0.0,0.0
720575940629102922,GABA,0.21794871794871795,0.20512820512820512,0.20512820512820512,0.0,0.0641025641025641,0.057692307692307696,0.0641025641025641,0.0,0.07051282051282051,0.08333333333333333,0.0,0.0,0.03205128205128205,0.0,0.0,0.0,0.0,0.0,0.0,0.0,0.0,0.0,0.0,0.0,0.0,0.0,0.0,0.0,0.0,0.0
720575940629372521,ACH,0.0,0.15217391304347827,0.22826086956521738,0.21739130434782608,0.16304347826086957,0.0,0.0,0.07608695652173914,0.0,0.16304347826086957,0.0,0.0,0.0,0.0,0.0,0.0,0.0,0.0,0.0,0.0,0.0,0.0,0.0,0.0,0.0,0.0,0.0,0.0,0.0,0.0
720575940629400838,GLUT,0.30337078651685395,0.06179775280898876,0.3089887640449438,0.0449438202247191,0.03932584269662921,0.06741573033707865,0.03932584269662921,0.0,0.0,0.028089887640449437,0.0,0.0,0.07865168539325842,0.0,0.0,0.0,0.0,0.028089887640449437,0.0,0.0,0.0,0.0,0.0,0.0,0.0,0.0,0.0,0.0,0.0,0.0
720575940629425001,GABA,0.0,0.5268817204301075,0.07526881720430108,0.0,0.0967741935483871,0.0,0.0,0.053763440860215055,0.15053763440860216,0.0967741935483871,0.0,0.0,0.0,0.0,0.0,0.0,0.0,0.0,0.0,0.0,0.0,0.0,0.0,0.0,0.0,0.0,0.0,0.0,0.0,0.0
720575940629473323,GLUT,0.46788990825688076,0.1834862385321101,0.23853211009174313,0.0,0.0,0.0,0.0,0.0,0.0,0.0,0.0,0.06422018348623854,0.0,0.0,0.0,0.0,0.0,0.0,0.0,0.0,0.0,0.0,0.0,0.0,0.0,0.0,0.045871559633027525,0.0,0.0,0.0
720575940629504617,ACH,0.5308641975308642,0.0,0.08641975308641975,0.0,0.1728395061728395,0.0,0.0,0.0,0.0,0.06172839506172839,0.0,0.0,0.0,0.0,0.07407407407407407,0.0,0.0,0.0,0.0,0.0,0.0,0.0,0.0,0.0,0.0,0.0,0.07407407407407407,0.0,0.0,0.0
720575940629510249,GLUT,0.4701195219123506,0.0199203187250996,0.043824701195219126,0.1394422310756972,0.043824701195219126,0.02390438247011952,0.0199203187250996,0.035856573705179286,0.07569721115537849,0.02390438247011952,0.0,0.04780876494023904,0.0,0.0,0.0,0.0,0.0,0.0199203187250996,0.0,0.0,0.0,0.0,0.0,0.0,0.035856573705179286,0.0,0.0,0.0,0.0,0.0
720575940629593193,GABA,0.16326530612244897,0.3129251700680272,0.3741496598639456,0.0,0.0,0.061224489795918366,0.0,0.0,0.047619047619047616,0.0,0.0,0.0,0.0,0.0,0.0,0.0,0.0,0.0,0.0,0.0,0.0,0.0,0.0,0.04081632653061224,0.0,0.0,0.0,0.0,0.0,0.0
720575940629611625,GABA,0.1984126984126984,0.2857142857142857,0.0,0.10317460317460317,0.07936507936507936,0.09523809523809523,0.0,0.0,0.07936507936507936,0.05555555555555555,0.0,0.05555555555555555,0.0,0.0,0.0,0.0,0.0,0.0,0.0,0.0,0.0,0.0,0.0,0.0,0.0,0.047619047619047616,0.0,0.0,0.0,0.0
720575940629622607,GABA,0.0,0.3897058823529412,0.23529411764705882,0.058823529411764705,0.08823529411764706,0.0,0.11764705882352941,0.0,0.0661764705882353,0.04411764705882353,0.0,0.0,0.0,0.0,0.0,0.0,0.0,0.0,0.0,0.0,0.0,0.0,0.0,0.0,0.0,0.0,0.0,0.0,0.0,0.0
720575940629765675,GLUT,0.4829059829059829,0.08974358974358974,0.0,0.08974358974358974,0.038461538461538464,0.0811965811965812,0.029914529914529916,0.021367521367521368,0.0,0.029914529914529916,0.0,0.021367521367521368,0.0,0.0,0.0,0.02564102564102564,0.0,0.0,0.0,0.0,0.0,0.0,0.0,0.0641025641025641,0.02564102564102564,0.0,0.0,0.0,0.0,0.0
720575940629797904,ACH,0.0,0.0,0.0,0.0,0.0,0.0,0.0,0.0,0.0,0.0,0.0,0.0,0.0,0.0,0.0,0.0,0.0,0.0,0.0,0.20588235294117646,0.0,0.0,0.0,0.0,0.0,0.0,0.0,0.0,0.0,0.7941176470588235
720575940629799323,GABA,0.2138364779874214,0.03773584905660377,0.031446540880503145,0.1761006289308176,0.1069182389937107,0.0440251572327044,0.08176100628930817,0.1509433962264151,0.0,0.11949685534591195,0.0,0.0,0.0,0.0,0.0,0.0,0.0,0.0,0.03773584905660377,0.0,0.0,0.0,0.0,0.0,0.0,0.0,0.0,0.0,0.0,0.0
720575940630042011,GLUT,0.175,0.0,0.3416666666666667,0.175,0.06666666666666667,0.08333333333333333,0.058333333333333334,0.041666666666666664,0.0,0.0,0.0,0.058333333333333334,0.0,0.0,0.0,0.0,0.0,0.0,0.0,0.0,0.0,0.0,0.0,0.0,0.0,0.0,0.0,0.0,0.0,0.0
720575940630202050,GABA,0.0,0.6666666666666666,0.1597222222222222,0.0,0.0,0.0,0.0,0.0,0.1388888888888889,0.0,0.0,0.0,0.034722222222222224,0.0,0.0,0.0,0.0,0.0,0.0,0.0,0.0,0.0,0.0,0.0,0.0,0.0,0.0,0.0,0.0,0.0
720575940630275522,GABA,0.0,0.6122448979591837,0.0,0.08163265306122448,0.03571428571428571,0.0,0.04081632653061224,0.0,0.10204081632653061,0.04081632653061224,0.0,0.05102040816326531,0.0,0.0,0.0,0.0,0.03571428571428571,0.0,0.0,0.0,0.0,0.0,0.0,0.0,0.0,0.0,0.0,0.0,0.0,0.0
720575940630314110,GABA,0.1414141414141414,0.20202020202020202,0.3434343434343434,0.0,0.050505050505050504,0.1111111111111111,0.0,0.0,0.0,0.06060606060606061,0.0,0.09090909090909091,0.0,0.0,0.0,0.0,0.0,0.0,0.0,0.0,0.0,0.0,0.0,0.0,0.0,0.0,0.0,0.0,0.0,0.0
720575940630334334,GABA,0.5538461538461539,0.1076923076923077,0.0,0.0,0.0,0.1076923076923077,0.07692307692307693,0.0,0.0,0.0,0.0,0.07692307692307693,0.0,0.0,0.0,0.07692307692307693,0.0,0.0,0.0,0.0,0.0,0.0,0.0,0.0,0.0,0.0,0.0,0.0,0.0,0.0
720575940630383607,GABA,0.47560975609756095,0.0,0.0,0.18292682926829268,0.2073170731707317,0.0,0.0,0.13414634146341464,0.0,0.0,0.0,0.0,0.0,0.0,0.0,0.0,0.0,0.0,0.0,0.0,0.0,0.0,0.0,0.0,0.0,0.0,0.0,0.0,0.0,0.0
720575940630502138,GLUT,0.0,0.7707006369426752,0.03184713375796178,0.0,0.0,0.0,0.0,0.0,0.14012738853503184,0.05732484076433121,0.0,0.0,0.0,0.0,0.0,0.0,0.0,0.0,0.0,0.0,0.0,0.0,0.0,0.0,0.0,0.0,0.0,0.0,0.0,0.0
720575940630503034,GLUT,0.36024844720496896,0.08074534161490683,0.0,0.13664596273291926,0.049689440993788817,0.062111801242236024,0.09316770186335403,0.0,0.0,0.049689440993788817,0.0,0.07453416149068323,0.0,0.0,0.0,0.055900621118012424,0.0,0.0,0.0,0.0,0.0,0.0,0.0,0.0,0.037267080745341616,0.0,0.0,0.0,0.0,0.0
720575940630529402,ACH,0.0,0.4142857142857143,0.0,0.0,0.11428571428571428,0.0,0.18571428571428572,0.0,0.12857142857142856,0.15714285714285714,0.0,0.0,0.0,0.0,0.0,0.0,0.0,0.0,0.0,0.0,0.0,0.0,0.0,0.0,0.0,0.0,0.0,0.0,0.0,0.0
720575940630548791,GABA,0.0,0.32954545454545453,0.17045454545454544,0.07954545454545454,0.056818181818181816,0.0,0.0,0.14772727272727273,0.13636363636363635,0.07954545454545454,0.0,0.0,0.0,0.0,0.0,0.0,0.0,0.0,0.0,0.0,0.0,0.0,0.0,0.0,0.0,0.0,0.0,0.0,0.0,0.0
720575940630585644,GABA,0.48826291079812206,0.06572769953051644,0.107981220657277,0.14084507042253522,0.06572769953051644,0.046948356807511735,0.028169014084507043,0.023474178403755867,0.0,0.03286384976525822,0.0,0.0,0.0,0.0,0.0,0.0,0.0,0.0,0.0,0.0,0.0,0.0,0.0,0.0,0.0,0.0,0.0,0.0,0.0,0.0
720575940630694594,GLUT,0.0,0.8382352941176471,0.0,0.0,0.0,0.0,0.0,0.0,0.16176470588235295,0.0,0.0,0.0,0.0,0.0,0.0,0.0,0.0,0.0,0.0,0.0,0.0,0.0,0.0,0.0,0.0,0.0,0.0,0.0,0.0,0.0
720575940630826231,GABA,0.3717948717948718,0.08974358974358974,0.21794871794871795,0.0,0.05128205128205128,0.04487179487179487,0.08974358974358974,0.0,0.04487179487179487,0.04487179487179487,0.0,0.0,0.04487179487179487,0.0,0.0,0.0,0.0,0.0,0.0,0.0,0.0,0.0,0.0,0.0,0.0,0.0,0.0,0.0,0.0,0.0
720575940630898944,GABA,0.37735849056603776,0.0,0.2830188679245283,0.0,0.0,0.12264150943396226,0.09433962264150944,0.0,0.0,0.12264150943396226,0.0,0.0,0.0,0.0,0.0,0.0,0.0,0.0,0.0,0.0,0.0,0.0,0.0,0.0,0.0,0.0,0.0,0.0,0.0,0.0
720575940630958454,GABA,0.3333333333333333,0.0,0.15254237288135594,0.062146892655367235,0.05649717514124294,0.062146892655367235,0.03954802259887006,0.04519774011299435,0.03389830508474576,0.07909604519774012,0.0,0.03954802259887006,0.062146892655367235,0.0,0.0,0.0,0.03389830508474576,0.0,0.0,0.0,0.0,0.0,0.0,0.0,0.0,0.0,0.0,0.0,0.0,0.0
720575940630995200,GLUT,0.174496644295302,0.03355704697986577,0.22818791946308725,0.12751677852348994,0.04697986577181208,0.0,0.04697986577181208,0.2953020134228188,0.0,0.0,0.0,0.04697986577181208,0.0,0.0,0.0,0.0,0.0,0.0,0.0,0.0,0.0,0.0,0.0,0.0,0.0,0.0,0.0,0.0,0.0,0.0
720575940631065900,GLUT,0.0,0.8148148148148148,0.0,0.0,0.0,0.0,0.0,0.0,0.14814814814814814,0.0,0.0,0.0,0.037037037037037035,0.0,0.0,0.0,0.0,0.0,0.0,0.0,0.0,0.0,0.0,0.0,0.0,0.0,0.0,0.0,0.0,0.0
720575940631080822,GLUT,0.26881720430107525,0.08064516129032258,0.1989247311827957,0.1881720430107527,0.06451612903225806,0.03225806451612903,0.03225806451612903,0.043010752688172046,0.0,0.043010752688172046,0.0,0.04838709677419355,0.0,0.0,0.0,0.0,0.0,0.0,0.0,0.0,0.0,0.0,0.0,0.0,0.0,0.0,0.0,0.0,0.0,0.0
720575940631197496,GLUT,0.24324324324324326,0.11486486486486487,0.18243243243243243,0.1554054054054054,0.0,0.04054054054054054,0.060810810810810814,0.16891891891891891,0.0,0.0,0.0,0.0,0.0,0.0,0.0,0.0,0.0,0.033783783783783786,0.0,0.0,0.0,0.0,0.0,0.0,0.0,0.0,0.0,0.0,0.0,0.0
720575940631228665,GLUT,0.28205128205128205,0.046153846153846156,0.19487179487179487,0.10256410256410256,0.05128205128205128,0.07692307692307693,0.0,0.06666666666666667,0.0,0.0,0.0,0.05128205128205128,0.0,0.0,0.05128205128205128,0.035897435897435895,0.0,0.0,0.0,0.041025641025641026,0.0,0.0,0.0,0.0,0.0,0.0,0.0,0.0,0.0,0.0
720575940631237238,GLUT,0.5144927536231884,0.036231884057971016,0.10144927536231885,0.14492753623188406,0.0,0.07246376811594203,0.057971014492753624,0.0,0.0,0.0,0.0,0.0,0.0,0.0,0.0,0.036231884057971016,0.0,0.0,0.0,0.0,0.0,0.0,0.0,0.0,0.036231884057971016,0.0,0.0,0.0,0.0,0.0
720575940631242700,GABA,0.3915343915343915,0.042328042328042326,0.1693121693121693,0.08465608465608465,0.09523809523809523,0.10052910052910052,0.0,0.0,0.0,0.047619047619047616,0.0,0.037037037037037035,0.031746031746031744,0.0,0.0,0.0,0.0,0.0,0.0,0.0,0.0,0.0,0.0,0.0,0.0,0.0,0.0,0.0,0.0,0.0
720575940631278444,GLUT,0.19148936170212766,0.059574468085106386,0.2425531914893617,0.26382978723404255,0.05531914893617021,0.0425531914893617,0.06808510638297872,0.0,0.0,0.029787234042553193,0.0,0.02553191489361702,0.0,0.0,0.0,0.0,0.0,0.02127659574468085,0.0,0.0,0.0,0.0,0.0,0.0,0.0,0.0,0.0,0.0,0.0,0.0
720575940631312758,GABA,0.22857142857142856,0.07142857142857142,0.0,0.21428571428571427,0.11428571428571428,0.15714285714285714,0.0,0.14285714285714285,0.0,0.07142857142857142,0.0,0.0,0.0,0.0,0.0,0.0,0.0,0.0,0.0,0.0,0.0,0.0,0.0,0.0,0.0,0.0,0.0,0.0,0.0,0.0
720575940631317292,GLUT,0.14685314685314685,0.1258741258741259,0.15384615384615385,0.2727272727272727,0.04195804195804196,0.055944055944055944,0.0,0.04195804195804196,0.055944055944055944,0.06993006993006994,0.0,0.0,0.0,0.0,0.03496503496503497,0.0,0.0,0.0,0.0,0.0,0.0,0.0,0.0,0.0,0.0,0.0,0.0,0.0,0.0,0.0
720575940631374843,GLUT,0.34408602150537637,0.24193548387096775,0.1774193548387097,0.0,0.03225806451612903,0.07526881720430108,0.0,0.0,0.06989247311827956,0.03225806451612903,0.0,0.026881720430107527,0.0,0.0,0.0,0.0,0.0,0.0,0.0,0.0,0.0,0.0,0.0,0.0,0.0,0.0,0.0,0.0,0.0,0.0
720575940631436229,GABA,0.3333333333333333,0.0,0.08527131782945736,0.10077519379844961,0.05426356589147287,0.06976744186046512,0.046511627906976744,0.2558139534883721,0.0,0.05426356589147287,0.0,0.0,0.0,0.0,0.0,0.0,0.0,0.0,0.0,0.0,0.0,0.0,0.0,0.0,0.0,0.0,0.0,0.0,0.0,0.0
720575940631606981,GLUT,0.22162162162162163,0.21621621621621623,0.23783783783783785,0.0,0.04864864864864865,0.03783783783783784,0.02702702702702703,0.0,0.03783783783783784,0.032432432432432434,0.0,0.0,0.043243243243243246,0.0,0.0,0.0,0.03783783783783784,0.05945945945945946,0.0,0.0,0.0,0.0,0.0,0.0,0.0,0.0,0.0,0.0,0.0,0.0
720575940631635052,GABA,0.0,0.15789473684210525,0.0,0.2631578947368421,0.21052631578947367,0.0,0.0,0.18421052631578946,0.0,0.18421052631578946,0.0,0.0,0.0,0.0,0.0,0.0,0.0,0.0,0.0,0.0,0.0,0.0,0.0,0.0,0.0,0.0,0.0,0.0,0.0,0.0
720575940631638981,GLUT,0.37888198757763975,0.0,0.2111801242236025,0.031055900621118012,0.09937888198757763,0.09937888198757763,0.0,0.0,0.0,0.08695652173913043,0.0,0.062111801242236024,0.0,0.0,0.0,0.0,0.0,0.031055900621118012,0.0,0.0,0.0,0.0,0.0,0.0,0.0,0.0,0.0,0.0,0.0,0.0
720575940631732687,GLUT,0.09803921568627451,0.0,0.38235294117647056,0.17647058823529413,0.14705882352941177,0.0,0.13725490196078433,0.058823529411764705,0.0,0.0,0.0,0.0,0.0,0.0,0.0,0.0,0.0,0.0,0.0,0.0,0.0,0.0,0.0,0.0,0.0,0.0,0.0,0.0,0.0,0.0
720575940631743575,OCT,0.0,0.0,0.0,0.0,0.5268817204301075,0.0,0.0,0.0,0.0,0.16129032258064516,0.0,0.053763440860215055,0.0,0.0,0.0,0.0,0.0,0.0,0.0,0.0,0.0,0.0,0.0,0.0,0.0,0.0,0.0,0.25806451612903225,0.0,0.0
720575940631904719,GABA,0.3448275862068966,0.06896551724137931,0.31724137931034485,0.0,0.04827586206896552,0.034482758620689655,0.05517241379310345,0.0,0.0,0.04827586206896552,0.0,0.0,0.034482758620689655,0.0,0.0,0.0,0.04827586206896552,0.0,0.0,0.0,0.0,0.0,0.0,0.0,0.0,0.0,0.0,0.0,0.0,0.0
720575940631913047,OCT,0.0625,0.4,0.0625,0.0,0.1,0.0,0.1125,0.0,0.0,0.1,0.0,0.0,0.0,0.0,0.0875,0.0,0.0,0.0,0.0,0.075,0.0,0.0,0.0,0.0,0.0,0.0,0.0,0.0,0.0,0.0
720575940632021867,ACH,0.0,0.0,0.24521072796934865,0.0,0.14942528735632185,0.0,0.05363984674329502,0.0,0.0,0.022988505747126436,0.36015325670498083,0.034482758620689655,0.0,0.038314176245210725,0.038314176245210725,0.0,0.0,0.0,0.034482758620689655,0.0,0.0,0.0,0.0,0.0,0.0,0.022988505747126436,0.0,0.0,0.0,0.0
720575940632108586,GLUT,0.23448275862068965,0.0896551724137931,0.1310344827586207,0.06896551724137931,0.13793103448275862,0.0,0.0896551724137931,0.12413793103448276,0.0,0.04827586206896552,0.0,0.0,0.0,0.0,0.0,0.0,0.0,0.0,0.041379310344827586,0.0,0.034482758620689655,0.0,0.0,0.0,0.0,0.0,0.0,0.0,0.0,0.0
720575940632113682,GABA,0.3546511627906977,0.0755813953488372,0.16279069767441862,0.05232558139534884,0.05232558139534884,0.09302325581395349,0.05232558139534884,0.0,0.0,0.0872093023255814,0.0,0.0,0.0,0.0,0.0,0.03488372093023256,0.03488372093023256,0.0,0.0,0.0,0.0,0.0,0.0,0.0,0.0,0.0,0.0,0.0,0.0,0.0
720575940632242450,GLUT,0.3464566929133858,0.047244094488188976,0.10236220472440945,0.12598425196850394,0.08661417322834646,0.11023622047244094,0.08661417322834646,0.0,0.0,0.0,0.0,0.05511811023622047,0.0,0.0,0.0,0.0,0.0,0.03937007874015748,0.0,0.0,0.0,0.0,0.0,0.0,0.0,0.0,0.0,0.0,0.0,0.0
720575940632266794,GLUT,0.47520661157024796,0.028925619834710745,0.16942148760330578,0.09504132231404959,0.0371900826446281,0.049586776859504134,0.045454545454545456,0.028925619834710745,0.0,0.04132231404958678,0.0,0.028925619834710745,0.0,0.0,0.0,0.0,0.0,0.0,0.0,0.0,0.0,0.0,0.0,0.0,0.0,0.0,0.0,0.0,0.0,0.0
720575940632396875,GABA,0.0,0.5225806451612903,0.23870967741935484,0.0,0.0,0.0,0.03870967741935484,0.0,0.12903225806451613,0.0,0.0,0.0,0.0,0.0,0.0,0.0,0.03225806451612903,0.0,0.0,0.0,0.0,0.0,0.0,0.0,0.0,0.0,0.03870967741935484,0.0,0.0,0.0
720575940632419395,GLUT,0.28104575163398693,0.032679738562091505,0.20915032679738563,0.29411764705882354,0.0,0.09803921568627451,0.0,0.032679738562091505,0.0,0.0,0.0,0.05228758169934641,0.0,0.0,0.0,0.0,0.0,0.0,0.0,0.0,0.0,0.0,0.0,0.0,0.0,0.0,0.0,0.0,0.0,0.0
720575940632484419,GABA,0.22641509433962265,0.1509433962264151,0.32075471698113206,0.0,0.0,0.05660377358490566,0.0660377358490566,0.0,0.08490566037735849,0.04716981132075472,0.0,0.0,0.04716981132075472,0.0,0.0,0.0,0.0,0.0,0.0,0.0,0.0,0.0,0.0,0.0,0.0,0.0,0.0,0.0,0.0,0.0
720575940632573240,GABA,0.32367149758454106,0.05314009661835749,0.0,0.2463768115942029,0.057971014492753624,0.06763285024154589,0.12077294685990338,0.0821256038647343,0.0,0.024154589371980676,0.0,0.0,0.0,0.0,0.0,0.0,0.0,0.0,0.0,0.0,0.024154589371980676,0.0,0.0,0.0,0.0,0.0,0.0,0.0,0.0,0.0
720575940632586297,GLUT,0.4716981132075472,0.15566037735849056,0.0,0.0,0.0660377358490566,0.08490566037735849,0.07547169811320754,0.07547169811320754,0.0,0.04716981132075472,0.0,0.02358490566037736,0.0,0.0,0.0,0.0,0.0,0.0,0.0,0.0,0.0,0.0,0.0,0.0,0.0,0.0,0.0,0.0,0.0,0.0
720575940632649795,GABA,0.5357142857142857,0.03571428571428571,0.03571428571428571,0.0,0.06428571428571428,0.12857142857142856,0.0,0.03571428571428571,0.0,0.0,0.0,0.03571428571428571,0.05714285714285714,0.0,0.0,0.03571428571428571,0.0,0.0,0.0,0.0,0.03571428571428571,0.0,0.0,0.0,0.0,0.0,0.0,0.0,0.0,0.0
720575940632657512,GABA,0.30434782608695654,0.0782608695652174,0.0,0.24347826086956523,0.06956521739130435,0.043478260869565216,0.05217391304347826,0.09130434782608696,0.0,0.06086956521739131,0.0,0.030434782608695653,0.0,0.0,0.0,0.0,0.0,0.02608695652173913,0.0,0.0,0.0,0.0,0.0,0.0,0.0,0.0,0.0,0.0,0.0,0.0
720575940632666435,GABA,0.3583815028901734,0.07514450867052024,0.0,0.24277456647398843,0.06936416184971098,0.046242774566473986,0.0,0.14450867052023122,0.0,0.028901734104046242,0.0,0.0,0.0,0.0,0.0,0.0,0.0,0.03468208092485549,0.0,0.0,0.0,0.0,0.0,0.0,0.0,0.0,0.0,0.0,0.0,0.0
720575940632709945,GABA,0.0,0.75,0.14655172413793102,0.0,0.04310344827586207,0.0,0.0,0.0,0.0,0.0603448275862069,0.0,0.0,0.0,0.0,0.0,0.0,0.0,0.0,0.0,0.0,0.0,0.0,0.0,0.0,0.0,0.0,0.0,0.0,0.0,0.0
720575940632714823,GABA,0.0,0.6713286713286714,0.0,0.0,0.04195804195804196,0.0,0.055944055944055944,0.0,0.16083916083916083,0.0,0.0,0.0,0.0,0.0,0.0,0.03496503496503497,0.03496503496503497,0.0,0.0,0.0,0.0,0.0,0.0,0.0,0.0,0.0,0.0,0.0,0.0,0.0
720575940632832583,ACH,0.0,0.0,0.06349206349206349,0.0,0.10582010582010581,0.0,0.0,0.0,0.0,0.031746031746031744,0.5079365079365079,0.0,0.0,0.14814814814814814,0.047619047619047616,0.0,0.0,0.0,0.042328042328042326,0.0,0.0,0.0,0.05291005291005291,0.0,0.0,0.0,0.0,0.0,0.0,0.0
720575940632869423,GABA,0.3958333333333333,0.0,0.17708333333333334,0.07291666666666667,0.09375,0.08854166666666667,0.041666666666666664,0.0,0.0,0.046875,0.0,0.052083333333333336,0.0,0.0,0.0,0.03125,0.0,0.0,0.0,0.0,0.0,0.0,0.0,0.0,0.0,0.0,0.0,0.0,0.0,0.0
720575940632880441,GABA,0.14184397163120568,0.2127659574468085,0.28368794326241137,0.0,0.06382978723404255,0.05673758865248227,0.05673758865248227,0.0,0.09219858156028368,0.0,0.0,0.0,0.0425531914893617,0.0,0.0,0.0,0.04964539007092199,0.0,0.0,0.0,0.0,0.0,0.0,0.0,0.0,0.0,0.0,0.0,0.0,0.0
720575940633017415,GABA,0.13829787234042554,0.7127659574468085,0.0,0.06382978723404255,0.0851063829787234,0.0,0.0,0.0,0.0,0.0,0.0,0.0,0.0,0.0,0.0,0.0,0.0,0.0,0.0,0.0,0.0,0.0,0.0,0.0,0.0,0.0,0.0,0.0,0.0,0.0
720575940633049671,GLUT,0.15748031496062992,0.3228346456692913,0.0,0.0,0.07086614173228346,0.07874015748031496,0.0,0.0,0.09448818897637795,0.03937007874015748,0.0,0.0,0.14960629921259844,0.0,0.0,0.0,0.03937007874015748,0.0,0.0,0.0,0.0,0.0,0.0,0.047244094488188976,0.0,0.0,0.0,0.0,0.0,0.0
720575940633146705,ACH,0.0,0.0,0.0,0.0,0.18487394957983194,0.0,0.08403361344537816,0.0,0.0,0.058823529411764705,0.5294117647058824,0.04201680672268908,0.0,0.058823529411764705,0.04201680672268908,0.0,0.0,0.0,0.0,0.0,0.0,0.0,0.0,0.0,0.0,0.0,0.0,0.0,0.0,0.0
720575940633228940,GABA,0.0,0.581081081081081,0.08108108108108109,0.0,0.08108108108108109,0.0,0.0,0.0,0.10810810810810811,0.0,0.0,0.0,0.14864864864864866,0.0,0.0,0.0,0.0,0.0,0.0,0.0,0.0,0.0,0.0,0.0,0.0,0.0,0.0,0.0,0.0,0.0
720575940633341604,GABA,0.3865546218487395,0.0,0.29411764705882354,0.0,0.0,0.14285714285714285,0.07563025210084033,0.0,0.0,0.05042016806722689,0.0,0.05042016806722689,0.0,0.0,0.0,0.0,0.0,0.0,0.0,0.0,0.0,0.0,0.0,0.0,0.0,0.0,0.0,0.0,0.0,0.0
720575940633464109,GLUT,0.06153846153846154,0.36153846153846153,0.25384615384615383,0.0,0.038461538461538464,0.038461538461538464,0.06923076923076923,0.0,0.07692307692307693,0.046153846153846156,0.0,0.0,0.05384615384615385,0.0,0.0,0.0,0.0,0.0,0.0,0.0,0.0,0.0,0.0,0.0,0.0,0.0,0.0,0.0,0.0,0.0
720575940633478829,GABA,0.4156378600823045,0.08641975308641975,0.12345679012345678,0.06584362139917696,0.04938271604938271,0.102880658436214,0.0,0.0,0.0,0.04526748971193416,0.0,0.024691358024691357,0.02880658436213992,0.0,0.0,0.037037037037037035,0.0,0.0,0.0,0.0,0.0205761316872428,0.0,0.0,0.0,0.0,0.0,0.0,0.0,0.0,0.0
720575940633496863,GLUT,0.33962264150943394,0.22012578616352202,0.0,0.0,0.10062893081761007,0.06289308176100629,0.10062893081761007,0.0,0.05660377358490566,0.03773584905660377,0.0,0.0,0.0,0.0,0.0,0.031446540880503145,0.0,0.0,0.0,0.0,0.0,0.0,0.0,0.050314465408805034,0.0,0.0,0.0,0.0,0.0,0.0
720575940633519308,GABA,0.16216216216216217,0.4864864864864865,0.0,0.0,0.0,0.0,0.0,0.0,0.0,0.0,0.0,0.0,0.21621621621621623,0.0,0.0,0.0,0.0,0.13513513513513514,0.0,0.0,0.0,0.0,0.0,0.0,0.0,0.0,0.0,0.0,0.0,0.0
720575940633686317,GABA,0.4540540540540541,0.0972972972972973,0.0,0.14054054054054055,0.05405405405405406,0.0972972972972973,0.0,0.02702702702702703,0.04864864864864865,0.0,0.0,0.03783783783783784,0.0,0.0,0.0,0.043243243243243246,0.0,0.0,0.0,0.0,0.0,0.0,0.0,0.0,0.0,0.0,0.0,0.0,0.0,0.0
720575940633690925,ACH,0.0,0.11666666666666667,0.0,0.0,0.38333333333333336,0.0,0.0,0.0,0.0,0.18333333333333332,0.0,0.0,0.0,0.0,0.0,0.0,0.0,0.0,0.0,0.0,0.0,0.0,0.0,0.0,0.0,0.08333333333333333,0.0,0.23333333333333334,0.0,0.0
720575940633715501,ACH,0.5051546391752577,0.03608247422680412,0.08762886597938144,0.0,0.06701030927835051,0.06701030927835051,0.02577319587628866,0.0,0.0,0.0,0.0,0.05670103092783505,0.0,0.0,0.03608247422680412,0.030927835051546393,0.02577319587628866,0.0,0.0,0.0,0.030927835051546393,0.0,0.0,0.030927835051546393,0.0,0.0,0.0,0.0,0.0,0.0
720575940633762003,GLUT,0.2635135135135135,0.0,0.20270270270270271,0.13513513513513514,0.14189189189189189,0.06756756756756757,0.06756756756756757,0.0,0.0,0.08783783783783784,0.0,0.033783783783783786,0.0,0.0,0.0,0.0,0.0,0.0,0.0,0.0,0.0,0.0,0.0,0.0,0.0,0.0,0.0,0.0,0.0,0.0
720575940633842146,GABA,0.39705882352941174,0.04411764705882353,0.0,0.13970588235294118,0.10294117647058823,0.07352941176470588,0.0,0.15441176470588236,0.0,0.051470588235294115,0.0,0.0,0.0,0.0,0.03676470588235294,0.0,0.0,0.0,0.0,0.0,0.0,0.0,0.0,0.0,0.0,0.0,0.0,0.0,0.0,0.0
720575940633849901,GLUT,0.1554054054054054,0.0472972972972973,0.13513513513513514,0.1554054054054054,0.0472972972972973,0.0,0.08108108108108109,0.14189189189189189,0.0,0.05405405405405406,0.10135135135135136,0.0,0.0,0.0,0.04054054054054054,0.0,0.0,0.0,0.0,0.0,0.0,0.0,0.0,0.0,0.0,0.0,0.0,0.04054054054054054,0.0,0.0
720575940633988179,GLUT,0.027932960893854747,0.6312849162011173,0.16759776536312848,0.0,0.0,0.0,0.03910614525139665,0.0,0.1340782122905028,0.0,0.0,0.0,0.0,0.0,0.0,0.0,0.0,0.0,0.0,0.0,0.0,0.0,0.0,0.0,0.0,0.0,0.0,0.0,0.0,0.0
720575940634012243,ACH,0.0,0.0,0.18552036199095023,0.0,0.058823529411764705,0.0,0.0,0.0,0.0,0.0,0.39819004524886875,0.02262443438914027,0.0,0.28054298642533937,0.0,0.0,0.0,0.0,0.0,0.0,0.0,0.0,0.05429864253393665,0.0,0.0,0.0,0.0,0.0,0.0,0.0
720575940634132634,GLUT,0.0,0.45108695652173914,0.15217391304347827,0.06521739130434782,0.043478260869565216,0.0,0.04891304347826087,0.043478260869565216,0.11413043478260869,0.043478260869565216,0.0,0.0,0.0,0.0,0.0,0.0,0.03804347826086957,0.0,0.0,0.0,0.0,0.0,0.0,0.0,0.0,0.0,0.0,0.0,0.0,0.0
720575940634206690,GABA,0.40559440559440557,0.13286713286713286,0.1258741258741259,0.0,0.06293706293706294,0.11188811188811189,0.055944055944055944,0.0,0.0,0.04895104895104895,0.0,0.055944055944055944,0.0,0.0,0.0,0.0,0.0,0.0,0.0,0.0,0.0,0.0,0.0,0.0,0.0,0.0,0.0,0.0,0.0,0.0
720575940634306274,GLUT,0.2761904761904762,0.07142857142857142,0.21428571428571427,0.1380952380952381,0.07142857142857142,0.06190476190476191,0.07142857142857142,0.0,0.0,0.02857142857142857,0.0,0.0,0.0,0.0,0.0,0.0,0.0,0.04285714285714286,0.0,0.0,0.023809523809523808,0.0,0.0,0.0,0.0,0.0,0.0,0.0,0.0,0.0
720575940634482913,GLUT,0.0,0.0,0.0,0.0,0.09714285714285714,0.0,0.0,0.0,0.0,0.04,0.48,0.0,0.0,0.17714285714285713,0.03428571428571429,0.0,0.0,0.0,0.0,0.0,0.0,0.045714285714285714,0.09142857142857143,0.0,0.0,0.03428571428571429,0.0,0.0,0.0,0.0
720575940634509794,GLUT,0.22685185185185186,0.0,0.19907407407407407,0.046296296296296294,0.0787037037037037,0.06018518518518518,0.06481481481481481,0.1712962962962963,0.0,0.023148148148148147,0.0,0.041666666666666664,0.0,0.0,0.0,0.0,0.0,0.032407407407407406,0.027777777777777776,0.0,0.027777777777777776,0.0,0.0,0.0,0.0,0.0,0.0,0.0,0.0,0.0
720575940634577377,GABA,0.27350427350427353,0.15384615384615385,0.0,0.06837606837606838,0.08547008547008547,0.07692307692307693,0.0,0.20512820512820512,0.0,0.09401709401709402,0.0,0.0,0.0,0.0,0.042735042735042736,0.0,0.0,0.0,0.0,0.0,0.0,0.0,0.0,0.0,0.0,0.0,0.0,0.0,0.0,0.0
720575940634881561,GABA,0.0,0.4236453201970443,0.1330049261083744,0.1477832512315271,0.06896551724137931,0.0,0.054187192118226604,0.0,0.08866995073891626,0.059113300492610835,0.0,0.0,0.0,0.0,0.0,0.0,0.024630541871921183,0.0,0.0,0.0,0.0,0.0,0.0,0.0,0.0,0.0,0.0,0.0,0.0,0.0
720575940635042912,GLUT,0.4859154929577465,0.04929577464788732,0.0,0.0,0.28169014084507044,0.035211267605633804,0.0,0.0,0.0,0.0,0.0,0.035211267605633804,0.0,0.0,0.0,0.04225352112676056,0.035211267605633804,0.035211267605633804,0.0,0.0,0.0,0.0,0.0,0.0,0.0,0.0,0.0,0.0,0.0,0.0
720575940635075740,GABA,0.3721973094170404,0.08520179372197309,0.15695067264573992,0.04035874439461883,0.07174887892376682,0.06278026905829596,0.04932735426008968,0.0,0.02242152466367713,0.053811659192825115,0.0,0.053811659192825115,0.0,0.0,0.0,0.0,0.0,0.03139013452914798,0.0,0.0,0.0,0.0,0.0,0.0,0.0,0.0,0.0,0.0,0.0,0.0
720575940635079324,GLUT,0.33125,0.125,0.3125,0.0,0.0,0.05625,0.0,0.0,0.0,0.0,0.0,0.0625,0.08125,0.0,0.0,0.03125,0.0,0.0,0.0,0.0,0.0,0.0,0.0,0.0,0.0,0.0,0.0,0.0,0.0,0.0
720575940635300448,GLUT,0.031746031746031744,0.5238095238095238,0.047619047619047616,0.13756613756613756,0.031746031746031744,0.0,0.0,0.0,0.12698412698412698,0.031746031746031744,0.0,0.031746031746031744,0.0,0.0,0.0,0.0,0.037037037037037035,0.0,0.0,0.0,0.0,0.0,0.0,0.0,0.0,0.0,0.0,0.0,0.0,0.0
720575940635357024,GLUT,0.18552036199095023,0.16289592760180996,0.19457013574660634,0.06334841628959276,0.07239819004524888,0.03619909502262444,0.04072398190045249,0.0,0.08144796380090498,0.03167420814479638,0.0,0.0,0.0,0.0,0.0,0.027149321266968326,0.0,0.0,0.0,0.0,0.04524886877828054,0.0,0.0,0.0,0.02262443438914027,0.0,0.0,0.03619909502262444,0.0,0.0
720575940635374231,GLUT,0.2926829268292683,0.0,0.22560975609756098,0.2621951219512195,0.07317073170731707,0.08536585365853659,0.03048780487804878,0.0,0.0,0.0,0.0,0.0,0.0,0.0,0.0,0.0,0.0,0.0,0.0,0.0,0.03048780487804878,0.0,0.0,0.0,0.0,0.0,0.0,0.0,0.0,0.0
720575940635483031,GLUT,0.4589041095890411,0.11643835616438356,0.0,0.04794520547945205,0.0958904109589041,0.14383561643835616,0.06164383561643835,0.0,0.03424657534246575,0.0410958904109589,0.0,0.0,0.0,0.0,0.0,0.0,0.0,0.0,0.0,0.0,0.0,0.0,0.0,0.0,0.0,0.0,0.0,0.0,0.0,0.0
720575940635494810,GABA,0.5,0.0,0.20930232558139536,0.0,0.11627906976744186,0.05813953488372093,0.0,0.0,0.0,0.11627906976744186,0.0,0.0,0.0,0.0,0.0,0.0,0.0,0.0,0.0,0.0,0.0,0.0,0.0,0.0,0.0,0.0,0.0,0.0,0.0,0.0
720575940635525995,GABA,0.4625,0.14583333333333334,0.14166666666666666,0.0375,0.029166666666666667,0.10833333333333334,0.020833333333333332,0.0,0.0,0.0,0.0,0.020833333333333332,0.0,0.0,0.0,0.03333333333333333,0.0,0.0,0.0,0.0,0.0,0.0,0.0,0.0,0.0,0.0,0.0,0.0,0.0,0.0
720575940635568026,GABA,0.23770491803278687,0.1721311475409836,0.1885245901639344,0.05737704918032787,0.10655737704918032,0.09016393442622951,0.08196721311475409,0.0,0.0,0.0,0.0,0.06557377049180328,0.0,0.0,0.0,0.0,0.0,0.0,0.0,0.0,0.0,0.0,0.0,0.0,0.0,0.0,0.0,0.0,0.0,0.0
720575940635609751,GLUT,0.529126213592233,0.0,0.1407766990291262,0.11165048543689321,0.0,0.0825242718446602,0.024271844660194174,0.0,0.0,0.024271844660194174,0.0,0.038834951456310676,0.0,0.0,0.0,0.024271844660194174,0.0,0.024271844660194174,0.0,0.0,0.0,0.0,0.0,0.0,0.0,0.0,0.0,0.0,0.0,0.0
720575940635624383,GABA,0.27741935483870966,0.17419354838709677,0.05161290322580645,0.11612903225806452,0.04516129032258064,0.09032258064516129,0.04516129032258064,0.03225806451612903,0.08387096774193549,0.0,0.0,0.05161290322580645,0.03225806451612903,0.0,0.0,0.0,0.0,0.0,0.0,0.0,0.0,0.0,0.0,0.0,0.0,0.0,0.0,0.0,0.0,0.0
720575940635631767,GABA,0.2604166666666667,0.23958333333333334,0.08333333333333333,0.09375,0.0625,0.0,0.1875,0.07291666666666667,0.0,0.0,0.0,0.0,0.0,0.0,0.0,0.0,0.0,0.0,0.0,0.0,0.0,0.0,0.0,0.0,0.0,0.0,0.0,0.0,0.0,0.0
720575940636063339,GABA,0.22842639593908629,0.0,0.26903553299492383,0.25380710659898476,0.0,0.04568527918781726,0.030456852791878174,0.10152284263959391,0.0,0.0,0.0,0.03553299492385787,0.0,0.0,0.03553299492385787,0.0,0.0,0.0,0.0,0.0,0.0,0.0,0.0,0.0,0.0,0.0,0.0,0.0,0.0,0.0
720575940636094815,GLUT,0.0,0.3448275862068966,0.4367816091954023,0.0,0.0,0.05747126436781609,0.10344827586206896,0.0,0.0,0.0,0.0,0.05747126436781609,0.0,0.0,0.0,0.0,0.0,0.0,0.0,0.0,0.0,0.0,0.0,0.0,0.0,0.0,0.0,0.0,0.0,0.0
720575940636193387,GLUT,0.29473684210526313,0.09473684210526316,0.12631578947368421,0.0,0.05263157894736842,0.06315789473684211,0.05263157894736842,0.0,0.05263157894736842,0.0,0.0,0.0,0.18947368421052632,0.0,0.0,0.0,0.0,0.07368421052631578,0.0,0.0,0.0,0.0,0.0,0.0,0.0,0.0,0.0,0.0,0.0,0.0
720575940636390263,GABA,0.41702127659574467,0.04680851063829787,0.02553191489361702,0.15319148936170213,0.06382978723404255,0.07659574468085106,0.05106382978723404,0.04680851063829787,0.0,0.02127659574468085,0.0,0.03829787234042553,0.0,0.0,0.0,0.0,0.0,0.02127659574468085,0.0,0.0,0.03829787234042553,0.0,0.0,0.0,0.0,0.0,0.0,0.0,0.0,0.0
720575940636660855,GABA,0.0,0.6346153846153846,0.0,0.0,0.0673076923076923,0.04807692307692308,0.057692307692307696,0.0,0.0,0.07692307692307693,0.0,0.0,0.0,0.0,0.04807692307692308,0.0,0.0,0.0673076923076923,0.0,0.0,0.0,0.0,0.0,0.0,0.0,0.0,0.0,0.0,0.0,0.0
720575940636715998,GLUT,0.0,0.6,0.0,0.07878787878787878,0.07272727272727272,0.0,0.0,0.06666666666666667,0.12121212121212122,0.030303030303030304,0.0,0.0,0.0,0.0,0.030303030303030304,0.0,0.0,0.0,0.0,0.0,0.0,0.0,0.0,0.0,0.0,0.0,0.0,0.0,0.0,0.0
720575940636832375,GABA,0.17117117117117117,0.16216216216216217,0.26126126126126126,0.07207207207207207,0.06306306306306306,0.06306306306306306,0.10810810810810811,0.05405405405405406,0.0,0.0,0.0,0.04504504504504504,0.0,0.0,0.0,0.0,0.0,0.0,0.0,0.0,0.0,0.0,0.0,0.0,0.0,0.0,0.0,0.0,0.0,0.0
720575940636942447,GLUT,0.0,0.5340909090909091,0.0625,0.07954545454545454,0.06818181818181818,0.0,0.0,0.07954545454545454,0.07386363636363637,0.07386363636363637,0.0,0.028409090909090908,0.0,0.0,0.0,0.0,0.0,0.0,0.0,0.0,0.0,0.0,0.0,0.0,0.0,0.0,0.0,0.0,0.0,0.0
720575940637259895,GLUT,0.29918032786885246,0.19672131147540983,0.23770491803278687,0.0,0.02459016393442623,0.06147540983606557,0.045081967213114756,0.0,0.02459016393442623,0.028688524590163935,0.0,0.020491803278688523,0.0,0.0,0.0,0.020491803278688523,0.0,0.0,0.0,0.0,0.0,0.0,0.0,0.0,0.040983606557377046,0.0,0.0,0.0,0.0,0.0
720575940637621349,ACH,0.0,0.0,0.0,0.0,0.2636363636363636,0.0,0.0,0.0,0.0,0.15454545454545454,0.36363636363636365,0.0,0.0,0.12727272727272726,0.0,0.0,0.0,0.0,0.0,0.0,0.0,0.0,0.0,0.0,0.0,0.045454545454545456,0.0,0.0,0.045454545454545456,0.0
720575940637806766,GABA,0.0,0.5639097744360902,0.06015037593984962,0.0,0.07518796992481203,0.0,0.0,0.045112781954887216,0.11278195488721804,0.03759398496240601,0.0,0.03759398496240601,0.0,0.0,0.0,0.06766917293233082,0.0,0.0,0.0,0.0,0.0,0.0,0.0,0.0,0.0,0.0,0.0,0.0,0.0,0.0
720575940637921392,ACH,0.0,0.03626943005181347,0.21761658031088082,0.0,0.0,0.0,0.0,0.0,0.0,0.0,0.0,0.05181347150259067,0.08290155440414508,0.0,0.15544041450777202,0.0,0.0,0.0,0.0,0.07772020725388601,0.0,0.0,0.0,0.0,0.0,0.025906735751295335,0.0,0.0,0.046632124352331605,0.30569948186528495
720575940638106736,ACH,0.0,0.0,0.22560975609756098,0.0,0.07317073170731707,0.0,0.0,0.0,0.0,0.036585365853658534,0.40853658536585363,0.0,0.0,0.1402439024390244,0.0,0.0,0.0,0.0,0.0,0.0,0.0,0.06097560975609756,0.054878048780487805,0.0,0.0,0.0,0.0,0.0,0.0,0.0
720575940638181086,GABA,0.3597122302158273,0.12949640287769784,0.2014388489208633,0.1079136690647482,0.0,0.07913669064748201,0.07913669064748201,0.0,0.0,0.0,0.0,0.04316546762589928,0.0,0.0,0.0,0.0,0.0,0.0,0.0,0.0,0.0,0.0,0.0,0.0,0.0,0.0,0.0,0.0,0.0,0.0
720575940638404580,GLUT,0.4238095238095238,0.2857142857142857,0.0380952380952381,0.047619047619047616,0.0761904761904762,0.0,0.0,0.0,0.047619047619047616,0.04285714285714286,0.0,0.0380952380952381,0.0,0.0,0.0,0.0,0.0,0.0,0.0,0.0,0.0,0.0,0.0,0.0,0.0,0.0,0.0,0.0,0.0,0.0
720575940638525662,ACH,0.3080568720379147,0.14218009478672985,0.15639810426540285,0.0,0.06635071090047394,0.04739336492890995,0.06635071090047394,0.0,0.0,0.02843601895734597,0.0,0.0,0.061611374407582936,0.0,0.0,0.04739336492890995,0.0,0.0,0.0,0.0,0.03317535545023697,0.0,0.0,0.0,0.0,0.0,0.04265402843601896,0.0,0.0,0.0
720575940638630889,GABA,0.025,0.29,0.21,0.0,0.06,0.0,0.105,0.125,0.095,0.035,0.0,0.025,0.0,0.0,0.03,0.0,0.0,0.0,0.0,0.0,0.0,0.0,0.0,0.0,0.0,0.0,0.0,0.0,0.0,0.0
720575940638798052,GLUT,0.13333333333333333,0.14444444444444443,0.28888888888888886,0.1,0.06666666666666667,0.12222222222222222,0.07777777777777778,0.0,0.0,0.06666666666666667,0.0,0.0,0.0,0.0,0.0,0.0,0.0,0.0,0.0,0.0,0.0,0.0,0.0,0.0,0.0,0.0,0.0,0.0,0.0,0.0
720575940639021540,GABA,0.22950819672131148,0.14754098360655737,0.09836065573770492,0.13934426229508196,0.05737704918032787,0.08196721311475409,0.07377049180327869,0.09016393442622951,0.0,0.0,0.0,0.08196721311475409,0.0,0.0,0.0,0.0,0.0,0.0,0.0,0.0,0.0,0.0,0.0,0.0,0.0,0.0,0.0,0.0,0.0,0.0
720575940639102015,GABA,0.5424836601307189,0.12418300653594772,0.1437908496732026,0.0,0.0,0.10457516339869281,0.0,0.0,0.0,0.0,0.0,0.0,0.0457516339869281,0.0,0.0,0.0,0.0392156862745098,0.0,0.0,0.0,0.0,0.0,0.0,0.0,0.0,0.0,0.0,0.0,0.0,0.0
720575940639258431,GABA,0.07575757575757576,0.10606060606060606,0.3787878787878788,0.0,0.09090909090909091,0.0,0.07575757575757576,0.0,0.0,0.0,0.0,0.0,0.19696969696969696,0.0,0.0,0.0,0.07575757575757576,0.0,0.0,0.0,0.0,0.0,0.0,0.0,0.0,0.0,0.0,0.0,0.0,0.0
720575940639279686,GLUT,0.0,0.5493827160493827,0.0,0.08024691358024691,0.08024691358024691,0.0,0.0,0.05555555555555555,0.06172839506172839,0.09259259259259259,0.0,0.0,0.0,0.0,0.0,0.0,0.043209876543209874,0.0,0.0,0.0,0.0,0.0,0.0,0.0,0.037037037037037035,0.0,0.0,0.0,0.0,0.0
720575940639439174,GLUT,0.05714285714285714,0.0,0.2571428571428571,0.21904761904761905,0.13333333333333333,0.20952380952380953,0.0,0.0,0.0,0.05714285714285714,0.0,0.0,0.0,0.0,0.0,0.0,0.0,0.0,0.0,0.0,0.06666666666666667,0.0,0.0,0.0,0.0,0.0,0.0,0.0,0.0,0.0
720575940639698766,GLUT,0.518796992481203,0.03759398496240601,0.0,0.0,0.045112781954887216,0.11278195488721804,0.07518796992481203,0.03759398496240601,0.08270676691729323,0.05263157894736842,0.0,0.03759398496240601,0.0,0.0,0.0,0.0,0.0,0.0,0.0,0.0,0.0,0.0,0.0,0.0,0.0,0.0,0.0,0.0,0.0,0.0
720575940639864765,GABA,0.24444444444444444,0.1111111111111111,0.0,0.1,0.1,0.0,0.07777777777777778,0.2,0.0,0.0,0.0,0.0,0.0,0.0,0.0,0.0,0.0,0.1111111111111111,0.0,0.0,0.0,0.0,0.0,0.0,0.0,0.0,0.05555555555555555,0.0,0.0,0.0
720575940640063805,GABA,0.3532934131736527,0.1317365269461078,0.16766467065868262,0.03592814371257485,0.0658682634730539,0.07784431137724551,0.0658682634730539,0.0,0.0,0.041916167664670656,0.0,0.0,0.0,0.0,0.0,0.029940119760479042,0.029940119760479042,0.0,0.0,0.0,0.0,0.0,0.0,0.0,0.0,0.0,0.0,0.0,0.0,0.0
720575940640206781,ACH,0.0,0.6521739130434783,0.2360248447204969,0.0,0.0,0.0,0.0,0.0,0.08074534161490683,0.0,0.0,0.031055900621118012,0.0,0.0,0.0,0.0,0.0,0.0,0.0,0.0,0.0,0.0,0.0,0.0,0.0,0.0,0.0,0.0,0.0,0.0
720575940640558755,GABA,0.0,0.39344262295081966,0.0,0.0,0.04918032786885246,0.0,0.0,0.39344262295081966,0.07377049180327869,0.0,0.0,0.04918032786885246,0.0,0.0,0.040983606557377046,0.0,0.0,0.0,0.0,0.0,0.0,0.0,0.0,0.0,0.0,0.0,0.0,0.0,0.0,0.0
720575940640581235,GABA,0.0,0.7052023121387283,0.12138728323699421,0.0,0.0,0.0,0.0,0.0,0.13872832369942195,0.0,0.0,0.0,0.03468208092485549,0.0,0.0,0.0,0.0,0.0,0.0,0.0,0.0,0.0,0.0,0.0,0.0,0.0,0.0,0.0,0.0,0.0
720575940641063632,GABA,0.0,0.5846153846153846,0.07179487179487179,0.0,0.05641025641025641,0.0,0.041025641025641026,0.0,0.15384615384615385,0.035897435897435895,0.0,0.0,0.0,0.0,0.0,0.03076923076923077,0.02564102564102564,0.0,0.0,0.0,0.0,0.0,0.0,0.0,0.0,0.0,0.0,0.0,0.0,0.0
720575940643065997,GABA,0.3617021276595745,0.0,0.28368794326241137,0.0,0.0,0.07801418439716312,0.0,0.0,0.04964539007092199,0.0851063829787234,0.0,0.0,0.0,0.0,0.0,0.0425531914893617,0.0,0.0,0.0,0.0,0.0,0.0,0.0,0.04964539007092199,0.04964539007092199,0.0,0.0,0.0,0.0,0.0
720575940643199885,GABA,0.4304635761589404,0.11258278145695365,0.0,0.15894039735099338,0.0728476821192053,0.13245033112582782,0.0,0.052980132450331126,0.0,0.0,0.0,0.039735099337748346,0.0,0.0,0.0,0.0,0.0,0.0,0.0,0.0,0.0,0.0,0.0,0.0,0.0,0.0,0.0,0.0,0.0,0.0
720575940643425992,GLUT,0.031088082901554404,0.40414507772020725,0.15025906735751296,0.08808290155440414,0.0,0.0,0.025906735751295335,0.04145077720207254,0.10362694300518134,0.0,0.0,0.031088082901554404,0.0,0.0,0.0,0.046632124352331605,0.025906735751295335,0.0,0.0,0.025906735751295335,0.0,0.0,0.0,0.0,0.025906735751295335,0.0,0.0,0.0,0.0,0.0
720575940644088480,GABA,0.36,0.15333333333333332,0.26,0.0,0.04,0.0,0.0,0.0,0.11333333333333333,0.0,0.0,0.04,0.0,0.0,0.0,0.0,0.0,0.0,0.0,0.0,0.0,0.0,0.0,0.0,0.03333333333333333,0.0,0.0,0.0,0.0,0.0
720575940644542755,GABA,0.17857142857142858,0.16071428571428573,0.17857142857142858,0.06547619047619048,0.041666666666666664,0.08928571428571429,0.07142857142857142,0.0,0.041666666666666664,0.0,0.0,0.047619047619047616,0.0,0.0,0.02976190476190476,0.02976190476190476,0.0,0.03571428571428571,0.0,0.0,0.0,0.0,0.0,0.0,0.0,0.0,0.02976190476190476,0.0,0.0,0.0
720575940644599712,GABA,0.0,0.7777777777777778,0.0,0.0,0.06944444444444445,0.0,0.0,0.0,0.1527777777777778,0.0,0.0,0.0,0.0,0.0,0.0,0.0,0.0,0.0,0.0,0.0,0.0,0.0,0.0,0.0,0.0,0.0,0.0,0.0,0.0,0.0
720575940644754592,GLUT,0.4133738601823708,0.09422492401215805,0.1641337386018237,0.03343465045592705,0.05167173252279635,0.06382978723404255,0.05167173252279635,0.0,0.015197568389057751,0.0425531914893617,0.0,0.0182370820668693,0.0182370820668693,0.0,0.0,0.0182370820668693,0.015197568389057751,0.0,0.0,0.0,0.0,0.0,0.0,0.0,0.0,0.0,0.0,0.0,0.0,0.0
720575940644883656,GABA,0.3522727272727273,0.06818181818181818,0.0,0.0,0.11363636363636363,0.10227272727272728,0.07954545454545454,0.14772727272727273,0.0,0.07954545454545454,0.0,0.0,0.0,0.0,0.056818181818181816,0.0,0.0,0.0,0.0,0.0,0.0,0.0,0.0,0.0,0.0,0.0,0.0,0.0,0.0,0.0
720575940645689892,GLUT,0.0,0.0,0.23103448275862068,0.0,0.1206896551724138,0.0,0.0,0.0,0.0,0.0,0.21724137931034482,0.017241379310344827,0.0,0.18620689655172415,0.034482758620689655,0.0,0.0,0.0,0.0,0.0,0.0,0.09655172413793103,0.04827586206896552,0.0,0.0,0.027586206896551724,0.0,0.0,0.020689655172413793,0.0
720575940645859863,GABA,0.0,0.5037593984962406,0.0,0.06015037593984962,0.06015037593984962,0.0,0.0,0.0,0.21804511278195488,0.045112781954887216,0.0,0.03759398496240601,0.0,0.0,0.0,0.0,0.0,0.03759398496240601,0.0,0.0,0.0,0.0,0.0,0.0,0.0,0.0,0.03759398496240601,0.0,0.0,0.0
720575940645899799,GABA,0.6571428571428571,0.0,0.0,0.0,0.14285714285714285,0.0,0.0,0.0,0.0,0.12857142857142856,0.0,0.07142857142857142,0.0,0.0,0.0,0.0,0.0,0.0,0.0,0.0,0.0,0.0,0.0,0.0,0.0,0.0,0.0,0.0,0.0,0.0
720575940646047511,GLUT,0.11320754716981132,0.2830188679245283,0.34591194968553457,0.0,0.05660377358490566,0.03773584905660377,0.0,0.0,0.0,0.0,0.0,0.031446540880503145,0.06289308176100629,0.0,0.0,0.03773584905660377,0.0,0.031446540880503145,0.0,0.0,0.0,0.0,0.0,0.0,0.0,0.0,0.0,0.0,0.0,0.0
720575940647041315,GLUT,0.24561403508771928,0.05847953216374269,0.18128654970760233,0.0,0.07602339181286549,0.0,0.07602339181286549,0.15789473684210525,0.0,0.05263157894736842,0.0,0.0,0.0,0.0,0.0,0.0,0.0,0.0,0.12280701754385964,0.0,0.0,0.0,0.0,0.0,0.0,0.0,0.029239766081871343,0.0,0.0,0.0
720575940647181091,GABA,0.36792452830188677,0.18867924528301888,0.1509433962264151,0.0,0.04716981132075472,0.07547169811320754,0.0,0.0,0.0660377358490566,0.0,0.0,0.05660377358490566,0.04716981132075472,0.0,0.0,0.0,0.0,0.0,0.0,0.0,0.0,0.0,0.0,0.0,0.0,0.0,0.0,0.0,0.0,0.0
720575940647182627,GLUT,0.022026431718061675,0.4977973568281938,0.12334801762114538,0.07488986784140969,0.0,0.0,0.05726872246696035,0.0,0.1277533039647577,0.02643171806167401,0.0,0.02643171806167401,0.0,0.0,0.0,0.0,0.04405286343612335,0.0,0.0,0.0,0.0,0.0,0.0,0.0,0.0,0.0,0.0,0.0,0.0,0.0
720575940647406115,GABA,0.3364485981308411,0.0,0.2616822429906542,0.0,0.04672897196261682,0.0,0.056074766355140186,0.0,0.0,0.04672897196261682,0.0,0.056074766355140186,0.1308411214953271,0.0,0.0,0.0,0.0,0.06542056074766354,0.0,0.0,0.0,0.0,0.0,0.0,0.0,0.0,0.0,0.0,0.0,0.0
720575940647750196,GLUT,0.0,0.6914893617021277,0.0,0.0,0.06382978723404255,0.0,0.0,0.06382978723404255,0.10638297872340426,0.07446808510638298,0.0,0.0,0.0,0.0,0.0,0.0,0.0,0.0,0.0,0.0,0.0,0.0,0.0,0.0,0.0,0.0,0.0,0.0,0.0,0.0
720575940647793716,GLUT,0.40229885057471265,0.1839080459770115,0.0,0.0,0.09195402298850575,0.12643678160919541,0.08045977011494253,0.05747126436781609,0.0,0.0,0.0,0.0,0.0,0.0,0.05747126436781609,0.0,0.0,0.0,0.0,0.0,0.0,0.0,0.0,0.0,0.0,0.0,0.0,0.0,0.0,0.0
720575940647849012,GABA,0.21818181818181817,0.2727272727272727,0.08181818181818182,0.0,0.07272727272727272,0.06363636363636363,0.06363636363636363,0.0,0.12727272727272726,0.0,0.0,0.0,0.0,0.0,0.0,0.0,0.045454545454545456,0.0,0.0,0.0,0.05454545454545454,0.0,0.0,0.0,0.0,0.0,0.0,0.0,0.0,0.0
720575940648192900,GLUT,0.0,0.0,0.0,0.0,0.08955223880597014,0.0,0.08208955223880597,0.0,0.0,0.06716417910447761,0.5,0.05223880597014925,0.0,0.08208955223880597,0.0,0.0,0.0,0.0,0.0,0.0,0.0,0.12686567164179105,0.0,0.0,0.0,0.0,0.0,0.0,0.0,0.0
720575940648473476,GABA,0.04854368932038835,0.5436893203883495,0.0,0.0,0.08737864077669903,0.0,0.0,0.05825242718446602,0.1553398058252427,0.04854368932038835,0.0,0.05825242718446602,0.0,0.0,0.0,0.0,0.0,0.0,0.0,0.0,0.0,0.0,0.0,0.0,0.0,0.0,0.0,0.0,0.0,0.0
720575940648476036,GABA,0.0,0.5737704918032787,0.0,0.09016393442622951,0.10655737704918032,0.0,0.06557377049180328,0.0,0.10655737704918032,0.0,0.0,0.0,0.0,0.0,0.05737704918032787,0.0,0.0,0.0,0.0,0.0,0.0,0.0,0.0,0.0,0.0,0.0,0.0,0.0,0.0,0.0
720575940648554628,GLUT,0.4041095890410959,0.04794520547945205,0.0,0.136986301369863,0.13013698630136986,0.04794520547945205,0.07534246575342465,0.08904109589041095,0.0,0.0,0.0,0.03424657534246575,0.0,0.0,0.03424657534246575,0.0,0.0,0.0,0.0,0.0,0.0,0.0,0.0,0.0,0.0,0.0,0.0,0.0,0.0,0.0
720575940648565892,ACH,0.0,0.0,0.373134328358209,0.0,0.1417910447761194,0.0,0.0,0.0,0.0,0.04477611940298507,0.0,0.08208955223880597,0.0,0.0,0.0,0.0,0.0,0.0,0.0,0.0,0.0,0.0,0.0,0.0,0.0,0.03731343283582089,0.0,0.27611940298507465,0.04477611940298507,0.0
720575940653401846,GABA,0.0,0.31092436974789917,0.08403361344537816,0.05042016806722689,0.2857142857142857,0.0,0.0,0.07563025210084033,0.0,0.0,0.0,0.0,0.0,0.0,0.04201680672268908,0.0,0.0,0.0,0.0,0.0,0.0,0.0,0.0,0.0,0.05042016806722689,0.0,0.0,0.0,0.10084033613445378,0.0
720575940653436406,GLUT,0.31862745098039214,0.12745098039215685,0.05392156862745098,0.19117647058823528,0.0,0.0784313725490196,0.06862745098039216,0.0392156862745098,0.0,0.049019607843137254,0.0,0.04411764705882353,0.0,0.0,0.0,0.0,0.0,0.0,0.0,0.0,0.029411764705882353,0.0,0.0,0.0,0.0,0.0,0.0,0.0,0.0,0.0
720575940655971489,GABA,0.0,0.48333333333333334,0.0,0.0,0.11666666666666667,0.16666666666666666,0.13333333333333333,0.0,0.0,0.1,0.0,0.0,0.0,0.0,0.0,0.0,0.0,0.0,0.0,0.0,0.0,0.0,0.0,0.0,0.0,0.0,0.0,0.0,0.0,0.0
720575940660740481,GABA,0.0,0.6666666666666666,0.0,0.034482758620689655,0.034482758620689655,0.0,0.0,0.0,0.20689655172413793,0.0,0.0,0.028735632183908046,0.0,0.0,0.0,0.0,0.028735632183908046,0.0,0.0,0.0,0.0,0.0,0.0,0.0,0.0,0.0,0.0,0.0,0.0,0.0
720575940660868737,GABA,0.0,0.7346938775510204,0.0,0.0,0.0,0.0,0.0,0.0,0.11224489795918367,0.0,0.0,0.0,0.08163265306122448,0.0,0.0,0.0,0.07142857142857142,0.0,0.0,0.0,0.0,0.0,0.0,0.0,0.0,0.0,0.0,0.0,0.0,0.0
720575940660884097,GABA,0.1891891891891892,0.0,0.0,0.44594594594594594,0.13513513513513514,0.0,0.0945945945945946,0.0,0.0,0.06756756756756757,0.0,0.06756756756756757,0.0,0.0,0.0,0.0,0.0,0.0,0.0,0.0,0.0,0.0,0.0,0.0,0.0,0.0,0.0,0.0,0.0,0.0
720575940660931713,ACH,0.0,0.6126760563380281,0.0,0.056338028169014086,0.07042253521126761,0.0,0.035211267605633804,0.0,0.16901408450704225,0.056338028169014086,0.0,0.0,0.0,0.0,0.0,0.0,0.0,0.0,0.0,0.0,0.0,0.0,0.0,0.0,0.0,0.0,0.0,0.0,0.0,0.0
