root_id,nt_label,partner_Dm9,partner_Mi4,partner_R7,partner_Tm20,partner_Mi15,partner_Mi1,partner_Dm2,partner_L1,partner_Mi9,partner_Tm5c,partner_MLt1,partner_aMe12,partner_L3,partner_DmDRA2,partner_Dm11,partner_Tm5b,partner_MTe50,partner_Dm8a,partner_aMe5,partner_Dm8b,partner_MeLp1,partner_Tm9,partner_R8,partner_C2,partner_Dm4,partner_Mi10,partner_TmY9q,partner_Dm12,partner_Tm5e,partner_L2
720575940605519328,ACH,0.24260355029585798,0.23668639053254437,0.16568047337278108,0.05917159763313609,0.03550295857988166,0.0650887573964497,0.09467455621301775,0.07100591715976332,0.0,0.029585798816568046,0.0,0.0,0.0,0.0,0.0,0.0,0.0,0.0,0.0,0.0,0.0,0.0,0.0,0.0,0.0,0.0,0.0,0.0,0.0,0.0
720575940606182246,GABA,0.3670886075949367,0.17088607594936708,0.12025316455696203,0.056962025316455694,0.0,0.06329113924050633,0.0379746835443038,0.06329113924050633,0.03164556962025317,0.0,0.05063291139240506,0.0,0.0379746835443038,0.0,0.0,0.0,0.0,0.0,0.0,0.0,0.0,0.0,0.0,0.0,0.0,0.0,0.0,0.0,0.0,0.0
720575940606387046,ACH,0.17333333333333334,0.23333333333333334,0.22666666666666666,0.0,0.0,0.09333333333333334,0.08666666666666667,0.04666666666666667,0.04,0.0,0.1,0.0,0.0,0.0,0.0,0.0,0.0,0.0,0.0,0.0,0.0,0.0,0.0,0.0,0.0,0.0,0.0,0.0,0.0,0.0
720575940606399678,GLUT,0.32558139534883723,0.08837209302325581,0.18604651162790697,0.05581395348837209,0.12558139534883722,0.03255813953488372,0.0,0.03255813953488372,0.0,0.13023255813953488,0.0,0.0,0.023255813953488372,0.0,0.0,0.0,0.0,0.0,0.0,0.0,0.0,0.0,0.0,0.0,0.0,0.0,0.0,0.0,0.0,0.0
720575940606506016,GABA,0.0,0.14473684210526316,0.08552631578947369,0.09210526315789473,0.14473684210526316,0.05263157894736842,0.21052631578947367,0.05263157894736842,0.05263157894736842,0.046052631578947366,0.08552631578947369,0.0,0.0,0.0,0.0,0.0,0.0,0.0,0.0,0.0,0.03289473684210526,0.0,0.0,0.0,0.0,0.0,0.0,0.0,0.0,0.0
720575940606554912,GLUT,0.0,0.18012422360248448,0.15527950310559005,0.13043478260869565,0.037267080745341616,0.062111801242236024,0.11180124223602485,0.06832298136645963,0.09937888198757763,0.031055900621118012,0.049689440993788817,0.043478260869565216,0.0,0.0,0.0,0.0,0.0,0.0,0.0,0.0,0.0,0.0,0.0,0.0,0.0,0.0,0.0,0.0,0.0,0.031055900621118012
720575940606690238,ACH,0.0,0.19875776397515527,0.14285714285714285,0.11801242236024845,0.10559006211180125,0.09937888198757763,0.09316770186335403,0.062111801242236024,0.043478260869565216,0.055900621118012424,0.08074534161490683,0.0,0.0,0.0,0.0,0.0,0.0,0.0,0.0,0.0,0.0,0.0,0.0,0.0,0.0,0.0,0.0,0.0,0.0,0.0
720575940606744766,ACH,0.04,0.232,0.168,0.056,0.0,0.12,0.096,0.088,0.056,0.048,0.048,0.048,0.0,0.0,0.0,0.0,0.0,0.0,0.0,0.0,0.0,0.0,0.0,0.0,0.0,0.0,0.0,0.0,0.0,0.0
720575940607039529,ACH,0.1111111111111111,0.12698412698412698,0.07936507936507936,0.07936507936507936,0.0,0.1111111111111111,0.1111111111111111,0.19047619047619047,0.0,0.0,0.1111111111111111,0.07936507936507936,0.0,0.0,0.0,0.0,0.0,0.0,0.0,0.0,0.0,0.0,0.0,0.0,0.0,0.0,0.0,0.0,0.0,0.0
720575940607830217,ACH,0.06140350877192982,0.16666666666666666,0.15789473684210525,0.16666666666666666,0.17543859649122806,0.06140350877192982,0.0,0.07017543859649122,0.0,0.08771929824561403,0.05263157894736842,0.0,0.0,0.0,0.0,0.0,0.0,0.0,0.0,0.0,0.0,0.0,0.0,0.0,0.0,0.0,0.0,0.0,0.0,0.0
720575940608148098,ACH,0.05660377358490566,0.20754716981132076,0.20125786163522014,0.09433962264150944,0.0,0.09433962264150944,0.13836477987421383,0.0440251572327044,0.06289308176100629,0.0,0.0,0.10062893081761007,0.0,0.0,0.0,0.0,0.0,0.0,0.0,0.0,0.0,0.0,0.0,0.0,0.0,0.0,0.0,0.0,0.0,0.0
720575940608150450,GLUT,0.1402439024390244,0.14634146341463414,0.2073170731707317,0.04878048780487805,0.17073170731707318,0.08536585365853659,0.06097560975609756,0.04878048780487805,0.0,0.09146341463414634,0.0,0.0,0.0,0.0,0.0,0.0,0.0,0.0,0.0,0.0,0.0,0.0,0.0,0.0,0.0,0.0,0.0,0.0,0.0,0.0
720575940608918108,ACH,0.2976190476190476,0.13095238095238096,0.20238095238095238,0.05357142857142857,0.07738095238095238,0.07142857142857142,0.06547619047619048,0.05952380952380952,0.041666666666666664,0.0,0.0,0.0,0.0,0.0,0.0,0.0,0.0,0.0,0.0,0.0,0.0,0.0,0.0,0.0,0.0,0.0,0.0,0.0,0.0,0.0
720575940609013769,ACH,0.2864864864864865,0.15135135135135136,0.12972972972972974,0.07027027027027027,0.1945945945945946,0.04864864864864865,0.03783783783783784,0.08108108108108109,0.0,0.0,0.0,0.0,0.0,0.0,0.0,0.0,0.0,0.0,0.0,0.0,0.0,0.0,0.0,0.0,0.0,0.0,0.0,0.0,0.0,0.0
720575940609161308,ACH,0.31877729257641924,0.15283842794759825,0.13973799126637554,0.1091703056768559,0.03056768558951965,0.0611353711790393,0.07860262008733625,0.048034934497816595,0.039301310043668124,0.0,0.0,0.0,0.021834061135371178,0.0,0.0,0.0,0.0,0.0,0.0,0.0,0.0,0.0,0.0,0.0,0.0,0.0,0.0,0.0,0.0,0.0
720575940609286921,ACH,0.13043478260869565,0.22282608695652173,0.1793478260869565,0.059782608695652176,0.1956521739130435,0.06521739130434782,0.06521739130434782,0.04891304347826087,0.0,0.0,0.0,0.0,0.03260869565217391,0.0,0.0,0.0,0.0,0.0,0.0,0.0,0.0,0.0,0.0,0.0,0.0,0.0,0.0,0.0,0.0,0.0
720575940609497611,GLUT,0.4723926380368098,0.17791411042944785,0.20245398773006135,0.06134969325153374,0.0,0.05521472392638037,0.0,0.0,0.0,0.03067484662576687,0.0,0.0,0.0,0.0,0.0,0.0,0.0,0.0,0.0,0.0,0.0,0.0,0.0,0.0,0.0,0.0,0.0,0.0,0.0,0.0
720575940609520393,GLUT,0.2986111111111111,0.18055555555555555,0.1111111111111111,0.125,0.034722222222222224,0.05555555555555555,0.0625,0.0,0.0,0.0,0.0,0.09027777777777778,0.041666666666666664,0.0,0.0,0.0,0.0,0.0,0.0,0.0,0.0,0.0,0.0,0.0,0.0,0.0,0.0,0.0,0.0,0.0
720575940609573641,ACH,0.2818181818181818,0.1590909090909091,0.10454545454545454,0.09090909090909091,0.11363636363636363,0.08181818181818182,0.07727272727272727,0.05454545454545454,0.03636363636363636,0.0,0.0,0.0,0.0,0.0,0.0,0.0,0.0,0.0,0.0,0.0,0.0,0.0,0.0,0.0,0.0,0.0,0.0,0.0,0.0,0.0
720575940609720843,ACH,0.3878787878787879,0.13333333333333333,0.14545454545454545,0.09090909090909091,0.06666666666666667,0.06666666666666667,0.07878787878787878,0.030303030303030304,0.0,0.0,0.0,0.0,0.0,0.0,0.0,0.0,0.0,0.0,0.0,0.0,0.0,0.0,0.0,0.0,0.0,0.0,0.0,0.0,0.0,0.0
720575940610022357,ACH,0.3194444444444444,0.12037037037037036,0.12037037037037036,0.023148148148148147,0.07407407407407407,0.06944444444444445,0.09259259259259259,0.037037037037037035,0.05555555555555555,0.023148148148148147,0.023148148148148147,0.0,0.041666666666666664,0.0,0.0,0.0,0.0,0.0,0.0,0.0,0.0,0.0,0.0,0.0,0.0,0.0,0.0,0.0,0.0,0.0
720575940610326723,ACH,0.046153846153846156,0.25384615384615383,0.2846153846153846,0.0,0.2,0.07692307692307693,0.0,0.13846153846153847,0.0,0.0,0.0,0.0,0.0,0.0,0.0,0.0,0.0,0.0,0.0,0.0,0.0,0.0,0.0,0.0,0.0,0.0,0.0,0.0,0.0,0.0
720575940610840782,ACH,0.2552083333333333,0.109375,0.19270833333333334,0.08333333333333333,0.09375,0.057291666666666664,0.0,0.052083333333333336,0.036458333333333336,0.0,0.0,0.078125,0.0,0.0,0.0,0.0,0.0,0.0,0.0,0.0,0.041666666666666664,0.0,0.0,0.0,0.0,0.0,0.0,0.0,0.0,0.0
720575940610880324,ACH,0.3072289156626506,0.0963855421686747,0.1566265060240964,0.07228915662650602,0.0963855421686747,0.09036144578313253,0.07228915662650602,0.03614457831325301,0.0,0.0,0.04216867469879518,0.0,0.0,0.0,0.030120481927710843,0.0,0.0,0.0,0.0,0.0,0.0,0.0,0.0,0.0,0.0,0.0,0.0,0.0,0.0,0.0
720575940610945092,GLUT,0.06134969325153374,0.27607361963190186,0.12883435582822086,0.1901840490797546,0.05521472392638037,0.11042944785276074,0.06134969325153374,0.0,0.049079754601226995,0.0,0.03067484662576687,0.0,0.0,0.0,0.0,0.0,0.03680981595092025,0.0,0.0,0.0,0.0,0.0,0.0,0.0,0.0,0.0,0.0,0.0,0.0,0.0
720575940611392558,ACH,0.0,0.25892857142857145,0.17857142857142858,0.19642857142857142,0.0,0.13392857142857142,0.0,0.05357142857142857,0.05357142857142857,0.0,0.125,0.0,0.0,0.0,0.0,0.0,0.0,0.0,0.0,0.0,0.0,0.0,0.0,0.0,0.0,0.0,0.0,0.0,0.0,0.0
720575940611473454,GLUT,0.40625,0.20833333333333334,0.15625,0.07291666666666667,0.0,0.0,0.09375,0.0,0.0625,0.0,0.0,0.0,0.0,0.0,0.0,0.0,0.0,0.0,0.0,0.0,0.0,0.0,0.0,0.0,0.0,0.0,0.0,0.0,0.0,0.0
720575940611588050,GLUT,0.3688212927756654,0.12547528517110265,0.11787072243346007,0.09885931558935361,0.0,0.07604562737642585,0.07224334600760456,0.04182509505703422,0.057034220532319393,0.0,0.0,0.04182509505703422,0.0,0.0,0.0,0.0,0.0,0.0,0.0,0.0,0.0,0.0,0.0,0.0,0.0,0.0,0.0,0.0,0.0,0.0
720575940611742818,ACH,0.32727272727272727,0.10454545454545454,0.10454545454545454,0.07727272727272727,0.17272727272727273,0.03636363636363636,0.05,0.04090909090909091,0.0,0.03636363636363636,0.05,0.0,0.0,0.0,0.0,0.0,0.0,0.0,0.0,0.0,0.0,0.0,0.0,0.0,0.0,0.0,0.0,0.0,0.0,0.0
720575940611758034,ACH,0.30364372469635625,0.13360323886639677,0.0728744939271255,0.11336032388663968,0.10931174089068826,0.06477732793522267,0.10526315789473684,0.02834008097165992,0.020242914979757085,0.020242914979757085,0.02834008097165992,0.0,0.0,0.0,0.0,0.0,0.0,0.0,0.0,0.0,0.0,0.0,0.0,0.0,0.0,0.0,0.0,0.0,0.0,0.0
720575940612179042,ACH,0.4052863436123348,0.11894273127753303,0.048458149779735685,0.039647577092511016,0.05726872246696035,0.05726872246696035,0.12334801762114538,0.0,0.05726872246696035,0.0,0.039647577092511016,0.0,0.030837004405286344,0.0,0.022026431718061675,0.0,0.0,0.0,0.0,0.0,0.0,0.0,0.0,0.0,0.0,0.0,0.0,0.0,0.0,0.0
720575940612445107,ACH,0.35436893203883496,0.06796116504854369,0.06796116504854369,0.09223300970873786,0.10679611650485436,0.038834951456310676,0.07281553398058252,0.0,0.0,0.11165048543689321,0.05339805825242718,0.0,0.0,0.0,0.0,0.0,0.0,0.0,0.0,0.0,0.0,0.0,0.0,0.0,0.0,0.03398058252427184,0.0,0.0,0.0,0.0
720575940612702577,GLUT,0.3016759776536313,0.09497206703910614,0.12849162011173185,0.1452513966480447,0.0,0.061452513966480445,0.0446927374301676,0.03910614525139665,0.0670391061452514,0.027932960893854747,0.0335195530726257,0.027932960893854747,0.027932960893854747,0.0,0.0,0.0,0.0,0.0,0.0,0.0,0.0,0.0,0.0,0.0,0.0,0.0,0.0,0.0,0.0,0.0
720575940612757722,ACH,0.24203821656050956,0.17197452229299362,0.1337579617834395,0.06369426751592357,0.0,0.08280254777070063,0.03184713375796178,0.06369426751592357,0.03821656050955414,0.07006369426751592,0.06369426751592357,0.03821656050955414,0.0,0.0,0.0,0.0,0.0,0.0,0.0,0.0,0.0,0.0,0.0,0.0,0.0,0.0,0.0,0.0,0.0,0.0
720575940612886677,ACH,0.0,0.12352941176470589,0.21764705882352942,0.11764705882352941,0.13529411764705881,0.11176470588235295,0.12941176470588237,0.06470588235294118,0.047058823529411764,0.0,0.052941176470588235,0.0,0.0,0.0,0.0,0.0,0.0,0.0,0.0,0.0,0.0,0.0,0.0,0.0,0.0,0.0,0.0,0.0,0.0,0.0
720575940612939506,GLUT,0.32456140350877194,0.18421052631578946,0.14035087719298245,0.05263157894736842,0.0,0.08771929824561403,0.11403508771929824,0.09649122807017543,0.0,0.0,0.0,0.0,0.0,0.0,0.0,0.0,0.0,0.0,0.0,0.0,0.0,0.0,0.0,0.0,0.0,0.0,0.0,0.0,0.0,0.0
720575940612982770,GLUT,0.30864197530864196,0.0,0.16049382716049382,0.08641975308641975,0.18106995884773663,0.04526748971193416,0.07407407407407407,0.024691358024691357,0.0,0.07407407407407407,0.024691358024691357,0.0,0.0205761316872428,0.0,0.0,0.0,0.0,0.0,0.0,0.0,0.0,0.0,0.0,0.0,0.0,0.0,0.0,0.0,0.0,0.0
720575940612983978,ACH,0.0,0.17518248175182483,0.20437956204379562,0.10218978102189781,0.08759124087591241,0.0948905109489051,0.13138686131386862,0.043795620437956206,0.0,0.11678832116788321,0.043795620437956206,0.0,0.0,0.0,0.0,0.0,0.0,0.0,0.0,0.0,0.0,0.0,0.0,0.0,0.0,0.0,0.0,0.0,0.0,0.0
720575940612992149,ACH,0.0,0.2857142857142857,0.18095238095238095,0.1619047619047619,0.047619047619047616,0.09523809523809523,0.0,0.06666666666666667,0.047619047619047616,0.11428571428571428,0.0,0.0,0.0,0.0,0.0,0.0,0.0,0.0,0.0,0.0,0.0,0.0,0.0,0.0,0.0,0.0,0.0,0.0,0.0,0.0
720575940613077221,ACH,0.2781065088757396,0.11242603550295859,0.11834319526627218,0.08284023668639054,0.0,0.08284023668639054,0.11242603550295859,0.04142011834319527,0.0,0.0,0.04142011834319527,0.07100591715976332,0.05917159763313609,0.0,0.0,0.0,0.0,0.0,0.0,0.0,0.0,0.0,0.0,0.0,0.0,0.0,0.0,0.0,0.0,0.0
720575940613191091,ACH,0.0,0.1893939393939394,0.19696969696969696,0.09848484848484848,0.09848484848484848,0.07575757575757576,0.09090909090909091,0.0,0.05303030303030303,0.09090909090909091,0.10606060606060606,0.0,0.0,0.0,0.0,0.0,0.0,0.0,0.0,0.0,0.0,0.0,0.0,0.0,0.0,0.0,0.0,0.0,0.0,0.0
720575940613192677,ACH,0.38636363636363635,0.11363636363636363,0.21363636363636362,0.1,0.0,0.05909090909090909,0.10454545454545454,0.022727272727272728,0.0,0.0,0.0,0.0,0.0,0.0,0.0,0.0,0.0,0.0,0.0,0.0,0.0,0.0,0.0,0.0,0.0,0.0,0.0,0.0,0.0,0.0
720575940613374691,ACH,0.29831932773109243,0.1092436974789916,0.14285714285714285,0.0546218487394958,0.18907563025210083,0.05042016806722689,0.037815126050420166,0.0546218487394958,0.025210084033613446,0.0,0.0,0.0,0.037815126050420166,0.0,0.0,0.0,0.0,0.0,0.0,0.0,0.0,0.0,0.0,0.0,0.0,0.0,0.0,0.0,0.0,0.0
720575940613430245,GLUT,0.336734693877551,0.07142857142857142,0.1836734693877551,0.05102040816326531,0.0,0.16326530612244897,0.0,0.1326530612244898,0.0,0.0,0.0,0.0,0.061224489795918366,0.0,0.0,0.0,0.0,0.0,0.0,0.0,0.0,0.0,0.0,0.0,0.0,0.0,0.0,0.0,0.0,0.0
720575940613431062,ACH,0.3987730061349693,0.06748466257668712,0.09815950920245399,0.0,0.15950920245398773,0.09202453987730061,0.12269938650306748,0.03067484662576687,0.0,0.0,0.03067484662576687,0.0,0.0,0.0,0.0,0.0,0.0,0.0,0.0,0.0,0.0,0.0,0.0,0.0,0.0,0.0,0.0,0.0,0.0,0.0
720575940613449369,GABA,0.08791208791208792,0.13186813186813187,0.16483516483516483,0.21978021978021978,0.0,0.14285714285714285,0.10989010989010989,0.08791208791208792,0.054945054945054944,0.0,0.0,0.0,0.0,0.0,0.0,0.0,0.0,0.0,0.0,0.0,0.0,0.0,0.0,0.0,0.0,0.0,0.0,0.0,0.0,0.0
720575940613491941,ACH,0.31958762886597936,0.13402061855670103,0.0979381443298969,0.09278350515463918,0.061855670103092786,0.06701030927835051,0.02577319587628866,0.05670103092783505,0.030927835051546393,0.0,0.0,0.08762886597938144,0.0,0.0,0.02577319587628866,0.0,0.0,0.0,0.0,0.0,0.0,0.0,0.0,0.0,0.0,0.0,0.0,0.0,0.0,0.0
720575940613614250,ACH,0.2145748987854251,0.1700404858299595,0.17408906882591094,0.05263157894736842,0.145748987854251,0.04048582995951417,0.044534412955465584,0.020242914979757085,0.0,0.09716599190283401,0.0,0.0,0.04048582995951417,0.0,0.0,0.0,0.0,0.0,0.0,0.0,0.0,0.0,0.0,0.0,0.0,0.0,0.0,0.0,0.0,0.0
720575940613704726,ACH,0.3,0.14,0.115,0.065,0.055,0.065,0.125,0.03,0.035,0.0,0.07,0.0,0.0,0.0,0.0,0.0,0.0,0.0,0.0,0.0,0.0,0.0,0.0,0.0,0.0,0.0,0.0,0.0,0.0,0.0
720575940613710194,GLUT,0.0,0.21839080459770116,0.20689655172413793,0.20689655172413793,0.09195402298850575,0.08045977011494253,0.0,0.10344827586206896,0.09195402298850575,0.0,0.0,0.0,0.0,0.0,0.0,0.0,0.0,0.0,0.0,0.0,0.0,0.0,0.0,0.0,0.0,0.0,0.0,0.0,0.0,0.0
720575940613775331,ACH,0.27411167512690354,0.19796954314720813,0.17766497461928935,0.06091370558375635,0.10152284263959391,0.04060913705583756,0.04060913705583756,0.050761421319796954,0.0,0.0,0.0,0.0,0.0,0.0,0.0,0.0,0.0,0.0,0.0,0.0,0.0,0.0,0.0,0.0,0.0,0.05583756345177665,0.0,0.0,0.0,0.0
720575940613867235,ACH,0.23958333333333334,0.109375,0.11979166666666667,0.09375,0.22395833333333334,0.046875,0.0,0.06770833333333333,0.036458333333333336,0.03125,0.03125,0.0,0.0,0.0,0.0,0.0,0.0,0.0,0.0,0.0,0.0,0.0,0.0,0.0,0.0,0.0,0.0,0.0,0.0,0.0
720575940613887858,GABA,0.3424657534246575,0.1643835616438356,0.0,0.136986301369863,0.0,0.0821917808219178,0.0547945205479452,0.0547945205479452,0.0,0.0,0.0410958904109589,0.0684931506849315,0.0547945205479452,0.0,0.0,0.0,0.0,0.0,0.0,0.0,0.0,0.0,0.0,0.0,0.0,0.0,0.0,0.0,0.0,0.0
720575940614153955,GLUT,0.0,0.1625615763546798,0.1330049261083744,0.12315270935960591,0.12315270935960591,0.09359605911330049,0.08866995073891626,0.04926108374384237,0.059113300492610835,0.0,0.024630541871921183,0.09852216748768473,0.0,0.0,0.0,0.0,0.0,0.0,0.0,0.0,0.04433497536945813,0.0,0.0,0.0,0.0,0.0,0.0,0.0,0.0,0.0
720575940614156072,ACH,0.2530612244897959,0.11836734693877551,0.15918367346938775,0.08979591836734693,0.20816326530612245,0.06938775510204082,0.0326530612244898,0.02857142857142857,0.0,0.04081632653061224,0.0,0.0,0.0,0.0,0.0,0.0,0.0,0.0,0.0,0.0,0.0,0.0,0.0,0.0,0.0,0.0,0.0,0.0,0.0,0.0
720575940614165219,ACH,0.33840304182509506,0.13307984790874525,0.057034220532319393,0.11406844106463879,0.034220532319391636,0.07224334600760456,0.08745247148288973,0.019011406844106463,0.030418250950570342,0.034220532319391636,0.03802281368821293,0.022813688212927757,0.0,0.0,0.0,0.0,0.019011406844106463,0.0,0.0,0.0,0.0,0.0,0.0,0.0,0.0,0.0,0.0,0.0,0.0,0.0
720575940614171875,GABA,0.0,0.30666666666666664,0.14666666666666667,0.10666666666666667,0.0,0.08,0.08,0.12,0.09333333333333334,0.0,0.0,0.06666666666666667,0.0,0.0,0.0,0.0,0.0,0.0,0.0,0.0,0.0,0.0,0.0,0.0,0.0,0.0,0.0,0.0,0.0,0.0
720575940614727720,GLUT,0.36363636363636365,0.16042780748663102,0.09090909090909091,0.053475935828877004,0.13903743315508021,0.03208556149732621,0.0,0.0,0.0,0.12299465240641712,0.0374331550802139,0.0,0.0,0.0,0.0,0.0,0.0,0.0,0.0,0.0,0.0,0.0,0.0,0.0,0.0,0.0,0.0,0.0,0.0,0.0
720575940614838323,ACH,0.3150684931506849,0.1095890410958904,0.1780821917808219,0.0867579908675799,0.0273972602739726,0.091324200913242,0.0821917808219178,0.0410958904109589,0.0228310502283105,0.0228310502283105,0.0,0.0,0.0228310502283105,0.0,0.0,0.0,0.0,0.0,0.0,0.0,0.0,0.0,0.0,0.0,0.0,0.0,0.0,0.0,0.0,0.0
720575940614850479,GABA,0.31176470588235294,0.1411764705882353,0.11764705882352941,0.13529411764705881,0.03529411764705882,0.052941176470588235,0.11176470588235295,0.029411764705882353,0.03529411764705882,0.0,0.029411764705882353,0.0,0.0,0.0,0.0,0.0,0.0,0.0,0.0,0.0,0.0,0.0,0.0,0.0,0.0,0.0,0.0,0.0,0.0,0.0
720575940614921391,ACH,0.20833333333333334,0.16203703703703703,0.09259259259259259,0.06481481481481481,0.18981481481481483,0.046296296296296294,0.05092592592592592,0.041666666666666664,0.05092592592592592,0.06481481481481481,0.027777777777777776,0.0,0.0,0.0,0.0,0.0,0.0,0.0,0.0,0.0,0.0,0.0,0.0,0.0,0.0,0.0,0.0,0.0,0.0,0.0
720575940614929361,GLUT,0.43548387096774194,0.1774193548387097,0.0,0.12903225806451613,0.0,0.0,0.16129032258064516,0.0967741935483871,0.0,0.0,0.0,0.0,0.0,0.0,0.0,0.0,0.0,0.0,0.0,0.0,0.0,0.0,0.0,0.0,0.0,0.0,0.0,0.0,0.0,0.0
720575940614937666,ACH,0.3067484662576687,0.0,0.2392638036809816,0.0,0.1411042944785276,0.07975460122699386,0.10429447852760736,0.06134969325153374,0.03680981595092025,0.0,0.0,0.0,0.0,0.0,0.0,0.0,0.0,0.0,0.0,0.0,0.03067484662576687,0.0,0.0,0.0,0.0,0.0,0.0,0.0,0.0,0.0
720575940615052946,GABA,0.275,0.18125,0.13125,0.1,0.0,0.09375,0.075,0.06875,0.03125,0.0,0.0,0.0,0.0,0.0,0.0,0.0,0.04375,0.0,0.0,0.0,0.0,0.0,0.0,0.0,0.0,0.0,0.0,0.0,0.0,0.0
720575940615130110,ACH,0.0,0.15428571428571428,0.29714285714285715,0.09714285714285714,0.18857142857142858,0.10285714285714286,0.0,0.05142857142857143,0.0,0.045714285714285714,0.0,0.0,0.02857142857142857,0.0,0.0,0.0,0.0,0.0,0.0,0.0,0.0,0.0,0.0,0.0,0.0,0.0,0.0,0.0,0.0,0.03428571428571429
720575940615130274,ACH,0.26666666666666666,0.12444444444444444,0.1288888888888889,0.07111111111111111,0.09777777777777778,0.05333333333333334,0.07555555555555556,0.05333333333333334,0.02666666666666667,0.0,0.04888888888888889,0.05333333333333334,0.0,0.0,0.0,0.0,0.0,0.0,0.0,0.0,0.0,0.0,0.0,0.0,0.0,0.0,0.0,0.0,0.0,0.0
720575940615146547,ACH,0.0,0.2158273381294964,0.26618705035971224,0.1366906474820144,0.22302158273381295,0.050359712230215826,0.06474820143884892,0.04316546762589928,0.0,0.0,0.0,0.0,0.0,0.0,0.0,0.0,0.0,0.0,0.0,0.0,0.0,0.0,0.0,0.0,0.0,0.0,0.0,0.0,0.0,0.0
720575940615199143,GLUT,0.38461538461538464,0.13736263736263737,0.16483516483516483,0.0,0.0,0.06593406593406594,0.07692307692307693,0.027472527472527472,0.06043956043956044,0.0,0.03296703296703297,0.0,0.04945054945054945,0.0,0.0,0.0,0.0,0.0,0.0,0.0,0.0,0.0,0.0,0.0,0.0,0.0,0.0,0.0,0.0,0.0
720575940615280551,ACH,0.30434782608695654,0.11857707509881422,0.11067193675889328,0.08695652173913043,0.019762845849802372,0.07509881422924901,0.11067193675889328,0.039525691699604744,0.0,0.0,0.023715415019762844,0.0,0.03162055335968379,0.0,0.02766798418972332,0.0,0.05138339920948617,0.0,0.0,0.0,0.0,0.0,0.0,0.0,0.0,0.0,0.0,0.0,0.0,0.0
720575940615468987,GLUT,0.4423076923076923,0.08653846153846154,0.25961538461538464,0.0,0.0,0.14423076923076922,0.0,0.0673076923076923,0.0,0.0,0.0,0.0,0.0,0.0,0.0,0.0,0.0,0.0,0.0,0.0,0.0,0.0,0.0,0.0,0.0,0.0,0.0,0.0,0.0,0.0
720575940615592354,ACH,0.37280701754385964,0.12719298245614036,0.10964912280701754,0.07017543859649122,0.043859649122807015,0.07894736842105263,0.05263157894736842,0.039473684210526314,0.0,0.0,0.02631578947368421,0.07894736842105263,0.0,0.0,0.0,0.0,0.0,0.0,0.0,0.0,0.0,0.0,0.0,0.0,0.0,0.0,0.0,0.0,0.0,0.0
720575940615659682,ACH,0.27510917030567683,0.1222707423580786,0.14410480349344978,0.08296943231441048,0.10480349344978165,0.056768558951965066,0.06986899563318777,0.026200873362445413,0.039301310043668124,0.0,0.03056768558951965,0.026200873362445413,0.0,0.0,0.021834061135371178,0.0,0.0,0.0,0.0,0.0,0.0,0.0,0.0,0.0,0.0,0.0,0.0,0.0,0.0,0.0
720575940615663522,ACH,0.390625,0.140625,0.125,0.07291666666666667,0.0,0.0625,0.10416666666666667,0.03125,0.0,0.0,0.026041666666666668,0.046875,0.0,0.0,0.0,0.0,0.0,0.0,0.0,0.0,0.0,0.0,0.0,0.0,0.0,0.0,0.0,0.0,0.0,0.0
720575940615969898,GLUT,0.24858757062146894,0.15254237288135594,0.14124293785310735,0.1016949152542373,0.07909604519774012,0.062146892655367235,0.02824858757062147,0.06779661016949153,0.0,0.06779661016949153,0.0,0.0,0.05084745762711865,0.0,0.0,0.0,0.0,0.0,0.0,0.0,0.0,0.0,0.0,0.0,0.0,0.0,0.0,0.0,0.0,0.0
720575940616112543,ACH,0.32644628099173556,0.1322314049586777,0.10330578512396695,0.08264462809917356,0.10330578512396695,0.07851239669421488,0.028925619834710745,0.049586776859504134,0.0,0.0,0.024793388429752067,0.0371900826446281,0.03305785123966942,0.0,0.0,0.0,0.0,0.0,0.0,0.0,0.0,0.0,0.0,0.0,0.0,0.0,0.0,0.0,0.0,0.0
720575940616325343,GLUT,0.3216374269005848,0.11695906432748537,0.11695906432748537,0.11695906432748537,0.029239766081871343,0.08187134502923976,0.05847953216374269,0.05263157894736842,0.10526315789473684,0.0,0.0,0.0,0.0,0.0,0.0,0.0,0.0,0.0,0.0,0.0,0.0,0.0,0.0,0.0,0.0,0.0,0.0,0.0,0.0,0.0
720575940616331487,ACH,0.30198019801980197,0.10396039603960396,0.09405940594059406,0.07425742574257425,0.0891089108910891,0.0891089108910891,0.09900990099009901,0.0,0.0,0.034653465346534656,0.039603960396039604,0.04950495049504951,0.024752475247524754,0.0,0.0,0.0,0.0,0.0,0.0,0.0,0.0,0.0,0.0,0.0,0.0,0.0,0.0,0.0,0.0,0.0
720575940616494658,ACH,0.057692307692307696,0.125,0.23076923076923078,0.08653846153846154,0.23076923076923078,0.052884615384615384,0.08173076923076923,0.04326923076923077,0.0,0.0625,0.028846153846153848,0.0,0.0,0.0,0.0,0.0,0.0,0.0,0.0,0.0,0.0,0.0,0.0,0.0,0.0,0.0,0.0,0.0,0.0,0.0
720575940616522818,ACH,0.06666666666666667,0.10833333333333334,0.2833333333333333,0.05,0.09166666666666666,0.125,0.041666666666666664,0.06666666666666667,0.0,0.125,0.0,0.0,0.0,0.0,0.0,0.0,0.0,0.0,0.0,0.0,0.0,0.0,0.0,0.041666666666666664,0.0,0.0,0.0,0.0,0.0,0.0
720575940616534850,ACH,0.0,0.22580645161290322,0.3548387096774194,0.0,0.0,0.0,0.0,0.0,0.0,0.0,0.0,0.0,0.25806451612903225,0.0,0.16129032258064516,0.0,0.0,0.0,0.0,0.0,0.0,0.0,0.0,0.0,0.0,0.0,0.0,0.0,0.0,0.0
720575940616689202,ACH,0.27385892116182575,0.14522821576763487,0.12448132780082988,0.05394190871369295,0.11618257261410789,0.07883817427385892,0.08298755186721991,0.04979253112033195,0.024896265560165973,0.0,0.024896265560165973,0.024896265560165973,0.0,0.0,0.0,0.0,0.0,0.0,0.0,0.0,0.0,0.0,0.0,0.0,0.0,0.0,0.0,0.0,0.0,0.0
720575940616858636,GLUT,0.33516483516483514,0.10989010989010989,0.08791208791208792,0.08241758241758242,0.15384615384615385,0.06593406593406594,0.07692307692307693,0.0,0.038461538461538464,0.0,0.04945054945054945,0.0,0.0,0.0,0.0,0.0,0.0,0.0,0.0,0.0,0.0,0.0,0.0,0.0,0.0,0.0,0.0,0.0,0.0,0.0
720575940617005836,ACH,0.0,0.0,0.0,0.0,0.0,0.5263157894736842,0.0,0.47368421052631576,0.0,0.0,0.0,0.0,0.0,0.0,0.0,0.0,0.0,0.0,0.0,0.0,0.0,0.0,0.0,0.0,0.0,0.0,0.0,0.0,0.0,0.0
720575940617043468,ACH,0.35906040268456374,0.15436241610738255,0.09060402684563758,0.0738255033557047,0.0,0.040268456375838924,0.08389261744966443,0.040268456375838924,0.053691275167785234,0.0,0.040268456375838924,0.06375838926174497,0.0,0.0,0.0,0.0,0.0,0.0,0.0,0.0,0.0,0.0,0.0,0.0,0.0,0.0,0.0,0.0,0.0,0.0
720575940617053115,ACH,0.30131004366812225,0.15283842794759825,0.1615720524017467,0.07423580786026202,0.07860262008733625,0.048034934497816595,0.056768558951965066,0.034934497816593885,0.0,0.0611353711790393,0.0,0.0,0.03056768558951965,0.0,0.0,0.0,0.0,0.0,0.0,0.0,0.0,0.0,0.0,0.0,0.0,0.0,0.0,0.0,0.0,0.0
720575940617269947,ACH,0.375,0.19021739130434784,0.1358695652173913,0.05434782608695652,0.0,0.05434782608695652,0.059782608695652176,0.043478260869565216,0.0,0.0,0.05434782608695652,0.0,0.03260869565217391,0.0,0.0,0.0,0.0,0.0,0.0,0.0,0.0,0.0,0.0,0.0,0.0,0.0,0.0,0.0,0.0,0.0
720575940617734203,ACH,0.0,0.1919191919191919,0.3434343434343434,0.0,0.0,0.13131313131313133,0.0,0.0,0.10101010101010101,0.0,0.0,0.08080808080808081,0.06060606060606061,0.0,0.0,0.0,0.0,0.0,0.0,0.0,0.09090909090909091,0.0,0.0,0.0,0.0,0.0,0.0,0.0,0.0,0.0
720575940617795723,ACH,0.3407821229050279,0.15083798882681565,0.0670391061452514,0.0446927374301676,0.12849162011173185,0.0893854748603352,0.055865921787709494,0.061452513966480445,0.0335195530726257,0.0,0.027932960893854747,0.0,0.0,0.0,0.0,0.0,0.0,0.0,0.0,0.0,0.0,0.0,0.0,0.0,0.0,0.0,0.0,0.0,0.0,0.0
720575940617999931,ACH,0.46551724137931033,0.12931034482758622,0.10344827586206896,0.0,0.0,0.06896551724137931,0.08620689655172414,0.04310344827586207,0.04310344827586207,0.0603448275862069,0.0,0.0,0.0,0.0,0.0,0.0,0.0,0.0,0.0,0.0,0.0,0.0,0.0,0.0,0.0,0.0,0.0,0.0,0.0,0.0
720575940618099385,ACH,0.384180790960452,0.0847457627118644,0.07909604519774012,0.0,0.1864406779661017,0.05649717514124294,0.0,0.07344632768361582,0.0,0.07344632768361582,0.03389830508474576,0.0,0.02824858757062147,0.0,0.0,0.0,0.0,0.0,0.0,0.0,0.0,0.0,0.0,0.0,0.0,0.0,0.0,0.0,0.0,0.0
720575940618193881,GLUT,0.0,0.15853658536585366,0.17073170731707318,0.08536585365853659,0.09146341463414634,0.10365853658536585,0.15853658536585366,0.04878048780487805,0.04878048780487805,0.0,0.0,0.0975609756097561,0.036585365853658534,0.0,0.0,0.0,0.0,0.0,0.0,0.0,0.0,0.0,0.0,0.0,0.0,0.0,0.0,0.0,0.0,0.0
720575940618197433,GLUT,0.42857142857142855,0.04926108374384237,0.18719211822660098,0.10837438423645321,0.1477832512315271,0.0,0.0,0.029556650246305417,0.0,0.0,0.024630541871921183,0.0,0.024630541871921183,0.0,0.0,0.0,0.0,0.0,0.0,0.0,0.0,0.0,0.0,0.0,0.0,0.0,0.0,0.0,0.0,0.0
720575940618228441,ACH,0.3523809523809524,0.15714285714285714,0.1380952380952381,0.06190476190476191,0.12857142857142856,0.02857142857142857,0.023809523809523808,0.0,0.0,0.0761904761904762,0.03333333333333333,0.0,0.0,0.0,0.0,0.0,0.0,0.0,0.0,0.0,0.0,0.0,0.0,0.0,0.0,0.0,0.0,0.0,0.0,0.0
720575940618247897,GLUT,0.04310344827586207,0.1896551724137931,0.0,0.10344827586206896,0.1810344827586207,0.08620689655172414,0.0,0.08620689655172414,0.0,0.1724137931034483,0.0,0.0,0.0,0.0,0.0,0.0603448275862069,0.0,0.07758620689655173,0.0,0.0,0.0,0.0,0.0,0.0,0.0,0.0,0.0,0.0,0.0,0.0
720575940618254297,ACH,0.32679738562091504,0.12418300653594772,0.1895424836601307,0.0784313725490196,0.0718954248366013,0.09803921568627451,0.0718954248366013,0.0392156862745098,0.0,0.0,0.0,0.0,0.0,0.0,0.0,0.0,0.0,0.0,0.0,0.0,0.0,0.0,0.0,0.0,0.0,0.0,0.0,0.0,0.0,0.0
720575940618292697,GLUT,0.4235294117647059,0.16470588235294117,0.14705882352941177,0.08823529411764706,0.052941176470588235,0.0,0.0,0.029411764705882353,0.0,0.029411764705882353,0.03529411764705882,0.0,0.0,0.0,0.029411764705882353,0.0,0.0,0.0,0.0,0.0,0.0,0.0,0.0,0.0,0.0,0.0,0.0,0.0,0.0,0.0
720575940618347220,ACH,0.25903614457831325,0.14457831325301204,0.1746987951807229,0.08433734939759036,0.03614457831325301,0.030120481927710843,0.0,0.0963855421686747,0.04819277108433735,0.0,0.060240963855421686,0.03614457831325301,0.030120481927710843,0.0,0.0,0.0,0.0,0.0,0.0,0.0,0.0,0.0,0.0,0.0,0.0,0.0,0.0,0.0,0.0,0.0
720575940618356409,ACH,0.26785714285714285,0.14732142857142858,0.07142857142857142,0.10714285714285714,0.04017857142857143,0.05357142857142857,0.125,0.044642857142857144,0.06696428571428571,0.0,0.022321428571428572,0.0,0.0,0.0,0.0,0.0,0.05357142857142857,0.0,0.0,0.0,0.0,0.0,0.0,0.0,0.0,0.0,0.0,0.0,0.0,0.0
720575940618433826,GLUT,0.30414746543778803,0.16589861751152074,0.055299539170506916,0.08294930875576037,0.0,0.08755760368663594,0.041474654377880185,0.08294930875576037,0.03225806451612903,0.03225806451612903,0.0,0.06912442396313365,0.02304147465437788,0.0,0.0,0.0,0.0,0.0,0.0,0.0,0.0,0.0,0.0,0.0,0.0,0.0,0.0,0.0,0.0,0.02304147465437788
720575940618455074,GLUT,0.3852813852813853,0.11688311688311688,0.1471861471861472,0.06926406926406926,0.07792207792207792,0.09090909090909091,0.030303030303030304,0.03463203463203463,0.0,0.0,0.0,0.0,0.025974025974025976,0.0,0.0,0.021645021645021644,0.0,0.0,0.0,0.0,0.0,0.0,0.0,0.0,0.0,0.0,0.0,0.0,0.0,0.0
720575940618485945,ACH,0.2924187725631769,0.11552346570397112,0.1371841155234657,0.061371841155234655,0.11913357400722022,0.06498194945848375,0.04332129963898917,0.04332129963898917,0.039711191335740074,0.0,0.0,0.08303249097472924,0.0,0.0,0.0,0.0,0.0,0.0,0.0,0.0,0.0,0.0,0.0,0.0,0.0,0.0,0.0,0.0,0.0,0.0
720575940618508006,ACH,0.30177514792899407,0.13609467455621302,0.1301775147928994,0.07692307692307693,0.0650887573964497,0.07692307692307693,0.0650887573964497,0.05917159763313609,0.029585798816568046,0.0,0.0,0.05917159763313609,0.0,0.0,0.0,0.0,0.0,0.0,0.0,0.0,0.0,0.0,0.0,0.0,0.0,0.0,0.0,0.0,0.0,0.0
720575940618532865,ACH,0.2591093117408907,0.1214574898785425,0.14979757085020243,0.08502024291497975,0.2145748987854251,0.044534412955465584,0.06072874493927125,0.044534412955465584,0.0,0.020242914979757085,0.0,0.0,0.0,0.0,0.0,0.0,0.0,0.0,0.0,0.0,0.0,0.0,0.0,0.0,0.0,0.0,0.0,0.0,0.0,0.0
720575940618574493,ACH,0.32338308457711445,0.0945273631840796,0.21393034825870647,0.03980099502487562,0.0,0.06467661691542288,0.0845771144278607,0.029850746268656716,0.024875621890547265,0.024875621890547265,0.029850746268656716,0.06965174129353234,0.0,0.0,0.0,0.0,0.0,0.0,0.0,0.0,0.0,0.0,0.0,0.0,0.0,0.0,0.0,0.0,0.0,0.0
720575940618602274,ACH,0.20958083832335328,0.11377245508982035,0.16766467065868262,0.059880239520958084,0.04790419161676647,0.08383233532934131,0.11976047904191617,0.04790419161676647,0.029940119760479042,0.029940119760479042,0.059880239520958084,0.0,0.029940119760479042,0.0,0.0,0.0,0.0,0.0,0.0,0.0,0.0,0.0,0.0,0.0,0.0,0.0,0.0,0.0,0.0,0.0
720575940618644381,GLUT,0.34065934065934067,0.1043956043956044,0.10989010989010989,0.08791208791208792,0.08241758241758242,0.08241758241758242,0.07692307692307693,0.03296703296703297,0.04945054945054945,0.03296703296703297,0.0,0.0,0.0,0.0,0.0,0.0,0.0,0.0,0.0,0.0,0.0,0.0,0.0,0.0,0.0,0.0,0.0,0.0,0.0,0.0
720575940618657819,ACH,0.045454545454545456,0.21212121212121213,0.20454545454545456,0.09090909090909091,0.045454545454545456,0.12121212121212122,0.11363636363636363,0.0,0.06060606060606061,0.05303030303030303,0.0,0.0,0.0,0.0,0.0,0.0,0.0,0.0,0.0,0.0,0.05303030303030303,0.0,0.0,0.0,0.0,0.0,0.0,0.0,0.0,0.0
720575940618679069,ACH,0.24596774193548387,0.11693548387096774,0.14112903225806453,0.06048387096774194,0.11290322580645161,0.07258064516129033,0.09274193548387097,0.028225806451612902,0.04032258064516129,0.0,0.0,0.06854838709677419,0.0,0.0,0.0,0.0,0.0,0.0,0.0,0.0,0.0,0.0,0.0,0.020161290322580645,0.0,0.0,0.0,0.0,0.0,0.0
720575940618769665,ACH,0.3475177304964539,0.16312056737588654,0.16312056737588654,0.0851063829787234,0.0,0.07801418439716312,0.03546099290780142,0.04964539007092199,0.03546099290780142,0.0,0.0425531914893617,0.0,0.0,0.0,0.0,0.0,0.0,0.0,0.0,0.0,0.0,0.0,0.0,0.0,0.0,0.0,0.0,0.0,0.0,0.0
720575940618871197,ACH,0.3681592039800995,0.06467661691542288,0.13930348258706468,0.06467661691542288,0.0945273631840796,0.04975124378109453,0.10945273631840796,0.04477611940298507,0.029850746268656716,0.0,0.03482587064676617,0.0,0.0,0.0,0.0,0.0,0.0,0.0,0.0,0.0,0.0,0.0,0.0,0.0,0.0,0.0,0.0,0.0,0.0,0.0
720575940618875549,GLUT,0.3978494623655914,0.13978494623655913,0.0913978494623656,0.06989247311827956,0.10215053763440861,0.053763440860215055,0.08064516129032258,0.0,0.0,0.0,0.06451612903225806,0.0,0.0,0.0,0.0,0.0,0.0,0.0,0.0,0.0,0.0,0.0,0.0,0.0,0.0,0.0,0.0,0.0,0.0,0.0
720575940618883924,GLUT,0.2863636363636364,0.12727272727272726,0.1409090909090909,0.03636363636363636,0.17272727272727273,0.05454545454545454,0.031818181818181815,0.031818181818181815,0.0,0.11818181818181818,0.0,0.0,0.0,0.0,0.0,0.0,0.0,0.0,0.0,0.0,0.0,0.0,0.0,0.0,0.0,0.0,0.0,0.0,0.0,0.0
720575940618958337,GLUT,0.027472527472527472,0.19230769230769232,0.13736263736263737,0.13186813186813187,0.0,0.10989010989010989,0.10989010989010989,0.054945054945054944,0.04395604395604396,0.0,0.054945054945054944,0.08791208791208792,0.04945054945054945,0.0,0.0,0.0,0.0,0.0,0.0,0.0,0.0,0.0,0.0,0.0,0.0,0.0,0.0,0.0,0.0,0.0
720575940619072001,GLUT,0.48314606741573035,0.11235955056179775,0.056179775280898875,0.1348314606741573,0.0,0.06741573033707865,0.06741573033707865,0.0,0.0,0.0,0.07865168539325842,0.0,0.0,0.0,0.0,0.0,0.0,0.0,0.0,0.0,0.0,0.0,0.0,0.0,0.0,0.0,0.0,0.0,0.0,0.0
720575940619161669,GLUT,0.2796610169491525,0.1271186440677966,0.16101694915254236,0.09322033898305085,0.1016949152542373,0.06779661016949153,0.059322033898305086,0.046610169491525424,0.0,0.025423728813559324,0.038135593220338986,0.0,0.0,0.0,0.0,0.0,0.0,0.0,0.0,0.0,0.0,0.0,0.0,0.0,0.0,0.0,0.0,0.0,0.0,0.0
720575940619216709,ACH,0.0,0.15178571428571427,0.19642857142857142,0.16964285714285715,0.08035714285714286,0.07142857142857142,0.0,0.15178571428571427,0.05357142857142857,0.05357142857142857,0.07142857142857142,0.0,0.0,0.0,0.0,0.0,0.0,0.0,0.0,0.0,0.0,0.0,0.0,0.0,0.0,0.0,0.0,0.0,0.0,0.0
720575940619266880,ACH,0.37857142857142856,0.19285714285714287,0.11428571428571428,0.08571428571428572,0.0,0.05,0.07142857142857142,0.0,0.0,0.0,0.06428571428571428,0.0,0.04285714285714286,0.0,0.0,0.0,0.0,0.0,0.0,0.0,0.0,0.0,0.0,0.0,0.0,0.0,0.0,0.0,0.0,0.0
720575940619299397,ACH,0.25333333333333335,0.0,0.0,0.21333333333333335,0.0,0.2,0.0,0.0,0.21333333333333335,0.12,0.0,0.0,0.0,0.0,0.0,0.0,0.0,0.0,0.0,0.0,0.0,0.0,0.0,0.0,0.0,0.0,0.0,0.0,0.0,0.0
720575940619466816,ACH,0.0,0.10204081632653061,0.20408163265306123,0.0,0.19387755102040816,0.10204081632653061,0.1326530612244898,0.09183673469387756,0.061224489795918366,0.0,0.0,0.11224489795918367,0.0,0.0,0.0,0.0,0.0,0.0,0.0,0.0,0.0,0.0,0.0,0.0,0.0,0.0,0.0,0.0,0.0,0.0
720575940619775355,GLUT,0.33807829181494664,0.1103202846975089,0.09608540925266904,0.05693950177935943,0.19217081850533807,0.05338078291814947,0.017793594306049824,0.021352313167259787,0.0,0.060498220640569395,0.0,0.0,0.017793594306049824,0.0,0.0,0.017793594306049824,0.0,0.0,0.0,0.0,0.0,0.0,0.0,0.0,0.0,0.017793594306049824,0.0,0.0,0.0,0.0
720575940619853878,ACH,0.32571428571428573,0.15428571428571428,0.17714285714285713,0.03428571428571429,0.03428571428571429,0.08,0.12571428571428572,0.03428571428571429,0.03428571428571429,0.0,0.0,0.0,0.0,0.0,0.0,0.0,0.0,0.0,0.0,0.0,0.0,0.0,0.0,0.0,0.0,0.0,0.0,0.0,0.0,0.0
720575940619875195,ACH,0.3183856502242152,0.13004484304932734,0.10762331838565023,0.08520179372197309,0.08520179372197309,0.07623318385650224,0.06726457399103139,0.05829596412556054,0.04484304932735426,0.0,0.0,0.0,0.0,0.0,0.0,0.0,0.026905829596412557,0.0,0.0,0.0,0.0,0.0,0.0,0.0,0.0,0.0,0.0,0.0,0.0,0.0
720575940619904379,GLUT,0.32903225806451614,0.2129032258064516,0.1032258064516129,0.09032258064516129,0.03870967741935484,0.10967741935483871,0.07096774193548387,0.0,0.04516129032258064,0.0,0.0,0.0,0.0,0.0,0.0,0.0,0.0,0.0,0.0,0.0,0.0,0.0,0.0,0.0,0.0,0.0,0.0,0.0,0.0,0.0
720575940620089211,ACH,0.3967391304347826,0.0,0.2608695652173913,0.07608695652173914,0.03260869565217391,0.0,0.09782608695652174,0.0,0.0,0.0,0.02717391304347826,0.0,0.03804347826086957,0.0,0.07065217391304347,0.0,0.0,0.0,0.0,0.0,0.0,0.0,0.0,0.0,0.0,0.0,0.0,0.0,0.0,0.0
720575940620493361,ACH,0.15037593984962405,0.17293233082706766,0.21804511278195488,0.05263157894736842,0.2631578947368421,0.06766917293233082,0.0,0.0,0.0,0.07518796992481203,0.0,0.0,0.0,0.0,0.0,0.0,0.0,0.0,0.0,0.0,0.0,0.0,0.0,0.0,0.0,0.0,0.0,0.0,0.0,0.0
720575940620575281,ACH,0.26199261992619927,0.14022140221402213,0.14022140221402213,0.07749077490774908,0.17343173431734318,0.06642066420664207,0.0,0.01845018450184502,0.0,0.08856088560885608,0.0,0.0,0.0,0.0,0.0,0.033210332103321034,0.0,0.0,0.0,0.0,0.0,0.0,0.0,0.0,0.0,0.0,0.0,0.0,0.0,0.0
720575940620592587,ACH,0.35365853658536583,0.18902439024390244,0.11585365853658537,0.10975609756097561,0.04878048780487805,0.054878048780487805,0.054878048780487805,0.036585365853658534,0.0,0.036585365853658534,0.0,0.0,0.0,0.0,0.0,0.0,0.0,0.0,0.0,0.0,0.0,0.0,0.0,0.0,0.0,0.0,0.0,0.0,0.0,0.0
720575940620627109,GABA,0.0,0.18518518518518517,0.07407407407407407,0.08333333333333333,0.10185185185185185,0.1111111111111111,0.17592592592592593,0.06481481481481481,0.05555555555555555,0.0,0.0,0.0,0.07407407407407407,0.0,0.0,0.0,0.0,0.0,0.0,0.0,0.0,0.0,0.07407407407407407,0.0,0.0,0.0,0.0,0.0,0.0,0.0
720575940620673739,ACH,0.38190954773869346,0.12562814070351758,0.11055276381909548,0.02512562814070352,0.1658291457286432,0.04020100502512563,0.035175879396984924,0.0,0.0,0.08542713567839195,0.03015075376884422,0.0,0.0,0.0,0.0,0.0,0.0,0.0,0.0,0.0,0.0,0.0,0.0,0.0,0.0,0.0,0.0,0.0,0.0,0.0
720575940620718727,ACH,0.30601092896174864,0.11475409836065574,0.13114754098360656,0.06557377049180328,0.0,0.09289617486338798,0.06557377049180328,0.0,0.06557377049180328,0.0273224043715847,0.0273224043715847,0.10382513661202186,0.0,0.0,0.0,0.0,0.0,0.0,0.0,0.0,0.0,0.0,0.0,0.0,0.0,0.0,0.0,0.0,0.0,0.0
720575940620777095,GLUT,0.21120689655172414,0.1724137931034483,0.11637931034482758,0.08189655172413793,0.04741379310344827,0.05603448275862069,0.1336206896551724,0.05603448275862069,0.03017241379310345,0.0,0.05172413793103448,0.04310344827586207,0.0,0.0,0.0,0.0,0.0,0.0,0.0,0.0,0.0,0.0,0.0,0.0,0.0,0.0,0.0,0.0,0.0,0.0
720575940620909989,GABA,0.0,0.21782178217821782,0.26732673267326734,0.06930693069306931,0.0594059405940594,0.16831683168316833,0.13861386138613863,0.0,0.0,0.0,0.07920792079207921,0.0,0.0,0.0,0.0,0.0,0.0,0.0,0.0,0.0,0.0,0.0,0.0,0.0,0.0,0.0,0.0,0.0,0.0,0.0
720575940620910160,GLUT,0.0,0.18633540372670807,0.19875776397515527,0.10559006211180125,0.09937888198757763,0.08074534161490683,0.055900621118012424,0.055900621118012424,0.0,0.14906832298136646,0.0,0.0,0.037267080745341616,0.0,0.031055900621118012,0.0,0.0,0.0,0.0,0.0,0.0,0.0,0.0,0.0,0.0,0.0,0.0,0.0,0.0,0.0
720575940620949328,GLUT,0.08875739644970414,0.25443786982248523,0.17159763313609466,0.15976331360946747,0.0,0.08875739644970414,0.029585798816568046,0.07100591715976332,0.047337278106508875,0.04142011834319527,0.047337278106508875,0.0,0.0,0.0,0.0,0.0,0.0,0.0,0.0,0.0,0.0,0.0,0.0,0.0,0.0,0.0,0.0,0.0,0.0,0.0
720575940620956501,ACH,0.0,0.12264150943396226,0.0,0.04716981132075472,0.0,0.07547169811320754,0.09905660377358491,0.03773584905660377,0.02358490566037736,0.04716981132075472,0.04716981132075472,0.0,0.0,0.0,0.02358490566037736,0.0330188679245283,0.0,0.1179245283018868,0.0,0.25,0.0,0.0,0.07547169811320754,0.0,0.0,0.0,0.0,0.0,0.0,0.0
720575940621190022,GLUT,0.34977578475336324,0.11210762331838565,0.1031390134529148,0.07623318385650224,0.04484304932735426,0.04932735426008968,0.10762331838565023,0.02242152466367713,0.04035874439461883,0.0,0.04932735426008968,0.04484304932735426,0.0,0.0,0.0,0.0,0.0,0.0,0.0,0.0,0.0,0.0,0.0,0.0,0.0,0.0,0.0,0.0,0.0,0.0
720575940621238437,GLUT,0.3522012578616352,0.0,0.12578616352201258,0.0,0.06289308176100629,0.0,0.05660377358490566,0.06918238993710692,0.0,0.0,0.0,0.0,0.0,0.3333333333333333,0.0,0.0,0.0,0.0,0.0,0.0,0.0,0.0,0.0,0.0,0.0,0.0,0.0,0.0,0.0,0.0
720575940621287104,GABA,0.28776978417266186,0.20863309352517986,0.17985611510791366,0.10071942446043165,0.0,0.07194244604316546,0.06474820143884892,0.04316546762589928,0.04316546762589928,0.0,0.0,0.0,0.0,0.0,0.0,0.0,0.0,0.0,0.0,0.0,0.0,0.0,0.0,0.0,0.0,0.0,0.0,0.0,0.0,0.0
720575940621304558,ACH,0.22093023255813954,0.2441860465116279,0.12209302325581395,0.08139534883720931,0.06395348837209303,0.11046511627906977,0.029069767441860465,0.05232558139534884,0.046511627906976744,0.0,0.029069767441860465,0.0,0.0,0.0,0.0,0.0,0.0,0.0,0.0,0.0,0.0,0.0,0.0,0.0,0.0,0.0,0.0,0.0,0.0,0.0
720575940621391457,GLUT,0.0,0.22535211267605634,0.14084507042253522,0.18309859154929578,0.0,0.1267605633802817,0.08450704225352113,0.0,0.07042253521126761,0.0,0.09859154929577464,0.0,0.0,0.0,0.0,0.0,0.0,0.0,0.0,0.0,0.0,0.0,0.07042253521126761,0.0,0.0,0.0,0.0,0.0,0.0,0.0
720575940621397675,GLUT,0.0,0.1342281879194631,0.1476510067114094,0.1342281879194631,0.1610738255033557,0.06711409395973154,0.11409395973154363,0.06711409395973154,0.04697986577181208,0.06040268456375839,0.03355704697986577,0.0,0.0,0.0,0.0,0.0,0.0,0.0,0.0,0.0,0.0,0.0,0.0,0.0,0.0,0.0,0.0,0.0,0.03355704697986577,0.0
720575940621433734,GLUT,0.29577464788732394,0.14788732394366197,0.18309859154929578,0.1267605633802817,0.0,0.056338028169014086,0.04929577464788732,0.09154929577464789,0.0,0.0,0.0,0.0,0.0,0.0,0.0,0.0,0.0,0.0,0.0,0.0,0.0,0.0,0.0,0.0,0.0,0.0,0.0,0.0,0.0,0.04929577464788732
720575940621680481,GABA,0.22099447513812154,0.143646408839779,0.13812154696132597,0.055248618784530384,0.06629834254143646,0.07734806629834254,0.07734806629834254,0.06077348066298342,0.06077348066298342,0.0,0.03867403314917127,0.0,0.027624309392265192,0.0,0.0,0.0,0.03314917127071823,0.0,0.0,0.0,0.0,0.0,0.0,0.0,0.0,0.0,0.0,0.0,0.0,0.0
720575940621705198,ACH,0.23863636363636365,0.10227272727272728,0.0,0.06060606060606061,0.0,0.06439393939393939,0.06060606060606061,0.03409090909090909,0.03409090909090909,0.0,0.022727272727272728,0.041666666666666664,0.01893939393939394,0.0,0.022727272727272728,0.056818181818181816,0.0,0.03787878787878788,0.0,0.18181818181818182,0.0,0.0,0.0,0.0,0.022727272727272728,0.0,0.0,0.0,0.0,0.0
720575940621750125,ACH,0.0,0.19718309859154928,0.17370892018779344,0.08450704225352113,0.10328638497652583,0.06572769953051644,0.13615023474178403,0.03286384976525822,0.03286384976525822,0.0,0.03286384976525822,0.07981220657276995,0.028169014084507043,0.0,0.0,0.0,0.03286384976525822,0.0,0.0,0.0,0.0,0.0,0.0,0.0,0.0,0.0,0.0,0.0,0.0,0.0
720575940621922998,GLUT,0.3111111111111111,0.12444444444444444,0.12,0.12,0.035555555555555556,0.06222222222222222,0.06666666666666667,0.057777777777777775,0.04888888888888889,0.05333333333333334,0.0,0.0,0.0,0.0,0.0,0.0,0.0,0.0,0.0,0.0,0.0,0.0,0.0,0.0,0.0,0.0,0.0,0.0,0.0,0.0
720575940621957286,ACH,0.31399317406143346,0.10238907849829351,0.14334470989761092,0.06825938566552901,0.13310580204778158,0.051194539249146756,0.04436860068259386,0.020477815699658702,0.0,0.06484641638225255,0.020477815699658702,0.0,0.017064846416382253,0.0,0.0,0.020477815699658702,0.0,0.0,0.0,0.0,0.0,0.0,0.0,0.0,0.0,0.0,0.0,0.0,0.0,0.0
720575940622057332,ACH,0.2639593908629442,0.09137055837563451,0.14213197969543148,0.09137055837563451,0.1319796954314721,0.04060913705583756,0.09137055837563451,0.050761421319796954,0.0,0.09644670050761421,0.0,0.0,0.0,0.0,0.0,0.0,0.0,0.0,0.0,0.0,0.0,0.0,0.0,0.0,0.0,0.0,0.0,0.0,0.0,0.0
720575940622088001,GLUT,0.18604651162790697,0.14534883720930233,0.13372093023255813,0.06395348837209303,0.12790697674418605,0.06976744186046512,0.06395348837209303,0.040697674418604654,0.0,0.09302325581395349,0.0,0.0,0.046511627906976744,0.0,0.0,0.029069767441860465,0.0,0.0,0.0,0.0,0.0,0.0,0.0,0.0,0.0,0.0,0.0,0.0,0.0,0.0
720575940622172854,ACH,0.0472972972972973,0.20945945945945946,0.1554054054054054,0.25,0.10135135135135136,0.08108108108108109,0.0,0.06756756756756757,0.0472972972972973,0.04054054054054054,0.0,0.0,0.0,0.0,0.0,0.0,0.0,0.0,0.0,0.0,0.0,0.0,0.0,0.0,0.0,0.0,0.0,0.0,0.0,0.0
720575940622258870,GLUT,0.3698630136986301,0.1780821917808219,0.06164383561643835,0.07534246575342465,0.0,0.07534246575342465,0.11643835616438356,0.03424657534246575,0.03424657534246575,0.0,0.0,0.0547945205479452,0.0,0.0,0.0,0.0,0.0,0.0,0.0,0.0,0.0,0.0,0.0,0.0,0.0,0.0,0.0,0.0,0.0,0.0
720575940622294221,ACH,0.24714828897338403,0.1520912547528517,0.1444866920152091,0.09885931558935361,0.07224334600760456,0.053231939163498096,0.09885931558935361,0.030418250950570342,0.04182509505703422,0.0,0.04182509505703422,0.0,0.019011406844106463,0.0,0.0,0.0,0.0,0.0,0.0,0.0,0.0,0.0,0.0,0.0,0.0,0.0,0.0,0.0,0.0,0.0
720575940622454817,ACH,0.05434782608695652,0.18478260869565216,0.33695652173913043,0.14130434782608695,0.0,0.1956521739130435,0.08695652173913043,0.0,0.0,0.0,0.0,0.0,0.0,0.0,0.0,0.0,0.0,0.0,0.0,0.0,0.0,0.0,0.0,0.0,0.0,0.0,0.0,0.0,0.0,0.0
720575940622484852,GABA,0.1935483870967742,0.21505376344086022,0.0,0.0967741935483871,0.0967741935483871,0.12903225806451613,0.0,0.07526881720430108,0.06451612903225806,0.07526881720430108,0.053763440860215055,0.0,0.0,0.0,0.0,0.0,0.0,0.0,0.0,0.0,0.0,0.0,0.0,0.0,0.0,0.0,0.0,0.0,0.0,0.0
720575940622497776,GLUT,0.20812182741116753,0.14720812182741116,0.19796954314720813,0.12690355329949238,0.03553299492385787,0.07614213197969544,0.07106598984771574,0.04568527918781726,0.030456852791878174,0.03553299492385787,0.025380710659898477,0.0,0.0,0.0,0.0,0.0,0.0,0.0,0.0,0.0,0.0,0.0,0.0,0.0,0.0,0.0,0.0,0.0,0.0,0.0
720575940622516001,ACH,0.25142857142857145,0.17714285714285713,0.08571428571428572,0.05142857142857143,0.05142857142857143,0.06857142857142857,0.11428571428571428,0.04,0.05714285714285714,0.02857142857142857,0.04,0.0,0.0,0.0,0.03428571428571429,0.0,0.0,0.0,0.0,0.0,0.0,0.0,0.0,0.0,0.0,0.0,0.0,0.0,0.0,0.0
720575940622574580,GABA,0.3224043715846995,0.11475409836065574,0.13114754098360656,0.0273224043715847,0.14207650273224043,0.0546448087431694,0.07103825136612021,0.0273224043715847,0.0,0.07650273224043716,0.0,0.0,0.0,0.0,0.03278688524590164,0.0,0.0,0.0,0.0,0.0,0.0,0.0,0.0,0.0,0.0,0.0,0.0,0.0,0.0,0.0
720575940622637695,GLUT,0.0,0.28484848484848485,0.1393939393939394,0.15151515151515152,0.06060606060606061,0.06666666666666667,0.15151515151515152,0.030303030303030304,0.07878787878787878,0.0,0.0,0.0,0.03636363636363636,0.0,0.0,0.0,0.0,0.0,0.0,0.0,0.0,0.0,0.0,0.0,0.0,0.0,0.0,0.0,0.0,0.0
720575940622683007,GLUT,0.3765432098765432,0.06172839506172839,0.06172839506172839,0.0,0.14814814814814814,0.09259259259259259,0.0,0.07407407407407407,0.0,0.12345679012345678,0.0,0.0,0.030864197530864196,0.0,0.0,0.0,0.0,0.0,0.0,0.0,0.0,0.0,0.0,0.0,0.0,0.0,0.0,0.0,0.030864197530864196,0.0
720575940622751145,ACH,0.24782608695652175,0.1,0.14347826086956522,0.07391304347826087,0.21304347826086956,0.05217391304347826,0.06086956521739131,0.02608695652173913,0.0,0.05652173913043478,0.02608695652173913,0.0,0.0,0.0,0.0,0.0,0.0,0.0,0.0,0.0,0.0,0.0,0.0,0.0,0.0,0.0,0.0,0.0,0.0,0.0
720575940622897178,ACH,0.3564356435643564,0.10891089108910891,0.08415841584158416,0.06930693069306931,0.14356435643564355,0.0594059405940594,0.0,0.0297029702970297,0.039603960396039604,0.0,0.0297029702970297,0.04950495049504951,0.0,0.0,0.0297029702970297,0.0,0.0,0.0,0.0,0.0,0.0,0.0,0.0,0.0,0.0,0.0,0.0,0.0,0.0,0.0
720575940622900257,ACH,0.3333333333333333,0.12077294685990338,0.09178743961352658,0.07729468599033816,0.07246376811594203,0.04830917874396135,0.06763285024154589,0.03864734299516908,0.028985507246376812,0.0,0.033816425120772944,0.06280193236714976,0.0,0.0,0.0,0.0,0.024154589371980676,0.0,0.0,0.0,0.0,0.0,0.0,0.0,0.0,0.0,0.0,0.0,0.0,0.0
720575940622959386,GLUT,0.40963855421686746,0.12048192771084337,0.12650602409638553,0.04216867469879518,0.0,0.07228915662650602,0.0,0.04819277108433735,0.04216867469879518,0.0,0.06626506024096386,0.0,0.0,0.0,0.0,0.0,0.0,0.0,0.0,0.0,0.0,0.0,0.0,0.0,0.0,0.0,0.0,0.07228915662650602,0.0,0.0
720575940622970394,ACH,0.0,0.22023809523809523,0.16666666666666666,0.14285714285714285,0.07142857142857142,0.10714285714285714,0.11904761904761904,0.07142857142857142,0.03571428571428571,0.0,0.06547619047619048,0.0,0.0,0.0,0.0,0.0,0.0,0.0,0.0,0.0,0.0,0.0,0.0,0.0,0.0,0.0,0.0,0.0,0.0,0.0
720575940623014149,ACH,0.0,0.2558139534883721,0.17829457364341086,0.16279069767441862,0.0,0.11627906976744186,0.0,0.06201550387596899,0.03875968992248062,0.0,0.09302325581395349,0.05426356589147287,0.03875968992248062,0.0,0.0,0.0,0.0,0.0,0.0,0.0,0.0,0.0,0.0,0.0,0.0,0.0,0.0,0.0,0.0,0.0
720575940623019870,SER,0.32673267326732675,0.1485148514851485,0.13366336633663367,0.04455445544554455,0.034653465346534656,0.11386138613861387,0.039603960396039604,0.04455445544554455,0.034653465346534656,0.0297029702970297,0.04950495049504951,0.0,0.0,0.0,0.0,0.0,0.0,0.0,0.0,0.0,0.0,0.0,0.0,0.0,0.0,0.0,0.0,0.0,0.0,0.0
720575940623056666,ACH,0.42073170731707316,0.13414634146341464,0.07317073170731707,0.07317073170731707,0.042682926829268296,0.0,0.0,0.03048780487804878,0.0,0.11585365853658537,0.0,0.0,0.036585365853658534,0.0,0.0,0.03048780487804878,0.0,0.0,0.0,0.0,0.0,0.0,0.0,0.0,0.0,0.0,0.0,0.0,0.0,0.042682926829268296
720575940623148108,ACH,0.27232142857142855,0.14285714285714285,0.16071428571428573,0.04017857142857143,0.12053571428571429,0.06696428571428571,0.09375,0.044642857142857144,0.03571428571428571,0.0,0.0,0.0,0.0,0.0,0.0,0.0,0.022321428571428572,0.0,0.0,0.0,0.0,0.0,0.0,0.0,0.0,0.0,0.0,0.0,0.0,0.0
720575940623152417,ACH,0.0,0.23711340206185566,0.10309278350515463,0.18556701030927836,0.05154639175257732,0.13402061855670103,0.1134020618556701,0.05154639175257732,0.0,0.0,0.05154639175257732,0.07216494845360824,0.0,0.0,0.0,0.0,0.0,0.0,0.0,0.0,0.0,0.0,0.0,0.0,0.0,0.0,0.0,0.0,0.0,0.0
720575940623346252,ACH,0.0,0.2616822429906542,0.32710280373831774,0.09345794392523364,0.24299065420560748,0.0,0.0,0.0,0.07476635514018691,0.0,0.0,0.0,0.0,0.0,0.0,0.0,0.0,0.0,0.0,0.0,0.0,0.0,0.0,0.0,0.0,0.0,0.0,0.0,0.0,0.0
720575940623356952,GLUT,0.06060606060606061,0.13131313131313133,0.10606060606060606,0.06565656565656566,0.05555555555555555,0.08080808080808081,0.050505050505050504,0.06060606060606061,0.03535353535353535,0.0,0.03535353535353535,0.05555555555555555,0.03535353535353535,0.0,0.0,0.0,0.0,0.0,0.0,0.0,0.0,0.0,0.0,0.0,0.0,0.0,0.22727272727272727,0.0,0.0,0.0
720575940623376716,ACH,0.33649289099526064,0.13270142180094788,0.12796208530805686,0.037914691943127965,0.08056872037914692,0.03317535545023697,0.04739336492890995,0.04265402843601896,0.0,0.04739336492890995,0.07109004739336493,0.0,0.0,0.0,0.0,0.04265402843601896,0.0,0.0,0.0,0.0,0.0,0.0,0.0,0.0,0.0,0.0,0.0,0.0,0.0,0.0
720575940623506909,ACH,0.31493506493506496,0.11363636363636363,0.045454545454545456,0.10064935064935066,0.022727272727272728,0.07467532467532467,0.05194805194805195,0.045454545454545456,0.01948051948051948,0.025974025974025976,0.07792207792207792,0.05194805194805195,0.01948051948051948,0.0,0.0,0.016233766233766232,0.0,0.0,0.0,0.0,0.0,0.0,0.0,0.0,0.0,0.0,0.0,0.01948051948051948,0.0,0.0
720575940623572445,GABA,0.2857142857142857,0.13839285714285715,0.09375,0.14285714285714285,0.05803571428571429,0.05803571428571429,0.08482142857142858,0.05357142857142857,0.0,0.0,0.03571428571428571,0.0,0.026785714285714284,0.0,0.0,0.0,0.0,0.0,0.0,0.0,0.0,0.0,0.0,0.022321428571428572,0.0,0.0,0.0,0.0,0.0,0.0
720575940623581917,ACH,0.28662420382165604,0.08917197452229299,0.1337579617834395,0.05732484076433121,0.24203821656050956,0.11464968152866242,0.0,0.044585987261146494,0.0,0.0,0.03184713375796178,0.0,0.0,0.0,0.0,0.0,0.0,0.0,0.0,0.0,0.0,0.0,0.0,0.0,0.0,0.0,0.0,0.0,0.0,0.0
720575940623642723,GLUT,0.22302158273381295,0.12949640287769784,0.17266187050359713,0.17985611510791366,0.0,0.04316546762589928,0.0,0.050359712230215826,0.050359712230215826,0.0,0.03597122302158273,0.07913669064748201,0.03597122302158273,0.0,0.0,0.0,0.0,0.0,0.0,0.0,0.0,0.0,0.0,0.0,0.0,0.0,0.0,0.0,0.0,0.0
720575940623758616,GLUT,0.32941176470588235,0.1411764705882353,0.2,0.07647058823529412,0.0,0.052941176470588235,0.047058823529411764,0.041176470588235294,0.03529411764705882,0.041176470588235294,0.0,0.0,0.0,0.0,0.03529411764705882,0.0,0.0,0.0,0.0,0.0,0.0,0.0,0.0,0.0,0.0,0.0,0.0,0.0,0.0,0.0
720575940623865624,ACH,0.2641509433962264,0.13584905660377358,0.1169811320754717,0.09433962264150944,0.09811320754716982,0.05660377358490566,0.03018867924528302,0.03773584905660377,0.0,0.07547169811320754,0.022641509433962263,0.0,0.0,0.0,0.0,0.06792452830188679,0.0,0.0,0.0,0.0,0.0,0.0,0.0,0.0,0.0,0.0,0.0,0.0,0.0,0.0
720575940623901843,ACH,0.0,0.2246376811594203,0.15942028985507245,0.15942028985507245,0.0,0.10869565217391304,0.11594202898550725,0.10869565217391304,0.050724637681159424,0.0,0.0,0.0,0.0,0.0,0.0,0.0,0.07246376811594203,0.0,0.0,0.0,0.0,0.0,0.0,0.0,0.0,0.0,0.0,0.0,0.0,0.0
720575940624020521,GLUT,0.33070866141732286,0.1220472440944882,0.1377952755905512,0.07086614173228346,0.07480314960629922,0.07874015748031496,0.0,0.04330708661417323,0.027559055118110236,0.01968503937007874,0.03543307086614173,0.05905511811023622,0.0,0.0,0.0,0.0,0.0,0.0,0.0,0.0,0.0,0.0,0.0,0.0,0.0,0.0,0.0,0.0,0.0,0.0
720575940624027160,ACH,0.039735099337748346,0.25165562913907286,0.1456953642384106,0.033112582781456956,0.17880794701986755,0.07947019867549669,0.08609271523178808,0.06622516556291391,0.0,0.0,0.039735099337748346,0.0,0.0,0.0,0.0,0.033112582781456956,0.0,0.0,0.0,0.0,0.0,0.0,0.0,0.0,0.046357615894039736,0.0,0.0,0.0,0.0,0.0
720575940624028515,ACH,0.25853658536585367,0.08780487804878048,0.13170731707317074,0.03902439024390244,0.1902439024390244,0.04390243902439024,0.08292682926829269,0.03414634146341464,0.0,0.05365853658536585,0.0,0.0,0.02926829268292683,0.0,0.0,0.0,0.0,0.0,0.04878048780487805,0.0,0.0,0.0,0.0,0.0,0.0,0.0,0.0,0.0,0.0,0.0
720575940624073510,ACH,0.3055555555555556,0.16203703703703703,0.11574074074074074,0.06018518518518518,0.11574074074074074,0.05092592592592592,0.05555555555555555,0.032407407407407406,0.0,0.041666666666666664,0.0,0.0,0.0,0.0,0.032407407407407406,0.0,0.0,0.0,0.0,0.0,0.0,0.0,0.0,0.0,0.0,0.027777777777777776,0.0,0.0,0.0,0.0
720575940624088319,GLUT,0.4107142857142857,0.08928571428571429,0.09375,0.08035714285714286,0.044642857142857144,0.05803571428571429,0.07142857142857142,0.03125,0.022321428571428572,0.0,0.03571428571428571,0.0,0.0,0.0,0.026785714285714284,0.0,0.03571428571428571,0.0,0.0,0.0,0.0,0.0,0.0,0.0,0.0,0.0,0.0,0.0,0.0,0.0
720575940624152344,GLUT,0.35135135135135137,0.13063063063063063,0.08558558558558559,0.06756756756756757,0.14864864864864866,0.08108108108108109,0.0,0.04954954954954955,0.03153153153153153,0.03153153153153153,0.0,0.0,0.0,0.0,0.0,0.02252252252252252,0.0,0.0,0.0,0.0,0.0,0.0,0.0,0.0,0.0,0.0,0.0,0.0,0.0,0.0
720575940624241449,ACH,0.0,0.10714285714285714,0.25,0.23809523809523808,0.11904761904761904,0.11904761904761904,0.0,0.09523809523809523,0.07142857142857142,0.0,0.0,0.0,0.0,0.0,0.0,0.0,0.0,0.0,0.0,0.0,0.0,0.0,0.0,0.0,0.0,0.0,0.0,0.0,0.0,0.0
720575940624266378,ACH,0.0,0.224,0.184,0.056,0.136,0.112,0.144,0.072,0.072,0.0,0.0,0.0,0.0,0.0,0.0,0.0,0.0,0.0,0.0,0.0,0.0,0.0,0.0,0.0,0.0,0.0,0.0,0.0,0.0,0.0
720575940624286698,GABA,0.24571428571428572,0.13142857142857142,0.10285714285714286,0.06857142857142857,0.15428571428571428,0.07428571428571429,0.06285714285714286,0.04,0.03428571428571429,0.05714285714285714,0.0,0.02857142857142857,0.0,0.0,0.0,0.0,0.0,0.0,0.0,0.0,0.0,0.0,0.0,0.0,0.0,0.0,0.0,0.0,0.0,0.0
720575940624318758,GLUT,0.25821596244131456,0.14084507042253522,0.07042253521126761,0.03755868544600939,0.107981220657277,0.051643192488262914,0.07511737089201878,0.07042253521126761,0.07042253521126761,0.03286384976525822,0.028169014084507043,0.0,0.023474178403755867,0.0,0.0,0.0,0.0,0.0,0.0,0.0,0.0,0.0,0.0,0.0,0.0,0.0,0.0,0.0,0.03286384976525822,0.0
720575940624370628,ACH,0.0,0.11016949152542373,0.2711864406779661,0.11864406779661017,0.23728813559322035,0.1271186440677966,0.0,0.09322033898305085,0.0,0.0,0.0423728813559322,0.0,0.0,0.0,0.0,0.0,0.0,0.0,0.0,0.0,0.0,0.0,0.0,0.0,0.0,0.0,0.0,0.0,0.0,0.0
720575940624444356,ACH,0.03550295857988166,0.24260355029585798,0.09467455621301775,0.07100591715976332,0.1893491124260355,0.10650887573964497,0.15384615384615385,0.0,0.03550295857988166,0.03550295857988166,0.0,0.0,0.03550295857988166,0.0,0.0,0.0,0.0,0.0,0.0,0.0,0.0,0.0,0.0,0.0,0.0,0.0,0.0,0.0,0.0,0.0
720575940624504516,ACH,0.4107142857142857,0.0,0.23809523809523808,0.0,0.0,0.041666666666666664,0.0,0.047619047619047616,0.041666666666666664,0.0,0.0,0.0,0.02976190476190476,0.14285714285714285,0.047619047619047616,0.0,0.0,0.0,0.0,0.0,0.0,0.0,0.0,0.0,0.0,0.0,0.0,0.0,0.0,0.0
720575940624616375,ACH,0.33783783783783783,0.12612612612612611,0.11261261261261261,0.08558558558558559,0.04504504504504504,0.06306306306306306,0.06756756756756757,0.036036036036036036,0.0,0.02252252252252252,0.03153153153153153,0.04504504504504504,0.02702702702702703,0.0,0.0,0.0,0.0,0.0,0.0,0.0,0.0,0.0,0.0,0.0,0.0,0.0,0.0,0.0,0.0,0.0
720575940624684725,ACH,0.2857142857142857,0.1761904761904762,0.09523809523809523,0.10952380952380952,0.02857142857142857,0.08571428571428572,0.0761904761904762,0.04285714285714286,0.03333333333333333,0.0,0.02857142857142857,0.0380952380952381,0.0,0.0,0.0,0.0,0.0,0.0,0.0,0.0,0.0,0.0,0.0,0.0,0.0,0.0,0.0,0.0,0.0,0.0
720575940624684727,ACH,0.3915343915343915,0.1164021164021164,0.07936507936507936,0.08465608465608465,0.047619047619047616,0.08465608465608465,0.10052910052910052,0.05291005291005291,0.0,0.0,0.0,0.042328042328042326,0.0,0.0,0.0,0.0,0.0,0.0,0.0,0.0,0.0,0.0,0.0,0.0,0.0,0.0,0.0,0.0,0.0,0.0
720575940624772871,ACH,0.2654320987654321,0.16049382716049382,0.13580246913580246,0.09259259259259259,0.18518518518518517,0.030864197530864196,0.0,0.08641975308641975,0.0,0.0,0.043209876543209874,0.0,0.0,0.0,0.0,0.0,0.0,0.0,0.0,0.0,0.0,0.0,0.0,0.0,0.0,0.0,0.0,0.0,0.0,0.0
720575940624795829,ACH,0.3333333333333333,0.12393162393162394,0.1623931623931624,0.05128205128205128,0.04700854700854701,0.09401709401709402,0.0811965811965812,0.0,0.03418803418803419,0.02564102564102564,0.02564102564102564,0.0,0.0,0.0,0.0,0.0,0.021367521367521368,0.0,0.0,0.0,0.0,0.0,0.0,0.0,0.0,0.0,0.0,0.0,0.0,0.0
720575940624814519,GLUT,0.26666666666666666,0.1450980392156863,0.12549019607843137,0.0784313725490196,0.0,0.06274509803921569,0.09019607843137255,0.0392156862745098,0.03137254901960784,0.0,0.050980392156862744,0.08235294117647059,0.027450980392156862,0.0,0.0,0.0,0.0,0.0,0.0,0.0,0.0,0.0,0.0,0.0,0.0,0.0,0.0,0.0,0.0,0.0
720575940624834741,ACH,0.3877551020408163,0.17346938775510204,0.10204081632653061,0.10714285714285714,0.0,0.10204081632653061,0.0663265306122449,0.030612244897959183,0.0,0.030612244897959183,0.0,0.0,0.0,0.0,0.0,0.0,0.0,0.0,0.0,0.0,0.0,0.0,0.0,0.0,0.0,0.0,0.0,0.0,0.0,0.0
720575940624836937,ACH,0.3452914798206278,0.13004484304932734,0.15695067264573992,0.07174887892376682,0.09865470852017937,0.02242152466367713,0.04484304932735426,0.03139013452914798,0.0,0.03587443946188341,0.0,0.0,0.02242152466367713,0.0,0.0,0.0,0.0,0.0,0.04035874439461883,0.0,0.0,0.0,0.0,0.0,0.0,0.0,0.0,0.0,0.0,0.0
720575940624851719,ACH,0.0,0.14285714285714285,0.26373626373626374,0.14285714285714285,0.0,0.2087912087912088,0.0,0.13186813186813187,0.054945054945054944,0.0,0.054945054945054944,0.0,0.0,0.0,0.0,0.0,0.0,0.0,0.0,0.0,0.0,0.0,0.0,0.0,0.0,0.0,0.0,0.0,0.0,0.0
720575940624871093,GLUT,0.029585798816568046,0.20118343195266272,0.15384615384615385,0.11242603550295859,0.1893491124260355,0.07100591715976332,0.05917159763313609,0.07100591715976332,0.0,0.07100591715976332,0.04142011834319527,0.0,0.0,0.0,0.0,0.0,0.0,0.0,0.0,0.0,0.0,0.0,0.0,0.0,0.0,0.0,0.0,0.0,0.0,0.0
720575940624871677,OCT,0.5573770491803278,0.0,0.1366120218579235,0.0,0.0,0.0,0.0,0.03825136612021858,0.0,0.0,0.0,0.0,0.0,0.2677595628415301,0.0,0.0,0.0,0.0,0.0,0.0,0.0,0.0,0.0,0.0,0.0,0.0,0.0,0.0,0.0,0.0
720575940624882439,ACH,0.0,0.34210526315789475,0.25,0.11842105263157894,0.06578947368421052,0.15789473684210525,0.0,0.0,0.0,0.0,0.0,0.06578947368421052,0.0,0.0,0.0,0.0,0.0,0.0,0.0,0.0,0.0,0.0,0.0,0.0,0.0,0.0,0.0,0.0,0.0,0.0
720575940624923133,ACH,0.2868217054263566,0.09302325581395349,0.12015503875968993,0.06201550387596899,0.08527131782945736,0.06201550387596899,0.08139534883720931,0.04263565891472868,0.046511627906976744,0.0,0.06201550387596899,0.01937984496124031,0.0,0.0,0.0,0.0,0.0,0.0,0.0,0.0,0.01937984496124031,0.0,0.0,0.01937984496124031,0.0,0.0,0.0,0.0,0.0,0.0
720575940625025533,ACH,0.0,0.25210084033613445,0.0,0.14285714285714285,0.20168067226890757,0.12605042016806722,0.10084033613445378,0.058823529411764705,0.0,0.0,0.0,0.07563025210084033,0.04201680672268908,0.0,0.0,0.0,0.0,0.0,0.0,0.0,0.0,0.0,0.0,0.0,0.0,0.0,0.0,0.0,0.0,0.0
720575940625061384,GLUT,0.0,0.24793388429752067,0.18181818181818182,0.11570247933884298,0.10743801652892562,0.10743801652892562,0.0743801652892562,0.0,0.049586776859504134,0.05785123966942149,0.0,0.0,0.0,0.0,0.0,0.0,0.0,0.0,0.0,0.0,0.05785123966942149,0.0,0.0,0.0,0.0,0.0,0.0,0.0,0.0,0.0
720575940625096375,GLUT,0.36082474226804123,0.10824742268041238,0.16494845360824742,0.10824742268041238,0.02577319587628866,0.06701030927835051,0.041237113402061855,0.0,0.07731958762886598,0.04639175257731959,0.0,0.0,0.0,0.0,0.0,0.0,0.0,0.0,0.0,0.0,0.0,0.0,0.0,0.0,0.0,0.0,0.0,0.0,0.0,0.0
720575940625161545,GABA,0.22058823529411764,0.13725490196078433,0.16666666666666666,0.11274509803921569,0.0392156862745098,0.08823529411764706,0.06862745098039216,0.0392156862745098,0.04411764705882353,0.0,0.058823529411764705,0.0,0.024509803921568627,0.0,0.0,0.0,0.0,0.0,0.0,0.0,0.0,0.0,0.0,0.0,0.0,0.0,0.0,0.0,0.0,0.0
720575940625165897,ACH,0.2731707317073171,0.14146341463414633,0.14146341463414633,0.07804878048780488,0.08292682926829269,0.04878048780487805,0.08780487804878048,0.05365853658536585,0.02926829268292683,0.0,0.03902439024390244,0.0,0.0,0.0,0.0,0.0,0.0,0.0,0.0,0.0,0.0,0.0,0.0,0.024390243902439025,0.0,0.0,0.0,0.0,0.0,0.0
720575940625383572,ACH,0.3241106719367589,0.15810276679841898,0.09486166007905138,0.07114624505928854,0.03557312252964427,0.08300395256916997,0.06719367588932806,0.02766798418972332,0.03557312252964427,0.02766798418972332,0.05138339920948617,0.0,0.023715415019762844,0.0,0.0,0.0,0.0,0.0,0.0,0.0,0.0,0.0,0.0,0.0,0.0,0.0,0.0,0.0,0.0,0.0
720575940625385451,GLUT,0.33495145631067963,0.17475728155339806,0.0970873786407767,0.0825242718446602,0.0,0.06796116504854369,0.09223300970873786,0.06310679611650485,0.02912621359223301,0.0,0.0,0.05825242718446602,0.0,0.0,0.0,0.0,0.0,0.0,0.0,0.0,0.0,0.0,0.0,0.0,0.0,0.0,0.0,0.0,0.0,0.0
720575940625388948,GABA,0.2465753424657534,0.1095890410958904,0.1506849315068493,0.06164383561643835,0.136986301369863,0.0410958904109589,0.1232876712328767,0.04794520547945205,0.0410958904109589,0.0,0.0410958904109589,0.0,0.0,0.0,0.0,0.0,0.0,0.0,0.0,0.0,0.0,0.0,0.0,0.0,0.0,0.0,0.0,0.0,0.0,0.0
720575940625396460,ACH,0.0,0.17989417989417988,0.20634920634920634,0.06878306878306878,0.19576719576719576,0.05291005291005291,0.06349206349206349,0.0582010582010582,0.026455026455026454,0.026455026455026454,0.031746031746031744,0.0,0.047619047619047616,0.0,0.042328042328042326,0.0,0.0,0.0,0.0,0.0,0.0,0.0,0.0,0.0,0.0,0.0,0.0,0.0,0.0,0.0
720575940625409003,GLUT,0.3247863247863248,0.21367521367521367,0.1111111111111111,0.11965811965811966,0.0,0.07692307692307693,0.0,0.0,0.0,0.08547008547008547,0.06837606837606838,0.0,0.0,0.0,0.0,0.0,0.0,0.0,0.0,0.0,0.0,0.0,0.0,0.0,0.0,0.0,0.0,0.0,0.0,0.0
720575940625418475,GLUT,0.0,0.19767441860465115,0.20930232558139536,0.16279069767441862,0.0,0.10465116279069768,0.13953488372093023,0.05813953488372093,0.12790697674418605,0.0,0.0,0.0,0.0,0.0,0.0,0.0,0.0,0.0,0.0,0.0,0.0,0.0,0.0,0.0,0.0,0.0,0.0,0.0,0.0,0.0
720575940625447655,SER,0.35121951219512193,0.0,0.12195121951219512,0.0,0.05365853658536585,0.0,0.0975609756097561,0.03902439024390244,0.0,0.0,0.0,0.0,0.02926829268292683,0.3073170731707317,0.0,0.0,0.0,0.0,0.0,0.0,0.0,0.0,0.0,0.0,0.0,0.0,0.0,0.0,0.0,0.0
720575940625461227,ACH,0.0,0.2689075630252101,0.0,0.19327731092436976,0.0,0.10084033613445378,0.17647058823529413,0.06722689075630252,0.09243697478991597,0.0,0.10084033613445378,0.0,0.0,0.0,0.0,0.0,0.0,0.0,0.0,0.0,0.0,0.0,0.0,0.0,0.0,0.0,0.0,0.0,0.0,0.0
720575940625494164,ACH,0.33532934131736525,0.0658682634730539,0.07784431137724551,0.10179640718562874,0.12574850299401197,0.07784431137724551,0.0718562874251497,0.041916167664670656,0.0,0.059880239520958084,0.0,0.0,0.041916167664670656,0.0,0.0,0.0,0.0,0.0,0.0,0.0,0.0,0.0,0.0,0.0,0.0,0.0,0.0,0.0,0.0,0.0
720575940625531284,ACH,0.3008474576271186,0.1016949152542373,0.1271186440677966,0.059322033898305086,0.17796610169491525,0.059322033898305086,0.059322033898305086,0.0423728813559322,0.0,0.0423728813559322,0.029661016949152543,0.0,0.0,0.0,0.0,0.0,0.0,0.0,0.0,0.0,0.0,0.0,0.0,0.0,0.0,0.0,0.0,0.0,0.0,0.0
720575940625561587,ACH,0.1038961038961039,0.17532467532467533,0.22727272727272727,0.0,0.11688311688311688,0.13636363636363635,0.11688311688311688,0.0,0.0,0.032467532467532464,0.05194805194805195,0.03896103896103896,0.0,0.0,0.0,0.0,0.0,0.0,0.0,0.0,0.0,0.0,0.0,0.0,0.0,0.0,0.0,0.0,0.0,0.0
720575940625634830,GLUT,0.2719665271966527,0.15481171548117154,0.12133891213389121,0.04184100418410042,0.14644351464435146,0.07112970711297072,0.07112970711297072,0.02510460251046025,0.0,0.09623430962343096,0.0,0.0,0.0,0.0,0.0,0.0,0.0,0.0,0.0,0.0,0.0,0.0,0.0,0.0,0.0,0.0,0.0,0.0,0.0,0.0
720575940625647630,ACH,0.0,1.0,0.0,0.0,0.0,0.0,0.0,0.0,0.0,0.0,0.0,0.0,0.0,0.0,0.0,0.0,0.0,0.0,0.0,0.0,0.0,0.0,0.0,0.0,0.0,0.0,0.0,0.0,0.0,0.0
720575940625686349,ACH,0.3149171270718232,0.13812154696132597,0.11049723756906077,0.0,0.17679558011049723,0.0718232044198895,0.049723756906077346,0.0718232044198895,0.0,0.06629834254143646,0.0,0.0,0.0,0.0,0.0,0.0,0.0,0.0,0.0,0.0,0.0,0.0,0.0,0.0,0.0,0.0,0.0,0.0,0.0,0.0
720575940625736525,GABA,0.0,0.0,0.0,0.0,0.0,0.0,1.0,0.0,0.0,0.0,0.0,0.0,0.0,0.0,0.0,0.0,0.0,0.0,0.0,0.0,0.0,0.0,0.0,0.0,0.0,0.0,0.0,0.0,0.0,0.0
720575940625736892,ACH,0.0,0.2247191011235955,0.20224719101123595,0.2247191011235955,0.0,0.0898876404494382,0.056179775280898875,0.0,0.056179775280898875,0.0,0.0898876404494382,0.0,0.056179775280898875,0.0,0.0,0.0,0.0,0.0,0.0,0.0,0.0,0.0,0.0,0.0,0.0,0.0,0.0,0.0,0.0,0.0
720575940625745907,ACH,0.31797235023041476,0.10138248847926268,0.12442396313364056,0.06451612903225806,0.15207373271889402,0.04608294930875576,0.0,0.03225806451612903,0.0,0.11059907834101383,0.0,0.0,0.0,0.0,0.0,0.05069124423963134,0.0,0.0,0.0,0.0,0.0,0.0,0.0,0.0,0.0,0.0,0.0,0.0,0.0,0.0
720575940625777639,ACH,0.0,0.03496503496503497,0.0,0.13636363636363635,0.0,0.05244755244755245,0.0,0.0,0.3041958041958042,0.1048951048951049,0.0,0.0,0.0,0.0,0.0,0.0,0.027972027972027972,0.0,0.0,0.0,0.0,0.13286713286713286,0.055944055944055944,0.0,0.07342657342657342,0.0,0.02097902097902098,0.055944055944055944,0.0,0.0
720575940625799655,GLUT,0.0,0.18,0.34,0.2,0.0,0.12,0.0,0.16,0.0,0.0,0.0,0.0,0.0,0.0,0.0,0.0,0.0,0.0,0.0,0.0,0.0,0.0,0.0,0.0,0.0,0.0,0.0,0.0,0.0,0.0
720575940625817575,GLUT,0.22279792746113988,0.17616580310880828,0.09326424870466321,0.10880829015544041,0.06735751295336788,0.10362694300518134,0.11398963730569948,0.0,0.031088082901554404,0.0,0.08290155440414508,0.0,0.0,0.0,0.0,0.0,0.0,0.0,0.0,0.0,0.0,0.0,0.0,0.0,0.0,0.0,0.0,0.0,0.0,0.0
720575940625849016,ACH,0.0,0.19230769230769232,0.46153846153846156,0.0,0.09615384615384616,0.0,0.09615384615384616,0.0,0.0,0.0,0.0,0.0,0.0,0.0,0.15384615384615385,0.0,0.0,0.0,0.0,0.0,0.0,0.0,0.0,0.0,0.0,0.0,0.0,0.0,0.0,0.0
720575940625911736,ACH,0.4393939393939394,0.13636363636363635,0.1111111111111111,0.04040404040404041,0.0,0.07575757575757576,0.0707070707070707,0.045454545454545456,0.0,0.0,0.025252525252525252,0.05555555555555555,0.0,0.0,0.0,0.0,0.0,0.0,0.0,0.0,0.0,0.0,0.0,0.0,0.0,0.0,0.0,0.0,0.0,0.0
720575940625957363,ACH,0.1597222222222222,0.2361111111111111,0.13194444444444445,0.09722222222222222,0.0625,0.11805555555555555,0.09027777777777778,0.0,0.041666666666666664,0.0,0.0625,0.0,0.0,0.0,0.0,0.0,0.0,0.0,0.0,0.0,0.0,0.0,0.0,0.0,0.0,0.0,0.0,0.0,0.0,0.0
720575940626152269,GLUT,0.2445414847161572,0.13537117903930132,0.14847161572052403,0.10480349344978165,0.0,0.08296943231441048,0.08296943231441048,0.034934497816593885,0.043668122270742356,0.0,0.048034934497816595,0.039301310043668124,0.034934497816593885,0.0,0.0,0.0,0.0,0.0,0.0,0.0,0.0,0.0,0.0,0.0,0.0,0.0,0.0,0.0,0.0,0.0
720575940626242125,ACH,0.0,0.15625,0.1625,0.0625,0.38125,0.09375,0.06875,0.0375,0.0,0.0,0.0,0.0,0.0375,0.0,0.0,0.0,0.0,0.0,0.0,0.0,0.0,0.0,0.0,0.0,0.0,0.0,0.0,0.0,0.0,0.0
720575940626341424,GLUT,0.18617021276595744,0.16489361702127658,0.14361702127659576,0.0797872340425532,0.11702127659574468,0.0425531914893617,0.0425531914893617,0.0851063829787234,0.03723404255319149,0.0,0.03723404255319149,0.031914893617021274,0.0,0.0,0.031914893617021274,0.0,0.0,0.0,0.0,0.0,0.0,0.0,0.0,0.0,0.0,0.0,0.0,0.0,0.0,0.0
720575940626341680,GLUT,0.3368421052631579,0.1368421052631579,0.12631578947368421,0.06842105263157895,0.16842105263157894,0.042105263157894736,0.0,0.031578947368421054,0.02631578947368421,0.031578947368421054,0.0,0.0,0.0,0.0,0.0,0.031578947368421054,0.0,0.0,0.0,0.0,0.0,0.0,0.0,0.0,0.0,0.0,0.0,0.0,0.0,0.0
720575940626375501,GLUT,0.4171779141104294,0.12883435582822086,0.0,0.17177914110429449,0.0,0.049079754601226995,0.08588957055214724,0.03680981595092025,0.04294478527607362,0.0,0.0,0.0,0.06748466257668712,0.0,0.0,0.0,0.0,0.0,0.0,0.0,0.0,0.0,0.0,0.0,0.0,0.0,0.0,0.0,0.0,0.0
720575940626400304,ACH,0.37339055793991416,0.12017167381974249,0.13733905579399142,0.06866952789699571,0.1459227467811159,0.04291845493562232,0.02145922746781116,0.02145922746781116,0.0,0.0,0.03862660944206009,0.0,0.0,0.0,0.0,0.030042918454935622,0.0,0.0,0.0,0.0,0.0,0.0,0.0,0.0,0.0,0.0,0.0,0.0,0.0,0.0
720575940626426701,ACH,0.315,0.095,0.135,0.065,0.155,0.06,0.07,0.025,0.0,0.055,0.0,0.0,0.025,0.0,0.0,0.0,0.0,0.0,0.0,0.0,0.0,0.0,0.0,0.0,0.0,0.0,0.0,0.0,0.0,0.0
720575940626533220,ACH,0.24789915966386555,0.11764705882352941,0.12184873949579832,0.07563025210084033,0.18907563025210083,0.0546218487394958,0.058823529411764705,0.06302521008403361,0.0,0.05042016806722689,0.0,0.0,0.0,0.0,0.02100840336134454,0.0,0.0,0.0,0.0,0.0,0.0,0.0,0.0,0.0,0.0,0.0,0.0,0.0,0.0,0.0
720575940626614053,GLUT,0.36885245901639346,0.11475409836065574,0.11475409836065574,0.10655737704918032,0.04918032786885246,0.10655737704918032,0.0,0.09836065573770492,0.040983606557377046,0.0,0.0,0.0,0.0,0.0,0.0,0.0,0.0,0.0,0.0,0.0,0.0,0.0,0.0,0.0,0.0,0.0,0.0,0.0,0.0,0.0
720575940626630288,GLUT,0.4084507042253521,0.09389671361502347,0.11267605633802817,0.07981220657276995,0.1596244131455399,0.056338028169014086,0.0,0.06103286384976526,0.0,0.028169014084507043,0.0,0.0,0.0,0.0,0.0,0.0,0.0,0.0,0.0,0.0,0.0,0.0,0.0,0.0,0.0,0.0,0.0,0.0,0.0,0.0
720575940626673712,GLUT,0.04093567251461988,0.26900584795321636,0.07602339181286549,0.11695906432748537,0.0,0.1111111111111111,0.12280701754385964,0.05263157894736842,0.04093567251461988,0.0,0.03508771929824561,0.08771929824561403,0.04678362573099415,0.0,0.0,0.0,0.0,0.0,0.0,0.0,0.0,0.0,0.0,0.0,0.0,0.0,0.0,0.0,0.0,0.0
720575940626702480,ACH,0.35294117647058826,0.08455882352941177,0.14705882352941177,0.08455882352941177,0.04779411764705882,0.0625,0.05514705882352941,0.03308823529411765,0.01838235294117647,0.029411764705882353,0.051470588235294115,0.0,0.03308823529411765,0.0,0.0,0.0,0.0,0.0,0.0,0.0,0.0,0.0,0.0,0.0,0.0,0.0,0.0,0.0,0.0,0.0
720575940626774160,GLUT,0.0,0.1452513966480447,0.12849162011173185,0.11173184357541899,0.0,0.07262569832402235,0.09497206703910614,0.05027932960893855,0.09497206703910614,0.0,0.03910614525139665,0.0,0.027932960893854747,0.0,0.13966480446927373,0.0,0.0,0.0,0.0,0.0,0.0,0.0,0.09497206703910614,0.0,0.0,0.0,0.0,0.0,0.0,0.0
720575940626956837,GABA,0.3958333333333333,0.16145833333333334,0.078125,0.0625,0.0,0.0625,0.13541666666666666,0.0,0.03125,0.0,0.03125,0.041666666666666664,0.0,0.0,0.0,0.0,0.0,0.0,0.0,0.0,0.0,0.0,0.0,0.0,0.0,0.0,0.0,0.0,0.0,0.0
720575940627104284,ACH,0.24444444444444444,0.13777777777777778,0.13333333333333333,0.05333333333333334,0.18222222222222223,0.057777777777777775,0.02666666666666667,0.08,0.022222222222222223,0.0,0.0,0.0,0.035555555555555556,0.0,0.0,0.0,0.0,0.0,0.0,0.0,0.0,0.0,0.0,0.0,0.0,0.02666666666666667,0.0,0.0,0.0,0.0
720575940627130980,GLUT,0.03524229074889868,0.15859030837004406,0.14096916299559473,0.09691629955947137,0.1013215859030837,0.04405286343612335,0.12334801762114538,0.07048458149779736,0.048458149779735685,0.0,0.0,0.10572687224669604,0.022026431718061675,0.0,0.030837004405286344,0.0,0.0,0.0,0.0,0.0,0.022026431718061675,0.0,0.0,0.0,0.0,0.0,0.0,0.0,0.0,0.0
720575940627144323,ACH,0.31875,0.15625,0.1125,0.05,0.0,0.075,0.0625,0.03125,0.08125,0.03125,0.05,0.0,0.0,0.0,0.0,0.0,0.0,0.0,0.0,0.0,0.03125,0.0,0.0,0.0,0.0,0.0,0.0,0.0,0.0,0.0
720575940627148546,GLUT,0.4298245614035088,0.08771929824561403,0.12280701754385964,0.09649122807017543,0.0,0.09649122807017543,0.10526315789473684,0.06140350877192982,0.0,0.0,0.0,0.0,0.0,0.0,0.0,0.0,0.0,0.0,0.0,0.0,0.0,0.0,0.0,0.0,0.0,0.0,0.0,0.0,0.0,0.0
720575940627180290,ACH,0.38125,0.1875,0.20625,0.0,0.0,0.0875,0.0,0.03125,0.0375,0.0,0.06875,0.0,0.0,0.0,0.0,0.0,0.0,0.0,0.0,0.0,0.0,0.0,0.0,0.0,0.0,0.0,0.0,0.0,0.0,0.0
720575940627185436,ACH,0.38011695906432746,0.1111111111111111,0.13450292397660818,0.09941520467836257,0.16374269005847952,0.08187134502923976,0.0,0.029239766081871343,0.0,0.0,0.0,0.0,0.0,0.0,0.0,0.0,0.0,0.0,0.0,0.0,0.0,0.0,0.0,0.0,0.0,0.0,0.0,0.0,0.0,0.0
720575940627225274,ACH,0.3285024154589372,0.2028985507246377,0.057971014492753624,0.1111111111111111,0.0,0.06763285024154589,0.10144927536231885,0.04830917874396135,0.033816425120772944,0.0,0.024154589371980676,0.0,0.0,0.0,0.0,0.0,0.0,0.0,0.0,0.0,0.0,0.0,0.0,0.024154589371980676,0.0,0.0,0.0,0.0,0.0,0.0
720575940627289177,ACH,0.0,0.2,0.14285714285714285,0.12857142857142856,0.04285714285714286,0.11428571428571428,0.11428571428571428,0.07142857142857142,0.0,0.03571428571428571,0.10714285714285714,0.0,0.04285714285714286,0.0,0.0,0.0,0.0,0.0,0.0,0.0,0.0,0.0,0.0,0.0,0.0,0.0,0.0,0.0,0.0,0.0
720575940627446921,ACH,0.0,0.12605042016806722,0.23529411764705882,0.06722689075630252,0.2184873949579832,0.11764705882352941,0.0,0.10084033613445378,0.0,0.13445378151260504,0.0,0.0,0.0,0.0,0.0,0.0,0.0,0.0,0.0,0.0,0.0,0.0,0.0,0.0,0.0,0.0,0.0,0.0,0.0,0.0
720575940627469058,ACH,0.24120603015075376,0.1407035175879397,0.1457286432160804,0.12060301507537688,0.03015075376884422,0.10552763819095477,0.10050251256281408,0.04522613065326633,0.04522613065326633,0.0,0.0,0.02512562814070352,0.0,0.0,0.0,0.0,0.0,0.0,0.0,0.0,0.0,0.0,0.0,0.0,0.0,0.0,0.0,0.0,0.0,0.0
720575940627537497,GABA,0.3611111111111111,0.12777777777777777,0.11666666666666667,0.12222222222222222,0.03333333333333333,0.07222222222222222,0.03888888888888889,0.03888888888888889,0.03888888888888889,0.0,0.05,0.0,0.0,0.0,0.0,0.0,0.0,0.0,0.0,0.0,0.0,0.0,0.0,0.0,0.0,0.0,0.0,0.0,0.0,0.0
720575940627807065,ACH,0.08955223880597014,0.17164179104477612,0.1791044776119403,0.05223880597014925,0.13432835820895522,0.13432835820895522,0.04477611940298507,0.04477611940298507,0.04477611940298507,0.05223880597014925,0.0,0.05223880597014925,0.0,0.0,0.0,0.0,0.0,0.0,0.0,0.0,0.0,0.0,0.0,0.0,0.0,0.0,0.0,0.0,0.0,0.0
720575940627861125,GLUT,0.2248995983935743,0.1606425702811245,0.14457831325301204,0.08032128514056225,0.13654618473895583,0.04819277108433735,0.0642570281124498,0.06827309236947791,0.024096385542168676,0.024096385542168676,0.024096385542168676,0.0,0.0,0.0,0.0,0.0,0.0,0.0,0.0,0.0,0.0,0.0,0.0,0.0,0.0,0.0,0.0,0.0,0.0,0.0
720575940627903384,ACH,0.1267605633802817,0.0,0.2676056338028169,0.11267605633802817,0.0,0.18309859154929578,0.0,0.11267605633802817,0.0,0.0,0.1267605633802817,0.0,0.0,0.0,0.0,0.0,0.0,0.0,0.0,0.0,0.0,0.0,0.0,0.0,0.0,0.0,0.0,0.0,0.0,0.07042253521126761
720575940627945042,ACH,0.3111111111111111,0.2222222222222222,0.16666666666666666,0.10555555555555556,0.0,0.06111111111111111,0.0,0.03888888888888889,0.0,0.03888888888888889,0.0,0.0,0.0,0.0,0.0,0.0,0.0,0.0,0.05555555555555555,0.0,0.0,0.0,0.0,0.0,0.0,0.0,0.0,0.0,0.0,0.0
720575940627945554,ACH,0.3160919540229885,0.14367816091954022,0.14942528735632185,0.06321839080459771,0.08045977011494253,0.08620689655172414,0.06896551724137931,0.040229885057471264,0.0,0.0,0.05172413793103448,0.0,0.0,0.0,0.0,0.0,0.0,0.0,0.0,0.0,0.0,0.0,0.0,0.0,0.0,0.0,0.0,0.0,0.0,0.0
720575940627950973,ACH,0.2833333333333333,0.15416666666666667,0.1125,0.09166666666666666,0.08333333333333333,0.08333333333333333,0.025,0.029166666666666667,0.058333333333333334,0.0,0.041666666666666664,0.0375,0.0,0.0,0.0,0.0,0.0,0.0,0.0,0.0,0.0,0.0,0.0,0.0,0.0,0.0,0.0,0.0,0.0,0.0
720575940627958936,ACH,0.32432432432432434,0.14054054054054055,0.16756756756756758,0.10810810810810811,0.0918918918918919,0.0,0.0,0.0,0.08108108108108109,0.05945945945945946,0.0,0.0,0.0,0.0,0.0,0.02702702702702703,0.0,0.0,0.0,0.0,0.0,0.0,0.0,0.0,0.0,0.0,0.0,0.0,0.0,0.0
720575940628073554,ACH,0.27450980392156865,0.0718954248366013,0.17647058823529413,0.05228758169934641,0.0784313725490196,0.09803921568627451,0.09803921568627451,0.05228758169934641,0.05228758169934641,0.0,0.0,0.0457516339869281,0.0,0.0,0.0,0.0,0.0,0.0,0.0,0.0,0.0,0.0,0.0,0.0,0.0,0.0,0.0,0.0,0.0,0.0
720575940628148111,ACH,0.25,0.12946428571428573,0.10714285714285714,0.049107142857142856,0.13392857142857142,0.05357142857142857,0.05357142857142857,0.06696428571428571,0.03125,0.0,0.026785714285714284,0.07142857142857142,0.026785714285714284,0.0,0.0,0.0,0.0,0.0,0.0,0.0,0.0,0.0,0.0,0.0,0.0,0.0,0.0,0.0,0.0,0.0
720575940628188170,ACH,0.36486486486486486,0.24324324324324326,0.13513513513513514,0.14864864864864866,0.0,0.0,0.10810810810810811,0.0,0.0,0.0,0.0,0.0,0.0,0.0,0.0,0.0,0.0,0.0,0.0,0.0,0.0,0.0,0.0,0.0,0.0,0.0,0.0,0.0,0.0,0.0
720575940628189256,GLUT,0.3711340206185567,0.061855670103092786,0.0979381443298969,0.12371134020618557,0.03608247422680412,0.07731958762886598,0.030927835051546393,0.030927835051546393,0.061855670103092786,0.0,0.0,0.07216494845360824,0.0,0.0,0.0,0.0,0.0,0.0,0.0,0.0,0.03608247422680412,0.0,0.0,0.0,0.0,0.0,0.0,0.0,0.0,0.0
720575940628201786,ACH,0.423841059602649,0.033112582781456956,0.17218543046357615,0.11258278145695365,0.033112582781456956,0.0,0.033112582781456956,0.08609271523178808,0.052980132450331126,0.0,0.0,0.052980132450331126,0.0,0.0,0.0,0.0,0.0,0.0,0.0,0.0,0.0,0.0,0.0,0.0,0.0,0.0,0.0,0.0,0.0,0.0
720575940628218129,GABA,0.4270833333333333,0.14583333333333334,0.14583333333333334,0.13541666666666666,0.0,0.07291666666666667,0.0,0.07291666666666667,0.0,0.0,0.0,0.0,0.0,0.0,0.0,0.0,0.0,0.0,0.0,0.0,0.0,0.0,0.0,0.0,0.0,0.0,0.0,0.0,0.0,0.0
720575940628230223,GABA,0.32727272727272727,0.0,0.23030303030303031,0.0,0.048484848484848485,0.0,0.06666666666666667,0.03636363636363636,0.0,0.0,0.0,0.0,0.04242424242424243,0.19393939393939394,0.05454545454545454,0.0,0.0,0.0,0.0,0.0,0.0,0.0,0.0,0.0,0.0,0.0,0.0,0.0,0.0,0.0
720575940628254546,ACH,0.20346320346320346,0.12121212121212122,0.07792207792207792,0.0735930735930736,0.11255411255411256,0.047619047619047616,0.08658008658008658,0.03896103896103896,0.021645021645021644,0.025974025974025976,0.03896103896103896,0.0,0.12987012987012986,0.0,0.021645021645021644,0.0,0.0,0.0,0.0,0.0,0.0,0.0,0.0,0.0,0.0,0.0,0.0,0.0,0.0,0.0
720575940628288143,GLUT,0.24074074074074073,0.13703703703703704,0.15555555555555556,0.06666666666666667,0.044444444444444446,0.05555555555555555,0.16296296296296298,0.037037037037037035,0.022222222222222223,0.037037037037037035,0.040740740740740744,0.0,0.0,0.0,0.0,0.0,0.0,0.0,0.0,0.0,0.0,0.0,0.0,0.0,0.0,0.0,0.0,0.0,0.0,0.0
720575940628296872,OCT,0.375,0.0,0.225,0.0,0.0,0.0,0.0,0.05,0.0,0.0,0.0,0.0,0.05,0.3,0.0,0.0,0.0,0.0,0.0,0.0,0.0,0.0,0.0,0.0,0.0,0.0,0.0,0.0,0.0,0.0
720575940628302858,ACH,0.136,0.176,0.216,0.056,0.2,0.088,0.0,0.0,0.0,0.0,0.0,0.0,0.0,0.072,0.0,0.056,0.0,0.0,0.0,0.0,0.0,0.0,0.0,0.0,0.0,0.0,0.0,0.0,0.0,0.0
720575940628313402,ACH,0.3037037037037037,0.14074074074074075,0.08888888888888889,0.05925925925925926,0.037037037037037035,0.08888888888888889,0.0,0.037037037037037035,0.0,0.16296296296296298,0.08148148148148149,0.0,0.0,0.0,0.0,0.0,0.0,0.0,0.0,0.0,0.0,0.0,0.0,0.0,0.0,0.0,0.0,0.0,0.0,0.0
720575940628317778,GABA,0.4069767441860465,0.16279069767441862,0.18604651162790697,0.16279069767441862,0.0,0.08139534883720931,0.0,0.0,0.0,0.0,0.0,0.0,0.0,0.0,0.0,0.0,0.0,0.0,0.0,0.0,0.0,0.0,0.0,0.0,0.0,0.0,0.0,0.0,0.0,0.0
720575940628333992,ACH,0.2789473684210526,0.18421052631578946,0.11578947368421053,0.08947368421052632,0.04736842105263158,0.07368421052631578,0.06842105263157895,0.04736842105263158,0.03684210526315789,0.02631578947368421,0.0,0.0,0.031578947368421054,0.0,0.0,0.0,0.0,0.0,0.0,0.0,0.0,0.0,0.0,0.0,0.0,0.0,0.0,0.0,0.0,0.0
720575940628390404,ACH,0.3,0.14545454545454545,0.09545454545454546,0.05,0.08181818181818182,0.05454545454545454,0.11818181818181818,0.04090909090909091,0.04090909090909091,0.031818181818181815,0.0,0.04090909090909091,0.0,0.0,0.0,0.0,0.0,0.0,0.0,0.0,0.0,0.0,0.0,0.0,0.0,0.0,0.0,0.0,0.0,0.0
720575940628467985,ACH,0.3283582089552239,0.1691542288557214,0.1890547263681592,0.0,0.09950248756218906,0.06467661691542288,0.07462686567164178,0.0,0.0,0.04975124378109453,0.0,0.0,0.024875621890547265,0.0,0.0,0.0,0.0,0.0,0.0,0.0,0.0,0.0,0.0,0.0,0.0,0.0,0.0,0.0,0.0,0.0
720575940628478184,ACH,0.23873873873873874,0.14864864864864866,0.13963963963963963,0.04054054054054054,0.22522522522522523,0.04954954954954955,0.05405405405405406,0.04054054054054054,0.0,0.03153153153153153,0.0,0.0,0.03153153153153153,0.0,0.0,0.0,0.0,0.0,0.0,0.0,0.0,0.0,0.0,0.0,0.0,0.0,0.0,0.0,0.0,0.0
720575940628518287,ACH,0.0,0.1411042944785276,0.20245398773006135,0.09815950920245399,0.2331288343558282,0.09815950920245399,0.0,0.049079754601226995,0.0,0.12269938650306748,0.05521472392638037,0.0,0.0,0.0,0.0,0.0,0.0,0.0,0.0,0.0,0.0,0.0,0.0,0.0,0.0,0.0,0.0,0.0,0.0,0.0
720575940628543748,ACH,0.2,0.20714285714285716,0.2,0.04285714285714286,0.12142857142857143,0.12142857142857143,0.0,0.07142857142857142,0.0,0.0,0.0,0.0,0.03571428571428571,0.0,0.0,0.0,0.0,0.0,0.0,0.0,0.0,0.0,0.0,0.0,0.0,0.0,0.0,0.0,0.0,0.0
720575940628592917,GLUT,0.4298245614035088,0.2982456140350877,0.06140350877192982,0.07017543859649122,0.0,0.08771929824561403,0.0,0.05263157894736842,0.0,0.0,0.0,0.0,0.0,0.0,0.0,0.0,0.0,0.0,0.0,0.0,0.0,0.0,0.0,0.0,0.0,0.0,0.0,0.0,0.0,0.0
720575940628642044,ACH,0.3224043715846995,0.14207650273224043,0.08743169398907104,0.03278688524590164,0.07103825136612021,0.07103825136612021,0.08196721311475409,0.0546448087431694,0.060109289617486336,0.0,0.04371584699453552,0.03278688524590164,0.0,0.0,0.0,0.0,0.0,0.0,0.0,0.0,0.0,0.0,0.0,0.0,0.0,0.0,0.0,0.0,0.0,0.0
720575940628688616,GABA,0.35602094240837695,0.17801047120418848,0.06282722513089005,0.08900523560209424,0.031413612565445025,0.06282722513089005,0.05759162303664921,0.04712041884816754,0.0,0.03664921465968586,0.05235602094240838,0.0,0.0,0.0,0.0,0.0,0.0,0.0,0.0,0.0,0.0,0.0,0.02617801047120419,0.0,0.0,0.0,0.0,0.0,0.0,0.0
720575940628696232,GLUT,0.0,0.0,0.06293706293706294,0.13286713286713286,0.3076923076923077,0.09090909090909091,0.0,0.07692307692307693,0.0,0.06993006993006994,0.04895104895104895,0.0,0.03496503496503497,0.0,0.13286713286713286,0.0,0.0,0.0,0.0,0.0,0.0,0.0,0.0,0.04195804195804196,0.0,0.0,0.0,0.0,0.0,0.0
720575940628746312,ACH,0.30201342281879195,0.2080536912751678,0.16778523489932887,0.0738255033557047,0.0,0.087248322147651,0.087248322147651,0.040268456375838924,0.03355704697986577,0.0,0.0,0.0,0.0,0.0,0.0,0.0,0.0,0.0,0.0,0.0,0.0,0.0,0.0,0.0,0.0,0.0,0.0,0.0,0.0,0.0
720575940628762600,GLUT,0.35319148936170214,0.14468085106382977,0.08936170212765958,0.07234042553191489,0.05531914893617021,0.07234042553191489,0.06382978723404255,0.0,0.06382978723404255,0.02127659574468085,0.0425531914893617,0.0,0.02127659574468085,0.0,0.0,0.0,0.0,0.0,0.0,0.0,0.0,0.0,0.0,0.0,0.0,0.0,0.0,0.0,0.0,0.0
720575940628813316,ACH,0.3150684931506849,0.1506849315068493,0.136986301369863,0.0730593607305936,0.0684931506849315,0.0593607305936073,0.0410958904109589,0.0228310502283105,0.0,0.0,0.0730593607305936,0.0593607305936073,0.0,0.0,0.0,0.0,0.0,0.0,0.0,0.0,0.0,0.0,0.0,0.0,0.0,0.0,0.0,0.0,0.0,0.0
720575940628945148,GABA,0.0,0.1773049645390071,0.15602836879432624,0.07092198581560284,0.2198581560283688,0.09929078014184398,0.04964539007092199,0.05673758865248227,0.03546099290780142,0.09219858156028368,0.0425531914893617,0.0,0.0,0.0,0.0,0.0,0.0,0.0,0.0,0.0,0.0,0.0,0.0,0.0,0.0,0.0,0.0,0.0,0.0,0.0
720575940628962300,GLUT,0.0,0.17105263157894737,0.3815789473684211,0.13157894736842105,0.0,0.21052631578947367,0.0,0.10526315789473684,0.0,0.0,0.0,0.0,0.0,0.0,0.0,0.0,0.0,0.0,0.0,0.0,0.0,0.0,0.0,0.0,0.0,0.0,0.0,0.0,0.0,0.0
720575940629043708,ACH,0.0,0.2361111111111111,0.2708333333333333,0.09027777777777778,0.04861111111111111,0.1111111111111111,0.09722222222222222,0.0763888888888889,0.06944444444444445,0.0,0.0,0.0,0.0,0.0,0.0,0.0,0.0,0.0,0.0,0.0,0.0,0.0,0.0,0.0,0.0,0.0,0.0,0.0,0.0,0.0
720575940629070342,GLUT,0.3732394366197183,0.14084507042253522,0.1619718309859155,0.056338028169014086,0.056338028169014086,0.035211267605633804,0.0,0.0,0.0,0.176056338028169,0.0,0.0,0.0,0.0,0.0,0.0,0.0,0.0,0.0,0.0,0.0,0.0,0.0,0.0,0.0,0.0,0.0,0.0,0.0,0.0
720575940629079302,ACH,0.29955947136563876,0.16299559471365638,0.14537444933920704,0.07048458149779736,0.06167400881057269,0.05726872246696035,0.07048458149779736,0.05286343612334802,0.04405286343612335,0.0,0.03524229074889868,0.0,0.0,0.0,0.0,0.0,0.0,0.0,0.0,0.0,0.0,0.0,0.0,0.0,0.0,0.0,0.0,0.0,0.0,0.0
720575940629094599,ACH,0.0,0.2847222222222222,0.1736111111111111,0.11805555555555555,0.034722222222222224,0.09722222222222222,0.11805555555555555,0.041666666666666664,0.041666666666666664,0.0,0.04861111111111111,0.041666666666666664,0.0,0.0,0.0,0.0,0.0,0.0,0.0,0.0,0.0,0.0,0.0,0.0,0.0,0.0,0.0,0.0,0.0,0.0
720575940629166953,GLUT,0.3825136612021858,0.18032786885245902,0.14754098360655737,0.08743169398907104,0.060109289617486336,0.060109289617486336,0.0273224043715847,0.0273224043715847,0.0,0.0,0.0,0.0,0.0,0.0,0.0,0.0,0.0,0.0,0.0,0.0,0.0,0.0,0.0,0.0,0.0,0.0273224043715847,0.0,0.0,0.0,0.0
720575940629213127,ACH,0.32113821138211385,0.13821138211382114,0.16666666666666666,0.06910569105691057,0.052845528455284556,0.056910569105691054,0.08536585365853659,0.04878048780487805,0.028455284552845527,0.0,0.032520325203252036,0.0,0.0,0.0,0.0,0.0,0.0,0.0,0.0,0.0,0.0,0.0,0.0,0.0,0.0,0.0,0.0,0.0,0.0,0.0
720575940629315371,ACH,0.3413173652694611,0.11976047904191617,0.17365269461077845,0.0,0.059880239520958084,0.05389221556886228,0.0,0.04790419161676647,0.0,0.07784431137724551,0.05389221556886228,0.0,0.0,0.0,0.0,0.0,0.0,0.0,0.0718562874251497,0.0,0.0,0.0,0.0,0.0,0.0,0.0,0.0,0.0,0.0,0.0
720575940629425994,GLUT,0.34183673469387754,0.11734693877551021,0.07653061224489796,0.11224489795918367,0.07653061224489796,0.061224489795918366,0.09693877551020408,0.04081632653061224,0.04591836734693878,0.030612244897959183,0.0,0.0,0.0,0.0,0.0,0.0,0.0,0.0,0.0,0.0,0.0,0.0,0.0,0.0,0.0,0.0,0.0,0.0,0.0,0.0
720575940629612075,GLUT,0.38967136150234744,0.09859154929577464,0.14084507042253522,0.06103286384976526,0.0,0.08450704225352113,0.14084507042253522,0.06103286384976526,0.0,0.023474178403755867,0.0,0.0,0.0,0.0,0.0,0.0,0.0,0.0,0.0,0.0,0.0,0.0,0.0,0.0,0.0,0.0,0.0,0.0,0.0,0.0
720575940629621865,GABA,0.1624548736462094,0.1552346570397112,0.20216606498194944,0.07581227436823104,0.13357400722021662,0.05054151624548736,0.06498194945848375,0.05415162454873646,0.0,0.06498194945848375,0.0,0.0,0.018050541516245487,0.0,0.0,0.0,0.0,0.0,0.0,0.0,0.0,0.0,0.0,0.018050541516245487,0.0,0.0,0.0,0.0,0.0,0.0
720575940629673004,ACH,0.2571428571428571,0.1657142857142857,0.18285714285714286,0.07428571428571429,0.06285714285714286,0.06857142857142857,0.08571428571428572,0.05714285714285714,0.0,0.0,0.045714285714285714,0.0,0.0,0.0,0.0,0.0,0.0,0.0,0.0,0.0,0.0,0.0,0.0,0.0,0.0,0.0,0.0,0.0,0.0,0.0
720575940629673771,ACH,0.33877551020408164,0.09387755102040816,0.1346938775510204,0.12244897959183673,0.036734693877551024,0.07755102040816327,0.08571428571428572,0.044897959183673466,0.02857142857142857,0.0,0.0,0.0,0.036734693877551024,0.0,0.0,0.0,0.0,0.0,0.0,0.0,0.0,0.0,0.0,0.0,0.0,0.0,0.0,0.0,0.0,0.0
720575940629757739,GLUT,0.0,0.19411764705882353,0.1588235294117647,0.10588235294117647,0.17058823529411765,0.08823529411764706,0.1,0.052941176470588235,0.052941176470588235,0.0,0.0,0.07647058823529412,0.0,0.0,0.0,0.0,0.0,0.0,0.0,0.0,0.0,0.0,0.0,0.0,0.0,0.0,0.0,0.0,0.0,0.0
720575940629778987,GLUT,0.29347826086956524,0.14130434782608695,0.125,0.07065217391304347,0.0,0.06521739130434782,0.09239130434782608,0.0,0.06521739130434782,0.02717391304347826,0.03260869565217391,0.043478260869565216,0.043478260869565216,0.0,0.0,0.0,0.0,0.0,0.0,0.0,0.0,0.0,0.0,0.0,0.0,0.0,0.0,0.0,0.0,0.0
720575940629797648,GLUT,0.0,0.15625,0.11875,0.15625,0.1875,0.075,0.05625,0.08125,0.0,0.0875,0.0,0.0,0.05,0.0,0.03125,0.0,0.0,0.0,0.0,0.0,0.0,0.0,0.0,0.0,0.0,0.0,0.0,0.0,0.0,0.0
720575940629832195,ACH,0.32669322709163345,0.19123505976095617,0.12749003984063745,0.02390438247011952,0.06374501992031872,0.05179282868525897,0.10358565737051793,0.0,0.03187250996015936,0.0199203187250996,0.02390438247011952,0.035856573705179286,0.0,0.0,0.0,0.0,0.0,0.0,0.0,0.0,0.0,0.0,0.0,0.0,0.0,0.0,0.0,0.0,0.0,0.0
720575940629835419,ACH,0.3269230769230769,0.14903846153846154,0.10576923076923077,0.052884615384615384,0.11057692307692307,0.0625,0.052884615384615384,0.07211538461538461,0.03365384615384615,0.0,0.03365384615384615,0.0,0.0,0.0,0.0,0.0,0.0,0.0,0.0,0.0,0.0,0.0,0.0,0.0,0.0,0.0,0.0,0.0,0.0,0.0
720575940629915139,GLUT,0.18076923076923077,0.12307692307692308,0.1346153846153846,0.06538461538461539,0.16538461538461538,0.05,0.07692307692307693,0.038461538461538464,0.0,0.038461538461538464,0.019230769230769232,0.0,0.04230769230769231,0.0,0.0,0.0,0.0,0.0,0.06538461538461539,0.0,0.0,0.0,0.0,0.0,0.0,0.0,0.0,0.0,0.0,0.0
720575940630004792,ACH,0.31543624161073824,0.15100671140939598,0.15771812080536912,0.06040268456375839,0.04697986577181208,0.053691275167785234,0.0738255033557047,0.0,0.030201342281879196,0.0,0.0436241610738255,0.0,0.0436241610738255,0.0,0.0,0.0,0.02348993288590604,0.0,0.0,0.0,0.0,0.0,0.0,0.0,0.0,0.0,0.0,0.0,0.0,0.0
720575940630031003,GLUT,0.2802547770700637,0.08280254777070063,0.21656050955414013,0.11464968152866242,0.21656050955414013,0.050955414012738856,0.0,0.03821656050955414,0.0,0.0,0.0,0.0,0.0,0.0,0.0,0.0,0.0,0.0,0.0,0.0,0.0,0.0,0.0,0.0,0.0,0.0,0.0,0.0,0.0,0.0
720575940630135963,GABA,0.36585365853658536,0.13414634146341464,0.10365853658536585,0.10365853658536585,0.0,0.04878048780487805,0.07317073170731707,0.036585365853658534,0.036585365853658534,0.06097560975609756,0.036585365853658534,0.0,0.0,0.0,0.0,0.0,0.0,0.0,0.0,0.0,0.0,0.0,0.0,0.0,0.0,0.0,0.0,0.0,0.0,0.0
720575940630238567,GLUT,0.24615384615384617,0.13076923076923078,0.1,0.1076923076923077,0.14615384615384616,0.05384615384615385,0.05384615384615385,0.023076923076923078,0.0,0.03076923076923077,0.0,0.0,0.019230769230769232,0.0,0.0,0.03461538461538462,0.0,0.0,0.05384615384615385,0.0,0.0,0.0,0.0,0.0,0.0,0.0,0.0,0.0,0.0,0.0
720575940630306942,ACH,0.3791208791208791,0.1043956043956044,0.19230769230769232,0.0,0.15384615384615385,0.04395604395604396,0.0,0.0,0.0,0.07142857142857142,0.0,0.0,0.0,0.0,0.0,0.0,0.0,0.0,0.054945054945054944,0.0,0.0,0.0,0.0,0.0,0.0,0.0,0.0,0.0,0.0,0.0
720575940630415810,GABA,0.3597122302158273,0.1366906474820144,0.14388489208633093,0.1223021582733813,0.0,0.06474820143884892,0.050359712230215826,0.06474820143884892,0.0,0.0,0.0,0.0,0.0,0.0,0.0,0.0,0.05755395683453238,0.0,0.0,0.0,0.0,0.0,0.0,0.0,0.0,0.0,0.0,0.0,0.0,0.0
720575940630468858,ACH,0.0,0.14035087719298245,0.2543859649122807,0.06140350877192982,0.08771929824561403,0.06140350877192982,0.11403508771929824,0.07017543859649122,0.043859649122807015,0.0,0.0,0.06140350877192982,0.10526315789473684,0.0,0.0,0.0,0.0,0.0,0.0,0.0,0.0,0.0,0.0,0.0,0.0,0.0,0.0,0.0,0.0,0.0
720575940630487287,ACH,0.3522727272727273,0.09090909090909091,0.13636363636363635,0.045454545454545456,0.13636363636363635,0.0,0.0,0.06818181818181818,0.0,0.08522727272727272,0.028409090909090908,0.0,0.056818181818181816,0.0,0.0,0.0,0.0,0.0,0.0,0.0,0.0,0.0,0.0,0.0,0.0,0.0,0.0,0.0,0.0,0.0
720575940630490106,ACH,0.21224489795918366,0.11428571428571428,0.09795918367346938,0.1346938775510204,0.1469387755102041,0.036734693877551024,0.02857142857142857,0.024489795918367346,0.02040816326530612,0.11836734693877551,0.04081632653061224,0.0,0.024489795918367346,0.0,0.0,0.0,0.0,0.0,0.0,0.0,0.0,0.0,0.0,0.0,0.0,0.0,0.0,0.0,0.0,0.0
720575940630514558,ACH,0.28921568627450983,0.14215686274509803,0.12254901960784313,0.11274509803921569,0.11764705882352941,0.05392156862745098,0.0,0.07352941176470588,0.03431372549019608,0.029411764705882353,0.0,0.0,0.0,0.0,0.0,0.0,0.0,0.0,0.0,0.0,0.0,0.0,0.0,0.0,0.0,0.024509803921568627,0.0,0.0,0.0,0.0
720575940630603255,GLUT,0.3391812865497076,0.0935672514619883,0.08187134502923976,0.1111111111111111,0.07602339181286549,0.11695906432748537,0.05263157894736842,0.0,0.04678362573099415,0.0,0.0,0.08187134502923976,0.0,0.0,0.0,0.0,0.0,0.0,0.0,0.0,0.0,0.0,0.0,0.0,0.0,0.0,0.0,0.0,0.0,0.0
720575940630611712,ACH,0.21428571428571427,0.10150375939849623,0.09398496240601503,0.05639097744360902,0.2669172932330827,0.05263157894736842,0.018796992481203006,0.04887218045112782,0.018796992481203006,0.06015037593984962,0.02631578947368421,0.0,0.022556390977443608,0.0,0.0,0.0,0.0,0.0,0.0,0.0,0.0,0.0,0.0,0.018796992481203006,0.0,0.0,0.0,0.0,0.0,0.0
720575940630687098,ACH,0.08808290155440414,0.17098445595854922,0.13471502590673576,0.09844559585492228,0.19689119170984457,0.04145077720207254,0.0,0.046632124352331605,0.0,0.12953367875647667,0.06735751295336788,0.0,0.025906735751295335,0.0,0.0,0.0,0.0,0.0,0.0,0.0,0.0,0.0,0.0,0.0,0.0,0.0,0.0,0.0,0.0,0.0
720575940630717175,GLUT,0.0,0.16521739130434782,0.24347826086956523,0.13043478260869565,0.0,0.12173913043478261,0.17391304347826086,0.06086956521739131,0.043478260869565216,0.0,0.0,0.0,0.0,0.0,0.06086956521739131,0.0,0.0,0.0,0.0,0.0,0.0,0.0,0.0,0.0,0.0,0.0,0.0,0.0,0.0,0.0
720575940630742316,GLUT,0.3383458646616541,0.18796992481203006,0.12781954887218044,0.09022556390977443,0.0,0.09022556390977443,0.06015037593984962,0.03759398496240601,0.0,0.0,0.0,0.0,0.0,0.0,0.0,0.0,0.06766917293233082,0.0,0.0,0.0,0.0,0.0,0.0,0.0,0.0,0.0,0.0,0.0,0.0,0.0
720575940630837292,ACH,0.0,0.2692307692307692,0.22115384615384615,0.15384615384615385,0.23076923076923078,0.0,0.0673076923076923,0.0,0.057692307692307696,0.0,0.0,0.0,0.0,0.0,0.0,0.0,0.0,0.0,0.0,0.0,0.0,0.0,0.0,0.0,0.0,0.0,0.0,0.0,0.0,0.0
720575940630851639,GLUT,0.28879310344827586,0.13793103448275862,0.09482758620689655,0.0603448275862069,0.09051724137931035,0.07327586206896551,0.07327586206896551,0.04741379310344827,0.05172413793103448,0.02586206896551724,0.034482758620689655,0.0,0.0,0.0,0.0,0.0,0.0,0.0,0.0,0.0,0.021551724137931036,0.0,0.0,0.0,0.0,0.0,0.0,0.0,0.0,0.0
720575940630885932,ACH,0.2883435582822086,0.12883435582822086,0.18404907975460122,0.09815950920245399,0.09815950920245399,0.03067484662576687,0.0,0.03680981595092025,0.0,0.08588957055214724,0.0,0.0,0.049079754601226995,0.0,0.0,0.0,0.0,0.0,0.0,0.0,0.0,0.0,0.0,0.0,0.0,0.0,0.0,0.0,0.0,0.0
720575940630975036,GLUT,0.30456852791878175,0.16243654822335024,0.17766497461928935,0.06598984771573604,0.03553299492385787,0.08121827411167512,0.06091370558375635,0.03553299492385787,0.0,0.0,0.04060913705583756,0.0,0.0,0.0,0.0,0.0,0.03553299492385787,0.0,0.0,0.0,0.0,0.0,0.0,0.0,0.0,0.0,0.0,0.0,0.0,0.0
720575940630991360,ACH,0.0,0.0,0.2857142857142857,0.0,0.0,0.0,0.14285714285714285,0.0,0.0,0.0,0.0,0.0,0.0,0.5714285714285714,0.0,0.0,0.0,0.0,0.0,0.0,0.0,0.0,0.0,0.0,0.0,0.0,0.0,0.0,0.0,0.0
720575940631041079,GLUT,0.0,0.21390374331550802,0.12299465240641712,0.1711229946524064,0.12834224598930483,0.0962566844919786,0.11764705882352941,0.0748663101604278,0.0374331550802139,0.0,0.0,0.0374331550802139,0.0,0.0,0.0,0.0,0.0,0.0,0.0,0.0,0.0,0.0,0.0,0.0,0.0,0.0,0.0,0.0,0.0,0.0
720575940631095291,GLUT,0.0,0.26515151515151514,0.17424242424242425,0.08333333333333333,0.06818181818181818,0.11363636363636363,0.09848484848484848,0.03787878787878788,0.08333333333333333,0.03787878787878788,0.03787878787878788,0.0,0.0,0.0,0.0,0.0,0.0,0.0,0.0,0.0,0.0,0.0,0.0,0.0,0.0,0.0,0.0,0.0,0.0,0.0
720575940631140919,ACH,0.2245762711864407,0.11016949152542373,0.13983050847457626,0.11864406779661017,0.038135593220338986,0.0635593220338983,0.03389830508474576,0.05084745762711865,0.05084745762711865,0.0,0.05508474576271186,0.029661016949152543,0.0,0.0,0.0,0.0,0.0,0.0,0.0,0.0,0.0,0.0,0.0,0.0847457627118644,0.0,0.0,0.0,0.0,0.0,0.0
720575940631205420,GLUT,0.3669724770642202,0.13761467889908258,0.09174311926605505,0.06422018348623854,0.10550458715596331,0.07339449541284404,0.06422018348623854,0.05504587155963303,0.04128440366972477,0.0,0.0,0.0,0.0,0.0,0.0,0.0,0.0,0.0,0.0,0.0,0.0,0.0,0.0,0.0,0.0,0.0,0.0,0.0,0.0,0.0
720575940631246556,GABA,0.0,0.16161616161616163,0.13131313131313133,0.20202020202020202,0.26262626262626265,0.10101010101010101,0.0,0.0707070707070707,0.0,0.0707070707070707,0.0,0.0,0.0,0.0,0.0,0.0,0.0,0.0,0.0,0.0,0.0,0.0,0.0,0.0,0.0,0.0,0.0,0.0,0.0,0.0
720575940631247580,ACH,0.2962962962962963,0.18981481481481483,0.10185185185185185,0.12037037037037036,0.0,0.07407407407407407,0.12962962962962962,0.037037037037037035,0.05092592592592592,0.0,0.0,0.0,0.0,0.0,0.0,0.0,0.0,0.0,0.0,0.0,0.0,0.0,0.0,0.0,0.0,0.0,0.0,0.0,0.0,0.0
720575940631305180,ACH,0.20833333333333334,0.1375,0.10416666666666667,0.10833333333333334,0.03333333333333333,0.05416666666666667,0.1,0.041666666666666664,0.05,0.025,0.029166666666666667,0.06666666666666667,0.0,0.0,0.0,0.0,0.0,0.0,0.0,0.0,0.0,0.0,0.0,0.0,0.041666666666666664,0.0,0.0,0.0,0.0,0.0
720575940631406329,GLUT,0.31413612565445026,0.14659685863874344,0.20418848167539266,0.11518324607329843,0.04712041884816754,0.06806282722513089,0.02617801047120419,0.0,0.041884816753926704,0.0,0.0,0.03664921465968586,0.0,0.0,0.0,0.0,0.0,0.0,0.0,0.0,0.0,0.0,0.0,0.0,0.0,0.0,0.0,0.0,0.0,0.0
720575940631433785,GLUT,0.3058823529411765,0.13725490196078433,0.19215686274509805,0.06274509803921569,0.050980392156862744,0.058823529411764705,0.08235294117647059,0.03137254901960784,0.027450980392156862,0.023529411764705882,0.027450980392156862,0.0,0.0,0.0,0.0,0.0,0.0,0.0,0.0,0.0,0.0,0.0,0.0,0.0,0.0,0.0,0.0,0.0,0.0,0.0
720575940631439734,ACH,0.32142857142857145,0.16071428571428573,0.13690476190476192,0.047619047619047616,0.07142857142857142,0.06547619047619048,0.08333333333333333,0.0,0.02976190476190476,0.0,0.0,0.047619047619047616,0.03571428571428571,0.0,0.0,0.0,0.0,0.0,0.0,0.0,0.0,0.0,0.0,0.0,0.0,0.0,0.0,0.0,0.0,0.0
720575940631524695,GLUT,0.11627906976744186,0.18604651162790697,0.14728682170542637,0.15503875968992248,0.0,0.06201550387596899,0.06976744186046512,0.06201550387596899,0.046511627906976744,0.0,0.03875968992248062,0.0,0.0,0.0,0.0,0.0,0.0,0.11627906976744186,0.0,0.0,0.0,0.0,0.0,0.0,0.0,0.0,0.0,0.0,0.0,0.0
720575940631524805,ACH,0.3333333333333333,0.07575757575757576,0.13636363636363635,0.06060606060606061,0.0,0.07575757575757576,0.10606060606060606,0.03535353535353535,0.025252525252525252,0.030303030303030304,0.09090909090909091,0.0,0.030303030303030304,0.0,0.0,0.0,0.0,0.0,0.0,0.0,0.0,0.0,0.0,0.0,0.0,0.0,0.0,0.0,0.0,0.0
720575940631526518,GLUT,0.31794871794871793,0.14358974358974358,0.14871794871794872,0.09743589743589744,0.07692307692307693,0.07179487179487179,0.06153846153846154,0.0,0.02564102564102564,0.0,0.05641025641025641,0.0,0.0,0.0,0.0,0.0,0.0,0.0,0.0,0.0,0.0,0.0,0.0,0.0,0.0,0.0,0.0,0.0,0.0,0.0
720575940631547991,GLUT,0.3154121863799283,0.13978494623655913,0.12186379928315412,0.05734767025089606,0.1003584229390681,0.04659498207885305,0.017921146953405017,0.021505376344086023,0.0,0.13978494623655913,0.0,0.0,0.03942652329749104,0.0,0.0,0.0,0.0,0.0,0.0,0.0,0.0,0.0,0.0,0.0,0.0,0.0,0.0,0.0,0.0,0.0
720575940631557228,GABA,0.3425414364640884,0.12154696132596685,0.1712707182320442,0.11602209944751381,0.03867403314917127,0.0718232044198895,0.07734806629834254,0.03314917127071823,0.0,0.027624309392265192,0.0,0.0,0.0,0.0,0.0,0.0,0.0,0.0,0.0,0.0,0.0,0.0,0.0,0.0,0.0,0.0,0.0,0.0,0.0,0.0
720575940631599611,ACH,0.0,0.2,0.18888888888888888,0.06666666666666667,0.0,0.1111111111111111,0.14444444444444443,0.1,0.05555555555555555,0.0,0.0,0.13333333333333333,0.0,0.0,0.0,0.0,0.0,0.0,0.0,0.0,0.0,0.0,0.0,0.0,0.0,0.0,0.0,0.0,0.0,0.0
720575940631806539,ACH,0.14893617021276595,0.1773049645390071,0.1276595744680851,0.07092198581560284,0.0425531914893617,0.07092198581560284,0.10638297872340426,0.03546099290780142,0.0425531914893617,0.0,0.07801418439716312,0.05673758865248227,0.0425531914893617,0.0,0.0,0.0,0.0,0.0,0.0,0.0,0.0,0.0,0.0,0.0,0.0,0.0,0.0,0.0,0.0,0.0
720575940631844626,ACH,0.0,0.0,0.3829787234042553,0.0,0.3829787234042553,0.0,0.0,0.23404255319148937,0.0,0.0,0.0,0.0,0.0,0.0,0.0,0.0,0.0,0.0,0.0,0.0,0.0,0.0,0.0,0.0,0.0,0.0,0.0,0.0,0.0,0.0
720575940631880399,GABA,0.2537313432835821,0.208955223880597,0.11194029850746269,0.08955223880597014,0.03731343283582089,0.05223880597014925,0.06716417910447761,0.03731343283582089,0.0,0.0,0.09701492537313433,0.0,0.04477611940298507,0.0,0.0,0.0,0.0,0.0,0.0,0.0,0.0,0.0,0.0,0.0,0.0,0.0,0.0,0.0,0.0,0.0
720575940631952715,ACH,0.3051948051948052,0.16233766233766234,0.09740259740259741,0.09090909090909091,0.032467532467532464,0.045454545454545456,0.12987012987012986,0.0,0.05844155844155844,0.0,0.045454545454545456,0.032467532467532464,0.0,0.0,0.0,0.0,0.0,0.0,0.0,0.0,0.0,0.0,0.0,0.0,0.0,0.0,0.0,0.0,0.0,0.0
720575940632001733,ACH,0.0,0.23529411764705882,0.27058823529411763,0.27058823529411763,0.0,0.10588235294117647,0.0,0.058823529411764705,0.0,0.0,0.0,0.0,0.0,0.0,0.0,0.0,0.0,0.0,0.0,0.0,0.0,0.0,0.0,0.0,0.0,0.0,0.0,0.0,0.0,0.058823529411764705
720575940632115983,GLUT,0.35,0.155,0.15,0.09,0.0,0.095,0.0,0.025,0.025,0.045,0.0,0.0,0.025,0.0,0.0,0.0,0.04,0.0,0.0,0.0,0.0,0.0,0.0,0.0,0.0,0.0,0.0,0.0,0.0,0.0
720575940632200207,ACH,0.2896825396825397,0.10317460317460317,0.1746031746031746,0.0873015873015873,0.0,0.06746031746031746,0.07936507936507936,0.047619047619047616,0.0,0.03968253968253968,0.031746031746031744,0.027777777777777776,0.031746031746031744,0.0,0.01984126984126984,0.0,0.0,0.0,0.0,0.0,0.0,0.0,0.0,0.0,0.0,0.0,0.0,0.0,0.0,0.0
720575940632230418,ACH,0.0,0.1870967741935484,0.11612903225806452,0.12258064516129032,0.08387096774193549,0.1032258064516129,0.0967741935483871,0.10967741935483871,0.04516129032258064,0.05161290322580645,0.0,0.0,0.03225806451612903,0.0,0.0,0.0,0.0,0.0,0.0,0.0,0.0,0.0,0.0,0.0,0.0,0.0,0.0,0.0,0.05161290322580645,0.0
720575940632243218,GLUT,0.051470588235294115,0.17647058823529413,0.18382352941176472,0.19852941176470587,0.0,0.13970588235294118,0.13970588235294118,0.07352941176470588,0.03676470588235294,0.0,0.0,0.0,0.0,0.0,0.0,0.0,0.0,0.0,0.0,0.0,0.0,0.0,0.0,0.0,0.0,0.0,0.0,0.0,0.0,0.0
720575940632451897,GLUT,0.3384615384615385,0.08205128205128205,0.20512820512820512,0.10256410256410256,0.08205128205128205,0.05641025641025641,0.09743589743589744,0.035897435897435895,0.0,0.0,0.0,0.0,0.0,0.0,0.0,0.0,0.0,0.0,0.0,0.0,0.0,0.0,0.0,0.0,0.0,0.0,0.0,0.0,0.0,0.0
720575940632482105,GABA,0.3045977011494253,0.14942528735632185,0.14367816091954022,0.05172413793103448,0.028735632183908046,0.09770114942528736,0.09195402298850575,0.040229885057471264,0.0,0.0,0.028735632183908046,0.06321839080459771,0.0,0.0,0.0,0.0,0.0,0.0,0.0,0.0,0.0,0.0,0.0,0.0,0.0,0.0,0.0,0.0,0.0,0.0
720575940632539434,ACH,0.39901477832512317,0.15270935960591134,0.12807881773399016,0.09852216748768473,0.0,0.08374384236453201,0.0,0.0,0.04433497536945813,0.029556650246305417,0.034482758620689655,0.0,0.029556650246305417,0.0,0.0,0.0,0.0,0.0,0.0,0.0,0.0,0.0,0.0,0.0,0.0,0.0,0.0,0.0,0.0,0.0
720575940632631097,GLUT,0.3229571984435798,0.12840466926070038,0.15953307392996108,0.10116731517509728,0.0,0.058365758754863814,0.0622568093385214,0.042801556420233464,0.05058365758754864,0.05058365758754864,0.0,0.023346303501945526,0.0,0.0,0.0,0.0,0.0,0.0,0.0,0.0,0.0,0.0,0.0,0.0,0.0,0.0,0.0,0.0,0.0,0.0
720575940632696377,GLUT,0.12745098039215685,0.13725490196078433,0.17647058823529413,0.09803921568627451,0.08823529411764706,0.04411764705882353,0.0392156862745098,0.049019607843137254,0.05392156862745098,0.024509803921568627,0.0,0.08333333333333333,0.0,0.0,0.0784313725490196,0.0,0.0,0.0,0.0,0.0,0.0,0.0,0.0,0.0,0.0,0.0,0.0,0.0,0.0,0.0
720575940632733753,ACH,0.3316062176165803,0.12435233160621761,0.09326424870466321,0.03626943005181347,0.21761658031088082,0.06217616580310881,0.0,0.08290155440414508,0.025906735751295335,0.0,0.0,0.0,0.025906735751295335,0.0,0.0,0.0,0.0,0.0,0.0,0.0,0.0,0.0,0.0,0.0,0.0,0.0,0.0,0.0,0.0,0.0
720575940632737327,GABA,0.2488479262672811,0.12903225806451613,0.15668202764976957,0.09216589861751152,0.03225806451612903,0.07373271889400922,0.09216589861751152,0.04608294930875576,0.03686635944700461,0.03225806451612903,0.03686635944700461,0.0,0.0,0.0,0.0,0.0,0.0,0.0,0.0,0.0,0.0,0.0,0.0,0.0,0.02304147465437788,0.0,0.0,0.0,0.0,0.0
720575940632746296,ACH,0.4022346368715084,0.10614525139664804,0.11173184357541899,0.12849162011173185,0.0,0.055865921787709494,0.07262569832402235,0.0,0.027932960893854747,0.0446927374301676,0.0,0.0,0.0,0.0,0.0,0.0,0.0,0.0,0.05027932960893855,0.0,0.0,0.0,0.0,0.0,0.0,0.0,0.0,0.0,0.0,0.0
720575940632853816,GLUT,0.0,0.13274336283185842,0.24778761061946902,0.10619469026548672,0.05309734513274336,0.1415929203539823,0.07964601769911504,0.168141592920354,0.0,0.0,0.0,0.07079646017699115,0.0,0.0,0.0,0.0,0.0,0.0,0.0,0.0,0.0,0.0,0.0,0.0,0.0,0.0,0.0,0.0,0.0,0.0
720575940633122607,GLUT,0.42276422764227645,0.22764227642276422,0.0,0.0,0.0,0.10569105691056911,0.10569105691056911,0.0,0.0,0.0,0.0,0.08943089430894309,0.04878048780487805,0.0,0.0,0.0,0.0,0.0,0.0,0.0,0.0,0.0,0.0,0.0,0.0,0.0,0.0,0.0,0.0,0.0
720575940633169177,ACH,0.38613861386138615,0.14356435643564355,0.0594059405940594,0.0297029702970297,0.06930693069306931,0.0594059405940594,0.054455445544554455,0.039603960396039604,0.034653465346534656,0.0594059405940594,0.0297029702970297,0.0,0.034653465346534656,0.0,0.0,0.0,0.0,0.0,0.0,0.0,0.0,0.0,0.0,0.0,0.0,0.0,0.0,0.0,0.0,0.0
720575940633230929,GLUT,0.27485380116959063,0.2046783625730994,0.09941520467836257,0.1286549707602339,0.029239766081871343,0.08771929824561403,0.0935672514619883,0.05263157894736842,0.029239766081871343,0.0,0.0,0.0,0.0,0.0,0.0,0.0,0.0,0.0,0.0,0.0,0.0,0.0,0.0,0.0,0.0,0.0,0.0,0.0,0.0,0.0
720575940633292461,ACH,0.0,0.13402061855670103,0.3711340206185567,0.21649484536082475,0.0,0.1134020618556701,0.05154639175257732,0.0,0.0,0.1134020618556701,0.0,0.0,0.0,0.0,0.0,0.0,0.0,0.0,0.0,0.0,0.0,0.0,0.0,0.0,0.0,0.0,0.0,0.0,0.0,0.0
720575940633366995,GLUT,0.23809523809523808,0.14682539682539683,0.0992063492063492,0.0992063492063492,0.17063492063492064,0.05952380952380952,0.0,0.03571428571428571,0.023809523809523808,0.07539682539682539,0.027777777777777776,0.0,0.0,0.0,0.023809523809523808,0.0,0.0,0.0,0.0,0.0,0.0,0.0,0.0,0.0,0.0,0.0,0.0,0.0,0.0,0.0
720575940633450188,GLUT,0.0,0.2047244094488189,0.16535433070866143,0.0,0.29133858267716534,0.08661417322834646,0.03937007874015748,0.07086614173228346,0.0,0.08661417322834646,0.0,0.0,0.05511811023622047,0.0,0.0,0.0,0.0,0.0,0.0,0.0,0.0,0.0,0.0,0.0,0.0,0.0,0.0,0.0,0.0,0.0
720575940633497631,ACH,0.3568281938325991,0.11894273127753303,0.07488986784140969,0.06607929515418502,0.18061674008810572,0.048458149779735685,0.07488986784140969,0.05286343612334802,0.0,0.0,0.02643171806167401,0.0,0.0,0.0,0.0,0.0,0.0,0.0,0.0,0.0,0.0,0.0,0.0,0.0,0.0,0.0,0.0,0.0,0.0,0.0
720575940633541165,GLUT,0.43010752688172044,0.07526881720430108,0.0,0.0,0.0,0.1935483870967742,0.0,0.24731182795698925,0.0,0.053763440860215055,0.0,0.0,0.0,0.0,0.0,0.0,0.0,0.0,0.0,0.0,0.0,0.0,0.0,0.0,0.0,0.0,0.0,0.0,0.0,0.0
720575940633631661,GABA,0.30405405405405406,0.1554054054054054,0.1554054054054054,0.10810810810810811,0.04054054054054054,0.08108108108108109,0.060810810810810814,0.0945945945945946,0.0,0.0,0.0,0.0,0.0,0.0,0.0,0.0,0.0,0.0,0.0,0.0,0.0,0.0,0.0,0.0,0.0,0.0,0.0,0.0,0.0,0.0
720575940633691437,ACH,0.0,0.1437908496732026,0.24836601307189543,0.13725490196078433,0.11764705882352941,0.10457516339869281,0.10457516339869281,0.05228758169934641,0.058823529411764705,0.0,0.0,0.032679738562091505,0.0,0.0,0.0,0.0,0.0,0.0,0.0,0.0,0.0,0.0,0.0,0.0,0.0,0.0,0.0,0.0,0.0,0.0
720575940633707821,ACH,0.2851985559566787,0.10830324909747292,0.11552346570397112,0.07220216606498195,0.07942238267148015,0.061371841155234655,0.10108303249097472,0.039711191335740074,0.018050541516245487,0.0,0.06859205776173286,0.0,0.0,0.0,0.0,0.0,0.02888086642599278,0.0,0.0,0.0,0.0,0.0,0.0,0.0,0.021660649819494584,0.0,0.0,0.0,0.0,0.0
720575940633734739,GLUT,0.0425531914893617,0.24822695035460993,0.19148936170212766,0.06382978723404255,0.07092198581560284,0.12056737588652482,0.09219858156028368,0.0,0.06382978723404255,0.06382978723404255,0.0425531914893617,0.0,0.0,0.0,0.0,0.0,0.0,0.0,0.0,0.0,0.0,0.0,0.0,0.0,0.0,0.0,0.0,0.0,0.0,0.0
720575940633745747,ACH,0.24481327800829875,0.16182572614107885,0.0954356846473029,0.0954356846473029,0.15352697095435686,0.05394190871369295,0.0,0.04979253112033195,0.03319502074688797,0.058091286307053944,0.0,0.0,0.05394190871369295,0.0,0.0,0.0,0.0,0.0,0.0,0.0,0.0,0.0,0.0,0.0,0.0,0.0,0.0,0.0,0.0,0.0
720575940633791277,GLUT,0.0,0.24074074074074073,0.0,0.23148148148148148,0.08333333333333333,0.06481481481481481,0.12962962962962962,0.08333333333333333,0.12037037037037036,0.0,0.0,0.0,0.046296296296296294,0.0,0.0,0.0,0.0,0.0,0.0,0.0,0.0,0.0,0.0,0.0,0.0,0.0,0.0,0.0,0.0,0.0
720575940633830701,GLUT,0.40782122905027934,0.2011173184357542,0.08379888268156424,0.05027932960893855,0.0,0.07262569832402235,0.07262569832402235,0.0446927374301676,0.0,0.0,0.0335195530726257,0.0,0.0335195530726257,0.0,0.0,0.0,0.0,0.0,0.0,0.0,0.0,0.0,0.0,0.0,0.0,0.0,0.0,0.0,0.0,0.0
720575940633840685,ACH,0.3,0.18095238095238095,0.07142857142857142,0.05714285714285714,0.11904761904761904,0.06666666666666667,0.08571428571428572,0.047619047619047616,0.04285714285714286,0.02857142857142857,0.0,0.0,0.0,0.0,0.0,0.0,0.0,0.0,0.0,0.0,0.0,0.0,0.0,0.0,0.0,0.0,0.0,0.0,0.0,0.0
720575940633857107,GLUT,0.30198019801980197,0.13861386138613863,0.07425742574257425,0.10396039603960396,0.0,0.08415841584158416,0.054455445544554455,0.039603960396039604,0.07425742574257425,0.04455445544554455,0.04455445544554455,0.039603960396039604,0.0,0.0,0.0,0.0,0.0,0.0,0.0,0.0,0.0,0.0,0.0,0.0,0.0,0.0,0.0,0.0,0.0,0.0
720575940634046419,GLUT,0.30970149253731344,0.11194029850746269,0.13059701492537312,0.08582089552238806,0.04477611940298507,0.0708955223880597,0.048507462686567165,0.026119402985074626,0.041044776119402986,0.0,0.029850746268656716,0.03731343283582089,0.022388059701492536,0.0,0.022388059701492536,0.0,0.0,0.0,0.0,0.0,0.0,0.0,0.0,0.018656716417910446,0.0,0.0,0.0,0.0,0.0,0.0
720575940634222049,ACH,0.32894736842105265,0.12280701754385964,0.11403508771929824,0.039473684210526314,0.19736842105263158,0.05701754385964912,0.03508771929824561,0.04824561403508772,0.03508771929824561,0.021929824561403508,0.0,0.0,0.0,0.0,0.0,0.0,0.0,0.0,0.0,0.0,0.0,0.0,0.0,0.0,0.0,0.0,0.0,0.0,0.0,0.0
720575940634232290,GLUT,0.20920502092050208,0.13807531380753138,0.16317991631799164,0.10460251046025104,0.07112970711297072,0.08786610878661087,0.07112970711297072,0.05439330543933055,0.04184100418410042,0.0,0.0,0.03347280334728033,0.0,0.0,0.0,0.0,0.0,0.0,0.0,0.0,0.0,0.0,0.0,0.0,0.0,0.0,0.0,0.0,0.02510460251046025,0.0
720575940634281186,ACH,0.05673758865248227,0.19148936170212766,0.16312056737588654,0.16312056737588654,0.10638297872340426,0.10638297872340426,0.0,0.07801418439716312,0.07092198581560284,0.0,0.06382978723404255,0.0,0.0,0.0,0.0,0.0,0.0,0.0,0.0,0.0,0.0,0.0,0.0,0.0,0.0,0.0,0.0,0.0,0.0,0.0
720575940634502370,GABA,0.0,0.05747126436781609,0.39080459770114945,0.0,0.0,0.0,0.08045977011494253,0.09195402298850575,0.05747126436781609,0.0,0.0,0.0,0.0,0.3218390804597701,0.0,0.0,0.0,0.0,0.0,0.0,0.0,0.0,0.0,0.0,0.0,0.0,0.0,0.0,0.0,0.0
720575940634525153,SER,0.23963133640552994,0.0967741935483871,0.09216589861751152,0.08294930875576037,0.24423963133640553,0.04608294930875576,0.041474654377880185,0.041474654377880185,0.0,0.02304147465437788,0.0,0.0,0.03686635944700461,0.0,0.0,0.055299539170506916,0.0,0.0,0.0,0.0,0.0,0.0,0.0,0.0,0.0,0.0,0.0,0.0,0.0,0.0
720575940634530530,GLUT,0.36,0.155,0.15,0.05,0.0,0.08,0.055,0.03,0.025,0.0,0.03,0.035,0.0,0.0,0.0,0.0,0.03,0.0,0.0,0.0,0.0,0.0,0.0,0.0,0.0,0.0,0.0,0.0,0.0,0.0
720575940635028761,ACH,0.08771929824561403,0.15789473684210525,0.43859649122807015,0.0,0.0,0.19298245614035087,0.0,0.0,0.0,0.12280701754385964,0.0,0.0,0.0,0.0,0.0,0.0,0.0,0.0,0.0,0.0,0.0,0.0,0.0,0.0,0.0,0.0,0.0,0.0,0.0,0.0
720575940635324572,ACH,0.21875,0.12053571428571429,0.17857142857142858,0.0625,0.11607142857142858,0.05803571428571429,0.05803571428571429,0.049107142857142856,0.0,0.08482142857142858,0.0,0.0,0.0,0.0,0.0,0.0,0.0,0.0,0.05357142857142857,0.0,0.0,0.0,0.0,0.0,0.0,0.0,0.0,0.0,0.0,0.0
720575940635530848,GLUT,0.2822966507177033,0.15311004784688995,0.15789473684210525,0.1291866028708134,0.0,0.07655502392344497,0.05263157894736842,0.03827751196172249,0.04784688995215311,0.0,0.0,0.03827751196172249,0.0,0.0,0.0,0.0,0.023923444976076555,0.0,0.0,0.0,0.0,0.0,0.0,0.0,0.0,0.0,0.0,0.0,0.0,0.0
720575940635589530,ACH,0.233502538071066,0.14213197969543148,0.2182741116751269,0.1065989847715736,0.03553299492385787,0.08629441624365482,0.05583756345177665,0.0,0.03553299492385787,0.0,0.030456852791878174,0.05583756345177665,0.0,0.0,0.0,0.0,0.0,0.0,0.0,0.0,0.0,0.0,0.0,0.0,0.0,0.0,0.0,0.0,0.0,0.0
720575940635605183,ACH,0.22767857142857142,0.12946428571428573,0.09375,0.0625,0.16071428571428573,0.05357142857142857,0.08035714285714286,0.06696428571428571,0.04017857142857143,0.03571428571428571,0.026785714285714284,0.022321428571428572,0.0,0.0,0.0,0.0,0.0,0.0,0.0,0.0,0.0,0.0,0.0,0.0,0.0,0.0,0.0,0.0,0.0,0.0
720575940635846847,GLUT,0.0,0.22302158273381295,0.10071942446043165,0.08633093525179857,0.19424460431654678,0.07913669064748201,0.04316546762589928,0.050359712230215826,0.0,0.12949640287769784,0.0,0.0,0.04316546762589928,0.0,0.0,0.050359712230215826,0.0,0.0,0.0,0.0,0.0,0.0,0.0,0.0,0.0,0.0,0.0,0.0,0.0,0.0
720575940635917675,ACH,0.0,0.19424460431654678,0.2302158273381295,0.1223021582733813,0.07913669064748201,0.07913669064748201,0.07194244604316546,0.06474820143884892,0.0,0.05755395683453238,0.03597122302158273,0.0,0.06474820143884892,0.0,0.0,0.0,0.0,0.0,0.0,0.0,0.0,0.0,0.0,0.0,0.0,0.0,0.0,0.0,0.0,0.0
720575940636153195,GLUT,0.0,0.1276595744680851,0.14893617021276595,0.10638297872340426,0.26063829787234044,0.05319148936170213,0.0,0.0797872340425532,0.047872340425531915,0.07446808510638298,0.026595744680851064,0.0,0.03723404255319149,0.0,0.0,0.0,0.0,0.0,0.0,0.0,0.0,0.0,0.0,0.0,0.0,0.03723404255319149,0.0,0.0,0.0,0.0
720575940636160504,ACH,0.2529411764705882,0.14705882352941177,0.058823529411764705,0.029411764705882353,0.20588235294117646,0.06470588235294118,0.08823529411764706,0.052941176470588235,0.041176470588235294,0.0,0.0,0.0,0.0,0.0,0.0,0.0,0.0,0.0,0.0,0.0,0.0,0.0,0.0,0.0,0.0,0.058823529411764705,0.0,0.0,0.0,0.0
720575940636190571,GLUT,0.03296703296703297,0.17032967032967034,0.18681318681318682,0.06593406593406594,0.12637362637362637,0.0989010989010989,0.13186813186813187,0.04945054945054945,0.04395604395604396,0.0,0.04395604395604396,0.04945054945054945,0.0,0.0,0.0,0.0,0.0,0.0,0.0,0.0,0.0,0.0,0.0,0.0,0.0,0.0,0.0,0.0,0.0,0.0
720575940636208888,ACH,0.25257731958762886,0.13917525773195877,0.13402061855670103,0.06701030927835051,0.19072164948453607,0.07731958762886598,0.030927835051546393,0.07731958762886598,0.0,0.0,0.0,0.0,0.0,0.0,0.0,0.0,0.0,0.0,0.0,0.0,0.0,0.0,0.0,0.0,0.0,0.0,0.0,0.0,0.030927835051546393,0.0
720575940636539896,ACH,0.3081081081081081,0.15135135135135136,0.17297297297297298,0.0918918918918919,0.08108108108108109,0.06486486486486487,0.07567567567567568,0.02702702702702703,0.0,0.0,0.0,0.02702702702702703,0.0,0.0,0.0,0.0,0.0,0.0,0.0,0.0,0.0,0.0,0.0,0.0,0.0,0.0,0.0,0.0,0.0,0.0
720575940636748911,GLUT,0.3675675675675676,0.11891891891891893,0.11891891891891893,0.10270270270270271,0.03783783783783784,0.043243243243243246,0.05405405405405406,0.02702702702702703,0.0,0.0,0.0,0.07567567567567568,0.02702702702702703,0.0,0.0,0.0,0.0,0.0,0.0,0.0,0.02702702702702703,0.0,0.0,0.0,0.0,0.0,0.0,0.0,0.0,0.0
720575940636781167,GLUT,0.34210526315789475,0.13157894736842105,0.08552631578947369,0.15789473684210525,0.0,0.046052631578947366,0.06578947368421052,0.06578947368421052,0.03289473684210526,0.0,0.03289473684210526,0.039473684210526314,0.0,0.0,0.0,0.0,0.0,0.0,0.0,0.0,0.0,0.0,0.0,0.0,0.0,0.0,0.0,0.0,0.0,0.0
720575940636820591,ACH,0.0,0.14285714285714285,0.18681318681318682,0.14285714285714285,0.07692307692307693,0.17582417582417584,0.10989010989010989,0.10989010989010989,0.0,0.0,0.0,0.0,0.054945054945054944,0.0,0.0,0.0,0.0,0.0,0.0,0.0,0.0,0.0,0.0,0.0,0.0,0.0,0.0,0.0,0.0,0.0
720575940636922735,GABA,0.0,0.1917808219178082,0.1643835616438356,0.136986301369863,0.0,0.1643835616438356,0.1232876712328767,0.1095890410958904,0.0,0.0,0.1095890410958904,0.0,0.0,0.0,0.0,0.0,0.0,0.0,0.0,0.0,0.0,0.0,0.0,0.0,0.0,0.0,0.0,0.0,0.0,0.0
720575940636943727,ACH,0.0,0.15137614678899083,0.11009174311926606,0.16972477064220184,0.0,0.10091743119266056,0.0779816513761468,0.027522935779816515,0.13761467889908258,0.027522935779816515,0.06422018348623854,0.045871559633027525,0.0,0.0,0.0,0.0,0.022935779816513763,0.0,0.0,0.0,0.0,0.03211009174311927,0.0,0.0,0.0,0.0,0.0,0.03211009174311927,0.0,0.0
720575940637030007,GABA,0.3170731707317073,0.0,0.0,0.0,0.0,0.0,0.04065040650406504,0.0,0.06504065040650407,0.0,0.0,0.0,0.0,0.0,0.07317073170731707,0.0,0.0,0.5040650406504065,0.0,0.0,0.0,0.0,0.0,0.0,0.0,0.0,0.0,0.0,0.0,0.0
720575940637063543,ACH,0.03205128205128205,0.17307692307692307,0.21153846153846154,0.1282051282051282,0.1346153846153846,0.09615384615384616,0.09615384615384616,0.04487179487179487,0.05128205128205128,0.0,0.0,0.03205128205128205,0.0,0.0,0.0,0.0,0.0,0.0,0.0,0.0,0.0,0.0,0.0,0.0,0.0,0.0,0.0,0.0,0.0,0.0
720575940637167582,ACH,0.23979591836734693,0.07142857142857142,0.18877551020408162,0.09183673469387756,0.20408163265306123,0.08163265306122448,0.0,0.030612244897959183,0.0,0.09183673469387756,0.0,0.0,0.0,0.0,0.0,0.0,0.0,0.0,0.0,0.0,0.0,0.0,0.0,0.0,0.0,0.0,0.0,0.0,0.0,0.0
720575940637804144,ACH,0.3053097345132743,0.13716814159292035,0.18584070796460178,0.13716814159292035,0.0,0.06637168141592921,0.09734513274336283,0.030973451327433628,0.03982300884955752,0.0,0.0,0.0,0.0,0.0,0.0,0.0,0.0,0.0,0.0,0.0,0.0,0.0,0.0,0.0,0.0,0.0,0.0,0.0,0.0,0.0
720575940637820272,GABA,0.0,1.0,0.0,0.0,0.0,0.0,0.0,0.0,0.0,0.0,0.0,0.0,0.0,0.0,0.0,0.0,0.0,0.0,0.0,0.0,0.0,0.0,0.0,0.0,0.0,0.0,0.0,0.0,0.0,0.0
720575940638069872,ACH,0.2816326530612245,0.11428571428571428,0.1673469387755102,0.09387755102040816,0.02857142857142857,0.09795918367346938,0.07755102040816327,0.0,0.02857142857142857,0.02040816326530612,0.04897959183673469,0.02040816326530612,0.02040816326530612,0.0,0.0,0.0,0.0,0.0,0.0,0.0,0.0,0.0,0.0,0.0,0.0,0.0,0.0,0.0,0.0,0.0
720575940638649822,ACH,0.38961038961038963,0.11688311688311688,0.0,0.11038961038961038,0.0,0.03896103896103896,0.0,0.0,0.032467532467532464,0.0,0.0,0.0,0.032467532467532464,0.0,0.0,0.03896103896103896,0.0,0.17532467532467533,0.0,0.06493506493506493,0.0,0.0,0.0,0.0,0.0,0.0,0.0,0.0,0.0,0.0
720575940638749274,GLUT,0.36507936507936506,0.10317460317460317,0.1349206349206349,0.1349206349206349,0.07936507936507936,0.07142857142857142,0.0,0.0,0.0,0.0,0.03968253968253968,0.0,0.07142857142857142,0.0,0.0,0.0,0.0,0.0,0.0,0.0,0.0,0.0,0.0,0.0,0.0,0.0,0.0,0.0,0.0,0.0
720575940639003455,GABA,0.42391304347826086,0.14130434782608695,0.18478260869565216,0.0,0.07608695652173914,0.10869565217391304,0.0,0.0,0.0,0.06521739130434782,0.0,0.0,0.0,0.0,0.0,0.0,0.0,0.0,0.0,0.0,0.0,0.0,0.0,0.0,0.0,0.0,0.0,0.0,0.0,0.0
720575940639006948,GLUT,0.0,0.16,0.176,0.112,0.12,0.128,0.104,0.08,0.08,0.0,0.0,0.0,0.04,0.0,0.0,0.0,0.0,0.0,0.0,0.0,0.0,0.0,0.0,0.0,0.0,0.0,0.0,0.0,0.0,0.0
720575940639054569,GLUT,0.23728813559322035,0.13559322033898305,0.11440677966101695,0.11440677966101695,0.0,0.0847457627118644,0.09745762711864407,0.06779661016949153,0.09745762711864407,0.029661016949152543,0.0,0.0,0.0,0.0,0.0,0.0,0.0,0.0,0.0,0.0,0.0,0.0211864406779661,0.0,0.0,0.0,0.0,0.0,0.0,0.0,0.0
720575940639062106,GLUT,0.3458646616541353,0.16541353383458646,0.14285714285714285,0.08270676691729323,0.0,0.06015037593984962,0.10526315789473684,0.03759398496240601,0.0,0.06015037593984962,0.0,0.0,0.0,0.0,0.0,0.0,0.0,0.0,0.0,0.0,0.0,0.0,0.0,0.0,0.0,0.0,0.0,0.0,0.0,0.0
720575940639064297,GLUT,0.0,0.19205298013245034,0.1390728476821192,0.17218543046357615,0.12582781456953643,0.08609271523178808,0.10596026490066225,0.033112582781456956,0.07947019867549669,0.0,0.06622516556291391,0.0,0.0,0.0,0.0,0.0,0.0,0.0,0.0,0.0,0.0,0.0,0.0,0.0,0.0,0.0,0.0,0.0,0.0,0.0
720575940639674200,GLUT,0.4236111111111111,0.2222222222222222,0.16666666666666666,0.0,0.0,0.11805555555555555,0.0,0.034722222222222224,0.0,0.0,0.034722222222222224,0.0,0.0,0.0,0.0,0.0,0.0,0.0,0.0,0.0,0.0,0.0,0.0,0.0,0.0,0.0,0.0,0.0,0.0,0.0
720575940639696829,GLUT,0.3227848101265823,0.0,0.2088607594936709,0.10759493670886076,0.0,0.10126582278481013,0.0,0.056962025316455694,0.0759493670886076,0.0,0.0,0.0,0.0,0.0,0.12658227848101267,0.0,0.0,0.0,0.0,0.0,0.0,0.0,0.0,0.0,0.0,0.0,0.0,0.0,0.0,0.0
720575940639702094,ACH,0.0,0.12987012987012986,0.15584415584415584,0.11038961038961038,0.09090909090909091,0.06493506493506493,0.03896103896103896,0.07792207792207792,0.0,0.2727272727272727,0.0,0.0,0.0,0.0,0.0,0.0,0.0,0.0,0.0,0.0,0.0,0.0,0.05844155844155844,0.0,0.0,0.0,0.0,0.0,0.0,0.0
720575940639790013,ACH,0.30158730158730157,0.1693121693121693,0.13756613756613756,0.07407407407407407,0.042328042328042326,0.06349206349206349,0.037037037037037035,0.0582010582010582,0.0,0.031746031746031744,0.0,0.08465608465608465,0.0,0.0,0.0,0.0,0.0,0.0,0.0,0.0,0.0,0.0,0.0,0.0,0.0,0.0,0.0,0.0,0.0,0.0
720575940639837373,ACH,0.40756302521008403,0.08823529411764706,0.05042016806722689,0.1134453781512605,0.046218487394957986,0.06302521008403361,0.0,0.04201680672268908,0.03361344537815126,0.0546218487394958,0.07142857142857142,0.0,0.029411764705882353,0.0,0.0,0.0,0.0,0.0,0.0,0.0,0.0,0.0,0.0,0.0,0.0,0.0,0.0,0.0,0.0,0.0
720575940640042941,ACH,0.2669902912621359,0.18446601941747573,0.17475728155339806,0.10679611650485436,0.05339805825242718,0.09223300970873786,0.0970873786407767,0.0,0.0,0.0,0.0,0.0,0.024271844660194174,0.0,0.0,0.0,0.0,0.0,0.0,0.0,0.0,0.0,0.0,0.0,0.0,0.0,0.0,0.0,0.0,0.0
720575940640047925,GABA,0.0,0.22321428571428573,0.10714285714285714,0.09821428571428571,0.07142857142857142,0.10714285714285714,0.16071428571428573,0.0625,0.08928571428571429,0.0,0.08035714285714286,0.0,0.0,0.0,0.0,0.0,0.0,0.0,0.0,0.0,0.0,0.0,0.0,0.0,0.0,0.0,0.0,0.0,0.0,0.0
720575940640148277,ACH,0.0,0.2616822429906542,0.16822429906542055,0.08411214953271028,0.0,0.06542056074766354,0.04672897196261682,0.16822429906542055,0.102803738317757,0.0,0.0,0.102803738317757,0.0,0.0,0.0,0.0,0.0,0.0,0.0,0.0,0.0,0.0,0.0,0.0,0.0,0.0,0.0,0.0,0.0,0.0
720575940640152509,GLUT,0.22535211267605634,0.1596244131455399,0.10328638497652583,0.08450704225352113,0.07511737089201878,0.06103286384976526,0.056338028169014086,0.03286384976525822,0.051643192488262914,0.0,0.051643192488262914,0.09859154929577464,0.0,0.0,0.0,0.0,0.0,0.0,0.0,0.0,0.0,0.0,0.0,0.0,0.0,0.0,0.0,0.0,0.0,0.0
720575940640214325,ACH,0.24354243542435425,0.15129151291512916,0.13653136531365315,0.07749077490774908,0.1881918819188192,0.033210332103321034,0.02952029520295203,0.033210332103321034,0.02952029520295203,0.03690036900369004,0.02214022140221402,0.0,0.0,0.0,0.0,0.0,0.0,0.0,0.0,0.0,0.01845018450184502,0.0,0.0,0.0,0.0,0.0,0.0,0.0,0.0,0.0
720575940640214643,GABA,0.17894736842105263,0.1736842105263158,0.15263157894736842,0.1,0.0,0.09473684210526316,0.12631578947368421,0.02631578947368421,0.05789473684210526,0.042105263157894736,0.04736842105263158,0.0,0.0,0.0,0.0,0.0,0.0,0.0,0.0,0.0,0.0,0.0,0.0,0.0,0.0,0.0,0.0,0.0,0.0,0.0
720575940640279093,ACH,0.3716216216216216,0.14864864864864866,0.1554054054054054,0.13513513513513514,0.0,0.06756756756756757,0.08783783783783784,0.0,0.033783783783783786,0.0,0.0,0.0,0.0,0.0,0.0,0.0,0.0,0.0,0.0,0.0,0.0,0.0,0.0,0.0,0.0,0.0,0.0,0.0,0.0,0.0
720575940640304462,ACH,0.1464968152866242,0.09554140127388536,0.07006369426751592,0.17834394904458598,0.0,0.06369426751592357,0.0,0.0,0.2484076433121019,0.05732484076433121,0.0,0.0,0.0,0.0,0.0,0.03184713375796178,0.0,0.0,0.0,0.0,0.0,0.10828025477707007,0.0,0.0,0.0,0.0,0.0,0.0,0.0,0.0
720575940640426611,GLUT,0.24855491329479767,0.16184971098265896,0.14450867052023122,0.11560693641618497,0.03468208092485549,0.10404624277456648,0.057803468208092484,0.03468208092485549,0.05202312138728324,0.046242774566473986,0.0,0.0,0.0,0.0,0.0,0.0,0.0,0.0,0.0,0.0,0.0,0.0,0.0,0.0,0.0,0.0,0.0,0.0,0.0,0.0
720575940640655779,GLUT,0.27800829875518673,0.07883817427385892,0.07883817427385892,0.07468879668049792,0.13692946058091288,0.06639004149377593,0.03734439834024896,0.03319502074688797,0.04564315352697095,0.0,0.08713692946058091,0.0,0.024896265560165973,0.0,0.024896265560165973,0.0,0.0,0.0,0.0,0.0,0.03319502074688797,0.0,0.0,0.0,0.0,0.0,0.0,0.0,0.0,0.0
720575940640674211,GLUT,0.0,0.1813186813186813,0.17582417582417584,0.08791208791208792,0.12637362637362637,0.12087912087912088,0.09340659340659341,0.0,0.038461538461538464,0.027472527472527472,0.03296703296703297,0.11538461538461539,0.0,0.0,0.0,0.0,0.0,0.0,0.0,0.0,0.0,0.0,0.0,0.0,0.0,0.0,0.0,0.0,0.0,0.0
720575940640677795,GLUT,0.0,0.1357142857142857,0.16428571428571428,0.12857142857142856,0.11428571428571428,0.04285714285714286,0.06428571428571428,0.0,0.0,0.21428571428571427,0.0,0.0,0.05,0.0,0.0,0.0,0.0,0.0,0.08571428571428572,0.0,0.0,0.0,0.0,0.0,0.0,0.0,0.0,0.0,0.0,0.0
720575940640690339,GLUT,0.0,0.10666666666666667,0.22666666666666666,0.14666666666666667,0.18666666666666668,0.09333333333333334,0.0,0.05333333333333334,0.0,0.14666666666666667,0.04,0.0,0.0,0.0,0.0,0.0,0.0,0.0,0.0,0.0,0.0,0.0,0.0,0.0,0.0,0.0,0.0,0.0,0.0,0.0
720575940640691619,ACH,0.0,0.0,0.0,0.17045454545454544,0.0,0.06818181818181818,0.0,0.0,0.2159090909090909,0.1590909090909091,0.0,0.0,0.0,0.0,0.0,0.0,0.0,0.0,0.0,0.0,0.0,0.18181818181818182,0.0,0.0,0.13636363636363635,0.0,0.0,0.06818181818181818,0.0,0.0
720575940640724864,ACH,0.28846153846153844,0.15865384615384615,0.07211538461538461,0.08173076923076923,0.09134615384615384,0.057692307692307696,0.0673076923076923,0.04326923076923077,0.028846153846153848,0.02403846153846154,0.0625,0.0,0.0,0.0,0.0,0.0,0.0,0.0,0.0,0.0,0.0,0.0,0.0,0.0,0.0,0.0,0.0,0.0,0.02403846153846154,0.0
720575940641054592,ACH,0.047058823529411764,0.19411764705882353,0.18235294117647058,0.07058823529411765,0.10588235294117647,0.09411764705882353,0.12941176470588237,0.07058823529411765,0.07647058823529412,0.0,0.0,0.0,0.029411764705882353,0.0,0.0,0.0,0.0,0.0,0.0,0.0,0.0,0.0,0.0,0.0,0.0,0.0,0.0,0.0,0.0,0.0
720575940641073024,GLUT,0.2641509433962264,0.16981132075471697,0.12830188679245283,0.1018867924528302,0.0,0.07547169811320754,0.04905660377358491,0.0,0.026415094339622643,0.052830188679245285,0.06415094339622641,0.018867924528301886,0.022641509433962263,0.0,0.026415094339622643,0.0,0.0,0.0,0.0,0.0,0.0,0.0,0.0,0.0,0.0,0.0,0.0,0.0,0.0,0.0
720575940641200512,GABA,0.3173076923076923,0.125,0.1346153846153846,0.10096153846153846,0.057692307692307696,0.09134615384615384,0.028846153846153848,0.052884615384615384,0.038461538461538464,0.028846153846153848,0.02403846153846154,0.0,0.0,0.0,0.0,0.0,0.0,0.0,0.0,0.0,0.0,0.0,0.0,0.0,0.0,0.0,0.0,0.0,0.0,0.0
720575940641487568,ACH,0.3088803088803089,0.11583011583011583,0.14671814671814673,0.10038610038610038,0.05405405405405406,0.05791505791505792,0.0694980694980695,0.023166023166023165,0.02702702702702703,0.019305019305019305,0.02702702702702703,0.0,0.03088803088803089,0.0,0.0,0.0,0.0,0.0,0.0,0.0,0.0,0.0,0.0,0.0,0.0,0.0,0.0,0.0,0.019305019305019305,0.0
720575940641534197,GLUT,0.0,0.17834394904458598,0.1592356687898089,0.1337579617834395,0.11464968152866242,0.10828025477707007,0.09554140127388536,0.06369426751592357,0.08280254777070063,0.03184713375796178,0.0,0.0,0.03184713375796178,0.0,0.0,0.0,0.0,0.0,0.0,0.0,0.0,0.0,0.0,0.0,0.0,0.0,0.0,0.0,0.0,0.0
720575940641763981,ACH,0.27692307692307694,0.1282051282051282,0.08717948717948718,0.07179487179487179,0.07692307692307693,0.06153846153846154,0.08205128205128205,0.07179487179487179,0.03076923076923077,0.0,0.035897435897435895,0.07692307692307693,0.0,0.0,0.0,0.0,0.0,0.0,0.0,0.0,0.0,0.0,0.0,0.0,0.0,0.0,0.0,0.0,0.0,0.0
720575940642439899,ACH,0.3686868686868687,0.14646464646464646,0.1111111111111111,0.08585858585858586,0.10101010101010101,0.08585858585858586,0.06565656565656566,0.0,0.03535353535353535,0.0,0.0,0.0,0.0,0.0,0.0,0.0,0.0,0.0,0.0,0.0,0.0,0.0,0.0,0.0,0.0,0.0,0.0,0.0,0.0,0.0
720575940643054733,ACH,0.36082474226804123,0.13402061855670103,0.08247422680412371,0.05670103092783505,0.09278350515463918,0.0979381443298969,0.061855670103092786,0.030927835051546393,0.0,0.05670103092783505,0.02577319587628866,0.0,0.0,0.0,0.0,0.0,0.0,0.0,0.0,0.0,0.0,0.0,0.0,0.0,0.0,0.0,0.0,0.0,0.0,0.0
720575940643202445,GLUT,0.0,0.2468354430379747,0.13924050632911392,0.18354430379746836,0.0,0.12658227848101267,0.0,0.04430379746835443,0.08227848101265822,0.08227848101265822,0.0,0.0949367088607595,0.0,0.0,0.0,0.0,0.0,0.0,0.0,0.0,0.0,0.0,0.0,0.0,0.0,0.0,0.0,0.0,0.0,0.0
720575940643239821,ACH,0.2558139534883721,0.19534883720930232,0.14418604651162792,0.13488372093023257,0.0,0.06511627906976744,0.04186046511627907,0.06511627906976744,0.0,0.023255813953488372,0.0,0.037209302325581395,0.037209302325581395,0.0,0.0,0.0,0.0,0.0,0.0,0.0,0.0,0.0,0.0,0.0,0.0,0.0,0.0,0.0,0.0,0.0
720575940644260768,GLUT,0.0,0.21666666666666667,0.225,0.041666666666666664,0.11666666666666667,0.15,0.058333333333333334,0.0,0.041666666666666664,0.0,0.09166666666666666,0.0,0.0,0.0,0.0,0.0,0.0,0.0,0.0,0.0,0.058333333333333334,0.0,0.0,0.0,0.0,0.0,0.0,0.0,0.0,0.0
720575940644449480,ACH,0.2545454545454545,0.11363636363636363,0.09545454545454546,0.08181818181818182,0.11363636363636363,0.07727272727272727,0.10454545454545454,0.04090909090909091,0.06363636363636363,0.0,0.05454545454545454,0.0,0.0,0.0,0.0,0.0,0.0,0.0,0.0,0.0,0.0,0.0,0.0,0.0,0.0,0.0,0.0,0.0,0.0,0.0
720575940644726728,GABA,0.3316582914572864,0.18090452261306533,0.1457286432160804,0.12562814070351758,0.0,0.06532663316582915,0.05527638190954774,0.04522613065326633,0.0,0.0,0.0,0.05025125628140704,0.0,0.0,0.0,0.0,0.0,0.0,0.0,0.0,0.0,0.0,0.0,0.0,0.0,0.0,0.0,0.0,0.0,0.0
720575940644873416,ACH,0.0,0.25,0.19,0.05,0.24,0.11,0.09,0.07,0.0,0.0,0.0,0.0,0.0,0.0,0.0,0.0,0.0,0.0,0.0,0.0,0.0,0.0,0.0,0.0,0.0,0.0,0.0,0.0,0.0,0.0
720575940645050568,GLUT,0.23247232472324722,0.1070110701107011,0.0959409594095941,0.08856088560885608,0.12546125461254612,0.05904059040590406,0.0,0.04428044280442804,0.0,0.12177121771217712,0.04059040590405904,0.0,0.0,0.0,0.0,0.08487084870848709,0.0,0.0,0.0,0.0,0.0,0.0,0.0,0.0,0.0,0.0,0.0,0.0,0.0,0.0
720575940645369111,ACH,0.2914572864321608,0.16080402010050251,0.10552763819095477,0.03015075376884422,0.135678391959799,0.06532663316582915,0.11557788944723618,0.0,0.04020100502512563,0.0,0.03015075376884422,0.0,0.0,0.0,0.02512562814070352,0.0,0.0,0.0,0.0,0.0,0.0,0.0,0.0,0.0,0.0,0.0,0.0,0.0,0.0,0.0
720575940645427236,ACH,0.3698630136986301,0.136986301369863,0.091324200913242,0.1095890410958904,0.0228310502283105,0.0639269406392694,0.0867579908675799,0.0,0.0410958904109589,0.0,0.0,0.0547945205479452,0.0228310502283105,0.0,0.0,0.0,0.0,0.0,0.0,0.0,0.0,0.0,0.0,0.0,0.0,0.0,0.0,0.0,0.0,0.0
720575940645617175,ACH,0.3303964757709251,0.1145374449339207,0.13215859030837004,0.08370044052863436,0.05726872246696035,0.0881057268722467,0.10572687224669604,0.02643171806167401,0.02643171806167401,0.0,0.03524229074889868,0.0,0.0,0.0,0.0,0.0,0.0,0.0,0.0,0.0,0.0,0.0,0.0,0.0,0.0,0.0,0.0,0.0,0.0,0.0
720575940645877271,GLUT,0.2953020134228188,0.11409395973154363,0.10067114093959731,0.0738255033557047,0.20134228187919462,0.03691275167785235,0.0436241610738255,0.02348993288590604,0.0,0.09060402684563758,0.0,0.0,0.020134228187919462,0.0,0.0,0.0,0.0,0.0,0.0,0.0,0.0,0.0,0.0,0.0,0.0,0.0,0.0,0.0,0.0,0.0
720575940646244462,ACH,0.0,0.22448979591836735,0.11224489795918367,0.1326530612244898,0.16326530612244897,0.1326530612244898,0.0,0.10204081632653061,0.061224489795918366,0.0,0.0,0.0,0.07142857142857142,0.0,0.0,0.0,0.0,0.0,0.0,0.0,0.0,0.0,0.0,0.0,0.0,0.0,0.0,0.0,0.0,0.0
720575940646380654,GLUT,0.03389830508474576,0.1864406779661017,0.22033898305084745,0.096045197740113,0.03954802259887006,0.13559322033898305,0.10734463276836158,0.0,0.04519774011299435,0.0,0.0,0.10734463276836158,0.0,0.0,0.0,0.0,0.02824858757062147,0.0,0.0,0.0,0.0,0.0,0.0,0.0,0.0,0.0,0.0,0.0,0.0,0.0
720575940647152931,GLUT,0.35789473684210527,0.11578947368421053,0.1,0.13157894736842105,0.0,0.08947368421052632,0.08947368421052632,0.042105263157894736,0.03684210526315789,0.0,0.0,0.03684210526315789,0.0,0.0,0.0,0.0,0.0,0.0,0.0,0.0,0.0,0.0,0.0,0.0,0.0,0.0,0.0,0.0,0.0,0.0
720575940647525940,ACH,0.35384615384615387,0.14871794871794872,0.1794871794871795,0.10256410256410256,0.05128205128205128,0.06666666666666667,0.07179487179487179,0.02564102564102564,0.0,0.0,0.0,0.0,0.0,0.0,0.0,0.0,0.0,0.0,0.0,0.0,0.0,0.0,0.0,0.0,0.0,0.0,0.0,0.0,0.0,0.0
720575940647654452,ACH,0.423841059602649,0.19205298013245034,0.09271523178807947,0.046357615894039736,0.0,0.052980132450331126,0.046357615894039736,0.06622516556291391,0.0,0.0,0.0,0.0,0.033112582781456956,0.0,0.046357615894039736,0.0,0.0,0.0,0.0,0.0,0.0,0.0,0.0,0.0,0.0,0.0,0.0,0.0,0.0,0.0
720575940647842356,ACH,0.2948717948717949,0.1282051282051282,0.11538461538461539,0.09615384615384616,0.04487179487179487,0.11538461538461539,0.07692307692307693,0.038461538461538464,0.04487179487179487,0.0,0.04487179487179487,0.0,0.0,0.0,0.0,0.0,0.0,0.0,0.0,0.0,0.0,0.0,0.0,0.0,0.0,0.0,0.0,0.0,0.0,0.0
720575940648335748,ACH,0.3246753246753247,0.09523809523809523,0.1341991341991342,0.05627705627705628,0.11255411255411256,0.047619047619047616,0.06060606060606061,0.025974025974025976,0.0,0.06926406926406926,0.0,0.0,0.030303030303030304,0.0,0.0,0.0,0.0,0.0,0.04329004329004329,0.0,0.0,0.0,0.0,0.0,0.0,0.0,0.0,0.0,0.0,0.0
720575940648618628,ACH,0.0,0.09333333333333334,0.49333333333333335,0.10666666666666667,0.12,0.10666666666666667,0.08,0.0,0.0,0.0,0.0,0.0,0.0,0.0,0.0,0.0,0.0,0.0,0.0,0.0,0.0,0.0,0.0,0.0,0.0,0.0,0.0,0.0,0.0,0.0
720575940650842745,ACH,0.043478260869565216,0.21739130434782608,0.13768115942028986,0.12318840579710146,0.06521739130434782,0.11594202898550725,0.050724637681159424,0.043478260869565216,0.0,0.07246376811594203,0.0,0.043478260869565216,0.0,0.0,0.0,0.08695652173913043,0.0,0.0,0.0,0.0,0.0,0.0,0.0,0.0,0.0,0.0,0.0,0.0,0.0,0.0
720575940653223158,ACH,0.4539877300613497,0.17177914110429449,0.12269938650306748,0.11042944785276074,0.0,0.10429447852760736,0.0,0.0,0.0,0.0,0.03680981595092025,0.0,0.0,0.0,0.0,0.0,0.0,0.0,0.0,0.0,0.0,0.0,0.0,0.0,0.0,0.0,0.0,0.0,0.0,0.0
720575940653496822,ACH,0.3065326633165829,0.10552763819095477,0.19597989949748743,0.07035175879396985,0.0,0.08542713567839195,0.10050251256281408,0.05025125628140704,0.02512562814070352,0.0,0.0,0.035175879396984924,0.02512562814070352,0.0,0.0,0.0,0.0,0.0,0.0,0.0,0.0,0.0,0.0,0.0,0.0,0.0,0.0,0.0,0.0,0.0
720575940655733921,ACH,0.0,0.21323529411764705,0.19852941176470587,0.15441176470588236,0.10294117647058823,0.11029411764705882,0.125,0.04411764705882353,0.051470588235294115,0.0,0.0,0.0,0.0,0.0,0.0,0.0,0.0,0.0,0.0,0.0,0.0,0.0,0.0,0.0,0.0,0.0,0.0,0.0,0.0,0.0
720575940655910561,ACH,0.30337078651685395,0.14606741573033707,0.07865168539325842,0.06179775280898876,0.06741573033707865,0.09550561797752809,0.10674157303370786,0.0449438202247191,0.028089887640449437,0.0,0.0,0.06741573033707865,0.0,0.0,0.0,0.0,0.0,0.0,0.0,0.0,0.0,0.0,0.0,0.0,0.0,0.0,0.0,0.0,0.0,0.0
720575940656027553,ACH,0.16666666666666666,0.1781609195402299,0.16091954022988506,0.10919540229885058,0.040229885057471264,0.10919540229885058,0.15517241379310345,0.034482758620689655,0.04597701149425287,0.0,0.0,0.0,0.0,0.0,0.0,0.0,0.0,0.0,0.0,0.0,0.0,0.0,0.0,0.0,0.0,0.0,0.0,0.0,0.0,0.0
720575940656044961,ACH,0.0,0.3170731707317073,0.36585365853658536,0.0,0.0,0.0,0.0,0.0,0.0,0.0,0.0,0.12195121951219512,0.1951219512195122,0.0,0.0,0.0,0.0,0.0,0.0,0.0,0.0,0.0,0.0,0.0,0.0,0.0,0.0,0.0,0.0,0.0
720575940659591297,ACH,0.3387096774193548,0.13306451612903225,0.15725806451612903,0.03225806451612903,0.14516129032258066,0.06451612903225806,0.0,0.020161290322580645,0.036290322580645164,0.0,0.036290322580645164,0.036290322580645164,0.0,0.0,0.0,0.0,0.0,0.0,0.0,0.0,0.0,0.0,0.0,0.0,0.0,0.0,0.0,0.0,0.0,0.0
