cell_type,n_neurons,entropy,dominant_nt,dominant_frac,p_ACH,p_GABA,p_GLUT,p_DA,p_SER,p_OCT,p_fast_transmitters,is_seed,already_name_matched,literature_confirmed,entropy_z,js_histamine_blindspot,js_ORN_SER_confusion,js_Dm_GLUT_confusion,best_pattern_heuristic,best_js_heuristic,pattern_threshold_heuristic,in_neighborhood_heuristic,best_pattern_calibrated,best_js_calibrated,best_p_calibrated,best_q_calibrated,significant,q_Dm_GLUT_confusion,q_ORN_SER_confusion,q_histamine_blindspot,p_Dm_GLUT_confusion,p_ORN_SER_confusion,p_histamine_blindspot,matched_patterns,entropy_p_value,entropy_z_reconstructed,entropy_q_value,entropy_channel_significant,best_pattern,best_js,in_neighborhood,is_novel_candidate,gt_verified_nt,gt_agrees_with_pattern
LMa3,19,0.9980008838722996,GABA,0.5263157894736842,0.0,0.5263157894736842,0.47368421052631576,0.0,0.0,0.0,1.0,False,False,False,-0.3197552750821644,0.0934201290937901,0.8677717552706187,0.003841426240480797,Dm_GLUT_confusion,0.003841426240480797,0.12,True,Dm_GLUT_confusion,0.003841426240480797,0.0021849955847813574,0.3834667251291282,True,0.3834667251291282,0.999999993271446,0.9323647515728891,0.0021849955847813574,0.9925110859838152,0.08699778258050139,Dm_GLUT_confusion,0.6484675766211689,-0.2869497709024119,1.0,False,Dm_GLUT_confusion,0.003841426240480797,True,True,,
Sm04,103,0.8299524341722848,GABA,0.7378640776699029,0.0,0.7378640776699029,0.2621359223300971,0.0,0.0,0.0,1.0,False,False,False,-2.738756137196205,0.14184329106787105,0.8548043047950109,0.00010326380641856791,Dm_GLUT_confusion,0.00010326380641856791,0.12,True,Dm_GLUT_confusion,0.00010326380641856791,0.0021849955847813574,0.3834667251291282,True,0.3834667251291282,0.999999993271446,0.9323647515728891,0.0021849955847813574,0.991571418566648,0.10336188046647221,Dm_GLUT_confusion,0.9953502324883756,-2.7135861078595696,1.0,False,Dm_GLUT_confusion,0.00010326380641856791,True,True,,
LPi07,64,0.5858732928619205,GABA,0.859375,0.0,0.859375,0.140625,0.0,0.0,0.0,1.0,False,False,False,-3.556204716146925,0.20997631364417085,0.8488989244733905,8.111605224043724e-05,Dm_GLUT_confusion,8.111605224043724e-05,0.12,True,Dm_GLUT_confusion,8.111605224043724e-05,0.0021849955847813574,0.3834667251291282,True,0.3834667251291282,0.999999993271446,0.9323647515728891,0.0021849955847813574,0.9911667599358626,0.4002948992112402,Dm_GLUT_confusion,0.9998000099995,-3.6739656884227276,1.0,False,Dm_GLUT_confusion,8.111605224043724e-05,True,True,,
vDeltaA_b,17,0.9774178175281716,SER,0.5882352941176471,0.4117647058823529,0.0,0.0,0.0,0.5882352941176471,0.0,0.4117647058823529,False,False,False,-0.3226644906669057,0.3810353366294414,0.00039144261024222186,0.9999999999971145,ORN_SER_confusion,0.00039144261024222186,0.12,True,ORN_SER_confusion,0.00039144261024222186,0.007264770287090272,0.5666520823930412,True,0.9973537708425986,0.5666520823930412,0.9323647515728891,0.9795811410520254,0.007264770287090272,0.1822554939915284,ORN_SER_confusion,0.7081645917704115,-0.2985238735034691,1.0,False,ORN_SER_confusion,0.00039144261024222186,True,True,ACH,True
ENS3,16,0.6962122601251458,SER,0.8125,0.1875,0.0,0.0,0.0,0.8125,0.0,0.1875,False,False,False,-1.21178735296881,0.5941992052630908,0.0005373743422508173,0.9999999999971145,ORN_SER_confusion,0.0005373743422508173,0.12,True,ORN_SER_confusion,0.0005373743422508173,0.007264770287090272,0.5666520823930412,True,0.9973537708425986,0.5666520823930412,0.9323647515728891,0.9795811410520254,0.007264770287090272,0.19367456846856346,ORN_SER_confusion,0.8610069496525173,-1.1453562157254706,1.0,False,ORN_SER_confusion,0.0005373743422508173,True,True,,
LB1c,10,0.4689955935892812,SER,0.9,0.1,0.0,0.0,0.0,0.9,0.0,0.1,False,False,False,-1.278996452206636,0.7140716214079937,0.00036232874062966467,0.9999999999971146,ORN_SER_confusion,0.00036232874062966467,0.12,True,ORN_SER_confusion,0.00036232874062966467,0.007264770287090272,0.5666520823930412,True,0.9973537708425986,0.5666520823930412,0.9323647515728891,0.9754044605139015,0.007264770287090272,0.19745716790880663,ORN_SER_confusion,0.9608519574021299,-1.31416090780655,1.0,False,ORN_SER_confusion,0.00036232874062966467,True,True,,
ocellar_retinula_cell,125,0.7665188914976587,SER,0.848,0.08,0.0,0.072,0.0,0.848,0.0,0.152,False,False,False,-3.539084683077751,0.6485390323014476,0.03697123741224691,0.8544279193879306,ORN_SER_confusion,0.03697123741224691,0.12,True,ORN_SER_confusion,0.03697123741224691,0.007264770287090272,0.5666520823930412,True,0.9973537708425986,0.5666520823930412,0.9323647515728891,0.9954708652965025,0.007264770287090272,0.1434141163793612,ORN_SER_confusion,0.999750012499375,-3.584967851181486,1.0,False,ORN_SER_confusion,0.03697123741224691,True,True,,
CRE056,10,0.8812908992306927,GABA,0.7,0.0,0.7,0.3,0.0,0.0,0.0,1.0,False,False,False,-0.2715144139473992,0.12785210551258946,0.8568377913862162,0.0006565557959124623,Dm_GLUT_confusion,0.0006565557959124623,0.12,True,Dm_GLUT_confusion,0.0006565557959124623,0.00654543370497207,0.6951810217896797,True,0.6951810217896797,0.999999993271446,0.9323647515728891,0.00654543370497207,0.9919593160929079,0.08287588261626766,Dm_GLUT_confusion,0.6917654117294135,-0.2585582731361243,1.0,False,Dm_GLUT_confusion,0.0006565557959124623,True,True,,
AN_GNG_197,13,0.8904916402194913,GABA,0.6923076923076923,0.0,0.6923076923076923,0.3076923076923077,0.0,0.0,0.0,1.0,False,False,False,-0.4394203501615632,0.12533613685780975,0.8572638295544295,0.0010708036357977516,Dm_GLUT_confusion,0.0010708036357977516,0.12,True,Dm_GLUT_confusion,0.0010708036357977516,0.0108931499140833,0.6951810217896797,True,0.6951810217896797,0.999999993271446,0.9323647515728891,0.0108931499140833,0.9919593160929079,0.07874159528353941,Dm_GLUT_confusion,0.6922153892305385,-0.39400195600899807,1.0,False,Dm_GLUT_confusion,0.0010708036357977516,True,True,,
Sm17,13,0.7732283485249176,GABA,0.8461538461538461,0.07692307692307693,0.8461538461538461,0.07692307692307693,0.0,0.0,0.0,1.0,False,False,False,-0.7212808615024239,0.1851671960593103,0.6890289029081349,0.044076194389970964,Dm_GLUT_confusion,0.044076194389970964,0.12,True,Dm_GLUT_confusion,0.044076194389970964,0.0108931499140833,0.6951810217896797,True,0.6951810217896797,0.999999993271446,0.9323647515728891,0.0108931499140833,0.9159856262226733,0.39091653450272745,Dm_GLUT_confusion,0.8350082495875206,-0.7316105843400588,1.0,False,Dm_GLUT_confusion,0.044076194389970964,True,True,,
LPi09,83,0.9438767571287908,GABA,0.6385542168674698,0.0,0.6385542168674698,0.3614457831325301,0.0,0.0,0.0,1.0,False,False,False,-1.6361140580424511,0.11053085642436909,0.8603745824616036,0.001215475121429263,Dm_GLUT_confusion,0.001215475121429263,0.12,True,Dm_GLUT_confusion,0.001215475121429263,0.0108931499140833,0.6951810217896797,True,0.6951810217896797,0.999999993271446,0.9323647515728891,0.0108931499140833,0.9925110859838152,0.08699778258050139,Dm_GLUT_confusion,0.9395030248487576,-1.5933085799808249,1.0,False,Dm_GLUT_confusion,0.001215475121429263,True,True,,
CB1079,17,0.3227569588973982,GABA,0.9411764705882352,0.0,0.9411764705882353,0.058823529411764705,0.0,0.0,0.0,1.0,False,False,False,-2.4314982128024774,0.29024447615191956,0.8453632546045612,0.011806561193372818,Dm_GLUT_confusion,0.011806561193372818,0.12,True,Dm_GLUT_confusion,0.011806561193372818,0.0108931499140833,0.6951810217896797,True,0.6951810217896797,0.999999993271446,0.9323647515728891,0.0108931499140833,0.990077526197672,0.40339949234587635,Dm_GLUT_confusion,0.9961501924903755,-2.47214933816789,1.0,False,Dm_GLUT_confusion,0.011806561193372818,True,True,,
TmY16,88,0.7927652363756528,GABA,0.7613636363636364,0.0,0.7613636363636364,0.23863636363636365,0.0,0.0,0.0,1.0,False,False,True,-2.904077417639652,0.15199025230522079,0.8535922843075833,0.0011019268186994568,Dm_GLUT_confusion,0.0011019268186994568,0.12,True,Dm_GLUT_confusion,0.0011019268186994568,0.00654543370497207,0.6951810217896797,True,0.6951810217896797,0.999999993271446,0.9323647515728891,0.00654543370497207,0.991571418566648,0.39717955424963625,Dm_GLUT_confusion,0.9962501874906254,-2.7919326204203894,1.0,False,Dm_GLUT_confusion,0.0011019268186994568,True,True,GLUT,True
Sm19,24,1.3965354233178195,ACH,0.5833333333333334,0.5833333333333334,0.20833333333333334,0.20833333333333334,0.0,0.0,0.0,1.0,False,False,False,1.135553342836008,0.031058327154165427,0.3784813438611033,0.3851227164618486,histamine_blindspot,0.031058327154165427,0.24906688471870347,True,histamine_blindspot,0.031058327154165427,0.0021849955847813574,0.9323647515728891,True,0.9973537708425986,0.999999993271446,0.9323647515728891,0.9426801979405459,0.9999156273396018,0.0021849955847813574,histamine_blindspot,0.1056447177641118,1.1685680750320402,1.0,False,histamine_blindspot,0.031058327154165427,True,True,,
AN_GNG_167,10,0.9709505944546686,GLUT,0.6,0.4,0.0,0.6,0.0,0.0,0.0,1.0,False,False,False,-0.0268771707002507,0.09361952269240559,0.5660482558299629,0.5136559484526693,histamine_blindspot,0.09361952269240559,0.24906688471870347,True,histamine_blindspot,0.09361952269240559,0.015228162797813694,0.9323647515728891,True,0.9973537708425986,0.999999993271446,0.9323647515728891,0.9934274025212914,0.9999999670299405,0.015228162797813694,histamine_blindspot,0.5012249387530624,-0.029001910967662966,1.0,False,histamine_blindspot,0.09361952269240559,True,True,,
SA_VTV_5,12,1.0,GLUT,0.5,0.5,0.0,0.5,0.0,0.0,0.0,1.0,False,False,False,-0.0798718785823672,0.06697938576004023,0.514175176860941,0.5532469514704534,histamine_blindspot,0.06697938576004023,0.24906688471870347,True,histamine_blindspot,0.06697938576004023,0.00654543370497207,0.9323647515728891,True,0.9973537708425986,0.999999993271446,0.9323647515728891,0.9940222780921418,0.9999999580051435,0.00654543370497207,histamine_blindspot,0.6053697315134243,-0.042018440360972034,1.0,False,histamine_blindspot,0.06697938576004023,True,True,,
SA_DMT_ADMN_11,10,0.4689955935892812,ACH,0.9,0.9,0.0,0.1,0.0,0.0,0.0,1.0,False,False,False,-1.347555894854527,0.02202636022256719,0.362797843991165,0.8193064930801908,histamine_blindspot,0.02202636022256719,0.24906688471870347,True,histamine_blindspot,0.02202636022256719,0.03244155279291405,0.9323647515728891,True,0.9973537708425986,0.999999993271446,0.9323647515728891,0.9948455455760126,0.9999124317767193,0.03244155279291405,histamine_blindspot,0.9608519574021299,-1.31416090780655,1.0,False,histamine_blindspot,0.02202636022256719,True,True,,
MTe04,30,0.6500224216483541,ACH,0.8333333333333334,0.8333333333333334,0.0,0.16666666666666666,0.0,0.0,0.0,1.0,False,False,False,-2.072865303457774,0.018166017787131575,0.3837209741737022,0.752041902319692,histamine_blindspot,0.018166017787131575,0.24906688471870347,True,histamine_blindspot,0.018166017787131575,0.019550490941863008,0.9323647515728891,True,0.9973537708425986,0.999999993271446,0.9323647515728891,0.9947139487586575,0.9999124317767193,0.019550490941863008,histamine_blindspot,0.9793510324483776,-2.0637629498064203,1.0,False,histamine_blindspot,0.018166017787131575,True,True,,
Mi15,697,0.5363885415550139,ACH,0.8852223816355811,0.8852223816355811,0.0014347202295552368,0.11190817790530846,0.0,0.0014347202295552368,0.0,0.9985652797704448,False,False,False,-13.38230461589706,0.01430162644918561,0.3554566687388273,0.7985693010339217,histamine_blindspot,0.01430162644918561,0.24906688471870347,True,histamine_blindspot,0.01430162644918561,0.019550490941863008,0.9323647515728891,True,0.9973537708425986,0.999999993271446,0.9323647515728891,0.9948455455760126,0.9999124317767193,0.019550490941863008,histamine_blindspot,1.0,-13.670521814806442,1.0,False,histamine_blindspot,0.01430162644918561,True,True,"ACH,DA",False
Mi13,545,0.9242909795281408,GABA,0.6605504587155964,0.0,0.6605504587155964,0.3394495412844037,0.0,0.0,0.0,1.0,False,False,False,-4.922315762361852,0.11602318764297752,0.8590723093535988,0.0029624303677768145,Dm_GLUT_confusion,0.0029624303677768145,0.12,True,Dm_GLUT_confusion,0.0029624303677768145,0.019550490941863008,0.9803174743705594,True,0.9803174743705594,0.999999993271446,0.9323647515728891,0.019550490941863008,0.9921471739789096,0.08699778258050139,Dm_GLUT_confusion,1.0,-4.942746661951035,1.0,False,Dm_GLUT_confusion,0.0029624303677768145,True,True,,
WEDPN6B,14,0.9852281360342516,GLUT,0.5714285714285714,0.0,0.42857142857142855,0.5714285714285714,0.0,0.0,0.0,1.0,False,False,False,-0.1605257150017877,0.09224790888269568,0.8755572697593219,0.020992458171250672,Dm_GLUT_confusion,0.020992458171250672,0.12,True,Dm_GLUT_confusion,0.020992458171250672,0.028157167353713874,0.9973537708425986,True,0.9973537708425986,0.999999993271446,0.9323647515728891,0.028157167353713874,0.992687287581675,0.10742212237371995,Dm_GLUT_confusion,0.5494225288735564,-0.15386909791742756,1.0,False,Dm_GLUT_confusion,0.020992458171250672,True,True,GABA,False
Sm22,29,0.9922666387194964,GLUT,0.5517241379310345,0.0,0.4482758620689655,0.5517241379310345,0.0,0.0,0.0,1.0,False,False,False,-0.4981258726763226,0.09147094649115284,0.8738612059914573,0.016417804866978476,Dm_GLUT_confusion,0.016417804866978476,0.12,True,Dm_GLUT_confusion,0.016417804866978476,0.028157167353713874,0.9973537708425986,True,0.9973537708425986,0.999999993271446,0.9323647515728891,0.028157167353713874,0.992687287581675,0.11147008842666772,Dm_GLUT_confusion,0.7456127193640318,-0.5497918768244099,1.0,False,Dm_GLUT_confusion,0.016417804866978476,True,True,,
PFGs,17,1.9039678130877664,SER,0.3529411764705882,0.11764705882352941,0.0,0.23529411764705882,0.29411764705882354,0.35294117647058826,0.0,0.3529411764705882,False,False,False,2.712171035633741,0.47591644598472554,0.33999042825645936,0.6974930901129877,ORN_SER_confusion,0.33999042825645936,0.12,False,ORN_SER_confusion,0.33999042825645936,0.04986481704893675,0.999999993271446,True,0.9973537708425986,0.999999993271446,0.9323647515728891,0.6975061450981321,0.04986481704893675,0.11952926731246094,ORN_SER_confusion,0.0006499675016249188,2.7778364099649453,0.22228888555572224,False,ORN_SER_confusion,0.33999042825645936,True,True,"ACH,SER",True
ENS5,10,0.9709505944546686,SER,0.6,0.0,0.0,0.0,0.0,0.6,0.4,0.0,False,False,False,-0.0895073684787129,0.9358667452251948,0.23645279765930666,0.9999999999971145,ORN_SER_confusion,0.23645279765930666,0.12,False,ORN_SER_confusion,0.23645279765930666,0.04986481704893675,0.999999993271446,True,0.9973537708425986,0.999999993271446,0.9323647515728891,0.5453313136450231,0.04986481704893675,0.18607375009562344,ORN_SER_confusion,0.5012249387530624,-0.029001910967662966,1.0,False,ORN_SER_confusion,0.23645279765930666,True,True,,
ORN_DM5,24,1.0,ACH,0.5,0.5,0.0,0.0,0.0,0.5,0.0,0.5,False,False,False,-0.3847421868154657,0.3173146787754337,0.003083453632639479,0.9999999999971145,ORN_SER_confusion,0.003083453632639479,0.12,True,ORN_SER_confusion,0.003083453632639479,0.021651986259598743,0.999999993271446,True,0.9973537708425986,0.999999993271446,0.9323647515728891,0.9754044605139015,0.021651986259598743,0.9263892572385165,ORN_SER_confusion,0.6845157742112894,-0.3992852489061548,1.0,False,ORN_SER_confusion,0.003083453632639479,True,True,ACH,True
SA_VTV_6,12,-0.0,SER,1.0,0.0,0.0,0.0,0.0,1.0,0.0,0.0,False,False,False,-2.7934743443582826,0.9409627085521443,0.0,0.999999999997836,ORN_SER_confusion,0.0,0.12,True,ORN_SER_confusion,0.0,0.03585127345068384,0.999999993271446,True,0.9973537708425986,0.999999993271446,0.9323647515728891,0.4603686337599264,0.03585127345068384,0.18988010205940187,ORN_SER_confusion,1.0,-2.8176556091474656,1.0,False,ORN_SER_confusion,0.0,True,True,,
CB4148,14,-0.0,SER,1.0,0.0,0.0,0.0,0.0,1.0,0.0,0.0,False,False,False,-3.136863917855875,0.9409627085521443,0.0,0.999999999997836,ORN_SER_confusion,0.0,0.12,True,ORN_SER_confusion,0.0,0.03585127345068384,0.999999993271446,True,0.9973537708425986,0.999999993271446,0.9323647515728891,0.4603686337599264,0.03585127345068384,0.18988010205940187,ORN_SER_confusion,1.0,-3.121904137849455,1.0,False,ORN_SER_confusion,0.0,True,True,,
hDeltaK,26,-0.0,SER,1.0,0.0,0.0,0.0,0.0,1.0,0.0,0.0,False,False,True,-4.526896347532055,0.9409627085521443,0.0,0.999999999997836,ORN_SER_confusion,0.0,0.12,True,ORN_SER_confusion,0.0,0.03585127345068384,0.999999993271446,True,0.9973537708425986,0.999999993271446,0.9323647515728891,0.4603686337599264,0.03585127345068384,0.18988010205940187,ORN_SER_confusion,1.0,-4.511794266868126,1.0,False,ORN_SER_confusion,0.0,True,True,ACH,True
Dm16,59,0.9646900825612558,GABA,0.6101694915254238,0.0,0.6101694915254238,0.3898305084745763,0.0,0.0,0.0,1.0,False,True,False,-1.1373846191558634,0.10452911793420053,0.8621201947159811,9.949678645533068e-05,Dm_GLUT_confusion,9.949678645533068e-05,0.12,True,Dm_GLUT_confusion,9.949678645533068e-05,0.0021849955847813574,0.3834667251291282,True,0.3834667251291282,0.999999993271446,0.9323647515728891,0.0021849955847813574,0.9925110859838152,0.08287588261626766,Dm_GLUT_confusion,0.8807559622018899,-1.152298477455444,1.0,False,Dm_GLUT_confusion,9.949678645533068e-05,True,False,,
ORN_DA3,13,0.6193821946787638,SER,0.8461538461538461,0.15384615384615385,0.0,0.0,0.0,0.8461538461538461,0.0,0.15384615384615385,True,True,True,-1.1176443308323574,0.6364526575688103,0.00022030848218866465,0.9999999999971146,ORN_SER_confusion,0.00022030848218866465,0.12,True,ORN_SER_confusion,0.00022030848218866465,0.0065311816394076905,0.5666520823930412,True,0.9973537708425986,0.5666520823930412,0.9323647515728891,0.9755117083544668,0.0065311816394076905,0.1971905174223766,ORN_SER_confusion,0.9123043847807609,-1.1745436473935227,1.0,False,ORN_SER_confusion,0.00022030848218866465,True,False,ACH,True
ORN_VA2,36,0.6500224216483541,SER,0.8333333333333334,0.16666666666666666,0.0,0.0,0.0,0.8333333333333334,0.0,0.16666666666666666,True,True,True,-2.3375765243638478,0.6198815360056433,0.00022030848218866465,0.9999999999971146,ORN_SER_confusion,0.00022030848218866465,0.12,True,ORN_SER_confusion,0.00022030848218866465,0.0065311816394076905,0.5666520823930412,True,0.9973537708425986,0.5666520823930412,0.9323647515728891,0.9755117083544668,0.0065311816394076905,0.1971905174223766,ORN_SER_confusion,0.9850507474626269,-2.2924592650337847,1.0,False,ORN_SER_confusion,0.00022030848218866465,True,False,ACH,True
ORN_DA4l,32,0.3372900666170139,SER,0.9375,0.0625,0.0,0.0,0.0,0.9375,0.0,0.0625,True,True,True,-3.552961973222692,0.7789195550216887,9.204928943413321e-05,0.9999999999971145,ORN_SER_confusion,9.204928943413321e-05,0.12,True,ORN_SER_confusion,9.204928943413321e-05,0.0065311816394076905,0.5666520823930412,True,0.9973537708425986,0.5666520823930412,0.9323647515728891,0.9755117083544668,0.0065311816394076905,0.200956622992993,ORN_SER_confusion,0.9996000199990001,-3.5819526382287106,1.0,False,ORN_SER_confusion,9.204928943413321e-05,True,False,ACH,True
ORN_DM2,35,0.3159971329784246,SER,0.9428571428571428,0.05714285714285714,0.0,0.0,0.0,0.9428571428571428,0.0,0.05714285714285714,True,True,True,-3.773317511331183,0.7892418333670634,9.204928943413321e-05,0.9999999999971145,ORN_SER_confusion,9.204928943413321e-05,0.12,True,ORN_SER_confusion,9.204928943413321e-05,0.0065311816394076905,0.5666520823930412,True,0.9973537708425986,0.5666520823930412,0.9323647515728891,0.9755117083544668,0.0065311816394076905,0.200956622992993,ORN_SER_confusion,0.99990000499975,-3.8447628089499735,1.0,False,ORN_SER_confusion,9.204928943413321e-05,True,False,ACH,True
ORN_DM3,41,0.1654270339962668,SER,0.975609756097561,0.024390243902439025,0.0,0.0,0.0,0.975609756097561,0.0,0.024390243902439025,True,True,True,-4.9989041327248,0.8615605821919274,0.0050837398133915385,0.9999999999971145,ORN_SER_confusion,0.0050837398133915385,0.12,True,ORN_SER_confusion,0.0050837398133915385,0.0065311816394076905,0.5666520823930412,True,0.9973537708425986,0.5666520823930412,0.9323647515728891,0.9755117083544668,0.0065311816394076905,0.1971905174223766,ORN_SER_confusion,1.0,-5.056706393825222,1.0,False,ORN_SER_confusion,0.0050837398133915385,True,False,ACH,True
Dm20,62,0.8837342952634009,GABA,0.7580645161290323,0.016129032258064516,0.7580645161290323,0.22580645161290322,0.0,0.0,0.0,1.0,False,True,False,-1.6983235212143215,0.12497002603170976,0.8026409582176653,0.009889884299460722,Dm_GLUT_confusion,0.009889884299460722,0.12,True,Dm_GLUT_confusion,0.009889884299460722,0.0108931499140833,0.6951810217896797,True,0.6951810217896797,0.999999993271446,0.9323647515728891,0.0108931499140833,0.991571418566648,0.10742212237371995,Dm_GLUT_confusion,0.9561521923903805,-1.700445961750175,1.0,False,Dm_GLUT_confusion,0.009889884299460722,True,False,,
R8,475,1.3756291741423423,ACH,0.5789473684210527,0.5789473684210527,0.09052631578947369,0.32,0.0,0.00631578947368421,0.004210526315789474,0.9894736842105263,True,True,True,3.1094696138677502,0.06050748082358681,0.38409609219813473,0.44928944627871104,histamine_blindspot,0.06050748082358681,0.24906688471870347,True,histamine_blindspot,0.06050748082358681,0.004362044964817513,0.9323647515728891,True,0.9973537708425986,0.999999993271446,0.9323647515728891,0.9687029437174413,0.9999513244916167,0.004362044964817513,histamine_blindspot,0.0009499525023748813,3.040569747099225,0.22228888555572224,False,histamine_blindspot,0.06050748082358681,True,False,"ACH,HIST",True
Lai,140,1.238858362226506,GABA,0.5,0.45714285714285713,0.5,0.03571428571428571,0.007142857142857143,0.0,0.0,0.9928571428571428,False,True,False,0.5504073821413497,0.221009162257347,0.40512915626670876,0.28970883442104256,histamine_blindspot,0.221009162257347,0.24906688471870347,True,histamine_blindspot,0.221009162257347,0.03671332783522918,0.9323647515728891,True,0.9973537708425986,0.999999993271446,0.9323647515728891,0.09520449474628123,0.9999984954612693,0.03671332783522918,histamine_blindspot,0.2888355582220889,0.5544854962027718,1.0,False,histamine_blindspot,0.221009162257347,True,False,GLUT,False
R1-6,4090,0.8534416907783804,ACH,0.8193154034229829,0.8193154034229829,0.017603911980440097,0.14547677261613692,0.0,0.01589242053789731,0.0017114914425427872,0.9823960880195599,True,True,True,-17.935229423546318,0.06050748082358681,0.30863547998518426,0.7138437942581961,histamine_blindspot,0.06050748082358681,0.24906688471870347,True,histamine_blindspot,0.06050748082358681,0.04461468867658669,0.9323647515728891,True,0.9973537708425986,0.999999993271446,0.9323647515728891,0.9947369983681638,0.9999070753425862,0.04461468867658669,histamine_blindspot,1.0,-17.721558087173253,1.0,False,histamine_blindspot,0.06050748082358681,True,False,HIST,True
Dm1,45,0.5665095065529053,GABA,0.8666666666666667,0.0,0.8666666666666667,0.13333333333333333,0.0,0.0,0.0,1.0,True,True,True,-3.0509921852305646,0.21559522783917137,0.8485707819083772,0.022017235250428896,Dm_GLUT_confusion,0.022017235250428896,0.12,True,Dm_GLUT_confusion,0.022017235250428896,0.015947551640044133,0.9329317709425817,True,0.9329317709425817,0.999999993271446,0.9323647515728891,0.015947551640044133,0.9908785409850367,0.402909888692237,Dm_GLUT_confusion,0.9982000899955003,-3.0889878251561607,1.0,False,Dm_GLUT_confusion,0.022017235250428896,True,False,GLUT,True
Dm12,152,0.971715080223734,GABA,0.5986842105263158,0.0,0.5986842105263158,0.40131578947368424,0.0,0.0,0.0,1.0,True,True,True,-2.0704179180900133,0.10243428137117355,0.8628487251257598,0.013406948587548415,Dm_GLUT_confusion,0.013406948587548415,0.12,True,Dm_GLUT_confusion,0.013406948587548415,0.018833334392725054,0.9803174743705594,True,0.9803174743705594,0.999999993271446,0.9323647515728891,0.018833334392725054,0.9926193836536651,0.08687496469272915,Dm_GLUT_confusion,0.9754012299385031,-2.0226999242316883,1.0,False,Dm_GLUT_confusion,0.013406948587548415,True,False,GLUT,True
R7,474,1.6248866708525729,GLUT,0.4409282700421941,0.14556962025316456,0.3881856540084388,0.4409282700421941,0.006329113924050633,0.004219409282700422,0.014767932489451477,0.9746835443037976,True,True,True,7.1044785165395705,0.18449398868052108,0.6185433280725545,0.10243428137117355,Dm_GLUT_confusion,0.10243428137117355,0.12,True,Dm_GLUT_confusion,0.10243428137117355,0.0409136998373717,0.9973537708425986,True,0.9973537708425986,0.999999993271446,0.9323647515728891,0.0409136998373717,0.9940552851879648,0.08124845063976671,Dm_GLUT_confusion,4.999750012499375e-05,7.318395163332444,0.03509824508774561,True,Dm_GLUT_confusion,0.10243428137117355,True,False,HIST,False
Dm19,11,0.8453509366224364,GABA,0.7272727272727273,0.0,0.7272727272727273,0.2727272727272727,0.0,0.0,0.0,1.0,True,True,True,-0.3605562955907696,0.13764937122112939,0.8553627908947965,0.013406948587548415,Dm_GLUT_confusion,0.013406948587548415,0.12,True,Dm_GLUT_confusion,0.013406948587548415,0.02459218719873557,0.9973537708425986,True,0.9973537708425986,0.999999993271446,0.9323647515728891,0.02459218719873557,0.99169330482778,0.10727163419002228,Dm_GLUT_confusion,0.7471126443677816,-0.41364004704836776,1.0,False,Dm_GLUT_confusion,0.013406948587548415,True,False,GLUT,True
ORN_V,36,1.2539878735947696,SER,0.4722222222222222,0.4722222222222222,0.05555555555555555,0.0,0.0,0.4722222222222222,0.0,0.5277777777777778,True,True,True,0.5473581171095654,0.30863547998518426,0.03134595461697629,0.8485707819083772,ORN_SER_confusion,0.03134595461697629,0.12,True,ORN_SER_confusion,0.03134595461697629,0.03227839135583099,0.999999993271446,True,0.9973537708425986,0.999999993271446,0.9323647515728891,0.9877194564807215,0.03227839135583099,0.18582123535097705,ORN_SER_confusion,0.2702364881755912,0.6016236340519446,1.0,False,ORN_SER_confusion,0.03134595461697629,True,False,ACH,True
ORN_DA4m,23,0.4262286569981449,SER,0.9130434782608696,0.08695652173913043,0.0,0.0,0.0,0.9130434782608695,0.0,0.08695652173913043,True,True,True,-2.686669564838493,0.7353564409886191,0.0015664976732422363,0.9999999999971145,ORN_SER_confusion,0.0015664976732422363,0.12,True,ORN_SER_confusion,0.0015664976732422363,0.019479905068305325,0.999999993271446,True,0.9973537708425986,0.999999993271446,0.9323647515728891,0.9755117083544668,0.019479905068305325,0.200956622992993,ORN_SER_confusion,0.9947002649867507,-2.606258414212785,1.0,False,ORN_SER_confusion,0.0015664976732422363,True,False,ACH,True
ORN_DL4,41,-0.0,SER,1.0,0.0,0.0,0.0,0.0,1.0,0.0,0.0,True,True,True,-5.909187682194035,0.9409627085521443,0.0,0.999999999997836,ORN_SER_confusion,0.0,0.12,True,ORN_SER_confusion,0.0,0.04492816795127963,0.999999993271446,True,0.9973537708425986,0.999999993271446,0.9323647515728891,0.4627216741867588,0.04492816795127963,0.19341259662827337,ORN_SER_confusion,1.0,-5.916828925634585,1.0,False,ORN_SER_confusion,0.0,True,False,ACH,True
ORN_DL3,68,-0.0,SER,1.0,0.0,0.0,0.0,0.0,1.0,0.0,0.0,True,True,True,-7.41942210186818,0.9409627085521443,0.0,0.999999999997836,ORN_SER_confusion,0.0,0.12,True,ORN_SER_confusion,0.0,0.04492816795127963,0.999999993271446,True,0.9973537708425986,0.999999993271446,0.9323647515728891,0.4627216741867588,0.04492816795127963,0.19341259662827337,ORN_SER_confusion,1.0,-7.569491319611121,1.0,False,ORN_SER_confusion,0.0,True,False,ACH,True
FR1,10,1.3609640474436813,ACH,0.5,0.5,0.4,0.0,0.1,0.0,0.0,0.9,False,False,False,0.9890071611507136,0.29339753213602354,0.3923268898450991,0.4301622861556031,histamine_blindspot,0.29339753213602354,0.24906688471870347,False,histamine_blindspot,0.29339753213602354,0.09928934411922596,0.9323647515728891,False,0.9973537708425986,0.999999993271446,0.9323647515728891,0.9814792938615128,0.99990571183534,0.09928934411922596,,0.18989050547472627,0.9695523361917313,1.0,False,histamine_blindspot,0.29339753213602354,False,False,ACH,False
AN_GNG_175,23,1.0676111603502405,ACH,0.7391304347826086,0.7391304347826086,0.0,0.08695652173913043,0.0,0.17391304347826086,0.0,0.826086956521739,False,False,False,-0.0578692040964926,0.07201835946511234,0.1442508301051852,0.8349929431453216,histamine_blindspot,0.07201835946511234,0.24906688471870347,True,histamine_blindspot,0.07201835946511234,0.08287588261626766,0.9323647515728891,False,0.9973537708425986,0.999999993271446,0.9323647515728891,0.9955895264672375,0.6507563951952655,0.08287588261626766,,0.6131693415329234,-0.12345054513800433,1.0,False,histamine_blindspot,0.07201835946511234,False,False,,
mAL4,25,1.0783220795483648,GLUT,0.68,0.04,0.28,0.68,0.0,0.0,0.0,1.0,False,False,False,-0.0930133423155554,0.06055036930436376,0.7901010175731084,0.08885277976310957,histamine_blindspot,0.06055036930436376,0.24906688471870347,True,histamine_blindspot,0.06055036930436376,0.07874159528353941,0.9323647515728891,False,0.9973537708425986,0.999999993271446,0.9323647515728891,0.11550579721101517,0.9936683925443385,0.07874159528353941,,0.5877206139693015,-0.113677930460355,1.0,False,histamine_blindspot,0.06055036930436376,False,False,,
LPi08,31,1.0584546687309146,GLUT,0.6774193548387096,0.03225806451612903,0.2903225806451613,0.6774193548387096,0.0,0.0,0.0,1.0,False,False,False,-0.2241858033654779,0.06411495483104002,0.8035523443787955,0.08129388022574531,histamine_blindspot,0.06411495483104002,0.24906688471870347,True,histamine_blindspot,0.06411495483104002,0.08287588261626766,0.9323647515728891,False,0.9973537708425986,0.999999993271446,0.9323647515728891,0.09928934411922596,0.9933553956812694,0.08287588261626766,,0.6545672716364181,-0.28330076195607123,1.0,False,histamine_blindspot,0.06411495483104002,False,False,,
AN_IPS_GNG_7,12,0.9182958340544896,ACH,0.6666666666666666,0.6666666666666666,0.3333333333333333,0.0,0.0,0.0,0.0,1.0,False,False,False,-0.2745785477290766,0.2122998870604066,0.3275405170696884,0.4885568928088704,histamine_blindspot,0.2122998870604066,0.24906688471870347,True,histamine_blindspot,0.2122998870604066,0.9142559900995963,0.9323647515728891,False,0.9973537708425986,0.999999993271446,0.9323647515728891,0.9835406020055406,0.9998908622804699,0.9142559900995963,,0.6372681365931704,-0.26879956020403045,1.0,False,histamine_blindspot,0.2122998870604066,False,False,,
MeTu2b,28,0.9591963191047148,ACH,0.75,0.75,0.21428571428571427,0.0,0.03571428571428571,0.0,0.0,0.9642857142857143,False,False,False,-0.6445302767522357,0.17150443363569856,0.3128894807485752,0.6117273981786941,histamine_blindspot,0.17150443363569856,0.24906688471870347,True,histamine_blindspot,0.17150443363569856,0.918437869212658,0.9323647515728891,False,0.9973537708425986,0.999999993271446,0.9323647515728891,0.9838219530939328,0.9998908622804699,0.918437869212658,,0.7530123493825309,-0.6481316836495533,1.0,False,histamine_blindspot,0.17150443363569856,False,False,,
PFR,22,0.9373012413074896,DA,0.7727272727272727,0.0,0.0,0.045454545454545456,0.7727272727272727,0.18181818181818182,0.0,0.045454545454545456,False,False,False,-0.6627435269096151,0.8500223933154729,0.6340014304156516,0.8940064082928347,ORN_SER_confusion,0.6340014304156516,0.12,False,histamine_blindspot,0.8500223933154729,0.17458319501959263,0.9323647515728891,False,0.9973537708425986,0.999999993271446,0.9323647515728891,0.6254355632168147,0.2391981792237583,0.17458319501959263,,0.7697115144242788,-0.5750469251668926,1.0,False,histamine_blindspot,0.8500223933154729,False,False,,
WED040,10,0.4689955935892812,GLUT,0.9,0.1,0.0,0.9,0.0,0.0,0.0,1.0,False,False,False,-1.300548068097927,0.267666735437945,0.8087425702694881,0.4200628027212676,histamine_blindspot,0.267666735437945,0.24906688471870347,False,histamine_blindspot,0.267666735437945,0.4999409342608455,0.9323647515728891,False,0.9973537708425986,0.999999993271446,0.9323647515728891,0.510880758673568,0.9999999832191595,0.4999409342608455,,0.9608519574021299,-1.31416090780655,1.0,False,histamine_blindspot,0.267666735437945,False,False,,
FB5R,10,0.4689955935892812,GLUT,0.9,0.0,0.0,0.9,0.1,0.0,0.0,0.9,False,False,False,-1.3261052203134152,0.3700760471384011,0.9999999999963933,0.4200628027212676,histamine_blindspot,0.3700760471384011,0.24906688471870347,False,histamine_blindspot,0.3700760471384011,0.5081609173902348,0.9323647515728891,False,0.9973537708425986,0.999999993271446,0.9323647515728891,0.5081609173902348,0.9829718815850439,0.5081609173902348,,0.9608519574021299,-1.31416090780655,1.0,False,histamine_blindspot,0.3700760471384011,False,False,GLUT,False
SMP107,10,0.4689955935892812,GLUT,0.9,0.1,0.0,0.9,0.0,0.0,0.0,1.0,False,False,False,-1.3608433646864462,0.267666735437945,0.8087425702694881,0.4200628027212676,histamine_blindspot,0.267666735437945,0.24906688471870347,False,histamine_blindspot,0.267666735437945,0.4999409342608455,0.9323647515728891,False,0.9973537708425986,0.999999993271446,0.9323647515728891,0.510880758673568,0.9999999832191595,0.4999409342608455,,0.9608519574021299,-1.31416090780655,1.0,False,histamine_blindspot,0.267666735437945,False,False,,
TuBu05,10,0.4689955935892812,ACH,0.9,0.9,0.1,0.0,0.0,0.0,0.0,1.0,False,False,False,-1.3751389223377932,0.10589457163464844,0.2896644916515586,0.7680811885840952,histamine_blindspot,0.10589457163464844,0.24906688471870347,True,histamine_blindspot,0.10589457163464844,0.9216837345698737,0.9323647515728891,False,0.9973537708425986,0.999999993271446,0.9323647515728891,0.9857021621852787,0.9998985312875411,0.9216837345698737,,0.9608519574021299,-1.31416090780655,1.0,False,histamine_blindspot,0.10589457163464844,False,False,ACH,False
AN_GNG_164,10,0.4689955935892812,ACH,0.9,0.9,0.0,0.0,0.0,0.1,0.0,0.9,False,False,False,-1.3977971262974158,0.10829231993032307,0.17154041426425992,0.9999999999971146,histamine_blindspot,0.10829231993032307,0.24906688471870347,True,histamine_blindspot,0.10829231993032307,0.9309024179207822,0.9323647515728891,False,0.9973537708425986,0.999999993271446,0.9323647515728891,0.9754044605139015,0.9998826754985258,0.9309024179207822,,0.9608519574021299,-1.31416090780655,1.0,False,histamine_blindspot,0.10829231993032307,False,False,,
JO-F,43,0.8454801825506668,ACH,0.7906976744186046,0.7906976744186046,0.0,0.023255813953488372,0.0,0.18604651162790697,0.0,0.813953488372093,False,False,False,-1.4586777075779327,0.10622618655730169,0.11509166548952107,0.9349676036015748,histamine_blindspot,0.10622618655730169,0.24906688471870347,True,histamine_blindspot,0.10622618655730169,0.18988010205940187,0.9323647515728891,False,0.9973537708425986,0.999999993271446,0.9323647515728891,0.9955895264672375,0.999814552830003,0.18988010205940187,,0.936153192340383,-1.5530732307143607,1.0,False,histamine_blindspot,0.10622618655730169,False,False,,
PFNp,158,1.0198220093446957,ACH,0.689873417721519,0.689873417721519,0.0,0.0,0.2848101265822785,0.02531645569620253,0.0,0.689873417721519,False,False,False,-1.5553390422348938,0.2295945635813721,0.3615646101584936,0.9999999999963932,histamine_blindspot,0.2295945635813721,0.24906688471870347,True,histamine_blindspot,0.2295945635813721,0.925618470348264,0.9323647515728891,False,0.9973537708425986,0.999999993271446,0.9323647515728891,0.9799061034835126,0.9998947596386022,0.925618470348264,,0.9403529823508825,-1.6056287643667617,1.0,False,histamine_blindspot,0.2295945635813721,False,False,ACH,False
CL123,12,0.4138168503036337,ACH,0.9166666666666666,0.9166666666666666,0.0,0.0,0.0,0.08333333333333333,0.0,0.9166666666666666,False,False,False,-1.6443654998042876,0.10248961704230186,0.18836470356900759,0.9999999999971145,histamine_blindspot,0.10248961704230186,0.24906688471870347,True,histamine_blindspot,0.10248961704230186,0.9309024179207822,0.9323647515728891,False,0.9973537708425986,0.999999993271446,0.9323647515728891,0.9795811410520254,0.9998868355024914,0.9309024179207822,,0.9793510324483776,-1.6690501783745435,1.0,False,histamine_blindspot,0.10248961704230186,False,False,,
OCC02b,13,0.3912435636292556,GLUT,0.9230769230769232,0.07692307692307693,0.0,0.9230769230769231,0.0,0.0,0.0,1.0,False,False,False,-1.7762867378431344,0.27733442748308557,0.8395280518510442,0.41398951870580347,histamine_blindspot,0.27733442748308557,0.24906688471870347,False,histamine_blindspot,0.27733442748308557,0.4999409342608455,0.9323647515728891,False,0.9973537708425986,0.999999993271446,0.9323647515728891,0.5081609173902348,0.9999999846284572,0.4999409342608455,,0.9852507374631269,-1.8313695746288103,1.0,False,histamine_blindspot,0.27733442748308557,False,False,,
JO-EVL,13,0.3912435636292556,ACH,0.9230769230769232,0.9230769230769231,0.0,0.07692307692307693,0.0,0.0,0.0,1.0,False,False,False,-1.8390929239232223,0.027580930253419695,0.3558489113336325,0.8478409024932965,histamine_blindspot,0.027580930253419695,0.24906688471870347,True,histamine_blindspot,0.027580930253419695,0.08287588261626766,0.9323647515728891,False,0.9973537708425986,0.999999993271446,0.9323647515728891,0.9948455455760126,0.9999124317767193,0.08287588261626766,,0.9852507374631269,-1.8313695746288103,1.0,False,histamine_blindspot,0.027580930253419695,False,False,,
ORN_DC1,22,0.5746356978376794,ACH,0.8636363636363636,0.8636363636363636,0.0,0.0,0.0,0.13636363636363635,0.0,0.8636363636363636,False,False,False,-1.9685704264104216,0.12219611317534079,0.14049638089074346,0.9999999999971145,histamine_blindspot,0.12219611317534079,0.24906688471870347,True,histamine_blindspot,0.12219611317534079,0.9323647515728891,0.9323647515728891,False,0.9973537708425986,0.999999993271446,0.9323647515728891,0.9754044605139015,0.9998739400980026,0.9323647515728891,,0.9672016399180041,-1.9405956492579717,1.0,False,histamine_blindspot,0.12219611317534079,False,False,ACH,False
T1,296,1.0255166818306294,ACH,0.5912162162162162,0.5912162162162162,0.40202702702702703,0.006756756756756757,0.0,0.0,0.0,1.0,False,False,False,-2.19047050166108,0.2217250884783783,0.35105518659148566,0.40894826209556134,histamine_blindspot,0.2217250884783783,0.24906688471870347,True,histamine_blindspot,0.2217250884783783,0.074594901996617,0.9323647515728891,False,0.9973537708425986,0.999999993271446,0.9323647515728891,0.9820848267820272,0.9998783783648462,0.074594901996617,,0.9870506474676266,-2.23476337966097,1.0,False,histamine_blindspot,0.2217250884783783,False,False,,
MeMe_e02,15,0.3533593350214213,GLUT,0.9333333333333332,0.0,0.06666666666666667,0.9333333333333333,0.0,0.0,0.0,1.0,False,False,False,-2.2157513516997267,0.24121511659144734,0.9392537092964663,0.25509932625306475,histamine_blindspot,0.24121511659144734,0.24906688471870347,True,histamine_blindspot,0.24121511659144734,0.5026910237695729,0.9323647515728891,False,0.9973537708425986,0.999999993271446,0.9323647515728891,0.5026910237695729,0.9946621748667083,0.5026910237695729,,0.9926003699815009,-2.1590585402016673,1.0,False,histamine_blindspot,0.24121511659144734,False,False,,
SA_DMT_DMetaN_12,23,0.5131851787372753,ACH,0.9130434782608696,0.9130434782608695,0.0,0.043478260869565216,0.0,0.043478260869565216,0.0,0.9565217391304347,False,False,False,-2.300550853825599,0.03724986547612613,0.2512816370814698,0.8972926424305031,histamine_blindspot,0.03724986547612613,0.24906688471870347,True,histamine_blindspot,0.03724986547612613,0.16298500086683687,0.9323647515728891,False,0.9973537708425986,0.999999993271446,0.9323647515728891,0.9954708652965025,0.9998985312875411,0.16298500086683687,,0.9863506824658768,-2.2696475224080763,1.0,False,histamine_blindspot,0.03724986547612613,False,False,,
ORN_VC2,16,0.3372900666170139,ACH,0.9375,0.9375,0.0,0.0,0.0,0.0625,0.0,0.9375,False,False,False,-2.34911919090755,0.09595253941382031,0.2124604937589694,0.9999999999971145,histamine_blindspot,0.09595253941382031,0.24906688471870347,True,histamine_blindspot,0.09595253941382031,0.9286696319210077,0.9323647515728891,False,0.9973537708425986,0.999999993271446,0.9323647515728891,0.9754044605139015,0.9998868355024914,0.9286696319210077,,0.9945002749862507,-2.293140997745917,1.0,False,histamine_blindspot,0.09595253941382031,False,False,ACH,False
AVLP045,10,-0.0,ACH,1.0,1.0,0.0,0.0,0.0,0.0,0.0,1.0,False,False,False,-2.353774704333044,0.09682513359413968,0.333672003628133,0.999999999997836,histamine_blindspot,0.09682513359413968,0.24906688471870347,True,histamine_blindspot,0.09682513359413968,0.9232738634894522,0.9323647515728891,False,0.9973537708425986,0.999999993271446,0.9323647515728891,0.974278118356929,0.99990571183534,0.9232738634894522,,1.0,-2.5149336972795613,1.0,False,histamine_blindspot,0.09682513359413968,False,False,,
SA1,10,-0.0,GLUT,1.0,0.0,0.0,1.0,0.0,0.0,0.0,1.0,False,False,False,-2.369627343849144,0.3598636401235531,0.9999999999971146,0.394627666205389,histamine_blindspot,0.3598636401235531,0.24906688471870347,False,histamine_blindspot,0.3598636401235531,0.5081609173902348,0.9323647515728891,False,0.9973537708425986,0.999999993271446,0.9323647515728891,0.5081609173902348,0.9743985799262538,0.5081609173902348,,1.0,-2.5149336972795613,1.0,False,histamine_blindspot,0.3598636401235531,False,False,GLUT,False
FB9C,10,-0.0,GLUT,1.0,0.0,0.0,1.0,0.0,0.0,0.0,1.0,False,False,False,-2.391499184926387,0.3598636401235531,0.9999999999971146,0.394627666205389,histamine_blindspot,0.3598636401235531,0.24906688471870347,False,histamine_blindspot,0.3598636401235531,0.5081609173902348,0.9323647515728891,False,0.9973537708425986,0.999999993271446,0.9323647515728891,0.5081609173902348,0.9743985799262538,0.5081609173902348,,1.0,-2.5149336972795613,1.0,False,histamine_blindspot,0.3598636401235531,False,False,,
CB0961,10,-0.0,GLUT,1.0,0.0,0.0,1.0,0.0,0.0,0.0,1.0,False,False,False,-2.3978620062439777,0.3598636401235531,0.9999999999971146,0.394627666205389,histamine_blindspot,0.3598636401235531,0.24906688471870347,False,histamine_blindspot,0.3598636401235531,0.5081609173902348,0.9323647515728891,False,0.9973537708425986,0.999999993271446,0.9323647515728891,0.5081609173902348,0.9743985799262538,0.5081609173902348,,1.0,-2.5149336972795613,1.0,False,histamine_blindspot,0.3598636401235531,False,False,,
SAD047,10,-0.0,GLUT,1.0,0.0,0.0,1.0,0.0,0.0,0.0,1.0,False,False,False,-2.398887696923995,0.3598636401235531,0.9999999999971146,0.394627666205389,histamine_blindspot,0.3598636401235531,0.24906688471870347,False,histamine_blindspot,0.3598636401235531,0.5081609173902348,0.9323647515728891,False,0.9973537708425986,0.999999993271446,0.9323647515728891,0.5081609173902348,0.9743985799262538,0.5081609173902348,,1.0,-2.5149336972795613,1.0,False,histamine_blindspot,0.3598636401235531,False,False,,
vDeltaI_a,16,0.3372900666170139,ACH,0.9375,0.9375,0.0,0.0,0.0,0.0625,0.0,0.9375,False,False,False,-2.404002262637522,0.09595253941382031,0.2124604937589694,0.9999999999971145,histamine_blindspot,0.09595253941382031,0.24906688471870347,True,histamine_blindspot,0.09595253941382031,0.9286696319210077,0.9323647515728891,False,0.9973537708425986,0.999999993271446,0.9323647515728891,0.9754044605139015,0.9998868355024914,0.9286696319210077,,0.9945002749862507,-2.293140997745917,1.0,False,histamine_blindspot,0.09595253941382031,False,False,,
CB0946,10,-0.0,ACH,1.0,1.0,0.0,0.0,0.0,0.0,0.0,1.0,False,False,False,-2.409140999387271,0.09682513359413968,0.333672003628133,0.999999999997836,histamine_blindspot,0.09682513359413968,0.24906688471870347,True,histamine_blindspot,0.09682513359413968,0.9232738634894522,0.9323647515728891,False,0.9973537708425986,0.999999993271446,0.9323647515728891,0.974278118356929,0.99990571183534,0.9232738634894522,,1.0,-2.5149336972795613,1.0,False,histamine_blindspot,0.09682513359413968,False,False,,
CB1542,10,-0.0,ACH,1.0,1.0,0.0,0.0,0.0,0.0,0.0,1.0,False,False,False,-2.414766774950132,0.09682513359413968,0.333672003628133,0.999999999997836,histamine_blindspot,0.09682513359413968,0.24906688471870347,True,histamine_blindspot,0.09682513359413968,0.9232738634894522,0.9323647515728891,False,0.9973537708425986,0.999999993271446,0.9323647515728891,0.974278118356929,0.99990571183534,0.9232738634894522,,1.0,-2.5149336972795613,1.0,False,histamine_blindspot,0.09682513359413968,False,False,,
SAD005,10,-0.0,ACH,1.0,1.0,0.0,0.0,0.0,0.0,0.0,1.0,False,False,False,-2.419649268165098,0.09682513359413968,0.333672003628133,0.999999999997836,histamine_blindspot,0.09682513359413968,0.24906688471870347,True,histamine_blindspot,0.09682513359413968,0.9232738634894522,0.9323647515728891,False,0.9973537708425986,0.999999993271446,0.9323647515728891,0.974278118356929,0.99990571183534,0.9232738634894522,,1.0,-2.5149336972795613,1.0,False,histamine_blindspot,0.09682513359413968,False,False,,
CB1372,10,-0.0,ACH,1.0,1.0,0.0,0.0,0.0,0.0,0.0,1.0,False,False,False,-2.4211668898660768,0.09682513359413968,0.333672003628133,0.999999999997836,histamine_blindspot,0.09682513359413968,0.24906688471870347,True,histamine_blindspot,0.09682513359413968,0.9232738634894522,0.9323647515728891,False,0.9973537708425986,0.999999993271446,0.9323647515728891,0.974278118356929,0.99990571183534,0.9232738634894522,,1.0,-2.5149336972795613,1.0,False,histamine_blindspot,0.09682513359413968,False,False,,
LTe68,10,-0.0,ACH,1.0,1.0,0.0,0.0,0.0,0.0,0.0,1.0,False,False,False,-2.4244227264274167,0.09682513359413968,0.333672003628133,0.999999999997836,histamine_blindspot,0.09682513359413968,0.24906688471870347,True,histamine_blindspot,0.09682513359413968,0.9232738634894522,0.9323647515728891,False,0.9973537708425986,0.999999993271446,0.9323647515728891,0.974278118356929,0.99990571183534,0.9232738634894522,,1.0,-2.5149336972795613,1.0,False,histamine_blindspot,0.09682513359413968,False,False,,
DL3_lPN,10,-0.0,ACH,1.0,1.0,0.0,0.0,0.0,0.0,0.0,1.0,False,False,False,-2.42682587805743,0.09682513359413968,0.333672003628133,0.999999999997836,histamine_blindspot,0.09682513359413968,0.24906688471870347,True,histamine_blindspot,0.09682513359413968,0.9232738634894522,0.9323647515728891,False,0.9973537708425986,0.999999993271446,0.9323647515728891,0.974278118356929,0.99990571183534,0.9232738634894522,,1.0,-2.5149336972795613,1.0,False,histamine_blindspot,0.09682513359413968,False,False,ACH,False
FLA101f_b,10,-0.0,ACH,1.0,1.0,0.0,0.0,0.0,0.0,0.0,1.0,False,False,False,-2.428394579432627,0.09682513359413968,0.333672003628133,0.999999999997836,histamine_blindspot,0.09682513359413968,0.24906688471870347,True,histamine_blindspot,0.09682513359413968,0.9232738634894522,0.9323647515728891,False,0.9973537708425986,0.999999993271446,0.9323647515728891,0.974278118356929,0.99990571183534,0.9232738634894522,,1.0,-2.5149336972795613,1.0,False,histamine_blindspot,0.09682513359413968,False,False,,
CB2049,10,-0.0,ACH,1.0,1.0,0.0,0.0,0.0,0.0,0.0,1.0,False,False,False,-2.4403024545824,0.09682513359413968,0.333672003628133,0.999999999997836,histamine_blindspot,0.09682513359413968,0.24906688471870347,True,histamine_blindspot,0.09682513359413968,0.9232738634894522,0.9323647515728891,False,0.9973537708425986,0.999999993271446,0.9323647515728891,0.974278118356929,0.99990571183534,0.9232738634894522,,1.0,-2.5149336972795613,1.0,False,histamine_blindspot,0.09682513359413968,False,False,,
CB2774,10,-0.0,ACH,1.0,1.0,0.0,0.0,0.0,0.0,0.0,1.0,False,False,False,-2.4419083394632874,0.09682513359413968,0.333672003628133,0.999999999997836,histamine_blindspot,0.09682513359413968,0.24906688471870347,True,histamine_blindspot,0.09682513359413968,0.9232738634894522,0.9323647515728891,False,0.9973537708425986,0.999999993271446,0.9323647515728891,0.974278118356929,0.99990571183534,0.9232738634894522,,1.0,-2.5149336972795613,1.0,False,histamine_blindspot,0.09682513359413968,False,False,,
CB1827,10,-0.0,ACH,1.0,1.0,0.0,0.0,0.0,0.0,0.0,1.0,False,False,False,-2.447261788006254,0.09682513359413968,0.333672003628133,0.999999999997836,histamine_blindspot,0.09682513359413968,0.24906688471870347,True,histamine_blindspot,0.09682513359413968,0.9232738634894522,0.9323647515728891,False,0.9973537708425986,0.999999993271446,0.9323647515728891,0.974278118356929,0.99990571183534,0.9232738634894522,,1.0,-2.5149336972795613,1.0,False,histamine_blindspot,0.09682513359413968,False,False,,
AVLP454_b,10,-0.0,ACH,1.0,1.0,0.0,0.0,0.0,0.0,0.0,1.0,False,False,False,-2.451074302500091,0.09682513359413968,0.333672003628133,0.999999999997836,histamine_blindspot,0.09682513359413968,0.24906688471870347,True,histamine_blindspot,0.09682513359413968,0.9232738634894522,0.9323647515728891,False,0.9973537708425986,0.999999993271446,0.9323647515728891,0.974278118356929,0.99990571183534,0.9232738634894522,,1.0,-2.5149336972795613,1.0,False,histamine_blindspot,0.09682513359413968,False,False,,
AVLP454_a,10,-0.0,ACH,1.0,1.0,0.0,0.0,0.0,0.0,0.0,1.0,False,False,False,-2.467481657992605,0.09682513359413968,0.333672003628133,0.999999999997836,histamine_blindspot,0.09682513359413968,0.24906688471870347,True,histamine_blindspot,0.09682513359413968,0.9232738634894522,0.9323647515728891,False,0.9973537708425986,0.999999993271446,0.9323647515728891,0.974278118356929,0.99990571183534,0.9232738634894522,,1.0,-2.5149336972795613,1.0,False,histamine_blindspot,0.09682513359413968,False,False,,
LHAV1d2,10,-0.0,ACH,1.0,1.0,0.0,0.0,0.0,0.0,0.0,1.0,False,False,False,-2.4841468475167234,0.09682513359413968,0.333672003628133,0.999999999997836,histamine_blindspot,0.09682513359413968,0.24906688471870347,True,histamine_blindspot,0.09682513359413968,0.9232738634894522,0.9323647515728891,False,0.9973537708425986,0.999999993271446,0.9323647515728891,0.974278118356929,0.99990571183534,0.9232738634894522,,1.0,-2.5149336972795613,1.0,False,histamine_blindspot,0.09682513359413968,False,False,,
SAD007,10,-0.0,ACH,1.0,1.0,0.0,0.0,0.0,0.0,0.0,1.0,False,False,False,-2.485964120934189,0.09682513359413968,0.333672003628133,0.999999999997836,histamine_blindspot,0.09682513359413968,0.24906688471870347,True,histamine_blindspot,0.09682513359413968,0.9232738634894522,0.9323647515728891,False,0.9973537708425986,0.999999993271446,0.9323647515728891,0.974278118356929,0.99990571183534,0.9232738634894522,,1.0,-2.5149336972795613,1.0,False,histamine_blindspot,0.09682513359413968,False,False,,
SMP408_d,10,-0.0,ACH,1.0,1.0,0.0,0.0,0.0,0.0,0.0,1.0,False,False,False,-2.4881004304395957,0.09682513359413968,0.333672003628133,0.999999999997836,histamine_blindspot,0.09682513359413968,0.24906688471870347,True,histamine_blindspot,0.09682513359413968,0.9232738634894522,0.9323647515728891,False,0.9973537708425986,0.999999993271446,0.9323647515728891,0.974278118356929,0.99990571183534,0.9232738634894522,,1.0,-2.5149336972795613,1.0,False,histamine_blindspot,0.09682513359413968,False,False,,
SMP409,10,-0.0,ACH,1.0,1.0,0.0,0.0,0.0,0.0,0.0,1.0,False,False,False,-2.489571998099077,0.09682513359413968,0.333672003628133,0.999999999997836,histamine_blindspot,0.09682513359413968,0.24906688471870347,True,histamine_blindspot,0.09682513359413968,0.9232738634894522,0.9323647515728891,False,0.9973537708425986,0.999999993271446,0.9323647515728891,0.974278118356929,0.99990571183534,0.9232738634894522,,1.0,-2.5149336972795613,1.0,False,histamine_blindspot,0.09682513359413968,False,False,,
LPTe02,10,-0.0,ACH,1.0,1.0,0.0,0.0,0.0,0.0,0.0,1.0,False,False,False,-2.493788940892115,0.09682513359413968,0.333672003628133,0.999999999997836,histamine_blindspot,0.09682513359413968,0.24906688471870347,True,histamine_blindspot,0.09682513359413968,0.9232738634894522,0.9323647515728891,False,0.9973537708425986,0.999999993271446,0.9323647515728891,0.974278118356929,0.99990571183534,0.9232738634894522,,1.0,-2.5149336972795613,1.0,False,histamine_blindspot,0.09682513359413968,False,False,ACH,False
MTe09,10,-0.0,GLUT,1.0,0.0,0.0,1.0,0.0,0.0,0.0,1.0,False,False,False,-2.4990481020141213,0.3598636401235531,0.9999999999971146,0.394627666205389,histamine_blindspot,0.3598636401235531,0.24906688471870347,False,histamine_blindspot,0.3598636401235531,0.5081609173902348,0.9323647515728891,False,0.9973537708425986,0.999999993271446,0.9323647515728891,0.5081609173902348,0.9743985799262538,0.5081609173902348,,1.0,-2.5149336972795613,1.0,False,histamine_blindspot,0.3598636401235531,False,False,,
aSP-g2,10,-0.0,ACH,1.0,1.0,0.0,0.0,0.0,0.0,0.0,1.0,False,False,False,-2.501849496173253,0.09682513359413968,0.333672003628133,0.999999999997836,histamine_blindspot,0.09682513359413968,0.24906688471870347,True,histamine_blindspot,0.09682513359413968,0.9232738634894522,0.9323647515728891,False,0.9973537708425986,0.999999993271446,0.9323647515728891,0.974278118356929,0.99990571183534,0.9232738634894522,,1.0,-2.5149336972795613,1.0,False,histamine_blindspot,0.09682513359413968,False,False,ACH,False
CB1359,10,-0.0,GLUT,1.0,0.0,0.0,1.0,0.0,0.0,0.0,1.0,False,False,False,-2.501924471902876,0.3598636401235531,0.9999999999971146,0.394627666205389,histamine_blindspot,0.3598636401235531,0.24906688471870347,False,histamine_blindspot,0.3598636401235531,0.5081609173902348,0.9323647515728891,False,0.9973537708425986,0.999999993271446,0.9323647515728891,0.5081609173902348,0.9743985799262538,0.5081609173902348,,1.0,-2.5149336972795613,1.0,False,histamine_blindspot,0.3598636401235531,False,False,,
CB1789,11,-0.0,GLUT,1.0,0.0,0.0,1.0,0.0,0.0,0.0,1.0,False,False,False,-2.50462950326055,0.3598636401235531,0.9999999999971146,0.394627666205389,histamine_blindspot,0.3598636401235531,0.24906688471870347,False,histamine_blindspot,0.3598636401235531,0.5081609173902348,0.9323647515728891,False,0.9973537708425986,0.999999993271446,0.9323647515728891,0.5081609173902348,0.9743985799262538,0.5081609173902348,,1.0,-2.6846802473988585,1.0,False,histamine_blindspot,0.3598636401235531,False,False,,
PLP191b,10,-0.0,ACH,1.0,1.0,0.0,0.0,0.0,0.0,0.0,1.0,False,False,False,-2.5054788346564987,0.09682513359413968,0.333672003628133,0.999999999997836,histamine_blindspot,0.09682513359413968,0.24906688471870347,True,histamine_blindspot,0.09682513359413968,0.9232738634894522,0.9323647515728891,False,0.9973537708425986,0.999999993271446,0.9323647515728891,0.974278118356929,0.99990571183534,0.9232738634894522,,1.0,-2.5149336972795613,1.0,False,histamine_blindspot,0.09682513359413968,False,False,,
SLP289,10,-0.0,GLUT,1.0,0.0,0.0,1.0,0.0,0.0,0.0,1.0,False,False,False,-2.506229084779988,0.3598636401235531,0.9999999999971146,0.394627666205389,histamine_blindspot,0.3598636401235531,0.24906688471870347,False,histamine_blindspot,0.3598636401235531,0.5081609173902348,0.9323647515728891,False,0.9973537708425986,0.999999993271446,0.9323647515728891,0.5081609173902348,0.9743985799262538,0.5081609173902348,,1.0,-2.5149336972795613,1.0,False,histamine_blindspot,0.3598636401235531,False,False,,
CB2558,10,-0.0,ACH,1.0,1.0,0.0,0.0,0.0,0.0,0.0,1.0,False,False,False,-2.5100544831545384,0.09682513359413968,0.333672003628133,0.999999999997836,histamine_blindspot,0.09682513359413968,0.24906688471870347,True,histamine_blindspot,0.09682513359413968,0.9232738634894522,0.9323647515728891,False,0.9973537708425986,0.999999993271446,0.9323647515728891,0.974278118356929,0.99990571183534,0.9232738634894522,,1.0,-2.5149336972795613,1.0,False,histamine_blindspot,0.09682513359413968,False,False,,
CL086_a,10,-0.0,ACH,1.0,1.0,0.0,0.0,0.0,0.0,0.0,1.0,False,False,False,-2.511155499933928,0.09682513359413968,0.333672003628133,0.999999999997836,histamine_blindspot,0.09682513359413968,0.24906688471870347,True,histamine_blindspot,0.09682513359413968,0.9232738634894522,0.9323647515728891,False,0.9973537708425986,0.999999993271446,0.9323647515728891,0.974278118356929,0.99990571183534,0.9232738634894522,,1.0,-2.5149336972795613,1.0,False,histamine_blindspot,0.09682513359413968,False,False,,
CB2342,10,-0.0,GLUT,1.0,0.0,0.0,1.0,0.0,0.0,0.0,1.0,False,False,False,-2.5219478836496374,0.3598636401235531,0.9999999999971146,0.394627666205389,histamine_blindspot,0.3598636401235531,0.24906688471870347,False,histamine_blindspot,0.3598636401235531,0.5081609173902348,0.9323647515728891,False,0.9973537708425986,0.999999993271446,0.9323647515728891,0.5081609173902348,0.9743985799262538,0.5081609173902348,,1.0,-2.5149336972795613,1.0,False,histamine_blindspot,0.3598636401235531,False,False,,
CB1457,10,-0.0,GLUT,1.0,0.0,0.0,1.0,0.0,0.0,0.0,1.0,False,False,False,-2.523025006813329,0.3598636401235531,0.9999999999971146,0.394627666205389,histamine_blindspot,0.3598636401235531,0.24906688471870347,False,histamine_blindspot,0.3598636401235531,0.5081609173902348,0.9323647515728891,False,0.9973537708425986,0.999999993271446,0.9323647515728891,0.5081609173902348,0.9743985799262538,0.5081609173902348,,1.0,-2.5149336972795613,1.0,False,histamine_blindspot,0.3598636401235531,False,False,,
LHPV5d1,10,-0.0,ACH,1.0,1.0,0.0,0.0,0.0,0.0,0.0,1.0,False,False,False,-2.5243510505993694,0.09682513359413968,0.333672003628133,0.999999999997836,histamine_blindspot,0.09682513359413968,0.24906688471870347,True,histamine_blindspot,0.09682513359413968,0.9232738634894522,0.9323647515728891,False,0.9973537708425986,0.999999993271446,0.9323647515728891,0.974278118356929,0.99990571183534,0.9232738634894522,,1.0,-2.5149336972795613,1.0,False,histamine_blindspot,0.09682513359413968,False,False,ACH,False
JO-C,10,-0.0,ACH,1.0,1.0,0.0,0.0,0.0,0.0,0.0,1.0,False,False,False,-2.5247934947089474,0.09682513359413968,0.333672003628133,0.999999999997836,histamine_blindspot,0.09682513359413968,0.24906688471870347,True,histamine_blindspot,0.09682513359413968,0.9232738634894522,0.9323647515728891,False,0.9973537708425986,0.999999993271446,0.9323647515728891,0.974278118356929,0.99990571183534,0.9232738634894522,,1.0,-2.5149336972795613,1.0,False,histamine_blindspot,0.09682513359413968,False,False,,
CB2928,10,-0.0,ACH,1.0,1.0,0.0,0.0,0.0,0.0,0.0,1.0,False,False,False,-2.5265946469056715,0.09682513359413968,0.333672003628133,0.999999999997836,histamine_blindspot,0.09682513359413968,0.24906688471870347,True,histamine_blindspot,0.09682513359413968,0.9232738634894522,0.9323647515728891,False,0.9973537708425986,0.999999993271446,0.9323647515728891,0.974278118356929,0.99990571183534,0.9232738634894522,,1.0,-2.5149336972795613,1.0,False,histamine_blindspot,0.09682513359413968,False,False,,
CB1640,10,-0.0,ACH,1.0,1.0,0.0,0.0,0.0,0.0,0.0,1.0,False,False,False,-2.5273881910462577,0.09682513359413968,0.333672003628133,0.999999999997836,histamine_blindspot,0.09682513359413968,0.24906688471870347,True,histamine_blindspot,0.09682513359413968,0.9232738634894522,0.9323647515728891,False,0.9973537708425986,0.999999993271446,0.9323647515728891,0.974278118356929,0.99990571183534,0.9232738634894522,,1.0,-2.5149336972795613,1.0,False,histamine_blindspot,0.09682513359413968,False,False,,
CB2376,10,-0.0,ACH,1.0,1.0,0.0,0.0,0.0,0.0,0.0,1.0,False,False,False,-2.5283642707183525,0.09682513359413968,0.333672003628133,0.999999999997836,histamine_blindspot,0.09682513359413968,0.24906688471870347,True,histamine_blindspot,0.09682513359413968,0.9232738634894522,0.9323647515728891,False,0.9973537708425986,0.999999993271446,0.9323647515728891,0.974278118356929,0.99990571183534,0.9232738634894522,,1.0,-2.5149336972795613,1.0,False,histamine_blindspot,0.09682513359413968,False,False,,
CB3029,10,-0.0,ACH,1.0,1.0,0.0,0.0,0.0,0.0,0.0,1.0,False,False,False,-2.529050144774212,0.09682513359413968,0.333672003628133,0.999999999997836,histamine_blindspot,0.09682513359413968,0.24906688471870347,True,histamine_blindspot,0.09682513359413968,0.9232738634894522,0.9323647515728891,False,0.9973537708425986,0.999999993271446,0.9323647515728891,0.974278118356929,0.99990571183534,0.9232738634894522,,1.0,-2.5149336972795613,1.0,False,histamine_blindspot,0.09682513359413968,False,False,,
SIP047b,10,-0.0,ACH,1.0,1.0,0.0,0.0,0.0,0.0,0.0,1.0,False,False,False,-2.530563134456901,0.09682513359413968,0.333672003628133,0.999999999997836,histamine_blindspot,0.09682513359413968,0.24906688471870347,True,histamine_blindspot,0.09682513359413968,0.9232738634894522,0.9323647515728891,False,0.9973537708425986,0.999999993271446,0.9323647515728891,0.974278118356929,0.99990571183534,0.9232738634894522,,1.0,-2.5149336972795613,1.0,False,histamine_blindspot,0.09682513359413968,False,False,,
CB1114,10,-0.0,ACH,1.0,1.0,0.0,0.0,0.0,0.0,0.0,1.0,False,False,False,-2.5308967546275047,0.09682513359413968,0.333672003628133,0.999999999997836,histamine_blindspot,0.09682513359413968,0.24906688471870347,True,histamine_blindspot,0.09682513359413968,0.9232738634894522,0.9323647515728891,False,0.9973537708425986,0.999999993271446,0.9323647515728891,0.974278118356929,0.99990571183534,0.9232738634894522,,1.0,-2.5149336972795613,1.0,False,histamine_blindspot,0.09682513359413968,False,False,,
CB0997,10,-0.0,ACH,1.0,1.0,0.0,0.0,0.0,0.0,0.0,1.0,False,False,False,-2.5326107131965085,0.09682513359413968,0.333672003628133,0.999999999997836,histamine_blindspot,0.09682513359413968,0.24906688471870347,True,histamine_blindspot,0.09682513359413968,0.9232738634894522,0.9323647515728891,False,0.9973537708425986,0.999999993271446,0.9323647515728891,0.974278118356929,0.99990571183534,0.9232738634894522,,1.0,-2.5149336972795613,1.0,False,histamine_blindspot,0.09682513359413968,False,False,,
SIP055,10,-0.0,ACH,1.0,1.0,0.0,0.0,0.0,0.0,0.0,1.0,False,False,False,-2.5364966504400988,0.09682513359413968,0.333672003628133,0.999999999997836,histamine_blindspot,0.09682513359413968,0.24906688471870347,True,histamine_blindspot,0.09682513359413968,0.9232738634894522,0.9323647515728891,False,0.9973537708425986,0.999999993271446,0.9323647515728891,0.974278118356929,0.99990571183534,0.9232738634894522,,1.0,-2.5149336972795613,1.0,False,histamine_blindspot,0.09682513359413968,False,False,,
CB2744,10,-0.0,ACH,1.0,1.0,0.0,0.0,0.0,0.0,0.0,1.0,False,False,False,-2.537600018493104,0.09682513359413968,0.333672003628133,0.999999999997836,histamine_blindspot,0.09682513359413968,0.24906688471870347,True,histamine_blindspot,0.09682513359413968,0.9232738634894522,0.9323647515728891,False,0.9973537708425986,0.999999993271446,0.9323647515728891,0.974278118356929,0.99990571183534,0.9232738634894522,,1.0,-2.5149336972795613,1.0,False,histamine_blindspot,0.09682513359413968,False,False,,
SMP282,10,-0.0,GLUT,1.0,0.0,0.0,1.0,0.0,0.0,0.0,1.0,False,False,False,-2.545828723388273,0.3598636401235531,0.9999999999971146,0.394627666205389,histamine_blindspot,0.3598636401235531,0.24906688471870347,False,histamine_blindspot,0.3598636401235531,0.5081609173902348,0.9323647515728891,False,0.9973537708425986,0.999999993271446,0.9323647515728891,0.5081609173902348,0.9743985799262538,0.5081609173902348,,1.0,-2.5149336972795613,1.0,False,histamine_blindspot,0.3598636401235531,False,False,,
CL328,11,-0.0,ACH,1.0,1.0,0.0,0.0,0.0,0.0,0.0,1.0,False,False,False,-2.548897656159851,0.09682513359413968,0.333672003628133,0.999999999997836,histamine_blindspot,0.09682513359413968,0.24906688471870347,True,histamine_blindspot,0.09682513359413968,0.9232738634894522,0.9323647515728891,False,0.9973537708425986,0.999999993271446,0.9323647515728891,0.974278118356929,0.99990571183534,0.9232738634894522,,1.0,-2.6846802473988585,1.0,False,histamine_blindspot,0.09682513359413968,False,False,,
LAL096,10,-0.0,GLUT,1.0,0.0,0.0,1.0,0.0,0.0,0.0,1.0,False,False,False,-2.5492307961492537,0.3598636401235531,0.9999999999971146,0.394627666205389,histamine_blindspot,0.3598636401235531,0.24906688471870347,False,histamine_blindspot,0.3598636401235531,0.5081609173902348,0.9323647515728891,False,0.9973537708425986,0.999999993271446,0.9323647515728891,0.5081609173902348,0.9743985799262538,0.5081609173902348,,1.0,-2.5149336972795613,1.0,False,histamine_blindspot,0.3598636401235531,False,False,,
PLP048,11,-0.0,GLUT,1.0,0.0,0.0,1.0,0.0,0.0,0.0,1.0,False,False,False,-2.549756617667369,0.3598636401235531,0.9999999999971146,0.394627666205389,histamine_blindspot,0.3598636401235531,0.24906688471870347,False,histamine_blindspot,0.3598636401235531,0.5081609173902348,0.9323647515728891,False,0.9973537708425986,0.999999993271446,0.9323647515728891,0.5081609173902348,0.9743985799262538,0.5081609173902348,,1.0,-2.6846802473988585,1.0,False,histamine_blindspot,0.3598636401235531,False,False,,
AN_IPS_GNG_6,11,-0.0,ACH,1.0,1.0,0.0,0.0,0.0,0.0,0.0,1.0,False,False,False,-2.5516324635623957,0.09682513359413968,0.333672003628133,0.999999999997836,histamine_blindspot,0.09682513359413968,0.24906688471870347,True,histamine_blindspot,0.09682513359413968,0.9232738634894522,0.9323647515728891,False,0.9973537708425986,0.999999993271446,0.9323647515728891,0.974278118356929,0.99990571183534,0.9232738634894522,,1.0,-2.6846802473988585,1.0,False,histamine_blindspot,0.09682513359413968,False,False,,
LB3,84,0.8142271109873961,ACH,0.8333333333333334,0.8333333333333334,0.0,0.07142857142857142,0.0,0.09523809523809523,0.0,0.9047619047619048,False,False,False,-2.5556496320484072,0.04167126143638281,0.19852417395943023,0.8552055203021038,histamine_blindspot,0.04167126143638281,0.24906688471870347,True,histamine_blindspot,0.04167126143638281,0.06208020055369534,0.9323647515728891,False,0.9973537708425986,0.999999993271446,0.9323647515728891,0.9955895264672375,0.9998826754985258,0.06208020055369534,,0.9927503624818759,-2.553544813391134,1.0,False,histamine_blindspot,0.04167126143638281,False,False,,
PAM14,10,-0.0,DA,1.0,0.0,0.0,0.0,1.0,0.0,0.0,0.0,False,False,False,-2.556699876403313,0.9723068617741457,0.9999999999971146,0.999999999997836,histamine_blindspot,0.9723068617741457,0.24906688471870347,False,histamine_blindspot,0.9723068617741457,0.09110731376193937,0.9323647515728891,False,0.9973537708425986,0.999999993271446,0.9323647515728891,0.43385816206281147,0.36542084334108693,0.09110731376193937,,1.0,-2.5149336972795613,1.0,False,histamine_blindspot,0.9723068617741457,False,False,DA,False
LHAV5a2_a2,10,-0.0,ACH,1.0,1.0,0.0,0.0,0.0,0.0,0.0,1.0,False,False,False,-2.5587714206801406,0.09682513359413968,0.333672003628133,0.999999999997836,histamine_blindspot,0.09682513359413968,0.24906688471870347,True,histamine_blindspot,0.09682513359413968,0.9232738634894522,0.9323647515728891,False,0.9973537708425986,0.999999993271446,0.9323647515728891,0.974278118356929,0.99990571183534,0.9232738634894522,,1.0,-2.5149336972795613,1.0,False,histamine_blindspot,0.09682513359413968,False,False,,
LHAD1b5,11,-0.0,ACH,1.0,1.0,0.0,0.0,0.0,0.0,0.0,1.0,False,False,False,-2.559058185804671,0.09682513359413968,0.333672003628133,0.999999999997836,histamine_blindspot,0.09682513359413968,0.24906688471870347,True,histamine_blindspot,0.09682513359413968,0.9232738634894522,0.9323647515728891,False,0.9973537708425986,0.999999993271446,0.9323647515728891,0.974278118356929,0.99990571183534,0.9232738634894522,,1.0,-2.6846802473988585,1.0,False,histamine_blindspot,0.09682513359413968,False,False,ACH,False
CB1023,10,-0.0,GLUT,1.0,0.0,0.0,1.0,0.0,0.0,0.0,1.0,False,False,False,-2.560584830414706,0.3598636401235531,0.9999999999971146,0.394627666205389,histamine_blindspot,0.3598636401235531,0.24906688471870347,False,histamine_blindspot,0.3598636401235531,0.5081609173902348,0.9323647515728891,False,0.9973537708425986,0.999999993271446,0.9323647515728891,0.5081609173902348,0.9743985799262538,0.5081609173902348,,1.0,-2.5149336972795613,1.0,False,histamine_blindspot,0.3598636401235531,False,False,,
LHAV2b2a,10,-0.0,ACH,1.0,1.0,0.0,0.0,0.0,0.0,0.0,1.0,False,False,False,-2.563683202427076,0.09682513359413968,0.333672003628133,0.999999999997836,histamine_blindspot,0.09682513359413968,0.24906688471870347,True,histamine_blindspot,0.09682513359413968,0.9232738634894522,0.9323647515728891,False,0.9973537708425986,0.999999993271446,0.9323647515728891,0.974278118356929,0.99990571183534,0.9232738634894522,,1.0,-2.5149336972795613,1.0,False,histamine_blindspot,0.09682513359413968,False,False,ACH,False
CB0738,10,-0.0,ACH,1.0,1.0,0.0,0.0,0.0,0.0,0.0,1.0,False,False,False,-2.564716993687981,0.09682513359413968,0.333672003628133,0.999999999997836,histamine_blindspot,0.09682513359413968,0.24906688471870347,True,histamine_blindspot,0.09682513359413968,0.9232738634894522,0.9323647515728891,False,0.9973537708425986,0.999999993271446,0.9323647515728891,0.974278118356929,0.99990571183534,0.9232738634894522,,1.0,-2.5149336972795613,1.0,False,histamine_blindspot,0.09682513359413968,False,False,,
LAL110,10,-0.0,ACH,1.0,1.0,0.0,0.0,0.0,0.0,0.0,1.0,False,False,False,-2.566348748867296,0.09682513359413968,0.333672003628133,0.999999999997836,histamine_blindspot,0.09682513359413968,0.24906688471870347,True,histamine_blindspot,0.09682513359413968,0.9232738634894522,0.9323647515728891,False,0.9973537708425986,0.999999993271446,0.9323647515728891,0.974278118356929,0.99990571183534,0.9232738634894522,,1.0,-2.5149336972795613,1.0,False,histamine_blindspot,0.09682513359413968,False,False,,
SLP223,10,-0.0,ACH,1.0,1.0,0.0,0.0,0.0,0.0,0.0,1.0,False,False,False,-2.5668975989242093,0.09682513359413968,0.333672003628133,0.999999999997836,histamine_blindspot,0.09682513359413968,0.24906688471870347,True,histamine_blindspot,0.09682513359413968,0.9232738634894522,0.9323647515728891,False,0.9973537708425986,0.999999993271446,0.9323647515728891,0.974278118356929,0.99990571183534,0.9232738634894522,,1.0,-2.5149336972795613,1.0,False,histamine_blindspot,0.09682513359413968,False,False,,
BM_Hau,10,-0.0,ACH,1.0,1.0,0.0,0.0,0.0,0.0,0.0,1.0,False,False,False,-2.5677557594265665,0.09682513359413968,0.333672003628133,0.999999999997836,histamine_blindspot,0.09682513359413968,0.24906688471870347,True,histamine_blindspot,0.09682513359413968,0.9232738634894522,0.9323647515728891,False,0.9973537708425986,0.999999993271446,0.9323647515728891,0.974278118356929,0.99990571183534,0.9232738634894522,,1.0,-2.5149336972795613,1.0,False,histamine_blindspot,0.09682513359413968,False,False,,
AVLP028,10,-0.0,ACH,1.0,1.0,0.0,0.0,0.0,0.0,0.0,1.0,False,False,False,-2.569367779730809,0.09682513359413968,0.333672003628133,0.999999999997836,histamine_blindspot,0.09682513359413968,0.24906688471870347,True,histamine_blindspot,0.09682513359413968,0.9232738634894522,0.9323647515728891,False,0.9973537708425986,0.999999993271446,0.9323647515728891,0.974278118356929,0.99990571183534,0.9232738634894522,,1.0,-2.5149336972795613,1.0,False,histamine_blindspot,0.09682513359413968,False,False,,
SIP014,10,-0.0,GLUT,1.0,0.0,0.0,1.0,0.0,0.0,0.0,1.0,False,False,False,-2.575196649189067,0.3598636401235531,0.9999999999971146,0.394627666205389,histamine_blindspot,0.3598636401235531,0.24906688471870347,False,histamine_blindspot,0.3598636401235531,0.5081609173902348,0.9323647515728891,False,0.9973537708425986,0.999999993271446,0.9323647515728891,0.5081609173902348,0.9743985799262538,0.5081609173902348,,1.0,-2.5149336972795613,1.0,False,histamine_blindspot,0.3598636401235531,False,False,,
LC31b,10,-0.0,ACH,1.0,1.0,0.0,0.0,0.0,0.0,0.0,1.0,False,False,False,-2.5758951541600843,0.09682513359413968,0.333672003628133,0.999999999997836,histamine_blindspot,0.09682513359413968,0.24906688471870347,True,histamine_blindspot,0.09682513359413968,0.9232738634894522,0.9323647515728891,False,0.9973537708425986,0.999999993271446,0.9323647515728891,0.974278118356929,0.99990571183534,0.9232738634894522,,1.0,-2.5149336972795613,1.0,False,histamine_blindspot,0.09682513359413968,False,False,,
CB2050,10,-0.0,ACH,1.0,1.0,0.0,0.0,0.0,0.0,0.0,1.0,False,False,False,-2.5824429479472357,0.09682513359413968,0.333672003628133,0.999999999997836,histamine_blindspot,0.09682513359413968,0.24906688471870347,True,histamine_blindspot,0.09682513359413968,0.9232738634894522,0.9323647515728891,False,0.9973537708425986,0.999999993271446,0.9323647515728891,0.974278118356929,0.99990571183534,0.9232738634894522,,1.0,-2.5149336972795613,1.0,False,histamine_blindspot,0.09682513359413968,False,False,,
CB1220,11,-0.0,GLUT,1.0,0.0,0.0,1.0,0.0,0.0,0.0,1.0,False,False,False,-2.5905874212178417,0.3598636401235531,0.9999999999971146,0.394627666205389,histamine_blindspot,0.3598636401235531,0.24906688471870347,False,histamine_blindspot,0.3598636401235531,0.5081609173902348,0.9323647515728891,False,0.9973537708425986,0.999999993271446,0.9323647515728891,0.5081609173902348,0.9743985799262538,0.5081609173902348,,1.0,-2.6846802473988585,1.0,False,histamine_blindspot,0.3598636401235531,False,False,,
CL313,11,-0.0,ACH,1.0,1.0,0.0,0.0,0.0,0.0,0.0,1.0,False,False,False,-2.59639592588349,0.09682513359413968,0.333672003628133,0.999999999997836,histamine_blindspot,0.09682513359413968,0.24906688471870347,True,histamine_blindspot,0.09682513359413968,0.9232738634894522,0.9323647515728891,False,0.9973537708425986,0.999999993271446,0.9323647515728891,0.974278118356929,0.99990571183534,0.9232738634894522,,1.0,-2.6846802473988585,1.0,False,histamine_blindspot,0.09682513359413968,False,False,,
DA2_lPN,11,-0.0,ACH,1.0,1.0,0.0,0.0,0.0,0.0,0.0,1.0,False,False,False,-2.596517783667032,0.09682513359413968,0.333672003628133,0.999999999997836,histamine_blindspot,0.09682513359413968,0.24906688471870347,True,histamine_blindspot,0.09682513359413968,0.9232738634894522,0.9323647515728891,False,0.9973537708425986,0.999999993271446,0.9323647515728891,0.974278118356929,0.99990571183534,0.9232738634894522,,1.0,-2.6846802473988585,1.0,False,histamine_blindspot,0.09682513359413968,False,False,ACH,False
SMP173,10,-0.0,ACH,1.0,1.0,0.0,0.0,0.0,0.0,0.0,1.0,False,False,False,-2.606445641052829,0.09682513359413968,0.333672003628133,0.999999999997836,histamine_blindspot,0.09682513359413968,0.24906688471870347,True,histamine_blindspot,0.09682513359413968,0.9232738634894522,0.9323647515728891,False,0.9973537708425986,0.999999993271446,0.9323647515728891,0.974278118356929,0.99990571183534,0.9232738634894522,,1.0,-2.5149336972795613,1.0,False,histamine_blindspot,0.09682513359413968,False,False,,
CB2242,11,-0.0,ACH,1.0,1.0,0.0,0.0,0.0,0.0,0.0,1.0,False,False,False,-2.607976642707852,0.09682513359413968,0.333672003628133,0.999999999997836,histamine_blindspot,0.09682513359413968,0.24906688471870347,True,histamine_blindspot,0.09682513359413968,0.9232738634894522,0.9323647515728891,False,0.9973537708425986,0.999999993271446,0.9323647515728891,0.974278118356929,0.99990571183534,0.9232738634894522,,1.0,-2.6846802473988585,1.0,False,histamine_blindspot,0.09682513359413968,False,False,,
HRN_VP5,11,-0.0,ACH,1.0,1.0,0.0,0.0,0.0,0.0,0.0,1.0,False,False,False,-2.6084051555623464,0.09682513359413968,0.333672003628133,0.999999999997836,histamine_blindspot,0.09682513359413968,0.24906688471870347,True,histamine_blindspot,0.09682513359413968,0.9232738634894522,0.9323647515728891,False,0.9973537708425986,0.999999993271446,0.9323647515728891,0.974278118356929,0.99990571183534,0.9232738634894522,,1.0,-2.6846802473988585,1.0,False,histamine_blindspot,0.09682513359413968,False,False,,
SMP016_b,10,-0.0,ACH,1.0,1.0,0.0,0.0,0.0,0.0,0.0,1.0,False,False,False,-2.6091848174684604,0.09682513359413968,0.333672003628133,0.999999999997836,histamine_blindspot,0.09682513359413968,0.24906688471870347,True,histamine_blindspot,0.09682513359413968,0.9232738634894522,0.9323647515728891,False,0.9973537708425986,0.999999993271446,0.9323647515728891,0.974278118356929,0.99990571183534,0.9232738634894522,,1.0,-2.5149336972795613,1.0,False,histamine_blindspot,0.09682513359413968,False,False,,
hDeltaJ,28,0.4912373418243331,ACH,0.8928571428571429,0.8928571428571429,0.0,0.0,0.0,0.10714285714285714,0.0,0.8928571428571429,False,False,False,-2.6096644064532746,0.11090145362322391,0.16488074808565445,0.9999999999971145,histamine_blindspot,0.11090145362322391,0.24906688471870347,True,histamine_blindspot,0.11090145362322391,0.9309024179207822,0.9323647515728891,False,0.9973537708425986,0.999999993271446,0.9323647515728891,0.9754044605139015,0.9998783783648462,0.9309024179207822,,0.991700414979251,-2.6435728939202483,1.0,False,histamine_blindspot,0.11090145362322391,False,False,,
CB1901,10,-0.0,ACH,1.0,1.0,0.0,0.0,0.0,0.0,0.0,1.0,False,False,False,-2.6192626450622805,0.09682513359413968,0.333672003628133,0.999999999997836,histamine_blindspot,0.09682513359413968,0.24906688471870347,True,histamine_blindspot,0.09682513359413968,0.9232738634894522,0.9323647515728891,False,0.9973537708425986,0.999999993271446,0.9323647515728891,0.974278118356929,0.99990571183534,0.9232738634894522,,1.0,-2.5149336972795613,1.0,False,histamine_blindspot,0.09682513359413968,False,False,,
CB1072,11,-0.0,ACH,1.0,1.0,0.0,0.0,0.0,0.0,0.0,1.0,False,False,False,-2.622500505058764,0.09682513359413968,0.333672003628133,0.999999999997836,histamine_blindspot,0.09682513359413968,0.24906688471870347,True,histamine_blindspot,0.09682513359413968,0.9232738634894522,0.9323647515728891,False,0.9973537708425986,0.999999993271446,0.9323647515728891,0.974278118356929,0.99990571183534,0.9232738634894522,,1.0,-2.6846802473988585,1.0,False,histamine_blindspot,0.09682513359413968,False,False,,
DNge091,11,-0.0,ACH,1.0,1.0,0.0,0.0,0.0,0.0,0.0,1.0,False,False,False,-2.6232656209239784,0.09682513359413968,0.333672003628133,0.999999999997836,histamine_blindspot,0.09682513359413968,0.24906688471870347,True,histamine_blindspot,0.09682513359413968,0.9232738634894522,0.9323647515728891,False,0.9973537708425986,0.999999993271446,0.9323647515728891,0.974278118356929,0.99990571183534,0.9232738634894522,,1.0,-2.6846802473988585,1.0,False,histamine_blindspot,0.09682513359413968,False,False,,
JO-EDP,11,-0.0,ACH,1.0,1.0,0.0,0.0,0.0,0.0,0.0,1.0,False,False,False,-2.6242425314975804,0.09682513359413968,0.333672003628133,0.999999999997836,histamine_blindspot,0.09682513359413968,0.24906688471870347,True,histamine_blindspot,0.09682513359413968,0.9232738634894522,0.9323647515728891,False,0.9973537708425986,0.999999993271446,0.9323647515728891,0.974278118356929,0.99990571183534,0.9232738634894522,,1.0,-2.6846802473988585,1.0,False,histamine_blindspot,0.09682513359413968,False,False,,
LHPV4a10,10,-0.0,GLUT,1.0,0.0,0.0,1.0,0.0,0.0,0.0,1.0,False,False,False,-2.6258115413592207,0.3598636401235531,0.9999999999971146,0.394627666205389,histamine_blindspot,0.3598636401235531,0.24906688471870347,False,histamine_blindspot,0.3598636401235531,0.5081609173902348,0.9323647515728891,False,0.9973537708425986,0.999999993271446,0.9323647515728891,0.5081609173902348,0.9743985799262538,0.5081609173902348,,1.0,-2.5149336972795613,1.0,False,histamine_blindspot,0.3598636401235531,False,False,GLUT,False
LCe06,11,-0.0,ACH,1.0,1.0,0.0,0.0,0.0,0.0,0.0,1.0,False,False,False,-2.6285955758299187,0.09682513359413968,0.333672003628133,0.999999999997836,histamine_blindspot,0.09682513359413968,0.24906688471870347,True,histamine_blindspot,0.09682513359413968,0.9232738634894522,0.9323647515728891,False,0.9973537708425986,0.999999993271446,0.9323647515728891,0.974278118356929,0.99990571183534,0.9232738634894522,,1.0,-2.6846802473988585,1.0,False,histamine_blindspot,0.09682513359413968,False,False,,
PS209,10,-0.0,ACH,1.0,1.0,0.0,0.0,0.0,0.0,0.0,1.0,False,False,False,-2.6379807323277347,0.09682513359413968,0.333672003628133,0.999999999997836,histamine_blindspot,0.09682513359413968,0.24906688471870347,True,histamine_blindspot,0.09682513359413968,0.9232738634894522,0.9323647515728891,False,0.9973537708425986,0.999999993271446,0.9323647515728891,0.974278118356929,0.99990571183534,0.9232738634894522,,1.0,-2.5149336972795613,1.0,False,histamine_blindspot,0.09682513359413968,False,False,,
DL2d_adPN,10,-0.0,ACH,1.0,1.0,0.0,0.0,0.0,0.0,0.0,1.0,False,False,False,-2.6498086722023944,0.09682513359413968,0.333672003628133,0.999999999997836,histamine_blindspot,0.09682513359413968,0.24906688471870347,True,histamine_blindspot,0.09682513359413968,0.9232738634894522,0.9323647515728891,False,0.9973537708425986,0.999999993271446,0.9323647515728891,0.974278118356929,0.99990571183534,0.9232738634894522,,1.0,-2.5149336972795613,1.0,False,histamine_blindspot,0.09682513359413968,False,False,ACH,False
CB1206,11,-0.0,ACH,1.0,1.0,0.0,0.0,0.0,0.0,0.0,1.0,False,False,False,-2.6522907181146307,0.09682513359413968,0.333672003628133,0.999999999997836,histamine_blindspot,0.09682513359413968,0.24906688471870347,True,histamine_blindspot,0.09682513359413968,0.9232738634894522,0.9323647515728891,False,0.9973537708425986,0.999999993271446,0.9323647515728891,0.974278118356929,0.99990571183534,0.9232738634894522,,1.0,-2.6846802473988585,1.0,False,histamine_blindspot,0.09682513359413968,False,False,,
CB1482,11,-0.0,GLUT,1.0,0.0,0.0,1.0,0.0,0.0,0.0,1.0,False,False,False,-2.655436629590104,0.3598636401235531,0.9999999999971146,0.394627666205389,histamine_blindspot,0.3598636401235531,0.24906688471870347,False,histamine_blindspot,0.3598636401235531,0.5081609173902348,0.9323647515728891,False,0.9973537708425986,0.999999993271446,0.9323647515728891,0.5081609173902348,0.9743985799262538,0.5081609173902348,,1.0,-2.6846802473988585,1.0,False,histamine_blindspot,0.3598636401235531,False,False,,
CB2353,11,-0.0,ACH,1.0,1.0,0.0,0.0,0.0,0.0,0.0,1.0,False,False,False,-2.6598177725720773,0.09682513359413968,0.333672003628133,0.999999999997836,histamine_blindspot,0.09682513359413968,0.24906688471870347,True,histamine_blindspot,0.09682513359413968,0.9232738634894522,0.9323647515728891,False,0.9973537708425986,0.999999993271446,0.9323647515728891,0.974278118356929,0.99990571183534,0.9232738634894522,,1.0,-2.6846802473988585,1.0,False,histamine_blindspot,0.09682513359413968,False,False,,
ENS1,10,-0.0,ACH,1.0,1.0,0.0,0.0,0.0,0.0,0.0,1.0,False,False,False,-2.6634582354373664,0.09682513359413968,0.333672003628133,0.999999999997836,histamine_blindspot,0.09682513359413968,0.24906688471870347,True,histamine_blindspot,0.09682513359413968,0.9232738634894522,0.9323647515728891,False,0.9973537708425986,0.999999993271446,0.9323647515728891,0.974278118356929,0.99990571183534,0.9232738634894522,,1.0,-2.5149336972795613,1.0,False,histamine_blindspot,0.09682513359413968,False,False,,
WED034,11,-0.0,GLUT,1.0,0.0,0.0,1.0,0.0,0.0,0.0,1.0,False,False,False,-2.667460959219668,0.3598636401235531,0.9999999999971146,0.394627666205389,histamine_blindspot,0.3598636401235531,0.24906688471870347,False,histamine_blindspot,0.3598636401235531,0.5081609173902348,0.9323647515728891,False,0.9973537708425986,0.999999993271446,0.9323647515728891,0.5081609173902348,0.9743985799262538,0.5081609173902348,,1.0,-2.6846802473988585,1.0,False,histamine_blindspot,0.3598636401235531,False,False,,
PLP041,10,-0.0,GLUT,1.0,0.0,0.0,1.0,0.0,0.0,0.0,1.0,False,False,False,-2.6695022069916257,0.3598636401235531,0.9999999999971146,0.394627666205389,histamine_blindspot,0.3598636401235531,0.24906688471870347,False,histamine_blindspot,0.3598636401235531,0.5081609173902348,0.9323647515728891,False,0.9973537708425986,0.999999993271446,0.9323647515728891,0.5081609173902348,0.9743985799262538,0.5081609173902348,,1.0,-2.5149336972795613,1.0,False,histamine_blindspot,0.3598636401235531,False,False,,
CB2685,11,-0.0,ACH,1.0,1.0,0.0,0.0,0.0,0.0,0.0,1.0,False,False,False,-2.673265291386694,0.09682513359413968,0.333672003628133,0.999999999997836,histamine_blindspot,0.09682513359413968,0.24906688471870347,True,histamine_blindspot,0.09682513359413968,0.9232738634894522,0.9323647515728891,False,0.9973537708425986,0.999999993271446,0.9323647515728891,0.974278118356929,0.99990571183534,0.9232738634894522,,1.0,-2.6846802473988585,1.0,False,histamine_blindspot,0.09682513359413968,False,False,,
CB1920,10,-0.0,ACH,1.0,1.0,0.0,0.0,0.0,0.0,0.0,1.0,False,False,False,-2.673945358318833,0.09682513359413968,0.333672003628133,0.999999999997836,histamine_blindspot,0.09682513359413968,0.24906688471870347,True,histamine_blindspot,0.09682513359413968,0.9232738634894522,0.9323647515728891,False,0.9973537708425986,0.999999993271446,0.9323647515728891,0.974278118356929,0.99990571183534,0.9232738634894522,,1.0,-2.5149336972795613,1.0,False,histamine_blindspot,0.09682513359413968,False,False,,
LPi06,24,0.4138168503036337,GLUT,0.9166666666666666,0.0,0.08333333333333333,0.9166666666666666,0.0,0.0,0.0,1.0,False,False,False,-2.6774888073303136,0.22398876009601149,0.9325728753829283,0.23301479548215448,histamine_blindspot,0.22398876009601149,0.24906688471870347,True,histamine_blindspot,0.22398876009601149,0.5026910237695729,0.9323647515728891,False,0.9973537708425986,0.999999993271446,0.9323647515728891,0.5026910237695729,0.9945293998418991,0.5026910237695729,,0.9958502074896255,-2.716982850795807,1.0,False,histamine_blindspot,0.22398876009601149,False,False,,
SLP285,11,-0.0,GLUT,1.0,0.0,0.0,1.0,0.0,0.0,0.0,1.0,False,False,False,-2.68507621415028,0.3598636401235531,0.9999999999971146,0.394627666205389,histamine_blindspot,0.3598636401235531,0.24906688471870347,False,histamine_blindspot,0.3598636401235531,0.5081609173902348,0.9323647515728891,False,0.9973537708425986,0.999999993271446,0.9323647515728891,0.5081609173902348,0.9743985799262538,0.5081609173902348,,1.0,-2.6846802473988585,1.0,False,histamine_blindspot,0.3598636401235531,False,False,,
M_lPNm11D,11,-0.0,ACH,1.0,1.0,0.0,0.0,0.0,0.0,0.0,1.0,False,False,False,-2.685231615210023,0.09682513359413968,0.333672003628133,0.999999999997836,histamine_blindspot,0.09682513359413968,0.24906688471870347,True,histamine_blindspot,0.09682513359413968,0.9232738634894522,0.9323647515728891,False,0.9973537708425986,0.999999993271446,0.9323647515728891,0.974278118356929,0.99990571183534,0.9232738634894522,,1.0,-2.6846802473988585,1.0,False,histamine_blindspot,0.09682513359413968,False,False,ACH,False
CB1585,11,-0.0,ACH,1.0,1.0,0.0,0.0,0.0,0.0,0.0,1.0,False,False,False,-2.6863549656258394,0.09682513359413968,0.333672003628133,0.999999999997836,histamine_blindspot,0.09682513359413968,0.24906688471870347,True,histamine_blindspot,0.09682513359413968,0.9232738634894522,0.9323647515728891,False,0.9973537708425986,0.999999993271446,0.9323647515728891,0.974278118356929,0.99990571183534,0.9232738634894522,,1.0,-2.6846802473988585,1.0,False,histamine_blindspot,0.09682513359413968,False,False,,
AOTU007,11,-0.0,ACH,1.0,1.0,0.0,0.0,0.0,0.0,0.0,1.0,False,False,False,-2.686882240978298,0.09682513359413968,0.333672003628133,0.999999999997836,histamine_blindspot,0.09682513359413968,0.24906688471870347,True,histamine_blindspot,0.09682513359413968,0.9232738634894522,0.9323647515728891,False,0.9973537708425986,0.999999993271446,0.9323647515728891,0.974278118356929,0.99990571183534,0.9232738634894522,,1.0,-2.6846802473988585,1.0,False,histamine_blindspot,0.09682513359413968,False,False,,
dorsal_tpGRN,11,-0.0,ACH,1.0,1.0,0.0,0.0,0.0,0.0,0.0,1.0,False,False,False,-2.689819946897495,0.09682513359413968,0.333672003628133,0.999999999997836,histamine_blindspot,0.09682513359413968,0.24906688471870347,True,histamine_blindspot,0.09682513359413968,0.9232738634894522,0.9323647515728891,False,0.9973537708425986,0.999999993271446,0.9323647515728891,0.974278118356929,0.99990571183534,0.9232738634894522,,1.0,-2.6846802473988585,1.0,False,histamine_blindspot,0.09682513359413968,False,False,,
SIP015,11,-0.0,GLUT,1.0,0.0,0.0,1.0,0.0,0.0,0.0,1.0,False,False,False,-2.690199295156265,0.3598636401235531,0.9999999999971146,0.394627666205389,histamine_blindspot,0.3598636401235531,0.24906688471870347,False,histamine_blindspot,0.3598636401235531,0.5081609173902348,0.9323647515728891,False,0.9973537708425986,0.999999993271446,0.9323647515728891,0.5081609173902348,0.9743985799262538,0.5081609173902348,,1.0,-2.6846802473988585,1.0,False,histamine_blindspot,0.3598636401235531,False,False,,
TuBu02,11,-0.0,ACH,1.0,1.0,0.0,0.0,0.0,0.0,0.0,1.0,False,False,False,-2.691548722140083,0.09682513359413968,0.333672003628133,0.999999999997836,histamine_blindspot,0.09682513359413968,0.24906688471870347,True,histamine_blindspot,0.09682513359413968,0.9232738634894522,0.9323647515728891,False,0.9973537708425986,0.999999993271446,0.9323647515728891,0.974278118356929,0.99990571183534,0.9232738634894522,,1.0,-2.6846802473988585,1.0,False,histamine_blindspot,0.09682513359413968,False,False,ACH,False
SLP114,10,-0.0,ACH,1.0,1.0,0.0,0.0,0.0,0.0,0.0,1.0,False,False,False,-2.69432763476338,0.09682513359413968,0.333672003628133,0.999999999997836,histamine_blindspot,0.09682513359413968,0.24906688471870347,True,histamine_blindspot,0.09682513359413968,0.9232738634894522,0.9323647515728891,False,0.9973537708425986,0.999999993271446,0.9323647515728891,0.974278118356929,0.99990571183534,0.9232738634894522,,1.0,-2.5149336972795613,1.0,False,histamine_blindspot,0.09682513359413968,False,False,,
CB1125,11,-0.0,ACH,1.0,1.0,0.0,0.0,0.0,0.0,0.0,1.0,False,False,False,-2.6991759932804738,0.09682513359413968,0.333672003628133,0.999999999997836,histamine_blindspot,0.09682513359413968,0.24906688471870347,True,histamine_blindspot,0.09682513359413968,0.9232738634894522,0.9323647515728891,False,0.9973537708425986,0.999999993271446,0.9323647515728891,0.974278118356929,0.99990571183534,0.9232738634894522,,1.0,-2.6846802473988585,1.0,False,histamine_blindspot,0.09682513359413968,False,False,,
PVLP007,11,-0.0,GLUT,1.0,0.0,0.0,1.0,0.0,0.0,0.0,1.0,False,False,False,-2.702814320285883,0.3598636401235531,0.9999999999971146,0.394627666205389,histamine_blindspot,0.3598636401235531,0.24906688471870347,False,histamine_blindspot,0.3598636401235531,0.5081609173902348,0.9323647515728891,False,0.9973537708425986,0.999999993271446,0.9323647515728891,0.5081609173902348,0.9743985799262538,0.5081609173902348,,1.0,-2.6846802473988585,1.0,False,histamine_blindspot,0.3598636401235531,False,False,,
CB1712,12,-0.0,ACH,1.0,1.0,0.0,0.0,0.0,0.0,0.0,1.0,False,False,False,-2.704507917467507,0.09682513359413968,0.333672003628133,0.999999999997836,histamine_blindspot,0.09682513359413968,0.24906688471870347,True,histamine_blindspot,0.09682513359413968,0.9232738634894522,0.9323647515728891,False,0.9973537708425986,0.999999993271446,0.9323647515728891,0.974278118356929,0.99990571183534,0.9232738634894522,,1.0,-2.8176556091474656,1.0,False,histamine_blindspot,0.09682513359413968,False,False,,
LHPV4g1,11,-0.0,GLUT,1.0,0.0,0.0,1.0,0.0,0.0,0.0,1.0,False,False,False,-2.7109793903617856,0.3598636401235531,0.9999999999971146,0.394627666205389,histamine_blindspot,0.3598636401235531,0.24906688471870347,False,histamine_blindspot,0.3598636401235531,0.5081609173902348,0.9323647515728891,False,0.9973537708425986,0.999999993271446,0.9323647515728891,0.5081609173902348,0.9743985799262538,0.5081609173902348,,1.0,-2.6846802473988585,1.0,False,histamine_blindspot,0.3598636401235531,False,False,GLUT,False
PDt,11,-0.0,DA,1.0,0.0,0.0,0.0,1.0,0.0,0.0,0.0,False,False,False,-2.7117274540491563,0.9723068617741457,0.9999999999971146,0.999999999997836,histamine_blindspot,0.9723068617741457,0.24906688471870347,False,histamine_blindspot,0.9723068617741457,0.09110731376193937,0.9323647515728891,False,0.9973537708425986,0.999999993271446,0.9323647515728891,0.43385816206281147,0.36542084334108693,0.09110731376193937,,1.0,-2.6846802473988585,1.0,False,histamine_blindspot,0.9723068617741457,False,False,,
FB4Z,12,-0.0,GLUT,1.0,0.0,0.0,1.0,0.0,0.0,0.0,1.0,False,False,False,-2.7123206011508287,0.3598636401235531,0.9999999999971146,0.394627666205389,histamine_blindspot,0.3598636401235531,0.24906688471870347,False,histamine_blindspot,0.3598636401235531,0.5081609173902348,0.9323647515728891,False,0.9973537708425986,0.999999993271446,0.9323647515728891,0.5081609173902348,0.9743985799262538,0.5081609173902348,,1.0,-2.8176556091474656,1.0,False,histamine_blindspot,0.3598636401235531,False,False,GLUT,False
aSP-f4,11,-0.0,ACH,1.0,1.0,0.0,0.0,0.0,0.0,0.0,1.0,False,False,False,-2.7177955711477355,0.09682513359413968,0.333672003628133,0.999999999997836,histamine_blindspot,0.09682513359413968,0.24906688471870347,True,histamine_blindspot,0.09682513359413968,0.9232738634894522,0.9323647515728891,False,0.9973537708425986,0.999999993271446,0.9323647515728891,0.974278118356929,0.99990571183534,0.9232738634894522,,1.0,-2.6846802473988585,1.0,False,histamine_blindspot,0.09682513359413968,False,False,,
SAD045,11,-0.0,ACH,1.0,1.0,0.0,0.0,0.0,0.0,0.0,1.0,False,False,False,-2.720451959425159,0.09682513359413968,0.333672003628133,0.999999999997836,histamine_blindspot,0.09682513359413968,0.24906688471870347,True,histamine_blindspot,0.09682513359413968,0.9232738634894522,0.9323647515728891,False,0.9973537708425986,0.999999993271446,0.9323647515728891,0.974278118356929,0.99990571183534,0.9232738634894522,,1.0,-2.6846802473988585,1.0,False,histamine_blindspot,0.09682513359413968,False,False,,
CB1456,11,-0.0,GLUT,1.0,0.0,0.0,1.0,0.0,0.0,0.0,1.0,False,False,False,-2.724308619484988,0.3598636401235531,0.9999999999971146,0.394627666205389,histamine_blindspot,0.3598636401235531,0.24906688471870347,False,histamine_blindspot,0.3598636401235531,0.5081609173902348,0.9323647515728891,False,0.9973537708425986,0.999999993271446,0.9323647515728891,0.5081609173902348,0.9743985799262538,0.5081609173902348,,1.0,-2.6846802473988585,1.0,False,histamine_blindspot,0.3598636401235531,False,False,,
CB2881,12,-0.0,GLUT,1.0,0.0,0.0,1.0,0.0,0.0,0.0,1.0,False,False,False,-2.7376375789540446,0.3598636401235531,0.9999999999971146,0.394627666205389,histamine_blindspot,0.3598636401235531,0.24906688471870347,False,histamine_blindspot,0.3598636401235531,0.5081609173902348,0.9323647515728891,False,0.9973537708425986,0.999999993271446,0.9323647515728891,0.5081609173902348,0.9743985799262538,0.5081609173902348,,1.0,-2.8176556091474656,1.0,False,histamine_blindspot,0.3598636401235531,False,False,,
LC43,12,-0.0,ACH,1.0,1.0,0.0,0.0,0.0,0.0,0.0,1.0,False,False,False,-2.7380120294061943,0.09682513359413968,0.333672003628133,0.999999999997836,histamine_blindspot,0.09682513359413968,0.24906688471870347,True,histamine_blindspot,0.09682513359413968,0.9232738634894522,0.9323647515728891,False,0.9973537708425986,0.999999993271446,0.9323647515728891,0.974278118356929,0.99990571183534,0.9232738634894522,,1.0,-2.8176556091474656,1.0,False,histamine_blindspot,0.09682513359413968,False,False,,
SA_VTV_2,12,-0.0,ACH,1.0,1.0,0.0,0.0,0.0,0.0,0.0,1.0,False,False,False,-2.7429202727721247,0.09682513359413968,0.333672003628133,0.999999999997836,histamine_blindspot,0.09682513359413968,0.24906688471870347,True,histamine_blindspot,0.09682513359413968,0.9232738634894522,0.9323647515728891,False,0.9973537708425986,0.999999993271446,0.9323647515728891,0.974278118356929,0.99990571183534,0.9232738634894522,,1.0,-2.8176556091474656,1.0,False,histamine_blindspot,0.09682513359413968,False,False,,
hDeltaA,12,-0.0,ACH,1.0,1.0,0.0,0.0,0.0,0.0,0.0,1.0,False,False,False,-2.743423622546187,0.09682513359413968,0.333672003628133,0.999999999997836,histamine_blindspot,0.09682513359413968,0.24906688471870347,True,histamine_blindspot,0.09682513359413968,0.9232738634894522,0.9323647515728891,False,0.9973537708425986,0.999999993271446,0.9323647515728891,0.974278118356929,0.99990571183534,0.9232738634894522,,1.0,-2.8176556091474656,1.0,False,histamine_blindspot,0.09682513359413968,False,False,ACH,False
AOTU032,12,-0.0,ACH,1.0,1.0,0.0,0.0,0.0,0.0,0.0,1.0,False,False,False,-2.7657799969255543,0.09682513359413968,0.333672003628133,0.999999999997836,histamine_blindspot,0.09682513359413968,0.24906688471870347,True,histamine_blindspot,0.09682513359413968,0.9232738634894522,0.9323647515728891,False,0.9973537708425986,0.999999993271446,0.9323647515728891,0.974278118356929,0.99990571183534,0.9232738634894522,,1.0,-2.8176556091474656,1.0,False,histamine_blindspot,0.09682513359413968,False,False,,
CB2071,11,-0.0,ACH,1.0,1.0,0.0,0.0,0.0,0.0,0.0,1.0,False,False,False,-2.766161256054505,0.09682513359413968,0.333672003628133,0.999999999997836,histamine_blindspot,0.09682513359413968,0.24906688471870347,True,histamine_blindspot,0.09682513359413968,0.9232738634894522,0.9323647515728891,False,0.9973537708425986,0.999999993271446,0.9323647515728891,0.974278118356929,0.99990571183534,0.9232738634894522,,1.0,-2.6846802473988585,1.0,False,histamine_blindspot,0.09682513359413968,False,False,,
ORN_VA5,12,-0.0,ACH,1.0,1.0,0.0,0.0,0.0,0.0,0.0,1.0,False,False,False,-2.7738933814865465,0.09682513359413968,0.333672003628133,0.999999999997836,histamine_blindspot,0.09682513359413968,0.24906688471870347,True,histamine_blindspot,0.09682513359413968,0.9232738634894522,0.9323647515728891,False,0.9973537708425986,0.999999993271446,0.9323647515728891,0.974278118356929,0.99990571183534,0.9232738634894522,,1.0,-2.8176556091474656,1.0,False,histamine_blindspot,0.09682513359413968,False,False,ACH,False
LHPV4a1,11,-0.0,GLUT,1.0,0.0,0.0,1.0,0.0,0.0,0.0,1.0,False,False,False,-2.773915142941439,0.3598636401235531,0.9999999999971146,0.394627666205389,histamine_blindspot,0.3598636401235531,0.24906688471870347,False,histamine_blindspot,0.3598636401235531,0.5081609173902348,0.9323647515728891,False,0.9973537708425986,0.999999993271446,0.9323647515728891,0.5081609173902348,0.9743985799262538,0.5081609173902348,,1.0,-2.6846802473988585,1.0,False,histamine_blindspot,0.3598636401235531,False,False,GLUT,False
Sm34,11,-0.0,GLUT,1.0,0.0,0.0,1.0,0.0,0.0,0.0,1.0,False,False,False,-2.784068432213727,0.3598636401235531,0.9999999999971146,0.394627666205389,histamine_blindspot,0.3598636401235531,0.24906688471870347,False,histamine_blindspot,0.3598636401235531,0.5081609173902348,0.9323647515728891,False,0.9973537708425986,0.999999993271446,0.9323647515728891,0.5081609173902348,0.9743985799262538,0.5081609173902348,,1.0,-2.6846802473988585,1.0,False,histamine_blindspot,0.3598636401235531,False,False,,
SMP281,12,-0.0,GLUT,1.0,0.0,0.0,1.0,0.0,0.0,0.0,1.0,False,False,False,-2.7850612238172685,0.3598636401235531,0.9999999999971146,0.394627666205389,histamine_blindspot,0.3598636401235531,0.24906688471870347,False,histamine_blindspot,0.3598636401235531,0.5081609173902348,0.9323647515728891,False,0.9973537708425986,0.999999993271446,0.9323647515728891,0.5081609173902348,0.9743985799262538,0.5081609173902348,,1.0,-2.8176556091474656,1.0,False,histamine_blindspot,0.3598636401235531,False,False,,
LHAV5a2_a3,11,-0.0,ACH,1.0,1.0,0.0,0.0,0.0,0.0,0.0,1.0,False,False,False,-2.788363345600388,0.09682513359413968,0.333672003628133,0.999999999997836,histamine_blindspot,0.09682513359413968,0.24906688471870347,True,histamine_blindspot,0.09682513359413968,0.9232738634894522,0.9323647515728891,False,0.9973537708425986,0.999999993271446,0.9323647515728891,0.974278118356929,0.99990571183534,0.9232738634894522,,1.0,-2.6846802473988585,1.0,False,histamine_blindspot,0.09682513359413968,False,False,,
SIP078,12,-0.0,ACH,1.0,1.0,0.0,0.0,0.0,0.0,0.0,1.0,False,False,False,-2.7904535815472844,0.09682513359413968,0.333672003628133,0.999999999997836,histamine_blindspot,0.09682513359413968,0.24906688471870347,True,histamine_blindspot,0.09682513359413968,0.9232738634894522,0.9323647515728891,False,0.9973537708425986,0.999999993271446,0.9323647515728891,0.974278118356929,0.99990571183534,0.9232738634894522,,1.0,-2.8176556091474656,1.0,False,histamine_blindspot,0.09682513359413968,False,False,,
LHAD1d1,12,-0.0,ACH,1.0,1.0,0.0,0.0,0.0,0.0,0.0,1.0,False,False,False,-2.800545649961908,0.09682513359413968,0.333672003628133,0.999999999997836,histamine_blindspot,0.09682513359413968,0.24906688471870347,True,histamine_blindspot,0.09682513359413968,0.9232738634894522,0.9323647515728891,False,0.9973537708425986,0.999999993271446,0.9323647515728891,0.974278118356929,0.99990571183534,0.9232738634894522,,1.0,-2.8176556091474656,1.0,False,histamine_blindspot,0.09682513359413968,False,False,ACH,False
CB1479,19,0.2974722489192896,GLUT,0.9473684210526316,0.05263157894736842,0.0,0.9473684210526315,0.0,0.0,0.0,1.0,False,False,False,-2.809056354695889,0.29129806446642587,0.8766913833864218,0.40773275460517777,histamine_blindspot,0.29129806446642587,0.24906688471870347,False,histamine_blindspot,0.29129806446642587,0.5054310119508028,0.9323647515728891,False,0.9973537708425986,0.999999993271446,0.9323647515728891,0.5081609173902348,0.9999999859303249,0.5054310119508028,,0.9980500974951253,-2.75268758400118,1.0,False,histamine_blindspot,0.29129806446642587,False,False,,
CB1423,11,-0.0,ACH,1.0,1.0,0.0,0.0,0.0,0.0,0.0,1.0,False,False,False,-2.8109101613449226,0.09682513359413968,0.333672003628133,0.999999999997836,histamine_blindspot,0.09682513359413968,0.24906688471870347,True,histamine_blindspot,0.09682513359413968,0.9232738634894522,0.9323647515728891,False,0.9973537708425986,0.999999993271446,0.9323647515728891,0.974278118356929,0.99990571183534,0.9232738634894522,,1.0,-2.6846802473988585,1.0,False,histamine_blindspot,0.09682513359413968,False,False,,
SMP406,11,-0.0,ACH,1.0,1.0,0.0,0.0,0.0,0.0,0.0,1.0,False,False,False,-2.815891996888788,0.09682513359413968,0.333672003628133,0.999999999997836,histamine_blindspot,0.09682513359413968,0.24906688471870347,True,histamine_blindspot,0.09682513359413968,0.9232738634894522,0.9323647515728891,False,0.9973537708425986,0.999999993271446,0.9323647515728891,0.974278118356929,0.99990571183534,0.9232738634894522,,1.0,-2.6846802473988585,1.0,False,histamine_blindspot,0.09682513359413968,False,False,,
CB1932,13,-0.0,ACH,1.0,1.0,0.0,0.0,0.0,0.0,0.0,1.0,False,False,False,-2.82091257674486,0.09682513359413968,0.333672003628133,0.999999999997836,histamine_blindspot,0.09682513359413968,0.24906688471870347,True,histamine_blindspot,0.09682513359413968,0.9232738634894522,0.9323647515728891,False,0.9973537708425986,0.999999993271446,0.9323647515728891,0.974278118356929,0.99990571183534,0.9232738634894522,,1.0,-2.9577851898774936,1.0,False,histamine_blindspot,0.09682513359413968,False,False,,
MTe08,12,-0.0,GLUT,1.0,0.0,0.0,1.0,0.0,0.0,0.0,1.0,False,False,False,-2.8244451334109524,0.3598636401235531,0.9999999999971146,0.394627666205389,histamine_blindspot,0.3598636401235531,0.24906688471870347,False,histamine_blindspot,0.3598636401235531,0.5081609173902348,0.9323647515728891,False,0.9973537708425986,0.999999993271446,0.9323647515728891,0.5081609173902348,0.9743985799262538,0.5081609173902348,,1.0,-2.8176556091474656,1.0,False,histamine_blindspot,0.3598636401235531,False,False,,
SLP275,12,-0.0,ACH,1.0,1.0,0.0,0.0,0.0,0.0,0.0,1.0,False,False,False,-2.825047100380966,0.09682513359413968,0.333672003628133,0.999999999997836,histamine_blindspot,0.09682513359413968,0.24906688471870347,True,histamine_blindspot,0.09682513359413968,0.9232738634894522,0.9323647515728891,False,0.9973537708425986,0.999999993271446,0.9323647515728891,0.974278118356929,0.99990571183534,0.9232738634894522,,1.0,-2.8176556091474656,1.0,False,histamine_blindspot,0.09682513359413968,False,False,,
CB1357,12,-0.0,ACH,1.0,1.0,0.0,0.0,0.0,0.0,0.0,1.0,False,False,False,-2.826139936097465,0.09682513359413968,0.333672003628133,0.999999999997836,histamine_blindspot,0.09682513359413968,0.24906688471870347,True,histamine_blindspot,0.09682513359413968,0.9232738634894522,0.9323647515728891,False,0.9973537708425986,0.999999993271446,0.9323647515728891,0.974278118356929,0.99990571183534,0.9232738634894522,,1.0,-2.8176556091474656,1.0,False,histamine_blindspot,0.09682513359413968,False,False,,
hDeltaL,12,-0.0,ACH,1.0,1.0,0.0,0.0,0.0,0.0,0.0,1.0,False,False,False,-2.8458945766787176,0.09682513359413968,0.333672003628133,0.999999999997836,histamine_blindspot,0.09682513359413968,0.24906688471870347,True,histamine_blindspot,0.09682513359413968,0.9232738634894522,0.9323647515728891,False,0.9973537708425986,0.999999993271446,0.9323647515728891,0.974278118356929,0.99990571183534,0.9232738634894522,,1.0,-2.8176556091474656,1.0,False,histamine_blindspot,0.09682513359413968,False,False,,
LC41,12,-0.0,ACH,1.0,1.0,0.0,0.0,0.0,0.0,0.0,1.0,False,False,False,-2.847116406318155,0.09682513359413968,0.333672003628133,0.999999999997836,histamine_blindspot,0.09682513359413968,0.24906688471870347,True,histamine_blindspot,0.09682513359413968,0.9232738634894522,0.9323647515728891,False,0.9973537708425986,0.999999993271446,0.9323647515728891,0.974278118356929,0.99990571183534,0.9232738634894522,,1.0,-2.8176556091474656,1.0,False,histamine_blindspot,0.09682513359413968,False,False,,
LCe07,12,-0.0,ACH,1.0,1.0,0.0,0.0,0.0,0.0,0.0,1.0,False,False,False,-2.847529975703847,0.09682513359413968,0.333672003628133,0.999999999997836,histamine_blindspot,0.09682513359413968,0.24906688471870347,True,histamine_blindspot,0.09682513359413968,0.9232738634894522,0.9323647515728891,False,0.9973537708425986,0.999999993271446,0.9323647515728891,0.974278118356929,0.99990571183534,0.9232738634894522,,1.0,-2.8176556091474656,1.0,False,histamine_blindspot,0.09682513359413968,False,False,,
LAL028,12,-0.0,ACH,1.0,1.0,0.0,0.0,0.0,0.0,0.0,1.0,False,False,False,-2.8556779504068457,0.09682513359413968,0.333672003628133,0.999999999997836,histamine_blindspot,0.09682513359413968,0.24906688471870347,True,histamine_blindspot,0.09682513359413968,0.9232738634894522,0.9323647515728891,False,0.9973537708425986,0.999999993271446,0.9323647515728891,0.974278118356929,0.99990571183534,0.9232738634894522,,1.0,-2.8176556091474656,1.0,False,histamine_blindspot,0.09682513359413968,False,False,,
LTe58,12,-0.0,ACH,1.0,1.0,0.0,0.0,0.0,0.0,0.0,1.0,False,False,False,-2.8664611366662114,0.09682513359413968,0.333672003628133,0.999999999997836,histamine_blindspot,0.09682513359413968,0.24906688471870347,True,histamine_blindspot,0.09682513359413968,0.9232738634894522,0.9323647515728891,False,0.9973537708425986,0.999999993271446,0.9323647515728891,0.974278118356929,0.99990571183534,0.9232738634894522,,1.0,-2.8176556091474656,1.0,False,histamine_blindspot,0.09682513359413968,False,False,,
JO-EVP,12,-0.0,ACH,1.0,1.0,0.0,0.0,0.0,0.0,0.0,1.0,False,False,False,-2.866877204953459,0.09682513359413968,0.333672003628133,0.999999999997836,histamine_blindspot,0.09682513359413968,0.24906688471870347,True,histamine_blindspot,0.09682513359413968,0.9232738634894522,0.9323647515728891,False,0.9973537708425986,0.999999993271446,0.9323647515728891,0.974278118356929,0.99990571183534,0.9232738634894522,,1.0,-2.8176556091474656,1.0,False,histamine_blindspot,0.09682513359413968,False,False,,
LAL094,12,-0.0,GLUT,1.0,0.0,0.0,1.0,0.0,0.0,0.0,1.0,False,False,False,-2.8757903347009117,0.3598636401235531,0.9999999999971146,0.394627666205389,histamine_blindspot,0.3598636401235531,0.24906688471870347,False,histamine_blindspot,0.3598636401235531,0.5081609173902348,0.9323647515728891,False,0.9973537708425986,0.999999993271446,0.9323647515728891,0.5081609173902348,0.9743985799262538,0.5081609173902348,,1.0,-2.8176556091474656,1.0,False,histamine_blindspot,0.3598636401235531,False,False,,
PFL2,12,-0.0,ACH,1.0,1.0,0.0,0.0,0.0,0.0,0.0,1.0,False,False,False,-2.898460605660967,0.09682513359413968,0.333672003628133,0.999999999997836,histamine_blindspot,0.09682513359413968,0.24906688471870347,True,histamine_blindspot,0.09682513359413968,0.9232738634894522,0.9323647515728891,False,0.9973537708425986,0.999999993271446,0.9323647515728891,0.974278118356929,0.99990571183534,0.9232738634894522,,1.0,-2.8176556091474656,1.0,False,histamine_blindspot,0.09682513359413968,False,False,,
JO-FDA,13,-0.0,ACH,1.0,1.0,0.0,0.0,0.0,0.0,0.0,1.0,False,False,False,-2.9029867150976094,0.09682513359413968,0.333672003628133,0.999999999997836,histamine_blindspot,0.09682513359413968,0.24906688471870347,True,histamine_blindspot,0.09682513359413968,0.9232738634894522,0.9323647515728891,False,0.9973537708425986,0.999999993271446,0.9323647515728891,0.974278118356929,0.99990571183534,0.9232738634894522,,1.0,-2.9577851898774936,1.0,False,histamine_blindspot,0.09682513359413968,False,False,,
APDN3,12,-0.0,GLUT,1.0,0.0,0.0,1.0,0.0,0.0,0.0,1.0,False,False,False,-2.906413614711744,0.3598636401235531,0.9999999999971146,0.394627666205389,histamine_blindspot,0.3598636401235531,0.24906688471870347,False,histamine_blindspot,0.3598636401235531,0.5081609173902348,0.9323647515728891,False,0.9973537708425986,0.999999993271446,0.9323647515728891,0.5081609173902348,0.9743985799262538,0.5081609173902348,,1.0,-2.8176556091474656,1.0,False,histamine_blindspot,0.3598636401235531,False,False,GLUT,False
BM_Fr,12,-0.0,ACH,1.0,1.0,0.0,0.0,0.0,0.0,0.0,1.0,False,False,False,-2.9097430133701967,0.09682513359413968,0.333672003628133,0.999999999997836,histamine_blindspot,0.09682513359413968,0.24906688471870347,True,histamine_blindspot,0.09682513359413968,0.9232738634894522,0.9323647515728891,False,0.9973537708425986,0.999999993271446,0.9323647515728891,0.974278118356929,0.99990571183534,0.9232738634894522,,1.0,-2.8176556091474656,1.0,False,histamine_blindspot,0.09682513359413968,False,False,,
DNge019,12,-0.0,ACH,1.0,1.0,0.0,0.0,0.0,0.0,0.0,1.0,False,False,False,-2.917616965521375,0.09682513359413968,0.333672003628133,0.999999999997836,histamine_blindspot,0.09682513359413968,0.24906688471870347,True,histamine_blindspot,0.09682513359413968,0.9232738634894522,0.9323647515728891,False,0.9973537708425986,0.999999993271446,0.9323647515728891,0.974278118356929,0.99990571183534,0.9232738634894522,,1.0,-2.8176556091474656,1.0,False,histamine_blindspot,0.09682513359413968,False,False,,
AVLP190,12,-0.0,ACH,1.0,1.0,0.0,0.0,0.0,0.0,0.0,1.0,False,False,False,-2.9183657800604355,0.09682513359413968,0.333672003628133,0.999999999997836,histamine_blindspot,0.09682513359413968,0.24906688471870347,True,histamine_blindspot,0.09682513359413968,0.9232738634894522,0.9323647515728891,False,0.9973537708425986,0.999999993271446,0.9323647515728891,0.974278118356929,0.99990571183534,0.9232738634894522,,1.0,-2.8176556091474656,1.0,False,histamine_blindspot,0.09682513359413968,False,False,,
FB7G,12,-0.0,GLUT,1.0,0.0,0.0,1.0,0.0,0.0,0.0,1.0,False,False,False,-2.9185823295668105,0.3598636401235531,0.9999999999971146,0.394627666205389,histamine_blindspot,0.3598636401235531,0.24906688471870347,False,histamine_blindspot,0.3598636401235531,0.5081609173902348,0.9323647515728891,False,0.9973537708425986,0.999999993271446,0.9323647515728891,0.5081609173902348,0.9743985799262538,0.5081609173902348,,1.0,-2.8176556091474656,1.0,False,histamine_blindspot,0.3598636401235531,False,False,GLUT,False
BM_FrOr,13,-0.0,ACH,1.0,1.0,0.0,0.0,0.0,0.0,0.0,1.0,False,False,False,-2.9282024664225883,0.09682513359413968,0.333672003628133,0.999999999997836,histamine_blindspot,0.09682513359413968,0.24906688471870347,True,histamine_blindspot,0.09682513359413968,0.9232738634894522,0.9323647515728891,False,0.9973537708425986,0.999999993271446,0.9323647515728891,0.974278118356929,0.99990571183534,0.9232738634894522,,1.0,-2.9577851898774936,1.0,False,histamine_blindspot,0.09682513359413968,False,False,,
HRN_VP1l,13,-0.0,ACH,1.0,1.0,0.0,0.0,0.0,0.0,0.0,1.0,False,False,False,-2.937714408138678,0.09682513359413968,0.333672003628133,0.999999999997836,histamine_blindspot,0.09682513359413968,0.24906688471870347,True,histamine_blindspot,0.09682513359413968,0.9232738634894522,0.9323647515728891,False,0.9973537708425986,0.999999993271446,0.9323647515728891,0.974278118356929,0.99990571183534,0.9232738634894522,,1.0,-2.9577851898774936,1.0,False,histamine_blindspot,0.09682513359413968,False,False,,
LHAD1a2,13,-0.0,ACH,1.0,1.0,0.0,0.0,0.0,0.0,0.0,1.0,False,False,False,-2.9413452092894445,0.09682513359413968,0.333672003628133,0.999999999997836,histamine_blindspot,0.09682513359413968,0.24906688471870347,True,histamine_blindspot,0.09682513359413968,0.9232738634894522,0.9323647515728891,False,0.9973537708425986,0.999999993271446,0.9323647515728891,0.974278118356929,0.99990571183534,0.9232738634894522,,1.0,-2.9577851898774936,1.0,False,histamine_blindspot,0.09682513359413968,False,False,ACH,False
WED103,13,-0.0,GLUT,1.0,0.0,0.0,1.0,0.0,0.0,0.0,1.0,False,False,False,-2.945918817943883,0.3598636401235531,0.9999999999971146,0.394627666205389,histamine_blindspot,0.3598636401235531,0.24906688471870347,False,histamine_blindspot,0.3598636401235531,0.5081609173902348,0.9323647515728891,False,0.9973537708425986,0.999999993271446,0.9323647515728891,0.5081609173902348,0.9743985799262538,0.5081609173902348,,1.0,-2.9577851898774936,1.0,False,histamine_blindspot,0.3598636401235531,False,False,,
CB1138,12,-0.0,ACH,1.0,1.0,0.0,0.0,0.0,0.0,0.0,1.0,False,False,False,-2.946250607727892,0.09682513359413968,0.333672003628133,0.999999999997836,histamine_blindspot,0.09682513359413968,0.24906688471870347,True,histamine_blindspot,0.09682513359413968,0.9232738634894522,0.9323647515728891,False,0.9973537708425986,0.999999993271446,0.9323647515728891,0.974278118356929,0.99990571183534,0.9232738634894522,,1.0,-2.8176556091474656,1.0,False,histamine_blindspot,0.09682513359413968,False,False,,
CB1094,12,-0.0,GLUT,1.0,0.0,0.0,1.0,0.0,0.0,0.0,1.0,False,False,False,-2.95917719766048,0.3598636401235531,0.9999999999971146,0.394627666205389,histamine_blindspot,0.3598636401235531,0.24906688471870347,False,histamine_blindspot,0.3598636401235531,0.5081609173902348,0.9323647515728891,False,0.9973537708425986,0.999999993271446,0.9323647515728891,0.5081609173902348,0.9743985799262538,0.5081609173902348,,1.0,-2.8176556091474656,1.0,False,histamine_blindspot,0.3598636401235531,False,False,,
CB4242,12,-0.0,ACH,1.0,1.0,0.0,0.0,0.0,0.0,0.0,1.0,False,False,False,-2.9612819965136232,0.09682513359413968,0.333672003628133,0.999999999997836,histamine_blindspot,0.09682513359413968,0.24906688471870347,True,histamine_blindspot,0.09682513359413968,0.9232738634894522,0.9323647515728891,False,0.9973537708425986,0.999999993271446,0.9323647515728891,0.974278118356929,0.99990571183534,0.9232738634894522,,1.0,-2.8176556091474656,1.0,False,histamine_blindspot,0.09682513359413968,False,False,,
SMP261,13,-0.0,ACH,1.0,1.0,0.0,0.0,0.0,0.0,0.0,1.0,False,False,False,-2.964393121555273,0.09682513359413968,0.333672003628133,0.999999999997836,histamine_blindspot,0.09682513359413968,0.24906688471870347,True,histamine_blindspot,0.09682513359413968,0.9232738634894522,0.9323647515728891,False,0.9973537708425986,0.999999993271446,0.9323647515728891,0.974278118356929,0.99990571183534,0.9232738634894522,,1.0,-2.9577851898774936,1.0,False,histamine_blindspot,0.09682513359413968,False,False,,
aSP-f1A,13,-0.0,ACH,1.0,1.0,0.0,0.0,0.0,0.0,0.0,1.0,False,False,False,-2.967429921614432,0.09682513359413968,0.333672003628133,0.999999999997836,histamine_blindspot,0.09682513359413968,0.24906688471870347,True,histamine_blindspot,0.09682513359413968,0.9232738634894522,0.9323647515728891,False,0.9973537708425986,0.999999993271446,0.9323647515728891,0.974278118356929,0.99990571183534,0.9232738634894522,,1.0,-2.9577851898774936,1.0,False,histamine_blindspot,0.09682513359413968,False,False,,
AVLP149,12,-0.0,ACH,1.0,1.0,0.0,0.0,0.0,0.0,0.0,1.0,False,False,False,-2.968902954941336,0.09682513359413968,0.333672003628133,0.999999999997836,histamine_blindspot,0.09682513359413968,0.24906688471870347,True,histamine_blindspot,0.09682513359413968,0.9232738634894522,0.9323647515728891,False,0.9973537708425986,0.999999993271446,0.9323647515728891,0.974278118356929,0.99990571183534,0.9232738634894522,,1.0,-2.8176556091474656,1.0,False,histamine_blindspot,0.09682513359413968,False,False,,
CB1648,14,-0.0,GLUT,1.0,0.0,0.0,1.0,0.0,0.0,0.0,1.0,False,False,False,-2.969106769373828,0.3598636401235531,0.9999999999971146,0.394627666205389,histamine_blindspot,0.3598636401235531,0.24906688471870347,False,histamine_blindspot,0.3598636401235531,0.5081609173902348,0.9323647515728891,False,0.9973537708425986,0.999999993271446,0.9323647515728891,0.5081609173902348,0.9743985799262538,0.5081609173902348,,1.0,-3.121904137849455,1.0,False,histamine_blindspot,0.3598636401235531,False,False,,
SLP141,13,-0.0,GLUT,1.0,0.0,0.0,1.0,0.0,0.0,0.0,1.0,False,False,False,-2.9715334237983413,0.3598636401235531,0.9999999999971146,0.394627666205389,histamine_blindspot,0.3598636401235531,0.24906688471870347,False,histamine_blindspot,0.3598636401235531,0.5081609173902348,0.9323647515728891,False,0.9973537708425986,0.999999993271446,0.9323647515728891,0.5081609173902348,0.9743985799262538,0.5081609173902348,,1.0,-2.9577851898774936,1.0,False,histamine_blindspot,0.3598636401235531,False,False,,
TRN_VP1m,13,-0.0,ACH,1.0,1.0,0.0,0.0,0.0,0.0,0.0,1.0,False,False,False,-2.988320442888373,0.09682513359413968,0.333672003628133,0.999999999997836,histamine_blindspot,0.09682513359413968,0.24906688471870347,True,histamine_blindspot,0.09682513359413968,0.9232738634894522,0.9323647515728891,False,0.9973537708425986,0.999999993271446,0.9323647515728891,0.974278118356929,0.99990571183534,0.9232738634894522,,1.0,-2.9577851898774936,1.0,False,histamine_blindspot,0.09682513359413968,False,False,,
LHAV1a3,13,-0.0,ACH,1.0,1.0,0.0,0.0,0.0,0.0,0.0,1.0,False,False,False,-2.991169288532033,0.09682513359413968,0.333672003628133,0.999999999997836,histamine_blindspot,0.09682513359413968,0.24906688471870347,True,histamine_blindspot,0.09682513359413968,0.9232738634894522,0.9323647515728891,False,0.9973537708425986,0.999999993271446,0.9323647515728891,0.974278118356929,0.99990571183534,0.9232738634894522,,1.0,-2.9577851898774936,1.0,False,histamine_blindspot,0.09682513359413968,False,False,ACH,False
CB1759,12,-0.0,ACH,1.0,1.0,0.0,0.0,0.0,0.0,0.0,1.0,False,False,False,-2.99428538950713,0.09682513359413968,0.333672003628133,0.999999999997836,histamine_blindspot,0.09682513359413968,0.24906688471870347,True,histamine_blindspot,0.09682513359413968,0.9232738634894522,0.9323647515728891,False,0.9973537708425986,0.999999993271446,0.9323647515728891,0.974278118356929,0.99990571183534,0.9232738634894522,,1.0,-2.8176556091474656,1.0,False,histamine_blindspot,0.09682513359413968,False,False,,
CB1046,13,-0.0,ACH,1.0,1.0,0.0,0.0,0.0,0.0,0.0,1.0,False,False,False,-2.9981230839066293,0.09682513359413968,0.333672003628133,0.999999999997836,histamine_blindspot,0.09682513359413968,0.24906688471870347,True,histamine_blindspot,0.09682513359413968,0.9232738634894522,0.9323647515728891,False,0.9973537708425986,0.999999993271446,0.9323647515728891,0.974278118356929,0.99990571183534,0.9232738634894522,,1.0,-2.9577851898774936,1.0,False,histamine_blindspot,0.09682513359413968,False,False,,
PLP042c,13,-0.0,GLUT,1.0,0.0,0.0,1.0,0.0,0.0,0.0,1.0,False,False,False,-3.0159094082987643,0.3598636401235531,0.9999999999971146,0.394627666205389,histamine_blindspot,0.3598636401235531,0.24906688471870347,False,histamine_blindspot,0.3598636401235531,0.5081609173902348,0.9323647515728891,False,0.9973537708425986,0.999999993271446,0.9323647515728891,0.5081609173902348,0.9743985799262538,0.5081609173902348,,1.0,-2.9577851898774936,1.0,False,histamine_blindspot,0.3598636401235531,False,False,,
PAM02,13,-0.0,DA,1.0,0.0,0.0,0.0,1.0,0.0,0.0,0.0,False,False,False,-3.021382269278808,0.9723068617741457,0.9999999999971146,0.999999999997836,histamine_blindspot,0.9723068617741457,0.24906688471870347,False,histamine_blindspot,0.9723068617741457,0.09110731376193937,0.9323647515728891,False,0.9973537708425986,0.999999993271446,0.9323647515728891,0.43385816206281147,0.36542084334108693,0.09110731376193937,,1.0,-2.9577851898774936,1.0,False,histamine_blindspot,0.9723068617741457,False,False,DA,False
SMP105_b,13,-0.0,GLUT,1.0,0.0,0.0,1.0,0.0,0.0,0.0,1.0,False,False,False,-3.0236377497208418,0.3598636401235531,0.9999999999971146,0.394627666205389,histamine_blindspot,0.3598636401235531,0.24906688471870347,False,histamine_blindspot,0.3598636401235531,0.5081609173902348,0.9323647515728891,False,0.9973537708425986,0.999999993271446,0.9323647515728891,0.5081609173902348,0.9743985799262538,0.5081609173902348,,1.0,-2.9577851898774936,1.0,False,histamine_blindspot,0.3598636401235531,False,False,,
TPMN2,12,-0.0,ACH,1.0,1.0,0.0,0.0,0.0,0.0,0.0,1.0,False,False,False,-3.025112638056023,0.09682513359413968,0.333672003628133,0.999999999997836,histamine_blindspot,0.09682513359413968,0.24906688471870347,True,histamine_blindspot,0.09682513359413968,0.9232738634894522,0.9323647515728891,False,0.9973537708425986,0.999999993271446,0.9323647515728891,0.974278118356929,0.99990571183534,0.9232738634894522,,1.0,-2.8176556091474656,1.0,False,histamine_blindspot,0.09682513359413968,False,False,,
ORN_VA7l,13,-0.0,ACH,1.0,1.0,0.0,0.0,0.0,0.0,0.0,1.0,False,False,False,-3.0508038486509825,0.09682513359413968,0.333672003628133,0.999999999997836,histamine_blindspot,0.09682513359413968,0.24906688471870347,True,histamine_blindspot,0.09682513359413968,0.9232738634894522,0.9323647515728891,False,0.9973537708425986,0.999999993271446,0.9323647515728891,0.974278118356929,0.99990571183534,0.9232738634894522,,1.0,-2.9577851898774936,1.0,False,histamine_blindspot,0.09682513359413968,False,False,ACH,False
ORN_DL2d,14,-0.0,ACH,1.0,1.0,0.0,0.0,0.0,0.0,0.0,1.0,False,False,False,-3.052557413597949,0.09682513359413968,0.333672003628133,0.999999999997836,histamine_blindspot,0.09682513359413968,0.24906688471870347,True,histamine_blindspot,0.09682513359413968,0.9232738634894522,0.9323647515728891,False,0.9973537708425986,0.999999993271446,0.9323647515728891,0.974278118356929,0.99990571183534,0.9232738634894522,,1.0,-3.121904137849455,1.0,False,histamine_blindspot,0.09682513359413968,False,False,ACH,False
CB1997,13,-0.0,GLUT,1.0,0.0,0.0,1.0,0.0,0.0,0.0,1.0,False,False,False,-3.0565529248284946,0.3598636401235531,0.9999999999971146,0.394627666205389,histamine_blindspot,0.3598636401235531,0.24906688471870347,False,histamine_blindspot,0.3598636401235531,0.5081609173902348,0.9323647515728891,False,0.9973537708425986,0.999999993271446,0.9323647515728891,0.5081609173902348,0.9743985799262538,0.5081609173902348,,1.0,-2.9577851898774936,1.0,False,histamine_blindspot,0.3598636401235531,False,False,,
FB3B,14,-0.0,GLUT,1.0,0.0,0.0,1.0,0.0,0.0,0.0,1.0,False,False,False,-3.063421736574579,0.3598636401235531,0.9999999999971146,0.394627666205389,histamine_blindspot,0.3598636401235531,0.24906688471870347,False,histamine_blindspot,0.3598636401235531,0.5081609173902348,0.9323647515728891,False,0.9973537708425986,0.999999993271446,0.9323647515728891,0.5081609173902348,0.9743985799262538,0.5081609173902348,,1.0,-3.121904137849455,1.0,False,histamine_blindspot,0.3598636401235531,False,False,GABA,False
aMe4,14,-0.0,ACH,1.0,1.0,0.0,0.0,0.0,0.0,0.0,1.0,False,False,False,-3.067125357782932,0.09682513359413968,0.333672003628133,0.999999999997836,histamine_blindspot,0.09682513359413968,0.24906688471870347,True,histamine_blindspot,0.09682513359413968,0.9232738634894522,0.9323647515728891,False,0.9973537708425986,0.999999993271446,0.9323647515728891,0.974278118356929,0.99990571183534,0.9232738634894522,,1.0,-3.121904137849455,1.0,False,histamine_blindspot,0.09682513359413968,False,False,,
CB1207,14,-0.0,ACH,1.0,1.0,0.0,0.0,0.0,0.0,0.0,1.0,False,False,False,-3.071527853320079,0.09682513359413968,0.333672003628133,0.999999999997836,histamine_blindspot,0.09682513359413968,0.24906688471870347,True,histamine_blindspot,0.09682513359413968,0.9232738634894522,0.9323647515728891,False,0.9973537708425986,0.999999993271446,0.9323647515728891,0.974278118356929,0.99990571183534,0.9232738634894522,,1.0,-3.121904137849455,1.0,False,histamine_blindspot,0.09682513359413968,False,False,,
CB0955,14,-0.0,ACH,1.0,1.0,0.0,0.0,0.0,0.0,0.0,1.0,False,False,False,-3.0741419936227827,0.09682513359413968,0.333672003628133,0.999999999997836,histamine_blindspot,0.09682513359413968,0.24906688471870347,True,histamine_blindspot,0.09682513359413968,0.9232738634894522,0.9323647515728891,False,0.9973537708425986,0.999999993271446,0.9323647515728891,0.974278118356929,0.99990571183534,0.9232738634894522,,1.0,-3.121904137849455,1.0,False,histamine_blindspot,0.09682513359413968,False,False,,
CB2317,13,-0.0,GLUT,1.0,0.0,0.0,1.0,0.0,0.0,0.0,1.0,False,False,False,-3.083878679208186,0.3598636401235531,0.9999999999971146,0.394627666205389,histamine_blindspot,0.3598636401235531,0.24906688471870347,False,histamine_blindspot,0.3598636401235531,0.5081609173902348,0.9323647515728891,False,0.9973537708425986,0.999999993271446,0.9323647515728891,0.5081609173902348,0.9743985799262538,0.5081609173902348,,1.0,-2.9577851898774936,1.0,False,histamine_blindspot,0.3598636401235531,False,False,,
JO-EVM,14,-0.0,ACH,1.0,1.0,0.0,0.0,0.0,0.0,0.0,1.0,False,False,False,-3.0878812829243167,0.09682513359413968,0.333672003628133,0.999999999997836,histamine_blindspot,0.09682513359413968,0.24906688471870347,True,histamine_blindspot,0.09682513359413968,0.9232738634894522,0.9323647515728891,False,0.9973537708425986,0.999999993271446,0.9323647515728891,0.974278118356929,0.99990571183534,0.9232738634894522,,1.0,-3.121904137849455,1.0,False,histamine_blindspot,0.09682513359413968,False,False,,
AVLP069,13,-0.0,GLUT,1.0,0.0,0.0,1.0,0.0,0.0,0.0,1.0,False,False,False,-3.091731392405749,0.3598636401235531,0.9999999999971146,0.394627666205389,histamine_blindspot,0.3598636401235531,0.24906688471870347,False,histamine_blindspot,0.3598636401235531,0.5081609173902348,0.9323647515728891,False,0.9973537708425986,0.999999993271446,0.9323647515728891,0.5081609173902348,0.9743985799262538,0.5081609173902348,,1.0,-2.9577851898774936,1.0,False,histamine_blindspot,0.3598636401235531,False,False,,
CB1154,14,-0.0,GLUT,1.0,0.0,0.0,1.0,0.0,0.0,0.0,1.0,False,False,False,-3.094244041638329,0.3598636401235531,0.9999999999971146,0.394627666205389,histamine_blindspot,0.3598636401235531,0.24906688471870347,False,histamine_blindspot,0.3598636401235531,0.5081609173902348,0.9323647515728891,False,0.9973537708425986,0.999999993271446,0.9323647515728891,0.5081609173902348,0.9743985799262538,0.5081609173902348,,1.0,-3.121904137849455,1.0,False,histamine_blindspot,0.3598636401235531,False,False,,
LC46,14,-0.0,ACH,1.0,1.0,0.0,0.0,0.0,0.0,0.0,1.0,False,False,False,-3.112782362801687,0.09682513359413968,0.333672003628133,0.999999999997836,histamine_blindspot,0.09682513359413968,0.24906688471870347,True,histamine_blindspot,0.09682513359413968,0.9232738634894522,0.9323647515728891,False,0.9973537708425986,0.999999993271446,0.9323647515728891,0.974278118356929,0.99990571183534,0.9232738634894522,,1.0,-3.121904137849455,1.0,False,histamine_blindspot,0.09682513359413968,False,False,,
SMP381,14,-0.0,ACH,1.0,1.0,0.0,0.0,0.0,0.0,0.0,1.0,False,False,False,-3.117862273713513,0.09682513359413968,0.333672003628133,0.999999999997836,histamine_blindspot,0.09682513359413968,0.24906688471870347,True,histamine_blindspot,0.09682513359413968,0.9232738634894522,0.9323647515728891,False,0.9973537708425986,0.999999993271446,0.9323647515728891,0.974278118356929,0.99990571183534,0.9232738634894522,,1.0,-3.121904137849455,1.0,False,histamine_blindspot,0.09682513359413968,False,False,,
LHPV5b2,13,-0.0,ACH,1.0,1.0,0.0,0.0,0.0,0.0,0.0,1.0,False,False,False,-3.123483798921879,0.09682513359413968,0.333672003628133,0.999999999997836,histamine_blindspot,0.09682513359413968,0.24906688471870347,True,histamine_blindspot,0.09682513359413968,0.9232738634894522,0.9323647515728891,False,0.9973537708425986,0.999999993271446,0.9323647515728891,0.974278118356929,0.99990571183534,0.9232738634894522,,1.0,-2.9577851898774936,1.0,False,histamine_blindspot,0.09682513359413968,False,False,ACH,False
CL090_c,14,-0.0,ACH,1.0,1.0,0.0,0.0,0.0,0.0,0.0,1.0,False,False,False,-3.132858927294155,0.09682513359413968,0.333672003628133,0.999999999997836,histamine_blindspot,0.09682513359413968,0.24906688471870347,True,histamine_blindspot,0.09682513359413968,0.9232738634894522,0.9323647515728891,False,0.9973537708425986,0.999999993271446,0.9323647515728891,0.974278118356929,0.99990571183534,0.9232738634894522,,1.0,-3.121904137849455,1.0,False,histamine_blindspot,0.09682513359413968,False,False,,
PFL1,14,-0.0,ACH,1.0,1.0,0.0,0.0,0.0,0.0,0.0,1.0,False,False,False,-3.1354461523945454,0.09682513359413968,0.333672003628133,0.999999999997836,histamine_blindspot,0.09682513359413968,0.24906688471870347,True,histamine_blindspot,0.09682513359413968,0.9232738634894522,0.9323647515728891,False,0.9973537708425986,0.999999993271446,0.9323647515728891,0.974278118356929,0.99990571183534,0.9232738634894522,,1.0,-3.121904137849455,1.0,False,histamine_blindspot,0.09682513359413968,False,False,ACH,False
MTe53,15,-0.0,ACH,1.0,1.0,0.0,0.0,0.0,0.0,0.0,1.0,False,False,False,-3.1415220300612923,0.09682513359413968,0.333672003628133,0.999999999997836,histamine_blindspot,0.09682513359413968,0.24906688471870347,True,histamine_blindspot,0.09682513359413968,0.9232738634894522,0.9323647515728891,False,0.9973537708425986,0.999999993271446,0.9323647515728891,0.974278118356929,0.99990571183534,0.9232738634894522,,1.0,-3.257425539571592,1.0,False,histamine_blindspot,0.09682513359413968,False,False,,
CB4233,15,-0.0,ACH,1.0,1.0,0.0,0.0,0.0,0.0,0.0,1.0,False,False,False,-3.179169237616068,0.09682513359413968,0.333672003628133,0.999999999997836,histamine_blindspot,0.09682513359413968,0.24906688471870347,True,histamine_blindspot,0.09682513359413968,0.9232738634894522,0.9323647515728891,False,0.9973537708425986,0.999999993271446,0.9323647515728891,0.974278118356929,0.99990571183534,0.9232738634894522,,1.0,-3.257425539571592,1.0,False,histamine_blindspot,0.09682513359413968,False,False,,
FB8A,14,-0.0,GLUT,1.0,0.0,0.0,1.0,0.0,0.0,0.0,1.0,False,False,False,-3.183007547669822,0.3598636401235531,0.9999999999971146,0.394627666205389,histamine_blindspot,0.3598636401235531,0.24906688471870347,False,histamine_blindspot,0.3598636401235531,0.5081609173902348,0.9323647515728891,False,0.9973537708425986,0.999999993271446,0.9323647515728891,0.5081609173902348,0.9743985799262538,0.5081609173902348,,1.0,-3.121904137849455,1.0,False,histamine_blindspot,0.3598636401235531,False,False,,
DmDRA1,37,0.4804334574529622,GLUT,0.918918918918919,0.02702702702702703,0.05405405405405406,0.918918918918919,0.0,0.0,0.0,1.0,False,False,False,-3.200820719203753,0.2094976631871947,0.8693890221586607,0.2806076170648243,histamine_blindspot,0.2094976631871947,0.24906688471870347,True,histamine_blindspot,0.2094976631871947,0.5026910237695729,0.9323647515728891,False,0.9973537708425986,0.999999993271446,0.9323647515728891,0.5081609173902348,0.9949190595789631,0.5026910237695729,,0.9989000549972501,-3.171260961794305,1.0,False,histamine_blindspot,0.2094976631871947,False,False,,
DNg12_b,14,-0.0,ACH,1.0,1.0,0.0,0.0,0.0,0.0,0.0,1.0,False,False,False,-3.2009597166286503,0.09682513359413968,0.333672003628133,0.999999999997836,histamine_blindspot,0.09682513359413968,0.24906688471870347,True,histamine_blindspot,0.09682513359413968,0.9232738634894522,0.9323647515728891,False,0.9973537708425986,0.999999993271446,0.9323647515728891,0.974278118356929,0.99990571183534,0.9232738634894522,,1.0,-3.121904137849455,1.0,False,histamine_blindspot,0.09682513359413968,False,False,,
LTe09,15,-0.0,ACH,1.0,1.0,0.0,0.0,0.0,0.0,0.0,1.0,False,False,False,-3.2137224236947484,0.09682513359413968,0.333672003628133,0.999999999997836,histamine_blindspot,0.09682513359413968,0.24906688471870347,True,histamine_blindspot,0.09682513359413968,0.9232738634894522,0.9323647515728891,False,0.9973537708425986,0.999999993271446,0.9323647515728891,0.974278118356929,0.99990571183534,0.9232738634894522,,1.0,-3.257425539571592,1.0,False,histamine_blindspot,0.09682513359413968,False,False,,
Dm14,15,-0.0,GLUT,1.0,0.0,0.0,1.0,0.0,0.0,0.0,1.0,False,False,False,-3.225251686460918,0.3598636401235531,0.9999999999971146,0.394627666205389,histamine_blindspot,0.3598636401235531,0.24906688471870347,False,histamine_blindspot,0.3598636401235531,0.5081609173902348,0.9323647515728891,False,0.9973537708425986,0.999999993271446,0.9323647515728891,0.5081609173902348,0.9743985799262538,0.5081609173902348,,1.0,-3.257425539571592,1.0,False,histamine_blindspot,0.3598636401235531,False,False,,
CB1109,14,-0.0,ACH,1.0,1.0,0.0,0.0,0.0,0.0,0.0,1.0,False,False,False,-3.257040425377319,0.09682513359413968,0.333672003628133,0.999999999997836,histamine_blindspot,0.09682513359413968,0.24906688471870347,True,histamine_blindspot,0.09682513359413968,0.9232738634894522,0.9323647515728891,False,0.9973537708425986,0.999999993271446,0.9323647515728891,0.974278118356929,0.99990571183534,0.9232738634894522,,1.0,-3.121904137849455,1.0,False,histamine_blindspot,0.09682513359413968,False,False,,
CB2108,14,-0.0,ACH,1.0,1.0,0.0,0.0,0.0,0.0,0.0,1.0,False,False,False,-3.2617173650503526,0.09682513359413968,0.333672003628133,0.999999999997836,histamine_blindspot,0.09682513359413968,0.24906688471870347,True,histamine_blindspot,0.09682513359413968,0.9232738634894522,0.9323647515728891,False,0.9973537708425986,0.999999993271446,0.9323647515728891,0.974278118356929,0.99990571183534,0.9232738634894522,,1.0,-3.121904137849455,1.0,False,histamine_blindspot,0.09682513359413968,False,False,,
LHPV5a1,15,-0.0,ACH,1.0,1.0,0.0,0.0,0.0,0.0,0.0,1.0,False,False,False,-3.2782847107373048,0.09682513359413968,0.333672003628133,0.999999999997836,histamine_blindspot,0.09682513359413968,0.24906688471870347,True,histamine_blindspot,0.09682513359413968,0.9232738634894522,0.9323647515728891,False,0.9973537708425986,0.999999993271446,0.9323647515728891,0.974278118356929,0.99990571183534,0.9232738634894522,,1.0,-3.257425539571592,1.0,False,histamine_blindspot,0.09682513359413968,False,False,ACH,False
LC34,14,-0.0,ACH,1.0,1.0,0.0,0.0,0.0,0.0,0.0,1.0,False,False,False,-3.286543337611865,0.09682513359413968,0.333672003628133,0.999999999997836,histamine_blindspot,0.09682513359413968,0.24906688471870347,True,histamine_blindspot,0.09682513359413968,0.9232738634894522,0.9323647515728891,False,0.9973537708425986,0.999999993271446,0.9323647515728891,0.974278118356929,0.99990571183534,0.9232738634894522,,1.0,-3.121904137849455,1.0,False,histamine_blindspot,0.09682513359413968,False,False,,
LPi01,30,0.3533593350214213,GLUT,0.9333333333333332,0.0,0.06666666666666667,0.9333333333333333,0.0,0.0,0.0,1.0,False,False,False,-3.2866380195055136,0.24121511659144734,0.9392537092964663,0.25509932625306475,histamine_blindspot,0.24121511659144734,0.24906688471870347,True,histamine_blindspot,0.24121511659144734,0.5026910237695729,0.9323647515728891,False,0.9973537708425986,0.999999993271446,0.9323647515728891,0.5026910237695729,0.9946621748667083,0.5026910237695729,,0.9996500174991251,-3.3753998732501365,1.0,False,histamine_blindspot,0.24121511659144734,False,False,,
LC19,15,-0.0,ACH,1.0,1.0,0.0,0.0,0.0,0.0,0.0,1.0,False,False,False,-3.3071800383335743,0.09682513359413968,0.333672003628133,0.999999999997836,histamine_blindspot,0.09682513359413968,0.24906688471870347,True,histamine_blindspot,0.09682513359413968,0.9232738634894522,0.9323647515728891,False,0.9973537708425986,0.999999993271446,0.9323647515728891,0.974278118356929,0.99990571183534,0.9232738634894522,,1.0,-3.257425539571592,1.0,False,histamine_blindspot,0.09682513359413968,False,False,,
AVLP232,15,-0.0,ACH,1.0,1.0,0.0,0.0,0.0,0.0,0.0,1.0,False,False,False,-3.3220086084279137,0.09682513359413968,0.333672003628133,0.999999999997836,histamine_blindspot,0.09682513359413968,0.24906688471870347,True,histamine_blindspot,0.09682513359413968,0.9232738634894522,0.9323647515728891,False,0.9973537708425986,0.999999993271446,0.9323647515728891,0.974278118356929,0.99990571183534,0.9232738634894522,,1.0,-3.257425539571592,1.0,False,histamine_blindspot,0.09682513359413968,False,False,,
DA1_lPN,15,-0.0,ACH,1.0,1.0,0.0,0.0,0.0,0.0,0.0,1.0,False,False,False,-3.355811140969037,0.09682513359413968,0.333672003628133,0.999999999997836,histamine_blindspot,0.09682513359413968,0.24906688471870347,True,histamine_blindspot,0.09682513359413968,0.9232738634894522,0.9323647515728891,False,0.9973537708425986,0.999999993271446,0.9323647515728891,0.974278118356929,0.99990571183534,0.9232738634894522,,1.0,-3.257425539571592,1.0,False,histamine_blindspot,0.09682513359413968,False,False,ACH,False
TuBu07,17,-0.0,ACH,1.0,1.0,0.0,0.0,0.0,0.0,0.0,1.0,False,False,False,-3.356232970888443,0.09682513359413968,0.333672003628133,0.999999999997836,histamine_blindspot,0.09682513359413968,0.24906688471870347,True,histamine_blindspot,0.09682513359413968,0.9232738634894522,0.9323647515728891,False,0.9973537708425986,0.999999993271446,0.9323647515728891,0.974278118356929,0.99990571183534,0.9232738634894522,,1.0,-3.543777090931869,1.0,False,histamine_blindspot,0.09682513359413968,False,False,ACH,False
LCe09,15,-0.0,ACH,1.0,1.0,0.0,0.0,0.0,0.0,0.0,1.0,False,False,False,-3.3569533935702136,0.09682513359413968,0.333672003628133,0.999999999997836,histamine_blindspot,0.09682513359413968,0.24906688471870347,True,histamine_blindspot,0.09682513359413968,0.9232738634894522,0.9323647515728891,False,0.9973537708425986,0.999999993271446,0.9323647515728891,0.974278118356929,0.99990571183534,0.9232738634894522,,1.0,-3.257425539571592,1.0,False,histamine_blindspot,0.09682513359413968,False,False,,
HRN_VP1d,16,-0.0,ACH,1.0,1.0,0.0,0.0,0.0,0.0,0.0,1.0,False,False,False,-3.357168070024793,0.09682513359413968,0.333672003628133,0.999999999997836,histamine_blindspot,0.09682513359413968,0.24906688471870347,True,histamine_blindspot,0.09682513359413968,0.9232738634894522,0.9323647515728891,False,0.9973537708425986,0.999999993271446,0.9323647515728891,0.974278118356929,0.99990571183534,0.9232738634894522,,1.0,-3.3717491545884113,1.0,False,histamine_blindspot,0.09682513359413968,False,False,,
vDeltaE,16,-0.0,ACH,1.0,1.0,0.0,0.0,0.0,0.0,0.0,1.0,False,False,False,-3.3631156477809685,0.09682513359413968,0.333672003628133,0.999999999997836,histamine_blindspot,0.09682513359413968,0.24906688471870347,True,histamine_blindspot,0.09682513359413968,0.9232738634894522,0.9323647515728891,False,0.9973537708425986,0.999999993271446,0.9323647515728891,0.974278118356929,0.99990571183534,0.9232738634894522,,1.0,-3.3717491545884113,1.0,False,histamine_blindspot,0.09682513359413968,False,False,ACH,False
Tm40,23,0.2580186686648155,ACH,0.9565217391304348,0.9565217391304348,0.043478260869565216,0.0,0.0,0.0,0.0,1.0,False,False,False,-3.371927248407337,0.08944838054996833,0.2970421368266451,0.8740129628498476,histamine_blindspot,0.08944838054996833,0.24906688471870347,True,histamine_blindspot,0.08944838054996833,0.9200717860394735,0.9323647515728891,False,0.9973537708425986,0.999999993271446,0.9323647515728891,0.9871928421262317,0.9999021808445129,0.9200717860394735,,0.9993500324983751,-3.257403527321213,1.0,False,histamine_blindspot,0.08944838054996833,False,False,,
DNg07,16,-0.0,ACH,1.0,1.0,0.0,0.0,0.0,0.0,0.0,1.0,False,False,False,-3.372988741331875,0.09682513359413968,0.333672003628133,0.999999999997836,histamine_blindspot,0.09682513359413968,0.24906688471870347,True,histamine_blindspot,0.09682513359413968,0.9232738634894522,0.9323647515728891,False,0.9973537708425986,0.999999993271446,0.9323647515728891,0.974278118356929,0.99990571183534,0.9232738634894522,,1.0,-3.3717491545884113,1.0,False,histamine_blindspot,0.09682513359413968,False,False,,
MTe07,15,-0.0,ACH,1.0,1.0,0.0,0.0,0.0,0.0,0.0,1.0,False,False,False,-3.3740758540771894,0.09682513359413968,0.333672003628133,0.999999999997836,histamine_blindspot,0.09682513359413968,0.24906688471870347,True,histamine_blindspot,0.09682513359413968,0.9232738634894522,0.9323647515728891,False,0.9973537708425986,0.999999993271446,0.9323647515728891,0.974278118356929,0.99990571183534,0.9232738634894522,,1.0,-3.257425539571592,1.0,False,histamine_blindspot,0.09682513359413968,False,False,,
CB1786,15,-0.0,GLUT,1.0,0.0,0.0,1.0,0.0,0.0,0.0,1.0,False,False,False,-3.3757366603195518,0.3598636401235531,0.9999999999971146,0.394627666205389,histamine_blindspot,0.3598636401235531,0.24906688471870347,False,histamine_blindspot,0.3598636401235531,0.5081609173902348,0.9323647515728891,False,0.9973537708425986,0.999999993271446,0.9323647515728891,0.5081609173902348,0.9743985799262538,0.5081609173902348,,1.0,-3.257425539571592,1.0,False,histamine_blindspot,0.3598636401235531,False,False,,
CB0959,15,-0.0,GLUT,1.0,0.0,0.0,1.0,0.0,0.0,0.0,1.0,False,False,False,-3.38020615515552,0.3598636401235531,0.9999999999971146,0.394627666205389,histamine_blindspot,0.3598636401235531,0.24906688471870347,False,histamine_blindspot,0.3598636401235531,0.5081609173902348,0.9323647515728891,False,0.9973537708425986,0.999999993271446,0.9323647515728891,0.5081609173902348,0.9743985799262538,0.5081609173902348,,1.0,-3.257425539571592,1.0,False,histamine_blindspot,0.3598636401235531,False,False,,
ORN_VM6m,24,0.2498822928331854,ACH,0.9583333333333334,0.9583333333333334,0.041666666666666664,0.0,0.0,0.0,0.0,1.0,False,False,False,-3.390038047886444,0.08909270220039282,0.2976095338054866,0.8780136656669967,histamine_blindspot,0.08909270220039282,0.24906688471870347,True,histamine_blindspot,0.08909270220039282,0.9200717860394735,0.9323647515728891,False,0.9973537708425986,0.999999993271446,0.9323647515728891,0.9871928421262317,0.9999021808445129,0.9200717860394735,,0.9993500324983751,-3.3651603545553535,1.0,False,histamine_blindspot,0.08909270220039282,False,False,ACH,False
PLP188,16,-0.0,ACH,1.0,1.0,0.0,0.0,0.0,0.0,0.0,1.0,False,False,False,-3.3924107788154703,0.09682513359413968,0.333672003628133,0.999999999997836,histamine_blindspot,0.09682513359413968,0.24906688471870347,True,histamine_blindspot,0.09682513359413968,0.9232738634894522,0.9323647515728891,False,0.9973537708425986,0.999999993271446,0.9323647515728891,0.974278118356929,0.99990571183534,0.9232738634894522,,1.0,-3.3717491545884113,1.0,False,histamine_blindspot,0.09682513359413968,False,False,,
FR2,17,-0.0,ACH,1.0,1.0,0.0,0.0,0.0,0.0,0.0,1.0,False,False,False,-3.399309431455496,0.09682513359413968,0.333672003628133,0.999999999997836,histamine_blindspot,0.09682513359413968,0.24906688471870347,True,histamine_blindspot,0.09682513359413968,0.9232738634894522,0.9323647515728891,False,0.9973537708425986,0.999999993271446,0.9323647515728891,0.974278118356929,0.99990571183534,0.9232738634894522,,1.0,-3.543777090931869,1.0,False,histamine_blindspot,0.09682513359413968,False,False,,
CB1178,16,-0.0,GLUT,1.0,0.0,0.0,1.0,0.0,0.0,0.0,1.0,False,False,False,-3.4022001588669277,0.3598636401235531,0.9999999999971146,0.394627666205389,histamine_blindspot,0.3598636401235531,0.24906688471870347,False,histamine_blindspot,0.3598636401235531,0.5081609173902348,0.9323647515728891,False,0.9973537708425986,0.999999993271446,0.9323647515728891,0.5081609173902348,0.9743985799262538,0.5081609173902348,,1.0,-3.3717491545884113,1.0,False,histamine_blindspot,0.3598636401235531,False,False,,
CB1617,16,-0.0,GLUT,1.0,0.0,0.0,1.0,0.0,0.0,0.0,1.0,False,False,False,-3.413649729823423,0.3598636401235531,0.9999999999971146,0.394627666205389,histamine_blindspot,0.3598636401235531,0.24906688471870347,False,histamine_blindspot,0.3598636401235531,0.5081609173902348,0.9323647515728891,False,0.9973537708425986,0.999999993271446,0.9323647515728891,0.5081609173902348,0.9743985799262538,0.5081609173902348,,1.0,-3.3717491545884113,1.0,False,histamine_blindspot,0.3598636401235531,False,False,,
ORN_VM6l,17,-0.0,ACH,1.0,1.0,0.0,0.0,0.0,0.0,0.0,1.0,False,False,False,-3.43375100687784,0.09682513359413968,0.333672003628133,0.999999999997836,histamine_blindspot,0.09682513359413968,0.24906688471870347,True,histamine_blindspot,0.09682513359413968,0.9232738634894522,0.9323647515728891,False,0.9973537708425986,0.999999993271446,0.9323647515728891,0.974278118356929,0.99990571183534,0.9232738634894522,,1.0,-3.543777090931869,1.0,False,histamine_blindspot,0.09682513359413968,False,False,ACH,False
AN_AVLP_51,17,-0.0,ACH,1.0,1.0,0.0,0.0,0.0,0.0,0.0,1.0,False,False,False,-3.433809005844202,0.09682513359413968,0.333672003628133,0.999999999997836,histamine_blindspot,0.09682513359413968,0.24906688471870347,True,histamine_blindspot,0.09682513359413968,0.9232738634894522,0.9323647515728891,False,0.9973537708425986,0.999999993271446,0.9323647515728891,0.974278118356929,0.99990571183534,0.9232738634894522,,1.0,-3.543777090931869,1.0,False,histamine_blindspot,0.09682513359413968,False,False,,
LHAD1b2_a,15,-0.0,ACH,1.0,1.0,0.0,0.0,0.0,0.0,0.0,1.0,False,False,False,-3.440131519268248,0.09682513359413968,0.333672003628133,0.999999999997836,histamine_blindspot,0.09682513359413968,0.24906688471870347,True,histamine_blindspot,0.09682513359413968,0.9232738634894522,0.9323647515728891,False,0.9973537708425986,0.999999993271446,0.9323647515728891,0.974278118356929,0.99990571183534,0.9232738634894522,,1.0,-3.257425539571592,1.0,False,histamine_blindspot,0.09682513359413968,False,False,,
PLP182,16,-0.0,GLUT,1.0,0.0,0.0,1.0,0.0,0.0,0.0,1.0,False,False,False,-3.4580599593592765,0.3598636401235531,0.9999999999971146,0.394627666205389,histamine_blindspot,0.3598636401235531,0.24906688471870347,False,histamine_blindspot,0.3598636401235531,0.5081609173902348,0.9323647515728891,False,0.9973537708425986,0.999999993271446,0.9323647515728891,0.5081609173902348,0.9743985799262538,0.5081609173902348,,1.0,-3.3717491545884113,1.0,False,histamine_blindspot,0.3598636401235531,False,False,,
PAM11,16,-0.0,DA,1.0,0.0,0.0,0.0,1.0,0.0,0.0,0.0,False,False,False,-3.4650866135403424,0.9723068617741457,0.9999999999971146,0.999999999997836,histamine_blindspot,0.9723068617741457,0.24906688471870347,False,histamine_blindspot,0.9723068617741457,0.09110731376193937,0.9323647515728891,False,0.9973537708425986,0.999999993271446,0.9323647515728891,0.43385816206281147,0.36542084334108693,0.09110731376193937,,1.0,-3.3717491545884113,1.0,False,histamine_blindspot,0.9723068617741457,False,False,DA,False
ORN_VA1d,66,0.6136190195993708,ACH,0.8484848484848485,0.8484848484848485,0.0,0.0,0.0,0.15151515151515152,0.0,0.8484848484848485,False,False,False,-3.4678416260098675,0.12838925571226786,0.12940025167804764,0.9999999999971146,histamine_blindspot,0.12838925571226786,0.24906688471870347,True,histamine_blindspot,0.12838925571226786,0.9323647515728891,0.9323647515728891,False,0.9973537708425986,0.999999993271446,0.9323647515728891,0.9754044605139015,0.9998739400980026,0.9323647515728891,,0.999750012499375,-3.5444192242735837,1.0,False,histamine_blindspot,0.12838925571226786,False,False,ACH,False
PAM10,15,-0.0,DA,1.0,0.0,0.0,0.0,1.0,0.0,0.0,0.0,False,False,False,-3.472066225799942,0.9723068617741457,0.9999999999971146,0.999999999997836,histamine_blindspot,0.9723068617741457,0.24906688471870347,False,histamine_blindspot,0.9723068617741457,0.09110731376193937,0.9323647515728891,False,0.9973537708425986,0.999999993271446,0.9323647515728891,0.43385816206281147,0.36542084334108693,0.09110731376193937,,1.0,-3.257425539571592,1.0,False,histamine_blindspot,0.9723068617741457,False,False,DA,False
CB2081,17,-0.0,ACH,1.0,1.0,0.0,0.0,0.0,0.0,0.0,1.0,False,False,False,-3.481481682685283,0.09682513359413968,0.333672003628133,0.999999999997836,histamine_blindspot,0.09682513359413968,0.24906688471870347,True,histamine_blindspot,0.09682513359413968,0.9232738634894522,0.9323647515728891,False,0.9973537708425986,0.999999993271446,0.9323647515728891,0.974278118356929,0.99990571183534,0.9232738634894522,,1.0,-3.543777090931869,1.0,False,histamine_blindspot,0.09682513359413968,False,False,,
JO-mz,17,-0.0,ACH,1.0,1.0,0.0,0.0,0.0,0.0,0.0,1.0,False,False,False,-3.486535948897142,0.09682513359413968,0.333672003628133,0.999999999997836,histamine_blindspot,0.09682513359413968,0.24906688471870347,True,histamine_blindspot,0.09682513359413968,0.9232738634894522,0.9323647515728891,False,0.9973537708425986,0.999999993271446,0.9323647515728891,0.974278118356929,0.99990571183534,0.9232738634894522,,1.0,-3.543777090931869,1.0,False,histamine_blindspot,0.09682513359413968,False,False,,
SMP106,17,-0.0,GLUT,1.0,0.0,0.0,1.0,0.0,0.0,0.0,1.0,False,False,False,-3.486755429257279,0.3598636401235531,0.9999999999971146,0.394627666205389,histamine_blindspot,0.3598636401235531,0.24906688471870347,False,histamine_blindspot,0.3598636401235531,0.5081609173902348,0.9323647515728891,False,0.9973537708425986,0.999999993271446,0.9323647515728891,0.5081609173902348,0.9743985799262538,0.5081609173902348,,1.0,-3.543777090931869,1.0,False,histamine_blindspot,0.3598636401235531,False,False,,
cL01,17,-0.0,ACH,1.0,1.0,0.0,0.0,0.0,0.0,0.0,1.0,False,False,False,-3.516633003635204,0.09682513359413968,0.333672003628133,0.999999999997836,histamine_blindspot,0.09682513359413968,0.24906688471870347,True,histamine_blindspot,0.09682513359413968,0.9232738634894522,0.9323647515728891,False,0.9973537708425986,0.999999993271446,0.9323647515728891,0.974278118356929,0.99990571183534,0.9232738634894522,,1.0,-3.543777090931869,1.0,False,histamine_blindspot,0.09682513359413968,False,False,,
CB1556,18,-0.0,GLUT,1.0,0.0,0.0,1.0,0.0,0.0,0.0,1.0,False,False,False,-3.542143451495224,0.3598636401235531,0.9999999999971146,0.394627666205389,histamine_blindspot,0.3598636401235531,0.24906688471870347,False,histamine_blindspot,0.3598636401235531,0.5081609173902348,0.9323647515728891,False,0.9973537708425986,0.999999993271446,0.9323647515728891,0.5081609173902348,0.9743985799262538,0.5081609173902348,,1.0,-3.6641720852979187,1.0,False,histamine_blindspot,0.3598636401235531,False,False,,
LTe64,16,-0.0,ACH,1.0,1.0,0.0,0.0,0.0,0.0,0.0,1.0,False,False,False,-3.548576115440926,0.09682513359413968,0.333672003628133,0.999999999997836,histamine_blindspot,0.09682513359413968,0.24906688471870347,True,histamine_blindspot,0.09682513359413968,0.9232738634894522,0.9323647515728891,False,0.9973537708425986,0.999999993271446,0.9323647515728891,0.974278118356929,0.99990571183534,0.9232738634894522,,1.0,-3.3717491545884113,1.0,False,histamine_blindspot,0.09682513359413968,False,False,,
LCe05,18,-0.0,GLUT,1.0,0.0,0.0,1.0,0.0,0.0,0.0,1.0,False,False,False,-3.5709232853786745,0.3598636401235531,0.9999999999971146,0.394627666205389,histamine_blindspot,0.3598636401235531,0.24906688471870347,False,histamine_blindspot,0.3598636401235531,0.5081609173902348,0.9323647515728891,False,0.9973537708425986,0.999999993271446,0.9323647515728891,0.5081609173902348,0.9743985799262538,0.5081609173902348,,1.0,-3.6641720852979187,1.0,False,histamine_blindspot,0.3598636401235531,False,False,,
FC2B,26,0.2351933818192414,ACH,0.9615384615384616,0.9615384615384616,0.0,0.0,0.0,0.038461538461538464,0.0,0.9615384615384616,False,False,False,-3.5767842833332293,0.08998156365933885,0.24615660321179897,0.9999999999971146,histamine_blindspot,0.08998156365933885,0.24906688471870347,True,histamine_blindspot,0.08998156365933885,0.924842321483802,0.9323647515728891,False,0.9973537708425986,0.999999993271446,0.9323647515728891,0.9754044605139015,0.9998908622804699,0.924842321483802,,0.9998000099995,-3.5541798259182578,1.0,False,histamine_blindspot,0.08998156365933885,False,False,,
ORN_VM2,32,0.3372900666170139,ACH,0.9375,0.9375,0.0,0.0,0.0,0.0625,0.0,0.9375,False,False,False,-3.5789176973104517,0.09595253941382031,0.2124604937589694,0.9999999999971145,histamine_blindspot,0.09595253941382031,0.24906688471870347,True,histamine_blindspot,0.09595253941382031,0.9286696319210077,0.9323647515728891,False,0.9973537708425986,0.999999993271446,0.9323647515728891,0.9754044605139015,0.9998868355024914,0.9286696319210077,,0.9996000199990001,-3.5819526382287106,1.0,False,histamine_blindspot,0.09595253941382031,False,False,ACH,False
LC37,18,-0.0,GLUT,1.0,0.0,0.0,1.0,0.0,0.0,0.0,1.0,False,False,False,-3.5790196414913336,0.3598636401235531,0.9999999999971146,0.394627666205389,histamine_blindspot,0.3598636401235531,0.24906688471870347,False,histamine_blindspot,0.3598636401235531,0.5081609173902348,0.9323647515728891,False,0.9973537708425986,0.999999993271446,0.9323647515728891,0.5081609173902348,0.9743985799262538,0.5081609173902348,,1.0,-3.6641720852979187,1.0,False,histamine_blindspot,0.3598636401235531,False,False,,
hDeltaI,17,-0.0,ACH,1.0,1.0,0.0,0.0,0.0,0.0,0.0,1.0,False,False,False,-3.590027164045853,0.09682513359413968,0.333672003628133,0.999999999997836,histamine_blindspot,0.09682513359413968,0.24906688471870347,True,histamine_blindspot,0.09682513359413968,0.9232738634894522,0.9323647515728891,False,0.9973537708425986,0.999999993271446,0.9323647515728891,0.974278118356929,0.99990571183534,0.9232738634894522,,1.0,-3.543777090931869,1.0,False,histamine_blindspot,0.09682513359413968,False,False,ACH,False
FB9B,18,-0.0,GLUT,1.0,0.0,0.0,1.0,0.0,0.0,0.0,1.0,False,False,False,-3.631592948336092,0.3598636401235531,0.9999999999971146,0.394627666205389,histamine_blindspot,0.3598636401235531,0.24906688471870347,False,histamine_blindspot,0.3598636401235531,0.5081609173902348,0.9323647515728891,False,0.9973537708425986,0.999999993271446,0.9323647515728891,0.5081609173902348,0.9743985799262538,0.5081609173902348,,1.0,-3.6641720852979187,1.0,False,histamine_blindspot,0.3598636401235531,False,False,GLUT,False
PS087,18,-0.0,GLUT,1.0,0.0,0.0,1.0,0.0,0.0,0.0,1.0,False,False,False,-3.6377449701724345,0.3598636401235531,0.9999999999971146,0.394627666205389,histamine_blindspot,0.3598636401235531,0.24906688471870347,False,histamine_blindspot,0.3598636401235531,0.5081609173902348,0.9323647515728891,False,0.9973537708425986,0.999999993271446,0.9323647515728891,0.5081609173902348,0.9743985799262538,0.5081609173902348,,1.0,-3.6641720852979187,1.0,False,histamine_blindspot,0.3598636401235531,False,False,,
CB0958,18,-0.0,GLUT,1.0,0.0,0.0,1.0,0.0,0.0,0.0,1.0,False,False,False,-3.652324083602695,0.3598636401235531,0.9999999999971146,0.394627666205389,histamine_blindspot,0.3598636401235531,0.24906688471870347,False,histamine_blindspot,0.3598636401235531,0.5081609173902348,0.9323647515728891,False,0.9973537708425986,0.999999993271446,0.9323647515728891,0.5081609173902348,0.9743985799262538,0.5081609173902348,,1.0,-3.6641720852979187,1.0,False,histamine_blindspot,0.3598636401235531,False,False,,
PS005,19,-0.0,GLUT,1.0,0.0,0.0,1.0,0.0,0.0,0.0,1.0,False,False,False,-3.671043356651224,0.3598636401235531,0.9999999999971146,0.394627666205389,histamine_blindspot,0.3598636401235531,0.24906688471870347,False,histamine_blindspot,0.3598636401235531,0.5081609173902348,0.9323647515728891,False,0.9973537708425986,0.999999993271446,0.9323647515728891,0.5081609173902348,0.9743985799262538,0.5081609173902348,,1.0,-3.799737677188338,1.0,False,histamine_blindspot,0.3598636401235531,False,False,,
MTe06,18,-0.0,ACH,1.0,1.0,0.0,0.0,0.0,0.0,0.0,1.0,False,False,False,-3.673023785954504,0.09682513359413968,0.333672003628133,0.999999999997836,histamine_blindspot,0.09682513359413968,0.24906688471870347,True,histamine_blindspot,0.09682513359413968,0.9232738634894522,0.9323647515728891,False,0.9973537708425986,0.999999993271446,0.9323647515728891,0.974278118356929,0.99990571183534,0.9232738634894522,,1.0,-3.6641720852979187,1.0,False,histamine_blindspot,0.09682513359413968,False,False,,
ORN_DL2v,18,-0.0,ACH,1.0,1.0,0.0,0.0,0.0,0.0,0.0,1.0,False,False,False,-3.697610530111594,0.09682513359413968,0.333672003628133,0.999999999997836,histamine_blindspot,0.09682513359413968,0.24906688471870347,True,histamine_blindspot,0.09682513359413968,0.9232738634894522,0.9323647515728891,False,0.9973537708425986,0.999999993271446,0.9323647515728891,0.974278118356929,0.99990571183534,0.9232738634894522,,1.0,-3.6641720852979187,1.0,False,histamine_blindspot,0.09682513359413968,False,False,ACH,False
SIP076,19,-0.0,ACH,1.0,1.0,0.0,0.0,0.0,0.0,0.0,1.0,False,False,False,-3.6976130171560033,0.09682513359413968,0.333672003628133,0.999999999997836,histamine_blindspot,0.09682513359413968,0.24906688471870347,True,histamine_blindspot,0.09682513359413968,0.9232738634894522,0.9323647515728891,False,0.9973537708425986,0.999999993271446,0.9323647515728891,0.974278118356929,0.99990571183534,0.9232738634894522,,1.0,-3.799737677188338,1.0,False,histamine_blindspot,0.09682513359413968,False,False,,
PAM07,18,-0.0,DA,1.0,0.0,0.0,0.0,1.0,0.0,0.0,0.0,False,False,False,-3.6989358806515273,0.9723068617741457,0.9999999999971146,0.999999999997836,histamine_blindspot,0.9723068617741457,0.24906688471870347,False,histamine_blindspot,0.9723068617741457,0.09110731376193937,0.9323647515728891,False,0.9973537708425986,0.999999993271446,0.9323647515728891,0.43385816206281147,0.36542084334108693,0.09110731376193937,,1.0,-3.6641720852979187,1.0,False,histamine_blindspot,0.9723068617741457,False,False,DA,False
LB1e,18,-0.0,ACH,1.0,1.0,0.0,0.0,0.0,0.0,0.0,1.0,False,False,False,-3.73353157870142,0.09682513359413968,0.333672003628133,0.999999999997836,histamine_blindspot,0.09682513359413968,0.24906688471870347,True,histamine_blindspot,0.09682513359413968,0.9232738634894522,0.9323647515728891,False,0.9973537708425986,0.999999993271446,0.9323647515728891,0.974278118356929,0.99990571183534,0.9232738634894522,,1.0,-3.6641720852979187,1.0,False,histamine_blindspot,0.09682513359413968,False,False,,
vDeltaG,19,-0.0,ACH,1.0,1.0,0.0,0.0,0.0,0.0,0.0,1.0,False,False,False,-3.75827202345691,0.09682513359413968,0.333672003628133,0.999999999997836,histamine_blindspot,0.09682513359413968,0.24906688471870347,True,histamine_blindspot,0.09682513359413968,0.9232738634894522,0.9323647515728891,False,0.9973537708425986,0.999999993271446,0.9323647515728891,0.974278118356929,0.99990571183534,0.9232738634894522,,1.0,-3.799737677188338,1.0,False,histamine_blindspot,0.09682513359413968,False,False,,
Sm14,35,0.3159971329784246,GLUT,0.9428571428571428,0.0,0.05714285714285714,0.9428571428571428,0.0,0.0,0.0,1.0,False,False,False,-3.773453845967479,0.2522039111892442,0.9436588572678078,0.2689243157722993,histamine_blindspot,0.2522039111892442,0.24906688471870347,False,histamine_blindspot,0.2522039111892442,0.5026910237695729,0.9323647515728891,False,0.9973537708425986,0.999999993271446,0.9323647515728891,0.5054310119508028,0.9946621748667083,0.5026910237695729,,0.99990000499975,-3.8447628089499735,1.0,False,histamine_blindspot,0.2522039111892442,False,False,,
hDeltaC,20,-0.0,ACH,1.0,1.0,0.0,0.0,0.0,0.0,0.0,1.0,False,False,False,-3.785760461266356,0.09682513359413968,0.333672003628133,0.999999999997836,histamine_blindspot,0.09682513359413968,0.24906688471870347,True,histamine_blindspot,0.09682513359413968,0.9232738634894522,0.9323647515728891,False,0.9973537708425986,0.999999993271446,0.9323647515728891,0.974278118356929,0.99990571183534,0.9232738634894522,,1.0,-3.9474171949469143,1.0,False,histamine_blindspot,0.09682513359413968,False,False,"ACH,SER",False
LHPV5b1,19,-0.0,ACH,1.0,1.0,0.0,0.0,0.0,0.0,0.0,1.0,False,False,False,-3.788118482381889,0.09682513359413968,0.333672003628133,0.999999999997836,histamine_blindspot,0.09682513359413968,0.24906688471870347,True,histamine_blindspot,0.09682513359413968,0.9232738634894522,0.9323647515728891,False,0.9973537708425986,0.999999993271446,0.9323647515728891,0.974278118356929,0.99990571183534,0.9232738634894522,,1.0,-3.799737677188338,1.0,False,histamine_blindspot,0.09682513359413968,False,False,ACH,False
vDeltaF,19,-0.0,ACH,1.0,1.0,0.0,0.0,0.0,0.0,0.0,1.0,False,False,False,-3.8024971077261465,0.09682513359413968,0.333672003628133,0.999999999997836,histamine_blindspot,0.09682513359413968,0.24906688471870347,True,histamine_blindspot,0.09682513359413968,0.9232738634894522,0.9323647515728891,False,0.9973537708425986,0.999999993271446,0.9323647515728891,0.974278118356929,0.99990571183534,0.9232738634894522,,1.0,-3.799737677188338,1.0,False,histamine_blindspot,0.09682513359413968,False,False,,
PEN_a/PEN1,20,-0.0,ACH,1.0,1.0,0.0,0.0,0.0,0.0,0.0,1.0,False,False,False,-3.803061607807305,0.09682513359413968,0.333672003628133,0.999999999997836,histamine_blindspot,0.09682513359413968,0.24906688471870347,True,histamine_blindspot,0.09682513359413968,0.9232738634894522,0.9323647515728891,False,0.9973537708425986,0.999999993271446,0.9323647515728891,0.974278118356929,0.99990571183534,0.9232738634894522,,1.0,-3.9474171949469143,1.0,False,histamine_blindspot,0.09682513359413968,False,False,,
CB1225,19,-0.0,ACH,1.0,1.0,0.0,0.0,0.0,0.0,0.0,1.0,False,False,False,-3.833650451474549,0.09682513359413968,0.333672003628133,0.999999999997836,histamine_blindspot,0.09682513359413968,0.24906688471870347,True,histamine_blindspot,0.09682513359413968,0.9232738634894522,0.9323647515728891,False,0.9973537708425986,0.999999993271446,0.9323647515728891,0.974278118356929,0.99990571183534,0.9232738634894522,,1.0,-3.799737677188338,1.0,False,histamine_blindspot,0.09682513359413968,False,False,,
hDeltaB,18,-0.0,ACH,1.0,1.0,0.0,0.0,0.0,0.0,0.0,1.0,False,False,False,-3.8385549886239616,0.09682513359413968,0.333672003628133,0.999999999997836,histamine_blindspot,0.09682513359413968,0.24906688471870347,True,histamine_blindspot,0.09682513359413968,0.9232738634894522,0.9323647515728891,False,0.9973537708425986,0.999999993271446,0.9323647515728891,0.974278118356929,0.99990571183534,0.9232738634894522,,1.0,-3.6641720852979187,1.0,False,histamine_blindspot,0.09682513359413968,False,False,ACH,False
CB1876,19,-0.0,ACH,1.0,1.0,0.0,0.0,0.0,0.0,0.0,1.0,False,False,False,-3.864600698199445,0.09682513359413968,0.333672003628133,0.999999999997836,histamine_blindspot,0.09682513359413968,0.24906688471870347,True,histamine_blindspot,0.09682513359413968,0.9232738634894522,0.9323647515728891,False,0.9973537708425986,0.999999993271446,0.9323647515728891,0.974278118356929,0.99990571183534,0.9232738634894522,,1.0,-3.799737677188338,1.0,False,histamine_blindspot,0.09682513359413968,False,False,,
PEG,20,-0.0,ACH,1.0,1.0,0.0,0.0,0.0,0.0,0.0,1.0,False,False,False,-3.87587936176141,0.09682513359413968,0.333672003628133,0.999999999997836,histamine_blindspot,0.09682513359413968,0.24906688471870347,True,histamine_blindspot,0.09682513359413968,0.9232738634894522,0.9323647515728891,False,0.9973537708425986,0.999999993271446,0.9323647515728891,0.974278118356929,0.99990571183534,0.9232738634894522,,1.0,-3.9474171949469143,1.0,False,histamine_blindspot,0.09682513359413968,False,False,ACH,False
FB5V,19,-0.0,GLUT,1.0,0.0,0.0,1.0,0.0,0.0,0.0,1.0,False,False,False,-3.8834244317302296,0.3598636401235531,0.9999999999971146,0.394627666205389,histamine_blindspot,0.3598636401235531,0.24906688471870347,False,histamine_blindspot,0.3598636401235531,0.5081609173902348,0.9323647515728891,False,0.9973537708425986,0.999999993271446,0.9323647515728891,0.5081609173902348,0.9743985799262538,0.5081609173902348,,1.0,-3.799737677188338,1.0,False,histamine_blindspot,0.3598636401235531,False,False,,
ORN_DA2,30,0.2108423003185321,ACH,0.9666666666666668,0.9666666666666667,0.0,0.0,0.0,0.03333333333333333,0.0,0.9666666666666667,False,False,False,-3.8938200219140966,0.08906371769890763,0.2544881768229346,0.9999999999971145,histamine_blindspot,0.08906371769890763,0.24906688471870347,True,histamine_blindspot,0.08906371769890763,0.924060792059431,0.9323647515728891,False,0.9973537708425986,0.999999993271446,0.9323647515728891,0.9795811410520254,0.9998947596386022,0.924060792059431,,0.99990000499975,-4.005510639848788,1.0,False,histamine_blindspot,0.08906371769890763,False,False,ACH,False
vDeltaD,22,-0.0,ACH,1.0,1.0,0.0,0.0,0.0,0.0,0.0,1.0,False,False,False,-3.938559573484146,0.09682513359413968,0.333672003628133,0.999999999997836,histamine_blindspot,0.09682513359413968,0.24906688471870347,True,histamine_blindspot,0.09682513359413968,0.9232738634894522,0.9323647515728891,False,0.9973537708425986,0.999999993271446,0.9323647515728891,0.974278118356929,0.99990571183534,0.9232738634894522,,1.0,-4.10427802308335,1.0,False,histamine_blindspot,0.09682513359413968,False,False,ACH,False
PEN_b/PEN2,20,-0.0,ACH,1.0,1.0,0.0,0.0,0.0,0.0,0.0,1.0,False,False,False,-3.945770151143608,0.09682513359413968,0.333672003628133,0.999999999997836,histamine_blindspot,0.09682513359413968,0.24906688471870347,True,histamine_blindspot,0.09682513359413968,0.9232738634894522,0.9323647515728891,False,0.9973537708425986,0.999999993271446,0.9323647515728891,0.974278118356929,0.99990571183534,0.9232738634894522,,1.0,-3.9474171949469143,1.0,False,histamine_blindspot,0.09682513359413968,False,False,,
PFNv,21,-0.0,ACH,1.0,1.0,0.0,0.0,0.0,0.0,0.0,1.0,False,False,False,-3.95122778169522,0.09682513359413968,0.333672003628133,0.999999999997836,histamine_blindspot,0.09682513359413968,0.24906688471870347,True,histamine_blindspot,0.09682513359413968,0.9232738634894522,0.9323647515728891,False,0.9973537708425986,0.999999993271446,0.9323647515728891,0.974278118356929,0.99990571183534,0.9232738634894522,,1.0,-4.000039583285908,1.0,False,histamine_blindspot,0.09682513359413968,False,False,ACH,False
Sm26,20,-0.0,ACH,1.0,1.0,0.0,0.0,0.0,0.0,0.0,1.0,False,False,False,-3.95827970867215,0.09682513359413968,0.333672003628133,0.999999999997836,histamine_blindspot,0.09682513359413968,0.24906688471870347,True,histamine_blindspot,0.09682513359413968,0.9232738634894522,0.9323647515728891,False,0.9973537708425986,0.999999993271446,0.9323647515728891,0.974278118356929,0.99990571183534,0.9232738634894522,,1.0,-3.9474171949469143,1.0,False,histamine_blindspot,0.09682513359413968,False,False,,
MeTu4b,21,-0.0,ACH,1.0,1.0,0.0,0.0,0.0,0.0,0.0,1.0,False,False,False,-3.9586806660773073,0.09682513359413968,0.333672003628133,0.999999999997836,histamine_blindspot,0.09682513359413968,0.24906688471870347,True,histamine_blindspot,0.09682513359413968,0.9232738634894522,0.9323647515728891,False,0.9973537708425986,0.999999993271446,0.9323647515728891,0.974278118356929,0.99990571183534,0.9232738634894522,,1.0,-4.000039583285908,1.0,False,histamine_blindspot,0.09682513359413968,False,False,,
ORN_DC2,20,-0.0,ACH,1.0,1.0,0.0,0.0,0.0,0.0,0.0,1.0,False,False,False,-3.960193920691654,0.09682513359413968,0.333672003628133,0.999999999997836,histamine_blindspot,0.09682513359413968,0.24906688471870347,True,histamine_blindspot,0.09682513359413968,0.9232738634894522,0.9323647515728891,False,0.9973537708425986,0.999999993271446,0.9323647515728891,0.974278118356929,0.99990571183534,0.9232738634894522,,1.0,-3.9474171949469143,1.0,False,histamine_blindspot,0.09682513359413968,False,False,ACH,False
JO-FVA,31,0.205592508185083,ACH,0.967741935483871,0.967741935483871,0.0,0.0,0.0,0.03225806451612903,0.0,0.967741935483871,False,False,False,-3.9613303049816335,0.08889427638085076,0.25630066004202057,0.9999999999971146,histamine_blindspot,0.08889427638085076,0.24906688471870347,True,histamine_blindspot,0.08889427638085076,0.924060792059431,0.9323647515728891,False,0.9973537708425986,0.999999993271446,0.9323647515728891,0.9754044605139015,0.9998947596386022,0.924060792059431,,0.999950002499875,-4.133359703138096,1.0,False,histamine_blindspot,0.08889427638085076,False,False,,
ORN_VA7m,21,-0.0,ACH,1.0,1.0,0.0,0.0,0.0,0.0,0.0,1.0,False,False,False,-3.9702007372561576,0.09682513359413968,0.333672003628133,0.999999999997836,histamine_blindspot,0.09682513359413968,0.24906688471870347,True,histamine_blindspot,0.09682513359413968,0.9232738634894522,0.9323647515728891,False,0.9973537708425986,0.999999993271446,0.9323647515728891,0.974278118356929,0.99990571183534,0.9232738634894522,,1.0,-4.000039583285908,1.0,False,histamine_blindspot,0.09682513359413968,False,False,ACH,False
TuBu08,22,-0.0,ACH,1.0,1.0,0.0,0.0,0.0,0.0,0.0,1.0,False,False,False,-4.000405616045142,0.09682513359413968,0.333672003628133,0.999999999997836,histamine_blindspot,0.09682513359413968,0.24906688471870347,True,histamine_blindspot,0.09682513359413968,0.9232738634894522,0.9323647515728891,False,0.9973537708425986,0.999999993271446,0.9323647515728891,0.974278118356929,0.99990571183534,0.9232738634894522,,1.0,-4.10427802308335,1.0,False,histamine_blindspot,0.09682513359413968,False,False,ACH,False
CB4244,20,-0.0,ACH,1.0,1.0,0.0,0.0,0.0,0.0,0.0,1.0,False,False,False,-4.000764575509285,0.09682513359413968,0.333672003628133,0.999999999997836,histamine_blindspot,0.09682513359413968,0.24906688471870347,True,histamine_blindspot,0.09682513359413968,0.9232738634894522,0.9323647515728891,False,0.9973537708425986,0.999999993271446,0.9323647515728891,0.974278118356929,0.99990571183534,0.9232738634894522,,1.0,-3.9474171949469143,1.0,False,histamine_blindspot,0.09682513359413968,False,False,,
PAM05,20,-0.0,DA,1.0,0.0,0.0,0.0,1.0,0.0,0.0,0.0,False,False,False,-4.001122147387077,0.9723068617741457,0.9999999999971146,0.999999999997836,histamine_blindspot,0.9723068617741457,0.24906688471870347,False,histamine_blindspot,0.9723068617741457,0.09110731376193937,0.9323647515728891,False,0.9973537708425986,0.999999993271446,0.9323647515728891,0.43385816206281147,0.36542084334108693,0.09110731376193937,,1.0,-3.9474171949469143,1.0,False,histamine_blindspot,0.9723068617741457,False,False,DA,False
FS1B,21,-0.0,ACH,1.0,1.0,0.0,0.0,0.0,0.0,0.0,1.0,False,False,False,-4.011528512573534,0.09682513359413968,0.333672003628133,0.999999999997836,histamine_blindspot,0.09682513359413968,0.24906688471870347,True,histamine_blindspot,0.09682513359413968,0.9232738634894522,0.9323647515728891,False,0.9973537708425986,0.999999993271446,0.9323647515728891,0.974278118356929,0.99990571183534,0.9232738634894522,,1.0,-4.000039583285908,1.0,False,histamine_blindspot,0.09682513359413968,False,False,,
LHPV5b3,20,-0.0,ACH,1.0,1.0,0.0,0.0,0.0,0.0,0.0,1.0,False,False,False,-4.023752560953785,0.09682513359413968,0.333672003628133,0.999999999997836,histamine_blindspot,0.09682513359413968,0.24906688471870347,True,histamine_blindspot,0.09682513359413968,0.9232738634894522,0.9323647515728891,False,0.9973537708425986,0.999999993271446,0.9323647515728891,0.974278118356929,0.99990571183534,0.9232738634894522,,1.0,-3.9474171949469143,1.0,False,histamine_blindspot,0.09682513359413968,False,False,ACH,False
PAM12,23,-0.0,DA,1.0,0.0,0.0,0.0,1.0,0.0,0.0,0.0,False,False,False,-4.025087720041714,0.9723068617741457,0.9999999999971146,0.999999999997836,histamine_blindspot,0.9723068617741457,0.24906688471870347,False,histamine_blindspot,0.9723068617741457,0.09110731376193937,0.9323647515728891,False,0.9973537708425986,0.999999993271446,0.9323647515728891,0.43385816206281147,0.36542084334108693,0.09110731376193937,,1.0,-4.256200310178775,1.0,False,histamine_blindspot,0.9723068617741457,False,False,DA,False
SMP568,20,-0.0,ACH,1.0,1.0,0.0,0.0,0.0,0.0,0.0,1.0,False,False,False,-4.034147690226045,0.09682513359413968,0.333672003628133,0.999999999997836,histamine_blindspot,0.09682513359413968,0.24906688471870347,True,histamine_blindspot,0.09682513359413968,0.9232738634894522,0.9323647515728891,False,0.9973537708425986,0.999999993271446,0.9323647515728891,0.974278118356929,0.99990571183534,0.9232738634894522,,1.0,-3.9474171949469143,1.0,False,histamine_blindspot,0.09682513359413968,False,False,,
LC14a2,23,-0.0,ACH,1.0,1.0,0.0,0.0,0.0,0.0,0.0,1.0,False,False,False,-4.067756495713065,0.09682513359413968,0.333672003628133,0.999999999997836,histamine_blindspot,0.09682513359413968,0.24906688471870347,True,histamine_blindspot,0.09682513359413968,0.9232738634894522,0.9323647515728891,False,0.9973537708425986,0.999999993271446,0.9323647515728891,0.974278118356929,0.99990571183534,0.9232738634894522,,1.0,-4.256200310178775,1.0,False,histamine_blindspot,0.09682513359413968,False,False,,
LC45,24,-0.0,ACH,1.0,1.0,0.0,0.0,0.0,0.0,0.0,1.0,False,False,False,-4.089543259944772,0.09682513359413968,0.333672003628133,0.999999999997836,histamine_blindspot,0.09682513359413968,0.24906688471870347,True,histamine_blindspot,0.09682513359413968,0.9232738634894522,0.9323647515728891,False,0.9973537708425986,0.999999993271446,0.9323647515728891,0.974278118356929,0.99990571183534,0.9232738634894522,,1.0,-4.353164856483041,1.0,False,histamine_blindspot,0.09682513359413968,False,False,,
LT57,22,-0.0,ACH,1.0,1.0,0.0,0.0,0.0,0.0,0.0,1.0,False,False,False,-4.090259853531236,0.09682513359413968,0.333672003628133,0.999999999997836,histamine_blindspot,0.09682513359413968,0.24906688471870347,True,histamine_blindspot,0.09682513359413968,0.9232738634894522,0.9323647515728891,False,0.9973537708425986,0.999999993271446,0.9323647515728891,0.974278118356929,0.99990571183534,0.9232738634894522,,1.0,-4.10427802308335,1.0,False,histamine_blindspot,0.09682513359413968,False,False,,
LCe01a,21,-0.0,GLUT,1.0,0.0,0.0,1.0,0.0,0.0,0.0,1.0,False,False,False,-4.126166557420038,0.3598636401235531,0.9999999999971146,0.394627666205389,histamine_blindspot,0.3598636401235531,0.24906688471870347,False,histamine_blindspot,0.3598636401235531,0.5081609173902348,0.9323647515728891,False,0.9973537708425986,0.999999993271446,0.9323647515728891,0.5081609173902348,0.9743985799262538,0.5081609173902348,,1.0,-4.000039583285908,1.0,False,histamine_blindspot,0.3598636401235531,False,False,,
s-CPDN3E,24,-0.0,GLUT,1.0,0.0,0.0,1.0,0.0,0.0,0.0,1.0,False,False,False,-4.126643100010745,0.3598636401235531,0.9999999999971146,0.394627666205389,histamine_blindspot,0.3598636401235531,0.24906688471870347,False,histamine_blindspot,0.3598636401235531,0.5081609173902348,0.9323647515728891,False,0.9973537708425986,0.999999993271446,0.9323647515728891,0.5081609173902348,0.9743985799262538,0.5081609173902348,,1.0,-4.353164856483041,1.0,False,histamine_blindspot,0.3598636401235531,False,False,,
LPi10,37,0.3033748360864139,GLUT,0.945945945945946,0.0,0.05405405405405406,0.9459459459459459,0.0,0.0,0.0,1.0,False,False,False,-4.145911748991677,0.2559786856019491,0.9452026139482512,0.2736286835641615,histamine_blindspot,0.2559786856019491,0.24906688471870347,False,histamine_blindspot,0.2559786856019491,0.5054310119508028,0.9323647515728891,False,0.9973537708425986,0.999999993271446,0.9323647515728891,0.5054310119508028,0.9946621748667083,0.5054310119508028,,0.999850007499625,-4.03526447642642,1.0,False,histamine_blindspot,0.2559786856019491,False,False,GLUT,False
ORN_DC4,22,-0.0,ACH,1.0,1.0,0.0,0.0,0.0,0.0,0.0,1.0,False,False,False,-4.148937158363854,0.09682513359413968,0.333672003628133,0.999999999997836,histamine_blindspot,0.09682513359413968,0.24906688471870347,True,histamine_blindspot,0.09682513359413968,0.9232738634894522,0.9323647515728891,False,0.9973537708425986,0.999999993271446,0.9323647515728891,0.974278118356929,0.99990571183534,0.9232738634894522,,1.0,-4.10427802308335,1.0,False,histamine_blindspot,0.09682513359413968,False,False,ACH,False
PLP115_b,22,-0.0,ACH,1.0,1.0,0.0,0.0,0.0,0.0,0.0,1.0,False,False,False,-4.150014659775398,0.09682513359413968,0.333672003628133,0.999999999997836,histamine_blindspot,0.09682513359413968,0.24906688471870347,True,histamine_blindspot,0.09682513359413968,0.9232738634894522,0.9323647515728891,False,0.9973537708425986,0.999999993271446,0.9323647515728891,0.974278118356929,0.99990571183534,0.9232738634894522,,1.0,-4.10427802308335,1.0,False,histamine_blindspot,0.09682513359413968,False,False,,
LT51,22,-0.0,GLUT,1.0,0.0,0.0,1.0,0.0,0.0,0.0,1.0,False,False,False,-4.1579557207288405,0.3598636401235531,0.9999999999971146,0.394627666205389,histamine_blindspot,0.3598636401235531,0.24906688471870347,False,histamine_blindspot,0.3598636401235531,0.5081609173902348,0.9323647515728891,False,0.9973537708425986,0.999999993271446,0.9323647515728891,0.5081609173902348,0.9743985799262538,0.5081609173902348,,1.0,-4.10427802308335,1.0,False,histamine_blindspot,0.3598636401235531,False,False,,
PAM04,23,-0.0,DA,1.0,0.0,0.0,0.0,1.0,0.0,0.0,0.0,False,False,False,-4.160547368824106,0.9723068617741457,0.9999999999971146,0.999999999997836,histamine_blindspot,0.9723068617741457,0.24906688471870347,False,histamine_blindspot,0.9723068617741457,0.09110731376193937,0.9323647515728891,False,0.9973537708425986,0.999999993271446,0.9323647515728891,0.43385816206281147,0.36542084334108693,0.09110731376193937,,1.0,-4.256200310178775,1.0,False,histamine_blindspot,0.9723068617741457,False,False,DA,False
aPhM1,23,-0.0,ACH,1.0,1.0,0.0,0.0,0.0,0.0,0.0,1.0,False,False,False,-4.18564422816499,0.09682513359413968,0.333672003628133,0.999999999997836,histamine_blindspot,0.09682513359413968,0.24906688471870347,True,histamine_blindspot,0.09682513359413968,0.9232738634894522,0.9323647515728891,False,0.9973537708425986,0.999999993271446,0.9323647515728891,0.974278118356929,0.99990571183534,0.9232738634894522,,1.0,-4.256200310178775,1.0,False,histamine_blindspot,0.09682513359413968,False,False,,
BM_MaPa,23,-0.0,ACH,1.0,1.0,0.0,0.0,0.0,0.0,0.0,1.0,False,False,False,-4.200635095370177,0.09682513359413968,0.333672003628133,0.999999999997836,histamine_blindspot,0.09682513359413968,0.24906688471870347,True,histamine_blindspot,0.09682513359413968,0.9232738634894522,0.9323647515728891,False,0.9973537708425986,0.999999993271446,0.9323647515728891,0.974278118356929,0.99990571183534,0.9232738634894522,,1.0,-4.256200310178775,1.0,False,histamine_blindspot,0.09682513359413968,False,False,,
SMP018,21,-0.0,ACH,1.0,1.0,0.0,0.0,0.0,0.0,0.0,1.0,False,False,False,-4.202737021588076,0.09682513359413968,0.333672003628133,0.999999999997836,histamine_blindspot,0.09682513359413968,0.24906688471870347,True,histamine_blindspot,0.09682513359413968,0.9232738634894522,0.9323647515728891,False,0.9973537708425986,0.999999993271446,0.9323647515728891,0.974278118356929,0.99990571183534,0.9232738634894522,,1.0,-4.000039583285908,1.0,False,histamine_blindspot,0.09682513359413968,False,False,,
LPi02,74,0.5713549744279549,GLUT,0.8648648648648649,0.0,0.13513513513513514,0.8648648648648649,0.0,0.0,0.0,1.0,False,False,False,-4.219580630966384,0.18203233915002953,0.9170072056869327,0.17673464221578233,Dm_GLUT_confusion,0.17673464221578233,0.12,False,histamine_blindspot,0.18203233915002953,0.5026910237695729,0.9323647515728891,False,0.9973537708425986,0.999999993271446,0.9323647515728891,0.5026910237695729,0.993819859168549,0.5026910237695729,,0.999850007499625,-4.048508723882416,1.0,False,histamine_blindspot,0.18203233915002953,False,False,GLUT,False
ORN_VC4,23,-0.0,ACH,1.0,1.0,0.0,0.0,0.0,0.0,0.0,1.0,False,False,False,-4.227746174252131,0.09682513359413968,0.333672003628133,0.999999999997836,histamine_blindspot,0.09682513359413968,0.24906688471870347,True,histamine_blindspot,0.09682513359413968,0.9232738634894522,0.9323647515728891,False,0.9973537708425986,0.999999993271446,0.9323647515728891,0.974278118356929,0.99990571183534,0.9232738634894522,,1.0,-4.256200310178775,1.0,False,histamine_blindspot,0.09682513359413968,False,False,ACH,False
FS4C,25,-0.0,ACH,1.0,1.0,0.0,0.0,0.0,0.0,0.0,1.0,False,False,False,-4.2325438118767815,0.09682513359413968,0.333672003628133,0.999999999997836,histamine_blindspot,0.09682513359413968,0.24906688471870347,True,histamine_blindspot,0.09682513359413968,0.9232738634894522,0.9323647515728891,False,0.9973537708425986,0.999999993271446,0.9323647515728891,0.974278118356929,0.99990571183534,0.9232738634894522,,1.0,-4.469673296482072,1.0,False,histamine_blindspot,0.09682513359413968,False,False,,
ORN_DP1l,24,-0.0,ACH,1.0,1.0,0.0,0.0,0.0,0.0,0.0,1.0,False,False,False,-4.275392644465154,0.09682513359413968,0.333672003628133,0.999999999997836,histamine_blindspot,0.09682513359413968,0.24906688471870347,True,histamine_blindspot,0.09682513359413968,0.9232738634894522,0.9323647515728891,False,0.9973537708425986,0.999999993271446,0.9323647515728891,0.974278118356929,0.99990571183534,0.9232738634894522,,1.0,-4.353164856483041,1.0,False,histamine_blindspot,0.09682513359413968,False,False,ACH,False
CB1964,21,-0.0,ACH,1.0,1.0,0.0,0.0,0.0,0.0,0.0,1.0,False,False,False,-4.284619122093951,0.09682513359413968,0.333672003628133,0.999999999997836,histamine_blindspot,0.09682513359413968,0.24906688471870347,True,histamine_blindspot,0.09682513359413968,0.9232738634894522,0.9323647515728891,False,0.9973537708425986,0.999999993271446,0.9323647515728891,0.974278118356929,0.99990571183534,0.9232738634894522,,1.0,-4.000039583285908,1.0,False,histamine_blindspot,0.09682513359413968,False,False,,
ORN_VC1,26,-0.0,ACH,1.0,1.0,0.0,0.0,0.0,0.0,0.0,1.0,False,False,False,-4.285595835053424,0.09682513359413968,0.333672003628133,0.999999999997836,histamine_blindspot,0.09682513359413968,0.24906688471870347,True,histamine_blindspot,0.09682513359413968,0.9232738634894522,0.9323647515728891,False,0.9973537708425986,0.999999993271446,0.9323647515728891,0.974278118356929,0.99990571183534,0.9232738634894522,,1.0,-4.511794266868126,1.0,False,histamine_blindspot,0.09682513359413968,False,False,ACH,False
ORN_VC5,25,-0.0,ACH,1.0,1.0,0.0,0.0,0.0,0.0,0.0,1.0,False,False,False,-4.30990159549193,0.09682513359413968,0.333672003628133,0.999999999997836,histamine_blindspot,0.09682513359413968,0.24906688471870347,True,histamine_blindspot,0.09682513359413968,0.9232738634894522,0.9323647515728891,False,0.9973537708425986,0.999999993271446,0.9323647515728891,0.974278118356929,0.99990571183534,0.9232738634894522,,1.0,-4.469673296482072,1.0,False,histamine_blindspot,0.09682513359413968,False,False,ACH,False
FS4B,25,-0.0,ACH,1.0,1.0,0.0,0.0,0.0,0.0,0.0,1.0,False,False,False,-4.311834489337363,0.09682513359413968,0.333672003628133,0.999999999997836,histamine_blindspot,0.09682513359413968,0.24906688471870347,True,histamine_blindspot,0.09682513359413968,0.9232738634894522,0.9323647515728891,False,0.9973537708425986,0.999999993271446,0.9323647515728891,0.974278118356929,0.99990571183534,0.9232738634894522,,1.0,-4.469673296482072,1.0,False,histamine_blindspot,0.09682513359413968,False,False,,
PFL3,24,-0.0,ACH,1.0,1.0,0.0,0.0,0.0,0.0,0.0,1.0,False,False,False,-4.338878023911985,0.09682513359413968,0.333672003628133,0.999999999997836,histamine_blindspot,0.09682513359413968,0.24906688471870347,True,histamine_blindspot,0.09682513359413968,0.9232738634894522,0.9323647515728891,False,0.9973537708425986,0.999999993271446,0.9323647515728891,0.974278118356929,0.99990571183534,0.9232738634894522,,1.0,-4.353164856483041,1.0,False,histamine_blindspot,0.09682513359413968,False,False,,
MLt8,23,-0.0,ACH,1.0,1.0,0.0,0.0,0.0,0.0,0.0,1.0,False,False,False,-4.340361662030895,0.09682513359413968,0.333672003628133,0.999999999997836,histamine_blindspot,0.09682513359413968,0.24906688471870347,True,histamine_blindspot,0.09682513359413968,0.9232738634894522,0.9323647515728891,False,0.9973537708425986,0.999999993271446,0.9323647515728891,0.974278118356929,0.99990571183534,0.9232738634894522,,1.0,-4.256200310178775,1.0,False,histamine_blindspot,0.09682513359413968,False,False,,
LMt4,39,0.2918182565988858,GLUT,0.9487179487179488,0.0,0.05128205128205128,0.9487179487179487,0.0,0.0,0.0,1.0,False,False,False,-4.343557942200551,0.2594632702092464,0.9466428666647588,0.2779516656034361,histamine_blindspot,0.2594632702092464,0.24906688471870347,False,histamine_blindspot,0.2594632702092464,0.5054310119508028,0.9323647515728891,False,0.9973537708425986,0.999999993271446,0.9323647515728891,0.5054310119508028,0.9946621748667083,0.5054310119508028,,0.999950002499875,-4.205775482463682,1.0,False,histamine_blindspot,0.2594632702092464,False,False,,
FC2C,33,0.1959092708736049,ACH,0.9696969696969696,0.9696969696969697,0.0,0.0,0.0,0.030303030303030304,0.0,0.9696969696969697,False,False,False,-4.358897326307533,0.08860942986730709,0.2596594428063299,0.9999999999971146,histamine_blindspot,0.08860942986730709,0.24906688471870347,True,histamine_blindspot,0.08860942986730709,0.924060792059431,0.9323647515728891,False,0.9973537708425986,0.999999993271446,0.9323647515728891,0.9754044605139015,0.9998985312875411,0.924060792059431,,1.0,-4.258505512978495,1.0,False,histamine_blindspot,0.08860942986730709,False,False,,
ORN_VM5v,23,-0.0,ACH,1.0,1.0,0.0,0.0,0.0,0.0,0.0,1.0,False,False,False,-4.373270033260538,0.09682513359413968,0.333672003628133,0.999999999997836,histamine_blindspot,0.09682513359413968,0.24906688471870347,True,histamine_blindspot,0.09682513359413968,0.9232738634894522,0.9323647515728891,False,0.9973537708425986,0.999999993271446,0.9323647515728891,0.974278118356929,0.99990571183534,0.9232738634894522,,1.0,-4.256200310178775,1.0,False,histamine_blindspot,0.09682513359413968,False,False,ACH,False
CB1078,25,-0.0,ACH,1.0,1.0,0.0,0.0,0.0,0.0,0.0,1.0,False,False,False,-4.382875849445852,0.09682513359413968,0.333672003628133,0.999999999997836,histamine_blindspot,0.09682513359413968,0.24906688471870347,True,histamine_blindspot,0.09682513359413968,0.9232738634894522,0.9323647515728891,False,0.9973537708425986,0.999999993271446,0.9323647515728891,0.974278118356929,0.99990571183534,0.9232738634894522,,1.0,-4.469673296482072,1.0,False,histamine_blindspot,0.09682513359413968,False,False,,
FS4A,45,0.3067556640587811,ACH,0.9555555555555556,0.9555555555555556,0.0,0.022222222222222223,0.0,0.022222222222222223,0.0,0.9777777777777779,False,False,False,-4.384957854174794,0.050348363533552695,0.2809117012578186,0.9371490675491625,histamine_blindspot,0.050348363533552695,0.24906688471870347,True,histamine_blindspot,0.050348363533552695,0.9200717860394735,0.9323647515728891,False,0.9973537708425986,0.999999993271446,0.9323647515728891,0.9954708652965025,0.9999021808445129,0.9200717860394735,,0.999850007499625,-4.4838312393415345,1.0,False,histamine_blindspot,0.050348363533552695,False,False,,
PS008,24,-0.0,GLUT,1.0,0.0,0.0,1.0,0.0,0.0,0.0,1.0,False,False,False,-4.390046556736048,0.3598636401235531,0.9999999999971146,0.394627666205389,histamine_blindspot,0.3598636401235531,0.24906688471870347,False,histamine_blindspot,0.3598636401235531,0.5081609173902348,0.9323647515728891,False,0.9973537708425986,0.999999993271446,0.9323647515728891,0.5081609173902348,0.9743985799262538,0.5081609173902348,,1.0,-4.353164856483041,1.0,False,histamine_blindspot,0.3598636401235531,False,False,,
TuBu03,26,-0.0,ACH,1.0,1.0,0.0,0.0,0.0,0.0,0.0,1.0,False,False,False,-4.405175942028137,0.09682513359413968,0.333672003628133,0.999999999997836,histamine_blindspot,0.09682513359413968,0.24906688471870347,True,histamine_blindspot,0.09682513359413968,0.9232738634894522,0.9323647515728891,False,0.9973537708425986,0.999999993271446,0.9323647515728891,0.974278118356929,0.99990571183534,0.9232738634894522,,1.0,-4.511794266868126,1.0,False,histamine_blindspot,0.09682513359413968,False,False,ACH,False
SA_DLV,23,-0.0,ACH,1.0,1.0,0.0,0.0,0.0,0.0,0.0,1.0,False,False,False,-4.483694578881608,0.09682513359413968,0.333672003628133,0.999999999997836,histamine_blindspot,0.09682513359413968,0.24906688471870347,True,histamine_blindspot,0.09682513359413968,0.9232738634894522,0.9323647515728891,False,0.9973537708425986,0.999999993271446,0.9323647515728891,0.974278118356929,0.99990571183534,0.9232738634894522,,1.0,-4.256200310178775,1.0,False,histamine_blindspot,0.09682513359413968,False,False,,
s-CPDN3B,25,-0.0,GLUT,1.0,0.0,0.0,1.0,0.0,0.0,0.0,1.0,False,False,False,-4.483899939533125,0.3598636401235531,0.9999999999971146,0.394627666205389,histamine_blindspot,0.3598636401235531,0.24906688471870347,False,histamine_blindspot,0.3598636401235531,0.5081609173902348,0.9323647515728891,False,0.9973537708425986,0.999999993271446,0.9323647515728891,0.5081609173902348,0.9743985799262538,0.5081609173902348,,1.0,-4.469673296482072,1.0,False,histamine_blindspot,0.3598636401235531,False,False,,
TuBu09,34,0.1914332548141934,ACH,0.9705882352941176,0.9705882352941176,0.0,0.029411764705882353,0.0,0.0,0.0,1.0,False,False,False,-4.502619000653288,0.05251898659379606,0.34197957416838787,0.9225795895824247,histamine_blindspot,0.05251898659379606,0.24906688471870347,True,histamine_blindspot,0.05251898659379606,0.9159454781669207,0.9323647515728891,False,0.9973537708425986,0.999999993271446,0.9323647515728891,0.9948455455760126,0.9999124317767193,0.9159454781669207,,1.0,-4.379132856477916,1.0,False,histamine_blindspot,0.05251898659379606,False,False,,
PVLP133,25,-0.0,ACH,1.0,1.0,0.0,0.0,0.0,0.0,0.0,1.0,False,False,False,-4.503046743956952,0.09682513359413968,0.333672003628133,0.999999999997836,histamine_blindspot,0.09682513359413968,0.24906688471870347,True,histamine_blindspot,0.09682513359413968,0.9232738634894522,0.9323647515728891,False,0.9973537708425986,0.999999993271446,0.9323647515728891,0.974278118356929,0.99990571183534,0.9232738634894522,,1.0,-4.469673296482072,1.0,False,histamine_blindspot,0.09682513359413968,False,False,,
ORN_VM1,25,-0.0,ACH,1.0,1.0,0.0,0.0,0.0,0.0,0.0,1.0,False,False,False,-4.55010629357793,0.09682513359413968,0.333672003628133,0.999999999997836,histamine_blindspot,0.09682513359413968,0.24906688471870347,True,histamine_blindspot,0.09682513359413968,0.9232738634894522,0.9323647515728891,False,0.9973537708425986,0.999999993271446,0.9323647515728891,0.974278118356929,0.99990571183534,0.9232738634894522,,1.0,-4.469673296482072,1.0,False,histamine_blindspot,0.09682513359413968,False,False,ACH,False
CB2517,26,-0.0,GLUT,1.0,0.0,0.0,1.0,0.0,0.0,0.0,1.0,False,False,False,-4.597518477245868,0.3598636401235531,0.9999999999971146,0.394627666205389,histamine_blindspot,0.3598636401235531,0.24906688471870347,False,histamine_blindspot,0.3598636401235531,0.5081609173902348,0.9323647515728891,False,0.9973537708425986,0.999999993271446,0.9323647515728891,0.5081609173902348,0.9743985799262538,0.5081609173902348,,1.0,-4.511794266868126,1.0,False,histamine_blindspot,0.3598636401235531,False,False,,
SLP405,34,0.1914332548141934,ACH,0.9705882352941176,0.9705882352941176,0.0,0.0,0.0,0.029411764705882353,0.0,0.9705882352941176,False,False,False,-4.609966678049325,0.08849020274922949,0.2612189979770305,0.9999999999971145,histamine_blindspot,0.08849020274922949,0.24906688471870347,True,histamine_blindspot,0.08849020274922949,0.924060792059431,0.9323647515728891,False,0.9973537708425986,0.999999993271446,0.9323647515728891,0.9754044605139015,0.9998985312875411,0.924060792059431,,1.0,-4.379132856477916,1.0,False,histamine_blindspot,0.08849020274922949,False,False,,
ORN_VL2p,27,-0.0,ACH,1.0,1.0,0.0,0.0,0.0,0.0,0.0,1.0,False,False,False,-4.614020884556831,0.09682513359413968,0.333672003628133,0.999999999997836,histamine_blindspot,0.09682513359413968,0.24906688471870347,True,histamine_blindspot,0.09682513359413968,0.9232738634894522,0.9323647515728891,False,0.9973537708425986,0.999999993271446,0.9323647515728891,0.974278118356929,0.99990571183534,0.9232738634894522,,1.0,-4.640663149832997,1.0,False,histamine_blindspot,0.09682513359413968,False,False,ACH,False
PVLP008,29,-0.0,GLUT,1.0,0.0,0.0,1.0,0.0,0.0,0.0,1.0,False,False,False,-4.646533815292147,0.3598636401235531,0.9999999999971146,0.394627666205389,histamine_blindspot,0.3598636401235531,0.24906688471870347,False,histamine_blindspot,0.3598636401235531,0.5081609173902348,0.9323647515728891,False,0.9973537708425986,0.999999993271446,0.9323647515728891,0.5081609173902348,0.9743985799262538,0.5081609173902348,,1.0,-4.873176237775028,1.0,False,histamine_blindspot,0.3598636401235531,False,False,GLUT,False
ORN_VA3,29,-0.0,ACH,1.0,1.0,0.0,0.0,0.0,0.0,0.0,1.0,False,False,False,-4.669181721457089,0.09682513359413968,0.333672003628133,0.999999999997836,histamine_blindspot,0.09682513359413968,0.24906688471870347,True,histamine_blindspot,0.09682513359413968,0.9232738634894522,0.9323647515728891,False,0.9973537708425986,0.999999993271446,0.9323647515728891,0.974278118356929,0.99990571183534,0.9232738634894522,,1.0,-4.873176237775028,1.0,False,histamine_blindspot,0.09682513359413968,False,False,ACH,False
MTe05,25,-0.0,ACH,1.0,1.0,0.0,0.0,0.0,0.0,0.0,1.0,False,False,False,-4.675341940310271,0.09682513359413968,0.333672003628133,0.999999999997836,histamine_blindspot,0.09682513359413968,0.24906688471870347,True,histamine_blindspot,0.09682513359413968,0.9232738634894522,0.9323647515728891,False,0.9973537708425986,0.999999993271446,0.9323647515728891,0.974278118356929,0.99990571183534,0.9232738634894522,,1.0,-4.469673296482072,1.0,False,histamine_blindspot,0.09682513359413968,False,False,ACH,False
LT52,29,-0.0,GLUT,1.0,0.0,0.0,1.0,0.0,0.0,0.0,1.0,False,False,False,-4.712240666725847,0.3598636401235531,0.9999999999971146,0.394627666205389,histamine_blindspot,0.3598636401235531,0.24906688471870347,False,histamine_blindspot,0.3598636401235531,0.5081609173902348,0.9323647515728891,False,0.9973537708425986,0.999999993271446,0.9323647515728891,0.5081609173902348,0.9743985799262538,0.5081609173902348,,1.0,-4.873176237775028,1.0,False,histamine_blindspot,0.3598636401235531,False,False,,
HRN_VP4,29,-0.0,ACH,1.0,1.0,0.0,0.0,0.0,0.0,0.0,1.0,False,False,False,-4.742609711441528,0.09682513359413968,0.333672003628133,0.999999999997836,histamine_blindspot,0.09682513359413968,0.24906688471870347,True,histamine_blindspot,0.09682513359413968,0.9232738634894522,0.9323647515728891,False,0.9973537708425986,0.999999993271446,0.9323647515728891,0.974278118356929,0.99990571183534,0.9232738634894522,,1.0,-4.873176237775028,1.0,False,histamine_blindspot,0.09682513359413968,False,False,,
ORN_VM6v,26,-0.0,ACH,1.0,1.0,0.0,0.0,0.0,0.0,0.0,1.0,False,False,False,-4.779542169535198,0.09682513359413968,0.333672003628133,0.999999999997836,histamine_blindspot,0.09682513359413968,0.24906688471870347,True,histamine_blindspot,0.09682513359413968,0.9232738634894522,0.9323647515728891,False,0.9973537708425986,0.999999993271446,0.9323647515728891,0.974278118356929,0.99990571183534,0.9232738634894522,,1.0,-4.511794266868126,1.0,False,histamine_blindspot,0.09682513359413968,False,False,ACH,False
ORN_VM7v,26,-0.0,ACH,1.0,1.0,0.0,0.0,0.0,0.0,0.0,1.0,False,False,False,-4.79722149666701,0.09682513359413968,0.333672003628133,0.999999999997836,histamine_blindspot,0.09682513359413968,0.24906688471870347,True,histamine_blindspot,0.09682513359413968,0.9232738634894522,0.9323647515728891,False,0.9973537708425986,0.999999993271446,0.9323647515728891,0.974278118356929,0.99990571183534,0.9232738634894522,,1.0,-4.511794266868126,1.0,False,histamine_blindspot,0.09682513359413968,False,False,ACH,False
AN_AVLP_53,27,-0.0,ACH,1.0,1.0,0.0,0.0,0.0,0.0,0.0,1.0,False,False,False,-4.812605466624191,0.09682513359413968,0.333672003628133,0.999999999997836,histamine_blindspot,0.09682513359413968,0.24906688471870347,True,histamine_blindspot,0.09682513359413968,0.9232738634894522,0.9323647515728891,False,0.9973537708425986,0.999999993271446,0.9323647515728891,0.974278118356929,0.99990571183534,0.9232738634894522,,1.0,-4.640663149832997,1.0,False,histamine_blindspot,0.09682513359413968,False,False,,
LC14a1,30,-0.0,ACH,1.0,1.0,0.0,0.0,0.0,0.0,0.0,1.0,False,False,False,-4.883068199178666,0.09682513359413968,0.333672003628133,0.999999999997836,histamine_blindspot,0.09682513359413968,0.24906688471870347,True,histamine_blindspot,0.09682513359413968,0.9232738634894522,0.9323647515728891,False,0.9973537708425986,0.999999993271446,0.9323647515728891,0.974278118356929,0.99990571183534,0.9232738634894522,,1.0,-4.937707999708957,1.0,False,histamine_blindspot,0.09682513359413968,False,False,,
LC33,29,-0.0,GLUT,1.0,0.0,0.0,1.0,0.0,0.0,0.0,1.0,False,False,False,-4.887469723161499,0.3598636401235531,0.9999999999971146,0.394627666205389,histamine_blindspot,0.3598636401235531,0.24906688471870347,False,histamine_blindspot,0.3598636401235531,0.5081609173902348,0.9323647515728891,False,0.9973537708425986,0.999999993271446,0.9323647515728891,0.5081609173902348,0.9743985799262538,0.5081609173902348,,1.0,-4.873176237775028,1.0,False,histamine_blindspot,0.3598636401235531,False,False,,
FC1D,29,-0.0,ACH,1.0,1.0,0.0,0.0,0.0,0.0,0.0,1.0,False,False,False,-4.905348119855226,0.09682513359413968,0.333672003628133,0.999999999997836,histamine_blindspot,0.09682513359413968,0.24906688471870347,True,histamine_blindspot,0.09682513359413968,0.9232738634894522,0.9323647515728891,False,0.9973537708425986,0.999999993271446,0.9323647515728891,0.974278118356929,0.99990571183534,0.9232738634894522,,1.0,-4.873176237775028,1.0,False,histamine_blindspot,0.09682513359413968,False,False,ACH,False
LC24,73,0.409855370318405,ACH,0.9178082191780822,0.9178082191780822,0.0,0.0821917808219178,0.0,0.0,0.0,1.0,False,False,False,-4.906992097137032,0.026048216668301,0.35742280370566026,0.8410025343915393,histamine_blindspot,0.026048216668301,0.24906688471870347,True,histamine_blindspot,0.026048216668301,0.074594901996617,0.9323647515728891,False,0.9973537708425986,0.999999993271446,0.9323647515728891,0.9948455455760126,0.9999124317767193,0.074594901996617,,0.999950002499875,-5.109234196998799,1.0,False,histamine_blindspot,0.026048216668301,False,False,,
PAM06,30,-0.0,DA,1.0,0.0,0.0,0.0,1.0,0.0,0.0,0.0,False,False,False,-4.916026423342517,0.9723068617741457,0.9999999999971146,0.999999999997836,histamine_blindspot,0.9723068617741457,0.24906688471870347,False,histamine_blindspot,0.9723068617741457,0.09110731376193937,0.9323647515728891,False,0.9973537708425986,0.999999993271446,0.9323647515728891,0.43385816206281147,0.36542084334108693,0.09110731376193937,,1.0,-4.937707999708957,1.0,False,histamine_blindspot,0.9723068617741457,False,False,DA,False
s-CPDN3C,32,-0.0,GLUT,1.0,0.0,0.0,1.0,0.0,0.0,0.0,1.0,False,False,False,-4.93206312846133,0.3598636401235531,0.9999999999971146,0.394627666205389,histamine_blindspot,0.3598636401235531,0.24906688471870347,False,histamine_blindspot,0.3598636401235531,0.5081609173902348,0.9323647515728891,False,0.9973537708425986,0.999999993271446,0.9323647515728891,0.5081609173902348,0.9743985799262538,0.5081609173902348,,1.0,-5.121787425667026,1.0,False,histamine_blindspot,0.3598636401235531,False,False,,
IbSpsP,30,-0.0,ACH,1.0,1.0,0.0,0.0,0.0,0.0,0.0,1.0,False,False,False,-4.964094326880881,0.09682513359413968,0.333672003628133,0.999999999997836,histamine_blindspot,0.09682513359413968,0.24906688471870347,True,histamine_blindspot,0.09682513359413968,0.9232738634894522,0.9323647515728891,False,0.9973537708425986,0.999999993271446,0.9323647515728891,0.974278118356929,0.99990571183534,0.9232738634894522,,1.0,-4.937707999708957,1.0,False,histamine_blindspot,0.09682513359413968,False,False,ACH,False
PAM01,28,-0.0,DA,1.0,0.0,0.0,0.0,1.0,0.0,0.0,0.0,False,False,False,-4.985614038817295,0.9723068617741457,0.9999999999971146,0.999999999997836,histamine_blindspot,0.9723068617741457,0.24906688471870347,False,histamine_blindspot,0.9723068617741457,0.09110731376193937,0.9323647515728891,False,0.9973537708425986,0.999999993271446,0.9323647515728891,0.43385816206281147,0.36542084334108693,0.09110731376193937,,1.0,-4.738276240775351,1.0,False,histamine_blindspot,0.9723068617741457,False,False,DA,False
ORN_DM4,29,-0.0,ACH,1.0,1.0,0.0,0.0,0.0,0.0,0.0,1.0,False,False,False,-4.987519145689278,0.09682513359413968,0.333672003628133,0.999999999997836,histamine_blindspot,0.09682513359413968,0.24906688471870347,True,histamine_blindspot,0.09682513359413968,0.9232738634894522,0.9323647515728891,False,0.9973537708425986,0.999999993271446,0.9323647515728891,0.974278118356929,0.99990571183534,0.9232738634894522,,1.0,-4.873176237775028,1.0,False,histamine_blindspot,0.09682513359413968,False,False,ACH,False
ORN_VM7d,33,-0.0,ACH,1.0,1.0,0.0,0.0,0.0,0.0,0.0,1.0,False,False,False,-5.0325343160326605,0.09682513359413968,0.333672003628133,0.999999999997836,histamine_blindspot,0.09682513359413968,0.24906688471870347,True,histamine_blindspot,0.09682513359413968,0.9232738634894522,0.9323647515728891,False,0.9973537708425986,0.999999993271446,0.9323647515728891,0.974278118356929,0.99990571183534,0.9232738634894522,,1.0,-5.157259110645131,1.0,False,histamine_blindspot,0.09682513359413968,False,False,ACH,False
PVLP004,29,-0.0,GLUT,1.0,0.0,0.0,1.0,0.0,0.0,0.0,1.0,False,False,False,-5.047642168299287,0.3598636401235531,0.9999999999971146,0.394627666205389,histamine_blindspot,0.3598636401235531,0.24906688471870347,False,histamine_blindspot,0.3598636401235531,0.5081609173902348,0.9323647515728891,False,0.9973537708425986,0.999999993271446,0.9323647515728891,0.5081609173902348,0.9743985799262538,0.5081609173902348,,1.0,-4.873176237775028,1.0,False,histamine_blindspot,0.3598636401235531,False,False,,
LHPV5c1,29,-0.0,ACH,1.0,1.0,0.0,0.0,0.0,0.0,0.0,1.0,False,False,False,-5.048686027969493,0.09682513359413968,0.333672003628133,0.999999999997836,histamine_blindspot,0.09682513359413968,0.24906688471870347,True,histamine_blindspot,0.09682513359413968,0.9232738634894522,0.9323647515728891,False,0.9973537708425986,0.999999993271446,0.9323647515728891,0.974278118356929,0.99990571183534,0.9232738634894522,,1.0,-4.873176237775028,1.0,False,histamine_blindspot,0.09682513359413968,False,False,ACH,False
ORN_VC3,31,-0.0,ACH,1.0,1.0,0.0,0.0,0.0,0.0,0.0,1.0,False,False,False,-5.057505253497243,0.09682513359413968,0.333672003628133,0.999999999997836,histamine_blindspot,0.09682513359413968,0.24906688471870347,True,histamine_blindspot,0.09682513359413968,0.9232738634894522,0.9323647515728891,False,0.9973537708425986,0.999999993271446,0.9323647515728891,0.974278118356929,0.99990571183534,0.9232738634894522,,1.0,-5.0614619346539484,1.0,False,histamine_blindspot,0.09682513359413968,False,False,ACH,False
ORN_VA4,31,-0.0,ACH,1.0,1.0,0.0,0.0,0.0,0.0,0.0,1.0,False,False,False,-5.091877011658093,0.09682513359413968,0.333672003628133,0.999999999997836,histamine_blindspot,0.09682513359413968,0.24906688471870347,True,histamine_blindspot,0.09682513359413968,0.9232738634894522,0.9323647515728891,False,0.9973537708425986,0.999999993271446,0.9323647515728891,0.974278118356929,0.99990571183534,0.9232738634894522,,1.0,-5.0614619346539484,1.0,False,histamine_blindspot,0.09682513359413968,False,False,ACH,False
AN_GNG_165,33,-0.0,ACH,1.0,1.0,0.0,0.0,0.0,0.0,0.0,1.0,False,False,False,-5.1743408652121605,0.09682513359413968,0.333672003628133,0.999999999997836,histamine_blindspot,0.09682513359413968,0.24906688471870347,True,histamine_blindspot,0.09682513359413968,0.9232738634894522,0.9323647515728891,False,0.9973537708425986,0.999999993271446,0.9323647515728891,0.974278118356929,0.99990571183534,0.9232738634894522,,1.0,-5.157259110645131,1.0,False,histamine_blindspot,0.09682513359413968,False,False,,
ORN_DP1m,32,-0.0,ACH,1.0,1.0,0.0,0.0,0.0,0.0,0.0,1.0,False,False,False,-5.181744907803082,0.09682513359413968,0.333672003628133,0.999999999997836,histamine_blindspot,0.09682513359413968,0.24906688471870347,True,histamine_blindspot,0.09682513359413968,0.9232738634894522,0.9323647515728891,False,0.9973537708425986,0.999999993271446,0.9323647515728891,0.974278118356929,0.99990571183534,0.9232738634894522,,1.0,-5.121787425667026,1.0,False,histamine_blindspot,0.09682513359413968,False,False,ACH,False
vDeltaL,41,0.1654270339962668,ACH,0.975609756097561,0.975609756097561,0.0,0.0,0.0,0.024390243902439025,0.0,0.975609756097561,False,False,False,-5.185069067206164,0.08796232480025468,0.2703707837699887,0.9999999999971145,histamine_blindspot,0.08796232480025468,0.24906688471870347,True,histamine_blindspot,0.08796232480025468,0.924060792059431,0.9323647515728891,False,0.9973537708425986,0.999999993271446,0.9323647515728891,0.9754044605139015,0.9998985312875411,0.924060792059431,,1.0,-5.056706393825222,1.0,False,histamine_blindspot,0.08796232480025468,False,False,,
ORN_D,31,-0.0,ACH,1.0,1.0,0.0,0.0,0.0,0.0,0.0,1.0,False,False,False,-5.186547653233844,0.09682513359413968,0.333672003628133,0.999999999997836,histamine_blindspot,0.09682513359413968,0.24906688471870347,True,histamine_blindspot,0.09682513359413968,0.9232738634894522,0.9323647515728891,False,0.9973537708425986,0.999999993271446,0.9323647515728891,0.974278118356929,0.99990571183534,0.9232738634894522,,1.0,-5.0614619346539484,1.0,False,histamine_blindspot,0.09682513359413968,False,False,ACH,False
s-CPDN3A,35,-0.0,GLUT,1.0,0.0,0.0,1.0,0.0,0.0,0.0,1.0,False,False,False,-5.203697420419099,0.3598636401235531,0.9999999999971146,0.394627666205389,histamine_blindspot,0.3598636401235531,0.24906688471870347,False,histamine_blindspot,0.3598636401235531,0.5081609173902348,0.9323647515728891,False,0.9973537708425986,0.999999993271446,0.9323647515728891,0.5081609173902348,0.9743985799262538,0.5081609173902348,,1.0,-5.341625670053437,1.0,False,histamine_blindspot,0.3598636401235531,False,False,,
MeTu4d,33,-0.0,ACH,1.0,1.0,0.0,0.0,0.0,0.0,0.0,1.0,False,False,False,-5.22719073459554,0.09682513359413968,0.333672003628133,0.999999999997836,histamine_blindspot,0.09682513359413968,0.24906688471870347,True,histamine_blindspot,0.09682513359413968,0.9232738634894522,0.9323647515728891,False,0.9973537708425986,0.999999993271446,0.9323647515728891,0.974278118356929,0.99990571183534,0.9232738634894522,,1.0,-5.157259110645131,1.0,False,histamine_blindspot,0.09682513359413968,False,False,,
LMt3,33,-0.0,GLUT,1.0,0.0,0.0,1.0,0.0,0.0,0.0,1.0,False,False,False,-5.231558721556601,0.3598636401235531,0.9999999999971146,0.394627666205389,histamine_blindspot,0.3598636401235531,0.24906688471870347,False,histamine_blindspot,0.3598636401235531,0.5081609173902348,0.9323647515728891,False,0.9973537708425986,0.999999993271446,0.9323647515728891,0.5081609173902348,0.9743985799262538,0.5081609173902348,,1.0,-5.157259110645131,1.0,False,histamine_blindspot,0.3598636401235531,False,False,,
TPMN1,48,0.1460942501201363,ACH,0.9791666666666666,0.9791666666666666,0.0,0.020833333333333332,0.0,0.0,0.0,1.0,False,False,False,-5.278065441255887,0.06062745179124132,0.3395352614157126,0.9401324719657811,histamine_blindspot,0.06062745179124132,0.24906688471870347,True,histamine_blindspot,0.06062745179124132,0.9176126262238467,0.9323647515728891,False,0.9973537708425986,0.999999993271446,0.9323647515728891,0.9948455455760126,0.9999124317767193,0.9176126262238467,,1.0,-5.562326281043128,1.0,False,histamine_blindspot,0.06062745179124132,False,False,,
ORN_DC3,32,-0.0,ACH,1.0,1.0,0.0,0.0,0.0,0.0,0.0,1.0,False,False,False,-5.289051116196946,0.09682513359413968,0.333672003628133,0.999999999997836,histamine_blindspot,0.09682513359413968,0.24906688471870347,True,histamine_blindspot,0.09682513359413968,0.9232738634894522,0.9323647515728891,False,0.9973537708425986,0.999999993271446,0.9323647515728891,0.974278118356929,0.99990571183534,0.9232738634894522,,1.0,-5.121787425667026,1.0,False,histamine_blindspot,0.09682513359413968,False,False,ACH,False
FS3,51,0.2779001976255111,ACH,0.9607843137254902,0.9607843137254902,0.0,0.0196078431372549,0.0,0.0196078431372549,0.0,0.9803921568627452,False,False,False,-5.297931000596535,0.05299675756756572,0.2853616348834652,0.9428175091076874,histamine_blindspot,0.05299675756756572,0.24906688471870347,True,histamine_blindspot,0.05299675756756572,0.9200717860394735,0.9323647515728891,False,0.9973537708425986,0.999999993271446,0.9323647515728891,0.9954708652965025,0.9999021808445129,0.9200717860394735,,1.0,-4.972996068882717,1.0,False,histamine_blindspot,0.05299675756756572,False,False,,
LC27,37,-0.0,ACH,1.0,1.0,0.0,0.0,0.0,0.0,0.0,1.0,False,False,False,-5.306622164011353,0.09682513359413968,0.333672003628133,0.999999999997836,histamine_blindspot,0.09682513359413968,0.24906688471870347,True,histamine_blindspot,0.09682513359413968,0.9232738634894522,0.9323647515728891,False,0.9973537708425986,0.999999993271446,0.9323647515728891,0.974278118356929,0.99990571183534,0.9232738634894522,,1.0,-5.515660757649952,1.0,False,histamine_blindspot,0.09682513359413968,False,False,,
LCe03,37,-0.0,GLUT,1.0,0.0,0.0,1.0,0.0,0.0,0.0,1.0,False,False,False,-5.307911986125194,0.3598636401235531,0.9999999999971146,0.394627666205389,histamine_blindspot,0.3598636401235531,0.24906688471870347,False,histamine_blindspot,0.3598636401235531,0.5081609173902348,0.9323647515728891,False,0.9973537708425986,0.999999993271446,0.9323647515728891,0.5081609173902348,0.9743985799262538,0.5081609173902348,,1.0,-5.515660757649952,1.0,False,histamine_blindspot,0.3598636401235531,False,False,,
LC20b,45,0.1537421803287618,GLUT,0.9777777777777776,0.022222222222222223,0.0,0.9777777777777777,0.0,0.0,0.0,1.0,False,False,False,-5.309280962347402,0.3184495225283417,0.9346054283747671,0.40008802139965327,histamine_blindspot,0.3184495225283417,0.24906688471870347,False,histamine_blindspot,0.3184495225283417,0.5054310119508028,0.9323647515728891,False,0.9973537708425986,0.999999993271446,0.9323647515728891,0.5081609173902348,0.9999999892625777,0.5054310119508028,,1.0,-5.305493194418123,1.0,False,histamine_blindspot,0.3184495225283417,False,False,GLUT,False
FS2,33,-0.0,ACH,1.0,1.0,0.0,0.0,0.0,0.0,0.0,1.0,False,False,False,-5.324596941990515,0.09682513359413968,0.333672003628133,0.999999999997836,histamine_blindspot,0.09682513359413968,0.24906688471870347,True,histamine_blindspot,0.09682513359413968,0.9232738634894522,0.9323647515728891,False,0.9973537708425986,0.999999993271446,0.9323647515728891,0.974278118356929,0.99990571183534,0.9232738634894522,,1.0,-5.157259110645131,1.0,False,histamine_blindspot,0.09682513359413968,False,False,,
s-CPDN3D,37,-0.0,GLUT,1.0,0.0,0.0,1.0,0.0,0.0,0.0,1.0,False,False,False,-5.386648006255278,0.3598636401235531,0.9999999999971146,0.394627666205389,histamine_blindspot,0.3598636401235531,0.24906688471870347,False,histamine_blindspot,0.3598636401235531,0.5081609173902348,0.9323647515728891,False,0.9973537708425986,0.999999993271446,0.9323647515728891,0.5081609173902348,0.9743985799262538,0.5081609173902348,,1.0,-5.515660757649952,1.0,False,histamine_blindspot,0.3598636401235531,False,False,,
FC1A,36,-0.0,ACH,1.0,1.0,0.0,0.0,0.0,0.0,0.0,1.0,False,False,False,-5.425150024403022,0.09682513359413968,0.333672003628133,0.999999999997836,histamine_blindspot,0.09682513359413968,0.24906688471870347,True,histamine_blindspot,0.09682513359413968,0.9232738634894522,0.9323647515728891,False,0.9973537708425986,0.999999993271446,0.9323647515728891,0.974278118356929,0.99990571183534,0.9232738634894522,,1.0,-5.4072380465884935,1.0,False,histamine_blindspot,0.09682513359413968,False,False,,
LC20a,37,-0.0,ACH,1.0,1.0,0.0,0.0,0.0,0.0,0.0,1.0,False,False,False,-5.426299417839621,0.09682513359413968,0.333672003628133,0.999999999997836,histamine_blindspot,0.09682513359413968,0.24906688471870347,True,histamine_blindspot,0.09682513359413968,0.9232738634894522,0.9323647515728891,False,0.9973537708425986,0.999999993271446,0.9323647515728891,0.974278118356929,0.99990571183534,0.9232738634894522,,1.0,-5.515660757649952,1.0,False,histamine_blindspot,0.09682513359413968,False,False,,
LC31a,35,-0.0,ACH,1.0,1.0,0.0,0.0,0.0,0.0,0.0,1.0,False,False,False,-5.454049062264625,0.09682513359413968,0.333672003628133,0.999999999997836,histamine_blindspot,0.09682513359413968,0.24906688471870347,True,histamine_blindspot,0.09682513359413968,0.9232738634894522,0.9323647515728891,False,0.9973537708425986,0.999999993271446,0.9323647515728891,0.974278118356929,0.99990571183534,0.9232738634894522,,1.0,-5.341625670053437,1.0,False,histamine_blindspot,0.09682513359413968,False,False,,
LC36,35,-0.0,ACH,1.0,1.0,0.0,0.0,0.0,0.0,0.0,1.0,False,False,False,-5.459209974736036,0.09682513359413968,0.333672003628133,0.999999999997836,histamine_blindspot,0.09682513359413968,0.24906688471870347,True,histamine_blindspot,0.09682513359413968,0.9232738634894522,0.9323647515728891,False,0.9973537708425986,0.999999993271446,0.9323647515728891,0.974278118356929,0.99990571183534,0.9232738634894522,,1.0,-5.341625670053437,1.0,False,histamine_blindspot,0.09682513359413968,False,False,,
FS1A,36,-0.0,ACH,1.0,1.0,0.0,0.0,0.0,0.0,0.0,1.0,False,False,False,-5.459912103575453,0.09682513359413968,0.333672003628133,0.999999999997836,histamine_blindspot,0.09682513359413968,0.24906688471870347,True,histamine_blindspot,0.09682513359413968,0.9232738634894522,0.9323647515728891,False,0.9973537708425986,0.999999993271446,0.9323647515728891,0.974278118356929,0.99990571183534,0.9232738634894522,,1.0,-5.4072380465884935,1.0,False,histamine_blindspot,0.09682513359413968,False,False,,
PFNd,39,-0.0,ACH,1.0,1.0,0.0,0.0,0.0,0.0,0.0,1.0,False,False,False,-5.471142275058399,0.09682513359413968,0.333672003628133,0.999999999997836,histamine_blindspot,0.09682513359413968,0.24906688471870347,True,histamine_blindspot,0.09682513359413968,0.9232738634894522,0.9323647515728891,False,0.9973537708425986,0.999999993271446,0.9323647515728891,0.974278118356929,0.99990571183534,0.9232738634894522,,1.0,-5.660005411734255,1.0,False,histamine_blindspot,0.09682513359413968,False,False,ACH,False
LC40,37,-0.0,ACH,1.0,1.0,0.0,0.0,0.0,0.0,0.0,1.0,False,False,False,-5.500990430119188,0.09682513359413968,0.333672003628133,0.999999999997836,histamine_blindspot,0.09682513359413968,0.24906688471870347,True,histamine_blindspot,0.09682513359413968,0.9232738634894522,0.9323647515728891,False,0.9973537708425986,0.999999993271446,0.9323647515728891,0.974278118356929,0.99990571183534,0.9232738634894522,,1.0,-5.515660757649952,1.0,False,histamine_blindspot,0.09682513359413968,False,False,ACH,False
Delta7,40,-0.0,GLUT,1.0,0.0,0.0,1.0,0.0,0.0,0.0,1.0,False,False,False,-5.501463394523896,0.3598636401235531,0.9999999999971146,0.394627666205389,histamine_blindspot,0.3598636401235531,0.24906688471870347,False,histamine_blindspot,0.3598636401235531,0.5081609173902348,0.9323647515728891,False,0.9973537708425986,0.999999993271446,0.9323647515728891,0.5081609173902348,0.9743985799262538,0.5081609173902348,,1.0,-5.791370413422516,1.0,False,histamine_blindspot,0.3598636401235531,False,False,"GLUT,SER",False
BM_Vib,36,-0.0,ACH,1.0,1.0,0.0,0.0,0.0,0.0,0.0,1.0,False,False,False,-5.505422570065814,0.09682513359413968,0.333672003628133,0.999999999997836,histamine_blindspot,0.09682513359413968,0.24906688471870347,True,histamine_blindspot,0.09682513359413968,0.9232738634894522,0.9323647515728891,False,0.9973537708425986,0.999999993271446,0.9323647515728891,0.974278118356929,0.99990571183534,0.9232738634894522,,1.0,-5.4072380465884935,1.0,False,histamine_blindspot,0.09682513359413968,False,False,,
LPTe01,38,-0.0,ACH,1.0,1.0,0.0,0.0,0.0,0.0,0.0,1.0,False,False,False,-5.576862596077469,0.09682513359413968,0.333672003628133,0.999999999997836,histamine_blindspot,0.09682513359413968,0.24906688471870347,True,histamine_blindspot,0.09682513359413968,0.9232738634894522,0.9323647515728891,False,0.9973537708425986,0.999999993271446,0.9323647515728891,0.974278118356929,0.99990571183534,0.9232738634894522,,1.0,-5.611110610520804,1.0,False,histamine_blindspot,0.09682513359413968,False,False,,
FC1C,37,-0.0,ACH,1.0,1.0,0.0,0.0,0.0,0.0,0.0,1.0,False,False,False,-5.5925573994462985,0.09682513359413968,0.333672003628133,0.999999999997836,histamine_blindspot,0.09682513359413968,0.24906688471870347,True,histamine_blindspot,0.09682513359413968,0.9232738634894522,0.9323647515728891,False,0.9973537708425986,0.999999993271446,0.9323647515728891,0.974278118356929,0.99990571183534,0.9232738634894522,,1.0,-5.515660757649952,1.0,False,histamine_blindspot,0.09682513359413968,False,False,ACH,False
LCe04,37,-0.0,ACH,1.0,1.0,0.0,0.0,0.0,0.0,0.0,1.0,False,False,False,-5.624255331210043,0.09682513359413968,0.333672003628133,0.999999999997836,histamine_blindspot,0.09682513359413968,0.24906688471870347,True,histamine_blindspot,0.09682513359413968,0.9232738634894522,0.9323647515728891,False,0.9973537708425986,0.999999993271446,0.9323647515728891,0.974278118356929,0.99990571183534,0.9232738634894522,,1.0,-5.515660757649952,1.0,False,histamine_blindspot,0.09682513359413968,False,False,,
JO-EDM,37,-0.0,ACH,1.0,1.0,0.0,0.0,0.0,0.0,0.0,1.0,False,False,False,-5.639444582316902,0.09682513359413968,0.333672003628133,0.999999999997836,histamine_blindspot,0.09682513359413968,0.24906688471870347,True,histamine_blindspot,0.09682513359413968,0.9232738634894522,0.9323647515728891,False,0.9973537708425986,0.999999993271446,0.9323647515728891,0.974278118356929,0.99990571183534,0.9232738634894522,,1.0,-5.515660757649952,1.0,False,histamine_blindspot,0.09682513359413968,False,False,,
LC14b,38,-0.0,ACH,1.0,1.0,0.0,0.0,0.0,0.0,0.0,1.0,False,False,False,-5.66630337617682,0.09682513359413968,0.333672003628133,0.999999999997836,histamine_blindspot,0.09682513359413968,0.24906688471870347,True,histamine_blindspot,0.09682513359413968,0.9232738634894522,0.9323647515728891,False,0.9973537708425986,0.999999993271446,0.9323647515728891,0.974278118356929,0.99990571183534,0.9232738634894522,,1.0,-5.611110610520804,1.0,False,histamine_blindspot,0.09682513359413968,False,False,,
Sm21,41,-0.0,ACH,1.0,1.0,0.0,0.0,0.0,0.0,0.0,1.0,False,False,False,-5.683749807191054,0.09682513359413968,0.333672003628133,0.999999999997836,histamine_blindspot,0.09682513359413968,0.24906688471870347,True,histamine_blindspot,0.09682513359413968,0.9232738634894522,0.9323647515728891,False,0.9973537708425986,0.999999993271446,0.9323647515728891,0.974278118356929,0.99990571183534,0.9232738634894522,,1.0,-5.916828925634585,1.0,False,histamine_blindspot,0.09682513359413968,False,False,,
BM_vOcci_vPoOr,39,-0.0,ACH,1.0,1.0,0.0,0.0,0.0,0.0,0.0,1.0,False,False,False,-5.687110715156491,0.09682513359413968,0.333672003628133,0.999999999997836,histamine_blindspot,0.09682513359413968,0.24906688471870347,True,histamine_blindspot,0.09682513359413968,0.9232738634894522,0.9323647515728891,False,0.9973537708425986,0.999999993271446,0.9323647515728891,0.974278118356929,0.99990571183534,0.9232738634894522,,1.0,-5.660005411734255,1.0,False,histamine_blindspot,0.09682513359413968,False,False,,
LCe01b,38,-0.0,GLUT,1.0,0.0,0.0,1.0,0.0,0.0,0.0,1.0,False,False,False,-5.726562441667364,0.3598636401235531,0.9999999999971146,0.394627666205389,histamine_blindspot,0.3598636401235531,0.24906688471870347,False,histamine_blindspot,0.3598636401235531,0.5081609173902348,0.9323647515728891,False,0.9973537708425986,0.999999993271446,0.9323647515728891,0.5081609173902348,0.9743985799262538,0.5081609173902348,,1.0,-5.611110610520804,1.0,False,histamine_blindspot,0.3598636401235531,False,False,,
MeTu3a,40,-0.0,ACH,1.0,1.0,0.0,0.0,0.0,0.0,0.0,1.0,False,False,False,-5.738040107222758,0.09682513359413968,0.333672003628133,0.999999999997836,histamine_blindspot,0.09682513359413968,0.24906688471870347,True,histamine_blindspot,0.09682513359413968,0.9232738634894522,0.9323647515728891,False,0.9973537708425986,0.999999993271446,0.9323647515728891,0.974278118356929,0.99990571183534,0.9232738634894522,,1.0,-5.791370413422516,1.0,False,histamine_blindspot,0.09682513359413968,False,False,,
ORN_DL5,40,-0.0,ACH,1.0,1.0,0.0,0.0,0.0,0.0,0.0,1.0,False,False,False,-5.7494612542365,0.09682513359413968,0.333672003628133,0.999999999997836,histamine_blindspot,0.09682513359413968,0.24906688471870347,True,histamine_blindspot,0.09682513359413968,0.9232738634894522,0.9323647515728891,False,0.9973537708425986,0.999999993271446,0.9323647515728891,0.974278118356929,0.99990571183534,0.9232738634894522,,1.0,-5.791370413422516,1.0,False,histamine_blindspot,0.09682513359413968,False,False,ACH,False
vDeltaK,39,-0.0,ACH,1.0,1.0,0.0,0.0,0.0,0.0,0.0,1.0,False,False,False,-5.759506233660575,0.09682513359413968,0.333672003628133,0.999999999997836,histamine_blindspot,0.09682513359413968,0.24906688471870347,True,histamine_blindspot,0.09682513359413968,0.9232738634894522,0.9323647515728891,False,0.9973537708425986,0.999999993271446,0.9323647515728891,0.974278118356929,0.99990571183534,0.9232738634894522,,1.0,-5.660005411734255,1.0,False,histamine_blindspot,0.09682513359413968,False,False,ACH,False
LC29,43,-0.0,ACH,1.0,1.0,0.0,0.0,0.0,0.0,0.0,1.0,False,False,False,-5.807245732942669,0.09682513359413968,0.333672003628133,0.999999999997836,histamine_blindspot,0.09682513359413968,0.24906688471870347,True,histamine_blindspot,0.09682513359413968,0.9232738634894522,0.9323647515728891,False,0.9973537708425986,0.999999993271446,0.9323647515728891,0.974278118356929,0.99990571183534,0.9232738634894522,,1.0,-6.021850832659015,1.0,False,histamine_blindspot,0.09682513359413968,False,False,,
BM_Ant,40,-0.0,ACH,1.0,1.0,0.0,0.0,0.0,0.0,0.0,1.0,False,False,False,-5.813020989728753,0.09682513359413968,0.333672003628133,0.999999999997836,histamine_blindspot,0.09682513359413968,0.24906688471870347,True,histamine_blindspot,0.09682513359413968,0.9232738634894522,0.9323647515728891,False,0.9973537708425986,0.999999993271446,0.9323647515728891,0.974278118356929,0.99990571183534,0.9232738634894522,,1.0,-5.791370413422516,1.0,False,histamine_blindspot,0.09682513359413968,False,False,,
vDeltaA_a,52,0.1370994788998177,ACH,0.9807692307692308,0.9807692307692307,0.0,0.0,0.019230769230769232,0.0,0.0,0.9807692307692307,False,False,False,-5.819829382013772,0.1051876878233723,0.3390805947401511,0.9999999999971145,histamine_blindspot,0.1051876878233723,0.24906688471870347,True,histamine_blindspot,0.1051876878233723,0.9232738634894522,0.9323647515728891,False,0.9973537708425986,0.999999993271446,0.9323647515728891,0.9826770151705397,0.99990571183534,0.9232738634894522,,1.0,-5.860739955956041,1.0,False,histamine_blindspot,0.1051876878233723,False,False,ACH,False
claw_tpGRN,53,0.1350362028021276,ACH,0.981132075471698,0.9811320754716981,0.0,0.0,0.0,0.018867924528301886,0.0,0.9811320754716981,False,False,False,-5.829956006212189,0.08774057482071923,0.28127397402939425,0.9999999999971145,histamine_blindspot,0.08774057482071923,0.24906688471870347,True,histamine_blindspot,0.08774057482071923,0.924060792059431,0.9323647515728891,False,0.9973537708425986,0.999999993271446,0.9323647515728891,0.9754044605139015,0.9998985312875411,0.924060792059431,,1.0,-5.890569236234196,1.0,False,histamine_blindspot,0.08774057482071923,False,False,,
LCe02,52,0.1370994788998177,ACH,0.9807692307692308,0.9807692307692307,0.0,0.019230769230769232,0.0,0.0,0.0,1.0,False,False,False,-5.881255392926526,0.062366465647150524,0.3390805947401511,0.9436541175587685,histamine_blindspot,0.062366465647150524,0.24906688471870347,True,histamine_blindspot,0.062366465647150524,0.9192575829559673,0.9323647515728891,False,0.9973537708425986,0.999999993271446,0.9323647515728891,0.9948455455760126,0.9999124317767193,0.9192575829559673,,1.0,-5.860739955956041,1.0,False,histamine_blindspot,0.062366465647150524,False,False,,
vDeltaM,54,0.1330396486106989,ACH,0.9814814814814816,0.9814814814814815,0.0,0.0,0.018518518518518517,0.0,0.0,0.9814814814814815,False,False,False,-5.895323312838551,0.1048757787172497,0.3388787178138542,0.9999999999971145,histamine_blindspot,0.1048757787172497,0.24906688471870347,True,histamine_blindspot,0.1048757787172497,0.9232738634894522,0.9323647515728891,False,0.9973537708425986,0.999999993271446,0.9323647515728891,0.9789207431475704,0.99990571183534,0.9232738634894522,,1.0,-5.994682450848898,1.0,False,histamine_blindspot,0.1048757787172497,False,False,ACH,False
aMe5,55,0.131106529582345,ACH,0.9818181818181818,0.9818181818181818,0.01818181818181818,0.0,0.0,0.0,0.0,1.0,False,False,False,-5.92508607077092,0.08683889094492817,0.30907435830187646,0.9360669789833774,histamine_blindspot,0.08683889094492817,0.24906688471870347,True,histamine_blindspot,0.08683889094492817,0.920880497048876,0.9323647515728891,False,0.9973537708425986,0.999999993271446,0.9323647515728891,0.9887965238925234,0.9999021808445129,0.920880497048876,,1.0,-5.969267776086295,1.0,False,histamine_blindspot,0.08683889094492817,False,False,,
Sm15,101,0.3844881382392504,GLUT,0.9405940594059404,0.0297029702970297,0.0297029702970297,0.9405940594059405,0.0,0.0,0.0,1.0,False,False,False,-5.985424837479395,0.2410921819339158,0.878887692843018,0.32316161860870973,histamine_blindspot,0.2410921819339158,0.24906688471870347,True,histamine_blindspot,0.2410921819339158,0.5026910237695729,0.9323647515728891,False,0.9973537708425986,0.999999993271446,0.9323647515728891,0.5081609173902348,0.9691186230339633,0.5026910237695729,,1.0,-6.210306732971425,1.0,False,histamine_blindspot,0.2410921819339158,False,False,,
EPG,47,-0.0,ACH,1.0,1.0,0.0,0.0,0.0,0.0,0.0,1.0,False,False,False,-5.987786004559031,0.09682513359413968,0.333672003628133,0.999999999997836,histamine_blindspot,0.09682513359413968,0.24906688471870347,True,histamine_blindspot,0.09682513359413968,0.9232738634894522,0.9323647515728891,False,0.9973537708425986,0.999999993271446,0.9323647515728891,0.974278118356929,0.99990571183534,0.9232738634894522,,1.0,-6.258638168985599,1.0,False,histamine_blindspot,0.09682513359413968,False,False,ACH,False
LMa5,70,0.2552421131901918,GLUT,0.9571428571428572,0.0,0.04285714285714286,0.9571428571428572,0.0,0.0,0.0,1.0,False,False,False,-5.988463945791496,0.2706779109271323,0.9513862673847416,0.29173897518857683,histamine_blindspot,0.2706779109271323,0.24906688471870347,False,histamine_blindspot,0.2706779109271323,0.5054310119508028,0.9323647515728891,False,0.9973537708425986,0.999999993271446,0.9323647515728891,0.5054310119508028,0.9946621748667083,0.5054310119508028,,1.0,-6.061217769467572,1.0,False,histamine_blindspot,0.2706779109271323,False,False,GLUT,False
PAM08,43,-0.0,DA,1.0,0.0,0.0,0.0,1.0,0.0,0.0,0.0,False,False,False,-6.000422330234108,0.9723068617741457,0.9999999999971146,0.999999999997836,histamine_blindspot,0.9723068617741457,0.24906688471870347,False,histamine_blindspot,0.9723068617741457,0.09110731376193937,0.9323647515728891,False,0.9973537708425986,0.999999993271446,0.9323647515728891,0.43385816206281147,0.36542084334108693,0.09110731376193937,,1.0,-6.021850832659015,1.0,False,histamine_blindspot,0.9723068617741457,False,False,DA,False
FC3,46,-0.0,ACH,1.0,1.0,0.0,0.0,0.0,0.0,0.0,1.0,False,False,False,-6.032182740862933,0.09682513359413968,0.333672003628133,0.999999999997836,histamine_blindspot,0.09682513359413968,0.24906688471870347,True,histamine_blindspot,0.09682513359413968,0.9232738634894522,0.9323647515728891,False,0.9973537708425986,0.999999993271446,0.9323647515728891,0.974278118356929,0.99990571183534,0.9232738634894522,,1.0,-6.252039427015552,1.0,False,histamine_blindspot,0.09682513359413968,False,False,"ACH,SER",False
ORN_DA1,102,0.4305518670104394,ACH,0.9117647058823528,0.9117647058823529,0.0,0.0,0.0,0.08823529411764706,0.0,0.9117647058823529,False,False,False,-6.112010008253654,0.10415100935302257,0.18321541327645147,0.9999999999971145,histamine_blindspot,0.10415100935302257,0.24906688471870347,True,histamine_blindspot,0.10415100935302257,0.9309024179207822,0.9323647515728891,False,0.9973537708425986,0.999999993271446,0.9323647515728891,0.9754044605139015,0.9998868355024914,0.9309024179207822,,1.0,-5.922905333623319,1.0,False,histamine_blindspot,0.10415100935302257,False,False,ACH,False
MTe52,42,-0.0,ACH,1.0,1.0,0.0,0.0,0.0,0.0,0.0,1.0,False,False,False,-6.130171660111652,0.09682513359413968,0.333672003628133,0.999999999997836,histamine_blindspot,0.09682513359413968,0.24906688471870347,True,histamine_blindspot,0.09682513359413968,0.9232738634894522,0.9323647515728891,False,0.9973537708425986,0.999999993271446,0.9323647515728891,0.974278118356929,0.99990571183534,0.9232738634894522,,1.0,-5.92963542983075,1.0,False,histamine_blindspot,0.09682513359413968,False,False,,
Tm33,104,0.3956193268288006,GLUT,0.9326923076923076,0.009615384615384616,0.057692307692307696,0.9326923076923077,0.0,0.0,0.0,1.0,False,False,False,-6.168006376838597,0.22821016242351722,0.9093749275905881,0.27057090898099195,histamine_blindspot,0.22821016242351722,0.24906688471870347,True,histamine_blindspot,0.22821016242351722,0.5054310119508028,0.9323647515728891,False,0.9973537708425986,0.999999993271446,0.9323647515728891,0.5054310119508028,0.9946621748667083,0.5054310119508028,,1.0,-6.24487864979624,1.0,False,histamine_blindspot,0.22821016242351722,False,False,ACH,False
Li12,42,-0.0,GLUT,1.0,0.0,0.0,1.0,0.0,0.0,0.0,1.0,False,False,False,-6.236170524470297,0.3598636401235531,0.9999999999971146,0.394627666205389,histamine_blindspot,0.3598636401235531,0.24906688471870347,False,histamine_blindspot,0.3598636401235531,0.5081609173902348,0.9323647515728891,False,0.9973537708425986,0.999999993271446,0.9323647515728891,0.5081609173902348,0.9743985799262538,0.5081609173902348,,1.0,-5.92963542983075,1.0,False,histamine_blindspot,0.3598636401235531,False,False,,
ORN_DM6,44,-0.0,ACH,1.0,1.0,0.0,0.0,0.0,0.0,0.0,1.0,False,False,False,-6.308917689105896,0.09682513359413968,0.333672003628133,0.999999999997836,histamine_blindspot,0.09682513359413968,0.24906688471870347,True,histamine_blindspot,0.09682513359413968,0.9232738634894522,0.9323647515728891,False,0.9973537708425986,0.999999993271446,0.9323647515728891,0.974278118356929,0.99990571183534,0.9232738634894522,,1.0,-6.062008044908933,1.0,False,histamine_blindspot,0.09682513359413968,False,False,ACH,False
LC26,57,0.1274185117923587,ACH,0.9824561403508772,0.9824561403508771,0.0,0.017543859649122806,0.0,0.0,0.0,1.0,False,False,False,-6.3583862052612,0.0642901346895098,0.33860266141567835,0.9474607064142939,histamine_blindspot,0.0642901346895098,0.24906688471870347,True,histamine_blindspot,0.0642901346895098,0.9200717860394735,0.9323647515728891,False,0.9973537708425986,0.999999993271446,0.9323647515728891,0.9951021505803682,0.9999091276964287,0.9200717860394735,,1.0,-6.201584237493412,1.0,False,histamine_blindspot,0.0642901346895098,False,False,,
LPi05,70,0.2157476854446367,GLUT,0.9714285714285714,0.014285714285714285,0.014285714285714285,0.9714285714285714,0.0,0.0,0.0,1.0,False,False,False,-6.3659872438833975,0.288245445520623,0.9279675768960758,0.35274654253048143,histamine_blindspot,0.288245445520623,0.24906688471870347,False,histamine_blindspot,0.288245445520623,0.5054310119508028,0.9323647515728891,False,0.9973537708425986,0.999999993271446,0.9323647515728891,0.5081609173902348,0.971575504647565,0.5054310119508028,,1.0,-6.325126284987864,1.0,False,histamine_blindspot,0.288245445520623,False,False,,
JO-B,86,0.3091234537620242,ACH,0.9534883720930232,0.9534883720930233,0.011627906976744186,0.0,0.0,0.03488372093023256,0.0,0.9651162790697675,False,False,False,-6.368210731043852,0.08032920893427219,0.2329455650537756,0.9553945109893748,histamine_blindspot,0.08032920893427219,0.24906688471870347,True,histamine_blindspot,0.08032920893427219,0.924060792059431,0.9323647515728891,False,0.9973537708425986,0.999999993271446,0.9323647515728891,0.991036610974454,0.9998985312875411,0.924060792059431,,1.0,-6.350438168988343,1.0,False,histamine_blindspot,0.08032920893427219,False,False,,
LC25,62,0.1191160266556483,GLUT,0.9838709677419356,0.016129032258064516,0.0,0.9838709677419355,0.0,0.0,0.0,1.0,False,False,False,-6.388977083673243,0.32628938632895144,0.9488807142548863,0.3985804493858406,histamine_blindspot,0.32628938632895144,0.24906688471870347,False,histamine_blindspot,0.32628938632895144,0.5054310119508028,0.9323647515728891,False,0.9973537708425986,0.999999993271446,0.9323647515728891,0.5081609173902348,0.9999999892625777,0.5054310119508028,,1.0,-6.505040334121163,1.0,False,histamine_blindspot,0.32628938632895144,False,False,GLUT,False
MLt7,48,-0.0,ACH,1.0,1.0,0.0,0.0,0.0,0.0,0.0,1.0,False,False,False,-6.430561947958568,0.09682513359413968,0.333672003628133,0.999999999997836,histamine_blindspot,0.09682513359413968,0.24906688471870347,True,histamine_blindspot,0.09682513359413968,0.9232738634894522,0.9323647515728891,False,0.9973537708425986,0.999999993271446,0.9323647515728891,0.974278118356929,0.99990571183534,0.9232738634894522,,1.0,-6.376177220840181,1.0,False,histamine_blindspot,0.09682513359413968,False,False,,
MTe03,47,-0.0,ACH,1.0,1.0,0.0,0.0,0.0,0.0,0.0,1.0,False,False,False,-6.442727703148696,0.09682513359413968,0.333672003628133,0.999999999997836,histamine_blindspot,0.09682513359413968,0.24906688471870347,True,histamine_blindspot,0.09682513359413968,0.9232738634894522,0.9323647515728891,False,0.9973537708425986,0.999999993271446,0.9323647515728891,0.974278118356929,0.99990571183534,0.9232738634894522,,1.0,-6.258638168985599,1.0,False,histamine_blindspot,0.09682513359413968,False,False,,
TmY14,262,0.6792490807223351,GLUT,0.8320610687022901,0.003816793893129771,0.16412213740458015,0.8320610687022901,0.0,0.0,0.0,1.0,False,False,False,-6.563793365610683,0.15234064534398578,0.8943600339800757,0.15221089178023645,Dm_GLUT_confusion,0.15221089178023645,0.12,False,histamine_blindspot,0.15234064534398578,0.5026910237695729,0.9323647515728891,False,0.9973537708425986,0.999999993271446,0.9323647515728891,0.5026910237695729,0.9936683925443385,0.5026910237695729,,1.0,-6.451382015690571,1.0,False,histamine_blindspot,0.15234064534398578,False,False,,
PFNa,54,-0.0,ACH,1.0,1.0,0.0,0.0,0.0,0.0,0.0,1.0,False,False,False,-6.587772925549372,0.09682513359413968,0.333672003628133,0.999999999997836,histamine_blindspot,0.09682513359413968,0.24906688471870347,True,histamine_blindspot,0.09682513359413968,0.9232738634894522,0.9323647515728891,False,0.9973537708425986,0.999999993271446,0.9323647515728891,0.974278118356929,0.99990571183534,0.9232738634894522,,1.0,-6.77867598200217,1.0,False,histamine_blindspot,0.09682513359413968,False,False,,
MTe01b,52,-0.0,ACH,1.0,1.0,0.0,0.0,0.0,0.0,0.0,1.0,False,False,False,-6.602099013308111,0.09682513359413968,0.333672003628133,0.999999999997836,histamine_blindspot,0.09682513359413968,0.24906688471870347,True,histamine_blindspot,0.09682513359413968,0.9232738634894522,0.9323647515728891,False,0.9973537708425986,0.999999993271446,0.9323647515728891,0.974278118356929,0.99990571183534,0.9232738634894522,,1.0,-6.654868599646632,1.0,False,histamine_blindspot,0.09682513359413968,False,False,,
MTe54,54,-0.0,ACH,1.0,1.0,0.0,0.0,0.0,0.0,0.0,1.0,False,False,False,-6.645440689807349,0.09682513359413968,0.333672003628133,0.999999999997836,histamine_blindspot,0.09682513359413968,0.24906688471870347,True,histamine_blindspot,0.09682513359413968,0.9232738634894522,0.9323647515728891,False,0.9973537708425986,0.999999993271446,0.9323647515728891,0.974278118356929,0.99990571183534,0.9232738634894522,,1.0,-6.77867598200217,1.0,False,histamine_blindspot,0.09682513359413968,False,False,,
ORN_VM5d,67,0.111909908701684,ACH,0.9850746268656716,0.9850746268656716,0.0,0.0,0.0,0.014925373134328358,0.0,0.9850746268656716,False,False,False,-6.68810323577924,0.08790689945189865,0.2897361302086602,0.9999999999971145,histamine_blindspot,0.08790689945189865,0.24906688471870347,True,histamine_blindspot,0.08790689945189865,0.924060792059431,0.9323647515728891,False,0.9973537708425986,0.999999993271446,0.9323647515728891,0.9754044605139015,0.9998985312875411,0.924060792059431,,1.0,-6.822431806351366,1.0,False,histamine_blindspot,0.08790689945189865,False,False,ACH,False
LMt1,49,-0.0,GLUT,1.0,0.0,0.0,1.0,0.0,0.0,0.0,1.0,False,False,False,-6.689087879966005,0.3598636401235531,0.9999999999971146,0.394627666205389,histamine_blindspot,0.3598636401235531,0.24906688471870347,False,histamine_blindspot,0.3598636401235531,0.5081609173902348,0.9323647515728891,False,0.9973537708425986,0.999999993271446,0.9323647515728891,0.5081609173902348,0.9743985799262538,0.5081609173902348,,1.0,-6.439553025007942,1.0,False,histamine_blindspot,0.3598636401235531,False,False,,
LMt2,56,-0.0,GLUT,1.0,0.0,0.0,1.0,0.0,0.0,0.0,1.0,False,False,False,-6.727694137020047,0.3598636401235531,0.9999999999971146,0.394627666205389,histamine_blindspot,0.3598636401235531,0.24906688471870347,False,histamine_blindspot,0.3598636401235531,0.5081609173902348,0.9323647515728891,False,0.9973537708425986,0.999999993271446,0.9323647515728891,0.5081609173902348,0.9743985799262538,0.5081609173902348,,1.0,-6.911249055078718,1.0,False,histamine_blindspot,0.3598636401235531,False,False,,
MLt6,59,-0.0,ACH,1.0,1.0,0.0,0.0,0.0,0.0,0.0,1.0,False,False,False,-6.824443847715389,0.09682513359413968,0.333672003628133,0.999999999997836,histamine_blindspot,0.09682513359413968,0.24906688471870347,True,histamine_blindspot,0.09682513359413968,0.9232738634894522,0.9323647515728891,False,0.9973537708425986,0.999999993271446,0.9323647515728891,0.974278118356929,0.99990571183534,0.9232738634894522,,1.0,-7.021341928917776,1.0,False,histamine_blindspot,0.09682513359413968,False,False,,
LMa1,55,-0.0,GLUT,1.0,0.0,0.0,1.0,0.0,0.0,0.0,1.0,False,False,False,-6.845759173143707,0.3598636401235531,0.9999999999971146,0.394627666205389,histamine_blindspot,0.3598636401235531,0.24906688471870347,False,histamine_blindspot,0.3598636401235531,0.5081609173902348,0.9323647515728891,False,0.9973537708425986,0.999999993271446,0.9323647515728891,0.5081609173902348,0.9743985799262538,0.5081609173902348,,1.0,-6.736008646460765,1.0,False,histamine_blindspot,0.3598636401235531,False,False,,
Sm09,134,0.3890516114819449,GLUT,0.9328358208955224,0.007462686567164179,0.05970149253731343,0.9328358208955224,0.0,0.0,0.0,1.0,False,False,False,-6.852098407307702,0.2297245405013399,0.9146728055823123,0.2670324135624186,histamine_blindspot,0.2297245405013399,0.24906688471870347,True,histamine_blindspot,0.2297245405013399,0.5026910237695729,0.9323647515728891,False,0.9973537708425986,0.999999993271446,0.9323647515728891,0.5054310119508028,0.9946621748667083,0.5026910237695729,,1.0,-7.161110066533369,1.0,False,histamine_blindspot,0.2297245405013399,False,False,,
MTe50,54,-0.0,ACH,1.0,1.0,0.0,0.0,0.0,0.0,0.0,1.0,False,False,False,-6.86733724027702,0.09682513359413968,0.333672003628133,0.999999999997836,histamine_blindspot,0.09682513359413968,0.24906688471870347,True,histamine_blindspot,0.09682513359413968,0.9232738634894522,0.9323647515728891,False,0.9973537708425986,0.999999993271446,0.9323647515728891,0.974278118356929,0.99990571183534,0.9232738634894522,,1.0,-6.77867598200217,1.0,False,histamine_blindspot,0.09682513359413968,False,False,ACH,False
Tlp5,55,-0.0,GLUT,1.0,0.0,0.0,1.0,0.0,0.0,0.0,1.0,False,False,False,-6.873181788118247,0.3598636401235531,0.9999999999971146,0.394627666205389,histamine_blindspot,0.3598636401235531,0.24906688471870347,False,histamine_blindspot,0.3598636401235531,0.5081609173902348,0.9323647515728891,False,0.9973537708425986,0.999999993271446,0.9323647515728891,0.5081609173902348,0.9743985799262538,0.5081609173902348,,1.0,-6.736008646460765,1.0,False,histamine_blindspot,0.3598636401235531,False,False,,
ORN_VA6,60,-0.0,ACH,1.0,1.0,0.0,0.0,0.0,0.0,0.0,1.0,False,False,False,-6.938994634417677,0.09682513359413968,0.333672003628133,0.999999999997836,histamine_blindspot,0.09682513359413968,0.24906688471870347,True,histamine_blindspot,0.09682513359413968,0.9232738634894522,0.9323647515728891,False,0.9973537708425986,0.999999993271446,0.9323647515728891,0.974278118356929,0.99990571183534,0.9232738634894522,,1.0,-7.074130664070368,1.0,False,histamine_blindspot,0.09682513359413968,False,False,ACH,False
ORN_VM4,70,0.1080231952636283,ACH,0.9857142857142858,0.9857142857142858,0.0,0.0,0.0,0.014285714285714285,0.0,0.9857142857142858,False,False,False,-7.069503569712822,0.08796744062811591,0.29117347580650693,0.9999999999971145,histamine_blindspot,0.08796744062811591,0.24906688471870347,True,histamine_blindspot,0.08796744062811591,0.924060792059431,0.9323647515728891,False,0.9973537708425986,0.999999993271446,0.9323647515728891,0.9754044605139015,0.9998985312875411,0.924060792059431,,1.0,-7.04495973774753,1.0,False,histamine_blindspot,0.08796744062811591,False,False,ACH,False
Sm20,59,-0.0,ACH,1.0,1.0,0.0,0.0,0.0,0.0,0.0,1.0,False,False,False,-7.141588619900452,0.09682513359413968,0.333672003628133,0.999999999997836,histamine_blindspot,0.09682513359413968,0.24906688471870347,True,histamine_blindspot,0.09682513359413968,0.9232738634894522,0.9323647515728891,False,0.9973537708425986,0.999999993271446,0.9323647515728891,0.974278118356929,0.99990571183534,0.9232738634894522,,1.0,-7.021341928917776,1.0,False,histamine_blindspot,0.09682513359413968,False,False,,
BM_Taste,66,-0.0,ACH,1.0,1.0,0.0,0.0,0.0,0.0,0.0,1.0,False,False,False,-7.384981412577155,0.09682513359413968,0.333672003628133,0.999999999997836,histamine_blindspot,0.09682513359413968,0.24906688471870347,True,histamine_blindspot,0.09682513359413968,0.9232738634894522,0.9323647515728891,False,0.9973537708425986,0.999999993271446,0.9323647515728891,0.974278118356929,0.99990571183534,0.9232738634894522,,1.0,-7.537768016654841,1.0,False,histamine_blindspot,0.09682513359413968,False,False,,
MeTu2a,70,-0.0,ACH,1.0,1.0,0.0,0.0,0.0,0.0,0.0,1.0,False,False,False,-7.498971117509404,0.09682513359413968,0.333672003628133,0.999999999997836,histamine_blindspot,0.09682513359413968,0.24906688471870347,True,histamine_blindspot,0.09682513359413968,0.9232738634894522,0.9323647515728891,False,0.9973537708425986,0.999999993271446,0.9323647515728891,0.974278118356929,0.99990571183534,0.9232738634894522,,1.0,-7.7667891889158955,1.0,False,histamine_blindspot,0.09682513359413968,False,False,,
MTe01a,82,0.0950172456710763,GLUT,0.9878048780487804,0.0,0.012195121951219513,0.9878048780487805,0.0,0.0,0.0,1.0,False,False,False,-7.604597478305476,0.32371861178024014,0.9769621596953875,0.3544728487535512,histamine_blindspot,0.32371861178024014,0.24906688471870347,False,histamine_blindspot,0.32371861178024014,0.5081609173902348,0.9323647515728891,False,0.9973537708425986,0.999999993271446,0.9323647515728891,0.5081609173902348,0.9953997223203823,0.5081609173902348,,1.0,-7.71231927967614,1.0,False,histamine_blindspot,0.32371861178024014,False,False,,
MLt5,66,-0.0,ACH,1.0,1.0,0.0,0.0,0.0,0.0,0.0,1.0,False,False,False,-7.621912765529823,0.09682513359413968,0.333672003628133,0.999999999997836,histamine_blindspot,0.09682513359413968,0.24906688471870347,True,histamine_blindspot,0.09682513359413968,0.9232738634894522,0.9323647515728891,False,0.9973537708425986,0.999999993271446,0.9323647515728891,0.974278118356929,0.99990571183534,0.9232738634894522,,1.0,-7.537768016654841,1.0,False,histamine_blindspot,0.09682513359413968,False,False,,
LC16,117,0.2149782003277104,ACH,0.9658119658119658,0.9658119658119658,0.0,0.03418803418803419,0.0,0.0,0.0,1.0,False,False,False,-7.771403525673247,0.04870837441288796,0.34334825124188284,0.9135786872778238,histamine_blindspot,0.04870837441288796,0.24906688471870347,True,histamine_blindspot,0.04870837441288796,0.9159454781669207,0.9323647515728891,False,0.9973537708425986,0.999999993271446,0.9323647515728891,0.9948455455760126,0.9999124317767193,0.9159454781669207,,1.0,-8.138591961354406,1.0,False,histamine_blindspot,0.04870837441288796,False,False,ACH,False
ORN_VL2a,71,-0.0,ACH,1.0,1.0,0.0,0.0,0.0,0.0,0.0,1.0,False,False,False,-7.7718133402809375,0.09682513359413968,0.333672003628133,0.999999999997836,histamine_blindspot,0.09682513359413968,0.24906688471870347,True,histamine_blindspot,0.09682513359413968,0.9232738634894522,0.9323647515728891,False,0.9973537708425986,0.999999993271446,0.9323647515728891,0.974278118356929,0.99990571183534,0.9232738634894522,,1.0,-7.7333497865451415,1.0,False,histamine_blindspot,0.09682513359413968,False,False,ACH,False
Dm3v,474,0.7366993858060326,GLUT,0.8122362869198312,0.006329113924050633,0.18143459915611815,0.8122362869198312,0.0,0.0,0.0,1.0,False,False,False,-7.787803005397853,0.13760555704380456,0.8826219234732213,0.13920490466112964,histamine_blindspot,0.13760555704380456,0.24906688471870347,True,histamine_blindspot,0.13760555704380456,0.4999409342608455,0.9323647515728891,False,0.9973537708425986,0.999999993271446,0.9323647515728891,0.4999409342608455,0.9936683925443385,0.4999409342608455,,1.0,-7.844081685370934,1.0,False,histamine_blindspot,0.13760555704380456,False,False,GLUT,False
Tm34,71,-0.0,GLUT,1.0,0.0,0.0,1.0,0.0,0.0,0.0,1.0,False,False,False,-7.862588541111211,0.3598636401235531,0.9999999999971146,0.394627666205389,histamine_blindspot,0.3598636401235531,0.24906688471870347,False,histamine_blindspot,0.3598636401235531,0.5081609173902348,0.9323647515728891,False,0.9973537708425986,0.999999993271446,0.9323647515728891,0.5081609173902348,0.9743985799262538,0.5081609173902348,,1.0,-7.7333497865451415,1.0,False,histamine_blindspot,0.3598636401235531,False,False,GLUT,False
ORN_DL1,67,-0.0,ACH,1.0,1.0,0.0,0.0,0.0,0.0,0.0,1.0,False,False,False,-7.88047614594766,0.09682513359413968,0.333672003628133,0.999999999997836,histamine_blindspot,0.09682513359413968,0.24906688471870347,True,histamine_blindspot,0.09682513359413968,0.9232738634894522,0.9323647515728891,False,0.9973537708425986,0.999999993271446,0.9323647515728891,0.974278118356929,0.99990571183534,0.9232738634894522,,1.0,-7.55011888329541,1.0,False,histamine_blindspot,0.09682513359413968,False,False,ACH,False
MTe02,73,-0.0,ACH,1.0,1.0,0.0,0.0,0.0,0.0,0.0,1.0,False,False,False,-7.890381616888851,0.09682513359413968,0.333672003628133,0.999999999997836,histamine_blindspot,0.09682513359413968,0.24906688471870347,True,histamine_blindspot,0.09682513359413968,0.9232738634894522,0.9323647515728891,False,0.9973537708425986,0.999999993271446,0.9323647515728891,0.974278118356929,0.99990571183534,0.9232738634894522,,1.0,-7.894247175500598,1.0,False,histamine_blindspot,0.09682513359413968,False,False,,
Tlp4,91,0.0872805888836333,GLUT,0.989010989010989,0.0,0.01098901098901099,0.989010989010989,0.0,0.0,0.0,1.0,False,False,False,-7.892545858568089,0.32647847847113237,0.978490803075784,0.3576251911581766,histamine_blindspot,0.32647847847113237,0.24906688471870347,False,histamine_blindspot,0.32647847847113237,0.5081609173902348,0.9323647515728891,False,0.9973537708425986,0.999999993271446,0.9323647515728891,0.5081609173902348,0.9955133036394068,0.5081609173902348,,1.0,-8.211005836646121,1.0,False,histamine_blindspot,0.32647847847113237,False,False,GLUT,False
Li02,102,0.079490442383934,ACH,0.9901960784313726,0.9901960784313726,0.0,0.00980392156862745,0.0,0.0,0.0,1.0,False,False,False,-8.197941611107165,0.07469307220582576,0.3364184564125463,0.9665911247349581,histamine_blindspot,0.07469307220582576,0.24906688471870347,True,histamine_blindspot,0.07469307220582576,0.9216837345698737,0.9323647515728891,False,0.9973537708425986,0.999999993271446,0.9323647515728891,0.9955895264672375,0.9999091276964287,0.9216837345698737,,1.0,-8.721428423888051,1.0,False,histamine_blindspot,0.07469307220582576,False,False,,
PFNm,81,-0.0,ACH,1.0,1.0,0.0,0.0,0.0,0.0,0.0,1.0,False,False,False,-8.221536483523893,0.09682513359413968,0.333672003628133,0.999999999997836,histamine_blindspot,0.09682513359413968,0.24906688471870347,True,histamine_blindspot,0.09682513359413968,0.9232738634894522,0.9323647515728891,False,0.9973537708425986,0.999999993271446,0.9323647515728891,0.974278118356929,0.99990571183534,0.9232738634894522,,1.0,-8.209099330730886,1.0,False,histamine_blindspot,0.09682513359413968,False,False,ACH,False
LC12,149,0.2805000563057208,ACH,0.959731543624161,0.959731543624161,0.0,0.026845637583892617,0.0,0.0,0.013422818791946308,0.9865771812080536,False,False,False,-8.324759815558718,0.05684880423222746,0.34509874482808367,0.9276256928756049,histamine_blindspot,0.05684880423222746,0.24906688471870347,True,histamine_blindspot,0.05684880423222746,0.9159454781669207,0.9323647515728891,False,0.9973537708425986,0.999999993271446,0.9323647515728891,0.9948455455760126,0.9999124317767193,0.9159454781669207,,1.0,-8.60765527983216,1.0,False,histamine_blindspot,0.05684880423222746,False,False,,
LC10b,83,-0.0,ACH,1.0,1.0,0.0,0.0,0.0,0.0,0.0,1.0,False,False,False,-8.429575690435001,0.09682513359413968,0.333672003628133,0.999999999997836,histamine_blindspot,0.09682513359413968,0.24906688471870347,True,histamine_blindspot,0.09682513359413968,0.9232738634894522,0.9323647515728891,False,0.9973537708425986,0.999999993271446,0.9323647515728891,0.974278118356929,0.99990571183534,0.9232738634894522,,1.0,-8.375394899958838,1.0,False,histamine_blindspot,0.09682513359413968,False,False,ACH,False
MLt4,89,-0.0,ACH,1.0,1.0,0.0,0.0,0.0,0.0,0.0,1.0,False,False,False,-8.496813368405743,0.09682513359413968,0.333672003628133,0.999999999997836,histamine_blindspot,0.09682513359413968,0.24906688471870347,True,histamine_blindspot,0.09682513359413968,0.9232738634894522,0.9323647515728891,False,0.9973537708425986,0.999999993271446,0.9323647515728891,0.974278118356929,0.99990571183534,0.9232738634894522,,1.0,-8.605189804812785,1.0,False,histamine_blindspot,0.09682513359413968,False,False,,
BM_InOm,559,0.7079710040956029,ACH,0.8604651162790697,0.8604651162790697,0.0,0.0035778175313059034,0.1073345259391771,0.028622540250447227,0.0,0.8640429338103757,False,False,False,-8.805320449132246,0.12737235075467432,0.29590910528467823,0.9852260799945589,histamine_blindspot,0.12737235075467432,0.24906688471870347,True,histamine_blindspot,0.12737235075467432,0.924842321483802,0.9323647515728891,False,0.9975483817190122,0.999999993271446,0.9323647515728891,0.9975483817190122,0.9999021808445129,0.924842321483802,,1.0,-9.044742871092756,1.0,False,histamine_blindspot,0.12737235075467432,False,False,,
JO-E,101,0.0801360473312752,ACH,0.99009900990099,0.9900990099009901,0.009900990099009901,0.0,0.0,0.0,0.0,1.0,False,False,False,-8.819063407279135,0.08815149130373678,0.31638379662827015,0.9608778946776901,histamine_blindspot,0.08815149130373678,0.24906688471870347,True,histamine_blindspot,0.08815149130373678,0.9216837345698737,0.9323647515728891,False,0.9973537708425986,0.999999993271446,0.9323647515728891,0.9898560520097993,0.9999091276964287,0.9216837345698737,,1.0,-8.606692192891419,1.0,False,histamine_blindspot,0.08815149130373678,False,False,,
LC22,89,-0.0,ACH,1.0,1.0,0.0,0.0,0.0,0.0,0.0,1.0,False,False,False,-8.93454865633883,0.09682513359413968,0.333672003628133,0.999999999997836,histamine_blindspot,0.09682513359413968,0.24906688471870347,True,histamine_blindspot,0.09682513359413968,0.9232738634894522,0.9323647515728891,False,0.9973537708425986,0.999999993271446,0.9323647515728891,0.974278118356929,0.99990571183534,0.9232738634894522,,1.0,-8.605189804812785,1.0,False,histamine_blindspot,0.09682513359413968,False,False,,
MeTu4c,93,-0.0,ACH,1.0,1.0,0.0,0.0,0.0,0.0,0.0,1.0,False,False,False,-8.934980865690136,0.09682513359413968,0.333672003628133,0.999999999997836,histamine_blindspot,0.09682513359413968,0.24906688471870347,True,histamine_blindspot,0.09682513359413968,0.9232738634894522,0.9323647515728891,False,0.9973537708425986,0.999999993271446,0.9323647515728891,0.974278118356929,0.99990571183534,0.9232738634894522,,1.0,-8.902518412290064,1.0,False,histamine_blindspot,0.09682513359413968,False,False,,
MLt1,92,-0.0,ACH,1.0,1.0,0.0,0.0,0.0,0.0,0.0,1.0,False,False,False,-8.94149809636629,0.09682513359413968,0.333672003628133,0.999999999997836,histamine_blindspot,0.09682513359413968,0.24906688471870347,True,histamine_blindspot,0.09682513359413968,0.9232738634894522,0.9323647515728891,False,0.9973537708425986,0.999999993271446,0.9323647515728891,0.974278118356929,0.99990571183534,0.9232738634894522,,1.0,-8.870315915770497,1.0,False,histamine_blindspot,0.09682513359413968,False,False,,
LC28a,96,-0.0,ACH,1.0,1.0,0.0,0.0,0.0,0.0,0.0,1.0,False,False,False,-9.014677125546964,0.09682513359413968,0.333672003628133,0.999999999997836,histamine_blindspot,0.09682513359413968,0.24906688471870347,True,histamine_blindspot,0.09682513359413968,0.9232738634894522,0.9323647515728891,False,0.9973537708425986,0.999999993271446,0.9323647515728891,0.974278118356929,0.99990571183534,0.9232738634894522,,1.0,-9.041836190341215,1.0,False,histamine_blindspot,0.09682513359413968,False,False,,
Tm32,167,0.3027061893305607,GLUT,0.9461077844311376,0.05389221556886228,0.0,0.9461077844311377,0.0,0.0,0.0,1.0,False,False,False,-9.081782166860924,0.2904479046938377,0.8746097541579865,0.4080541166826115,histamine_blindspot,0.2904479046938377,0.24906688471870347,False,histamine_blindspot,0.2904479046938377,0.5054310119508028,0.9323647515728891,False,0.9973537708425986,0.999999993271446,0.9323647515728891,0.5081609173902348,0.9999999859303249,0.5054310119508028,,1.0,-8.87297293097175,1.0,False,histamine_blindspot,0.2904479046938377,False,False,,
MeTu3b,96,-0.0,ACH,1.0,1.0,0.0,0.0,0.0,0.0,0.0,1.0,False,False,False,-9.22446409720617,0.09682513359413968,0.333672003628133,0.999999999997836,histamine_blindspot,0.09682513359413968,0.24906688471870347,True,histamine_blindspot,0.09682513359413968,0.9232738634894522,0.9323647515728891,False,0.9973537708425986,0.999999993271446,0.9323647515728891,0.974278118356929,0.99990571183534,0.9232738634894522,,1.0,-9.041836190341215,1.0,False,histamine_blindspot,0.09682513359413968,False,False,,
LC10e,101,-0.0,ACH,1.0,1.0,0.0,0.0,0.0,0.0,0.0,1.0,False,False,False,-9.23020898858065,0.09682513359413968,0.333672003628133,0.999999999997836,histamine_blindspot,0.09682513359413968,0.24906688471870347,True,histamine_blindspot,0.09682513359413968,0.9232738634894522,0.9323647515728891,False,0.9973537708425986,0.999999993271446,0.9323647515728891,0.974278118356929,0.99990571183534,0.9232738634894522,,1.0,-9.237661600945176,1.0,False,histamine_blindspot,0.09682513359413968,False,False,ACH,False
MLt3,107,-0.0,ACH,1.0,1.0,0.0,0.0,0.0,0.0,0.0,1.0,False,False,False,-9.23684982672283,0.09682513359413968,0.333672003628133,0.999999999997836,histamine_blindspot,0.09682513359413968,0.24906688471870347,True,histamine_blindspot,0.09682513359413968,0.9232738634894522,0.9323647515728891,False,0.9973537708425986,0.999999993271446,0.9323647515728891,0.974278118356929,0.99990571183534,0.9232738634894522,,1.0,-9.575915219240656,1.0,False,histamine_blindspot,0.09682513359413968,False,False,,
MTe51,99,-0.0,ACH,1.0,1.0,0.0,0.0,0.0,0.0,0.0,1.0,False,False,False,-9.242221792736842,0.09682513359413968,0.333672003628133,0.999999999997836,histamine_blindspot,0.09682513359413968,0.24906688471870347,True,histamine_blindspot,0.09682513359413968,0.9232738634894522,0.9323647515728891,False,0.9973537708425986,0.999999993271446,0.9323647515728891,0.974278118356929,0.99990571183534,0.9232738634894522,,1.0,-9.192442724735411,1.0,False,histamine_blindspot,0.09682513359413968,False,False,,
LC4,103,-0.0,ACH,1.0,1.0,0.0,0.0,0.0,0.0,0.0,1.0,False,False,False,-9.290518201630336,0.09682513359413968,0.333672003628133,0.999999999997836,histamine_blindspot,0.09682513359413968,0.24906688471870347,True,histamine_blindspot,0.09682513359413968,0.9232738634894522,0.9323647515728891,False,0.9973537708425986,0.999999993271446,0.9323647515728891,0.974278118356929,0.99990571183534,0.9232738634894522,,1.0,-9.280540170011047,1.0,False,histamine_blindspot,0.09682513359413968,False,False,ACH,False
LC15,104,-0.0,ACH,1.0,1.0,0.0,0.0,0.0,0.0,0.0,1.0,False,False,False,-9.603947122222952,0.09682513359413968,0.333672003628133,0.999999999997836,histamine_blindspot,0.09682513359413968,0.24906688471870347,True,histamine_blindspot,0.09682513359413968,0.9232738634894522,0.9323647515728891,False,0.9973537708425986,0.999999993271446,0.9323647515728891,0.974278118356929,0.99990571183534,0.9232738634894522,,1.0,-9.423038217106656,1.0,False,histamine_blindspot,0.09682513359413968,False,False,GLUT,False
Dm15,312,0.5012507930905181,GLUT,0.9006410256410257,0.00641025641025641,0.09294871794871795,0.9006410256410257,0.0,0.0,0.0,1.0,False,False,False,-9.671821550496254,0.1976922136769501,0.9046441461241672,0.22299943766867045,histamine_blindspot,0.1976922136769501,0.24906688471870347,True,histamine_blindspot,0.1976922136769501,0.5026910237695729,0.9323647515728891,False,0.9973537708425986,0.999999993271446,0.9323647515728891,0.5026910237695729,0.9943936597504279,0.5026910237695729,,1.0,-9.494352146870144,1.0,False,histamine_blindspot,0.1976922136769501,False,False,GLUT,False
MLt2,101,-0.0,ACH,1.0,1.0,0.0,0.0,0.0,0.0,0.0,1.0,False,False,False,-9.679311075964154,0.09682513359413968,0.333672003628133,0.999999999997836,histamine_blindspot,0.09682513359413968,0.24906688471870347,True,histamine_blindspot,0.09682513359413968,0.9232738634894522,0.9323647515728891,False,0.9973537708425986,0.999999993271446,0.9323647515728891,0.974278118356929,0.99990571183534,0.9232738634894522,,1.0,-9.237661600945176,1.0,False,histamine_blindspot,0.09682513359413968,False,False,,
LC6,120,-0.0,ACH,1.0,1.0,0.0,0.0,0.0,0.0,0.0,1.0,False,False,False,-9.804489333782662,0.09682513359413968,0.333672003628133,0.999999999997836,histamine_blindspot,0.09682513359413968,0.24906688471870347,True,histamine_blindspot,0.09682513359413968,0.9232738634894522,0.9323647515728891,False,0.9973537708425986,0.999999993271446,0.9323647515728891,0.974278118356929,0.99990571183534,0.9232738634894522,,1.0,-10.179961514722066,1.0,False,histamine_blindspot,0.09682513359413968,False,False,ACH,False
LPLC4,110,-0.0,ACH,1.0,1.0,0.0,0.0,0.0,0.0,0.0,1.0,False,False,False,-9.84938783253069,0.09682513359413968,0.333672003628133,0.999999999997836,histamine_blindspot,0.09682513359413968,0.24906688471870347,True,histamine_blindspot,0.09682513359413968,0.9232738634894522,0.9323647515728891,False,0.9973537708425986,0.999999993271446,0.9323647515728891,0.974278118356929,0.99990571183534,0.9232738634894522,,1.0,-9.752310818677621,1.0,False,histamine_blindspot,0.09682513359413968,False,False,,
MeTu4a,126,-0.0,ACH,1.0,1.0,0.0,0.0,0.0,0.0,0.0,1.0,False,False,False,-9.905515957867356,0.09682513359413968,0.333672003628133,0.999999999997836,histamine_blindspot,0.09682513359413968,0.24906688471870347,True,histamine_blindspot,0.09682513359413968,0.9232738634894522,0.9323647515728891,False,0.9973537708425986,0.999999993271446,0.9323647515728891,0.974278118356929,0.99990571183534,0.9232738634894522,,1.0,-10.331697822639358,1.0,False,histamine_blindspot,0.09682513359413968,False,False,,
Lawf1,182,0.2579500271493309,ACH,0.9615384615384616,0.9615384615384616,0.03296703296703297,0.005494505494505495,0.0,0.0,0.0,1.0,False,False,False,-9.90935428335142,0.07307613986645833,0.3024183856953576,0.881346237686469,histamine_blindspot,0.07307613986645833,0.24906688471870347,True,histamine_blindspot,0.07307613986645833,0.918437869212658,0.9323647515728891,False,0.9973537708425986,0.999999993271446,0.9323647515728891,0.9569103570933573,0.99990571183534,0.918437869212658,,1.0,-9.76397592957167,1.0,False,histamine_blindspot,0.07307613986645833,False,False,ACH,False
LPC2,111,-0.0,ACH,1.0,1.0,0.0,0.0,0.0,0.0,0.0,1.0,False,False,False,-9.993827639577244,0.09682513359413968,0.333672003628133,0.999999999997836,histamine_blindspot,0.09682513359413968,0.24906688471870347,True,histamine_blindspot,0.09682513359413968,0.9232738634894522,0.9323647515728891,False,0.9973537708425986,0.999999993271446,0.9323647515728891,0.974278118356929,0.99990571183534,0.9232738634894522,,1.0,-9.770432621780419,1.0,False,histamine_blindspot,0.09682513359413968,False,False,,
KCab-p,128,-0.0,ACH,1.0,1.0,0.0,0.0,0.0,0.0,0.0,1.0,False,False,False,-10.044951947576608,0.09682513359413968,0.333672003628133,0.999999999997836,histamine_blindspot,0.09682513359413968,0.24906688471870347,True,histamine_blindspot,0.09682513359413968,0.9232738634894522,0.9323647515728891,False,0.9973537708425986,0.999999993271446,0.9323647515728891,0.974278118356929,0.99990571183534,0.9232738634894522,,1.0,-10.467391870460665,1.0,False,histamine_blindspot,0.09682513359413968,False,False,ACH,False
Tm8b,126,-0.0,ACH,1.0,1.0,0.0,0.0,0.0,0.0,0.0,1.0,False,False,False,-10.048474021551304,0.09682513359413968,0.333672003628133,0.999999999997836,histamine_blindspot,0.09682513359413968,0.24906688471870347,True,histamine_blindspot,0.09682513359413968,0.9232738634894522,0.9323647515728891,False,0.9973537708425986,0.999999993271446,0.9323647515728891,0.974278118356929,0.99990571183534,0.9232738634894522,,1.0,-10.331697822639358,1.0,False,histamine_blindspot,0.09682513359413968,False,False,,
Tm35,118,-0.0,GLUT,1.0,0.0,0.0,1.0,0.0,0.0,0.0,1.0,False,False,False,-10.080127912120767,0.3598636401235531,0.9999999999971146,0.394627666205389,histamine_blindspot,0.3598636401235531,0.24906688471870347,False,histamine_blindspot,0.3598636401235531,0.5081609173902348,0.9323647515728891,False,0.9973537708425986,0.999999993271446,0.9323647515728891,0.5081609173902348,0.9743985799262538,0.5081609173902348,,1.0,-10.040987246500906,1.0,False,histamine_blindspot,0.3598636401235531,False,False,,
Li01,164,0.0950172456710763,GLUT,0.9878048780487804,0.0,0.012195121951219513,0.9878048780487805,0.0,0.0,0.0,1.0,False,False,False,-10.178559663120147,0.32371861178024014,0.9769621596953875,0.3544728487535512,histamine_blindspot,0.32371861178024014,0.24906688471870347,False,histamine_blindspot,0.32371861178024014,0.5081609173902348,0.9323647515728891,False,0.9973537708425986,0.999999993271446,0.9323647515728891,0.5081609173902348,0.9953997223203823,0.5081609173902348,,1.0,-10.90697355662325,1.0,False,histamine_blindspot,0.32371861178024014,False,False,,
LC11,127,-0.0,ACH,1.0,1.0,0.0,0.0,0.0,0.0,0.0,1.0,False,False,False,-10.203334858125933,0.09682513359413968,0.333672003628133,0.999999999997836,histamine_blindspot,0.09682513359413968,0.24906688471870347,True,histamine_blindspot,0.09682513359413968,0.9232738634894522,0.9323647515728891,False,0.9973537708425986,0.999999993271446,0.9323647515728891,0.974278118356929,0.99990571183534,0.9232738634894522,,1.0,-10.445660375415825,1.0,False,histamine_blindspot,0.09682513359413968,False,False,,
Sm03,143,0.1201738494481104,GLUT,0.986013986013986,0.006993006993006993,0.006993006993006993,0.986013986013986,0.0,0.0,0.0,1.0,False,False,False,-10.2240289360432,0.31774286984532,0.9578650776711481,0.3705317314807604,histamine_blindspot,0.31774286984532,0.24906688471870347,False,histamine_blindspot,0.31774286984532,0.5081609173902348,0.9323647515728891,False,0.9973537708425986,0.999999993271446,0.9323647515728891,0.5081609173902348,0.972161555948261,0.5081609173902348,,1.0,-9.897330326745527,1.0,False,histamine_blindspot,0.31774286984532,False,False,,
Mi14,217,0.2698855118299763,GLUT,0.9585253456221198,0.004608294930875576,0.03686635944700461,0.9585253456221198,0.0,0.0,0.0,1.0,False,False,False,-10.490786940883153,0.2657086424988946,0.9364316102240731,0.3033807531176073,histamine_blindspot,0.2657086424988946,0.24906688471870347,False,histamine_blindspot,0.2657086424988946,0.5054310119508028,0.9323647515728891,False,0.9973537708425986,0.999999993271446,0.9323647515728891,0.5054310119508028,0.9946621748667083,0.5054310119508028,,1.0,-10.699409999988239,1.0,False,histamine_blindspot,0.2657086424988946,False,False,,
Y11,128,-0.0,GLUT,1.0,0.0,0.0,1.0,0.0,0.0,0.0,1.0,False,False,False,-10.525465535009175,0.3598636401235531,0.9999999999971146,0.394627666205389,histamine_blindspot,0.3598636401235531,0.24906688471870347,False,histamine_blindspot,0.3598636401235531,0.5081609173902348,0.9323647515728891,False,0.9973537708425986,0.999999993271446,0.9323647515728891,0.5081609173902348,0.9743985799262538,0.5081609173902348,,1.0,-10.467391870460665,1.0,False,histamine_blindspot,0.3598636401235531,False,False,GLUT,False
LC21,130,-0.0,ACH,1.0,1.0,0.0,0.0,0.0,0.0,0.0,1.0,False,False,False,-10.538527306064642,0.09682513359413968,0.333672003628133,0.999999999997836,histamine_blindspot,0.09682513359413968,0.24906688471870347,True,histamine_blindspot,0.09682513359413968,0.9232738634894522,0.9323647515728891,False,0.9973537708425986,0.999999993271446,0.9323647515728891,0.974278118356929,0.99990571183534,0.9232738634894522,,1.0,-10.603623448714302,1.0,False,histamine_blindspot,0.09682513359413968,False,False,,
MeTu3c,137,-0.0,ACH,1.0,1.0,0.0,0.0,0.0,0.0,0.0,1.0,False,False,False,-10.8430990431576,0.09682513359413968,0.333672003628133,0.999999999997836,histamine_blindspot,0.09682513359413968,0.24906688471870347,True,histamine_blindspot,0.09682513359413968,0.9232738634894522,0.9323647515728891,False,0.9973537708425986,0.999999993271446,0.9323647515728891,0.974278118356929,0.99990571183534,0.9232738634894522,,1.0,-10.783696238151153,1.0,False,histamine_blindspot,0.09682513359413968,False,False,,
Y1,161,0.0964548291070859,GLUT,0.9875776397515528,0.0,0.012422360248447204,0.9875776397515528,0.0,0.0,0.0,1.0,False,False,False,-10.900876830828002,0.3232082848185173,0.9766823169397736,0.3538886759892389,histamine_blindspot,0.3232082848185173,0.24906688471870347,False,histamine_blindspot,0.3232082848185173,0.5081609173902348,0.9323647515728891,False,0.9973537708425986,0.999999993271446,0.9323647515728891,0.5081609173902348,0.9953997223203823,0.5081609173902348,,1.0,-10.798675872377634,1.0,False,histamine_blindspot,0.3232082848185173,False,False,,
Tlp1,139,-0.0,GLUT,1.0,0.0,0.0,1.0,0.0,0.0,0.0,1.0,False,False,False,-11.01123086620986,0.3598636401235531,0.9999999999971146,0.394627666205389,histamine_blindspot,0.3598636401235531,0.24906688471870347,False,histamine_blindspot,0.3598636401235531,0.5081609173902348,0.9323647515728891,False,0.9973537708425986,0.999999993271446,0.9323647515728891,0.5081609173902348,0.9743985799262538,0.5081609173902348,,1.0,-10.920254462029764,1.0,False,histamine_blindspot,0.3598636401235531,False,False,,
LPLC1,140,-0.0,ACH,1.0,1.0,0.0,0.0,0.0,0.0,0.0,1.0,False,False,False,-11.34258124163178,0.09682513359413968,0.333672003628133,0.999999999997836,histamine_blindspot,0.09682513359413968,0.24906688471870347,True,histamine_blindspot,0.09682513359413968,0.9232738634894522,0.9323647515728891,False,0.9973537708425986,0.999999993271446,0.9323647515728891,0.974278118356929,0.99990571183534,0.9232738634894522,,1.0,-10.841699266122912,1.0,False,histamine_blindspot,0.09682513359413968,False,False,ACH,False
Y4,162,0.0541856980917029,GLUT,0.9938271604938272,0.006172839506172839,0.0,0.9938271604938271,0.0,0.0,0.0,1.0,False,False,False,-11.437906752121,0.34287559838971365,0.9762053350510287,0.39613402986347307,histamine_blindspot,0.34287559838971365,0.24906688471870347,False,histamine_blindspot,0.34287559838971365,0.5081609173902348,0.9323647515728891,False,0.9973537708425986,0.999999993271446,0.9323647515728891,0.5081609173902348,0.999999993271446,0.5081609173902348,,1.0,-11.25398037266189,1.0,False,histamine_blindspot,0.34287559838971365,False,False,,
Li05,167,-0.0,ACH,1.0,1.0,0.0,0.0,0.0,0.0,0.0,1.0,False,False,False,-11.575182130562144,0.09682513359413968,0.333672003628133,0.999999999997836,histamine_blindspot,0.09682513359413968,0.24906688471870347,True,histamine_blindspot,0.09682513359413968,0.9232738634894522,0.9323647515728891,False,0.9973537708425986,0.999999993271446,0.9323647515728891,0.974278118356929,0.99990571183534,0.9232738634894522,,1.0,-11.924840793331176,1.0,False,histamine_blindspot,0.09682513359413968,False,False,,
LC13,145,-0.0,ACH,1.0,1.0,0.0,0.0,0.0,0.0,0.0,1.0,False,False,False,-11.65491469570165,0.09682513359413968,0.333672003628133,0.999999999997836,histamine_blindspot,0.09682513359413968,0.24906688471870347,True,histamine_blindspot,0.09682513359413968,0.9232738634894522,0.9323647515728891,False,0.9973537708425986,0.999999993271446,0.9323647515728891,0.974278118356929,0.99990571183534,0.9232738634894522,,1.0,-11.147610591479634,1.0,False,histamine_blindspot,0.09682513359413968,False,False,,
Li10,184,0.1201543850557974,GLUT,0.9836956521739132,0.016304347826086956,0.0,0.9836956521739131,0.0,0.0,0.0,1.0,False,False,False,-11.875774375178873,0.32604532183039436,0.9484500836563237,0.39862371522703294,histamine_blindspot,0.32604532183039436,0.24906688471870347,False,histamine_blindspot,0.32604532183039436,0.5054310119508028,0.9323647515728891,False,0.9973537708425986,0.999999993271446,0.9323647515728891,0.5081609173902348,0.9999999892625777,0.5054310119508028,,1.0,-11.236525050581612,1.0,False,histamine_blindspot,0.32604532183039436,False,False,GLUT,False
LPC1,164,-0.0,ACH,1.0,1.0,0.0,0.0,0.0,0.0,0.0,1.0,False,False,False,-11.965945048895108,0.09682513359413968,0.333672003628133,0.999999999997836,histamine_blindspot,0.09682513359413968,0.24906688471870347,True,histamine_blindspot,0.09682513359413968,0.9232738634894522,0.9323647515728891,False,0.9973537708425986,0.999999993271446,0.9323647515728891,0.974278118356929,0.99990571183534,0.9232738634894522,,1.0,-11.85949314986012,1.0,False,histamine_blindspot,0.09682513359413968,False,False,ACH,False
Dm9,179,0.0498462202138721,ACH,0.994413407821229,0.994413407821229,0.00558659217877095,0.0,0.0,0.0,0.0,1.0,False,True,True,-11.978723873785874,0.09000592801629052,0.3217515696932649,0.9756293300634601,histamine_blindspot,0.09000592801629052,0.24906688471870347,True,histamine_blindspot,0.09000592801629052,0.9216837345698737,0.9323647515728891,False,0.9973537708425986,0.999999993271446,0.9323647515728891,0.9908465807189182,0.99990571183534,0.9216837345698737,,1.0,-11.810150370596977,1.0,False,histamine_blindspot,0.09000592801629052,False,False,,
Dm8b,331,0.3520569755296152,GLUT,0.9516616314199396,0.021148036253776436,0.01812688821752266,0.9516616314199395,0.0,0.0,0.00906344410876133,0.9909365558912386,False,False,False,-12.086660145622252,0.2622639255656245,0.9073740608321549,0.3476388110395577,histamine_blindspot,0.2622639255656245,0.24906688471870347,False,histamine_blindspot,0.2622639255656245,0.5054310119508028,0.9323647515728891,False,0.9973537708425986,0.999999993271446,0.9323647515728891,0.5081609173902348,0.971575504647565,0.5054310119508028,,1.0,-11.883776171156503,1.0,False,histamine_blindspot,0.2622639255656245,False,False,,
LC9,179,-0.0,ACH,1.0,1.0,0.0,0.0,0.0,0.0,0.0,1.0,False,False,False,-12.231609245706622,0.09682513359413968,0.333672003628133,0.999999999997836,histamine_blindspot,0.09682513359413968,0.24906688471870347,True,histamine_blindspot,0.09682513359413968,0.9232738634894522,0.9323647515728891,False,0.9973537708425986,0.999999993271446,0.9323647515728891,0.974278118356929,0.99990571183534,0.9232738634894522,,1.0,-12.329181367685253,1.0,False,histamine_blindspot,0.09682513359413968,False,False,,
LC10d,188,-0.0,ACH,1.0,1.0,0.0,0.0,0.0,0.0,0.0,1.0,False,False,False,-12.392756395066044,0.09682513359413968,0.333672003628133,0.999999999997836,histamine_blindspot,0.09682513359413968,0.24906688471870347,True,histamine_blindspot,0.09682513359413968,0.9232738634894522,0.9323647515728891,False,0.9973537708425986,0.999999993271446,0.9323647515728891,0.974278118356929,0.99990571183534,0.9232738634894522,,1.0,-12.644198757081133,1.0,False,histamine_blindspot,0.09682513359413968,False,False,ACH,False
LC18,188,-0.0,ACH,1.0,1.0,0.0,0.0,0.0,0.0,0.0,1.0,False,False,False,-12.731552503366078,0.09682513359413968,0.333672003628133,0.999999999997836,histamine_blindspot,0.09682513359413968,0.24906688471870347,True,histamine_blindspot,0.09682513359413968,0.9232738634894522,0.9323647515728891,False,0.9973537708425986,0.999999993271446,0.9323647515728891,0.974278118356929,0.99990571183534,0.9232738634894522,,1.0,-12.644198757081133,1.0,False,histamine_blindspot,0.09682513359413968,False,False,,
Li06,196,-0.0,ACH,1.0,1.0,0.0,0.0,0.0,0.0,0.0,1.0,False,False,False,-12.797452231076914,0.09682513359413968,0.333672003628133,0.999999999997836,histamine_blindspot,0.09682513359413968,0.24906688471870347,True,histamine_blindspot,0.09682513359413968,0.9232738634894522,0.9323647515728891,False,0.9973537708425986,0.999999993271446,0.9323647515728891,0.974278118356929,0.99990571183534,0.9232738634894522,,1.0,-13.032106996037001,1.0,False,histamine_blindspot,0.09682513359413968,False,False,,
LPLC2,208,-0.0,ACH,1.0,1.0,0.0,0.0,0.0,0.0,0.0,1.0,False,False,False,-12.90118841424976,0.09682513359413968,0.333672003628133,0.999999999997836,histamine_blindspot,0.09682513359413968,0.24906688471870347,True,histamine_blindspot,0.09682513359413968,0.9232738634894522,0.9323647515728891,False,0.9973537708425986,0.999999993271446,0.9323647515728891,0.974278118356929,0.99990571183534,0.9232738634894522,,1.0,-13.314833408354955,1.0,False,histamine_blindspot,0.09682513359413968,False,False,ACH,False
LC10c,200,0.0454146923337941,ACH,0.995,0.995,0.0,0.005,0.0,0.0,0.0,1.0,False,False,False,-12.95268393667345,0.08316288087701694,0.335069892575855,0.9805542218937375,histamine_blindspot,0.08316288087701694,0.24906688471870347,True,histamine_blindspot,0.08316288087701694,0.9232738634894522,0.9323647515728891,False,0.9973537708425986,0.999999993271446,0.9323647515728891,0.9957060967468162,0.99990571183534,0.9232738634894522,,1.0,-12.656259293100137,1.0,False,histamine_blindspot,0.08316288087701694,False,False,ACH,False
Y12,196,-0.0,GLUT,1.0,0.0,0.0,1.0,0.0,0.0,0.0,1.0,False,False,False,-13.046301018296251,0.3598636401235531,0.9999999999971146,0.394627666205389,histamine_blindspot,0.3598636401235531,0.24906688471870347,False,histamine_blindspot,0.3598636401235531,0.5081609173902348,0.9323647515728891,False,0.9973537708425986,0.999999993271446,0.9323647515728891,0.5081609173902348,0.9743985799262538,0.5081609173902348,,1.0,-13.032106996037001,1.0,False,histamine_blindspot,0.3598636401235531,False,False,,
LC17,201,-0.0,ACH,1.0,1.0,0.0,0.0,0.0,0.0,0.0,1.0,False,False,False,-13.161825776539818,0.09682513359413968,0.333672003628133,0.999999999997836,histamine_blindspot,0.09682513359413968,0.24906688471870347,True,histamine_blindspot,0.09682513359413968,0.9232738634894522,0.9323647515728891,False,0.9973537708425986,0.999999993271446,0.9323647515728891,0.974278118356929,0.99990571183534,0.9232738634894522,,1.0,-13.170426143500773,1.0,False,histamine_blindspot,0.09682513359413968,False,False,,
Tm37,229,0.0722758116120631,ACH,0.9912663755458516,0.9912663755458515,0.0,0.008733624454148471,0.0,0.0,0.0,1.0,False,False,False,-13.228075170602835,0.07640164843806631,0.33611753260081034,0.9695183654789635,histamine_blindspot,0.07640164843806631,0.24906688471870347,True,histamine_blindspot,0.07640164843806631,0.9224815171881662,0.9323647515728891,False,0.9973537708425986,0.999999993271446,0.9323647515728891,0.9955895264672375,0.9999091276964287,0.9224815171881662,,1.0,-13.201475903533238,1.0,False,histamine_blindspot,0.07640164843806631,False,False,ACH,False
LLPC1,219,-0.0,ACH,1.0,1.0,0.0,0.0,0.0,0.0,0.0,1.0,False,False,False,-13.329173214934098,0.09682513359413968,0.333672003628133,0.999999999997836,histamine_blindspot,0.09682513359413968,0.24906688471870347,True,histamine_blindspot,0.09682513359413968,0.9232738634894522,0.9323647515728891,False,0.9973537708425986,0.999999993271446,0.9323647515728891,0.974278118356929,0.99990571183534,0.9232738634894522,,1.0,-13.716143275855233,1.0,False,histamine_blindspot,0.09682513359413968,False,False,ACH,False
LLPC3,204,-0.0,ACH,1.0,1.0,0.0,0.0,0.0,0.0,0.0,1.0,False,False,False,-13.47651062396284,0.09682513359413968,0.333672003628133,0.999999999997836,histamine_blindspot,0.09682513359413968,0.24906688471870347,True,histamine_blindspot,0.09682513359413968,0.9232738634894522,0.9323647515728891,False,0.9973537708425986,0.999999993271446,0.9323647515728891,0.974278118356929,0.99990571183534,0.9232738634894522,,1.0,-13.11646394786039,1.0,False,histamine_blindspot,0.09682513359413968,False,False,,
Lawf2,281,0.1417119071576711,ACH,0.98220640569395,0.9822064056939501,0.014234875444839857,0.0,0.0035587188612099642,0.0,0.0,0.9964412811387899,False,False,False,-13.656117777436496,0.08876791996203724,0.313207209864388,0.9474558421819775,histamine_blindspot,0.08876791996203724,0.24906688471870347,True,histamine_blindspot,0.08876791996203724,0.9216837345698737,0.9323647515728891,False,0.9973537708425986,0.999999993271446,0.9323647515728891,0.9898560520097993,0.9999021808445129,0.9216837345698737,,1.0,-13.731102937613693,1.0,False,histamine_blindspot,0.08876791996203724,False,False,ACH,False
Tm5d,285,0.1663370470467064,GLUT,0.975438596491228,0.0,0.02456140350877193,0.9754385964912281,0.0,0.0,0.0,1.0,False,False,False,-13.681328500452898,0.2992315003091349,0.9643810582383493,0.3260117739479693,histamine_blindspot,0.2992315003091349,0.24906688471870347,False,histamine_blindspot,0.2992315003091349,0.5054310119508028,0.9323647515728891,False,0.9973537708425986,0.999999993271446,0.9323647515728891,0.5081609173902348,0.9949190595789631,0.5054310119508028,,1.0,-13.506706062362172,1.0,False,histamine_blindspot,0.2992315003091349,False,False,GLUT,False
MeTu1,242,0.0386717908637649,ACH,0.9958677685950412,0.9958677685950413,0.004132231404958678,0.0,0.0,0.0,0.0,1.0,False,False,False,-13.941688109896932,0.09098567404944014,0.3239921470957407,0.9810773940004525,histamine_blindspot,0.09098567404944014,0.24906688471870347,True,histamine_blindspot,0.09098567404944014,0.9232738634894522,0.9323647515728891,False,0.9973537708425986,0.999999993271446,0.9323647515728891,0.9914087446848308,0.99990571183534,0.9232738634894522,,1.0,-13.889157476429489,1.0,False,histamine_blindspot,0.09098567404944014,False,False,ACH,False
LC10a,232,0.0400756995796872,ACH,0.9956896551724138,0.9956896551724138,0.0,0.004310344827586207,0.0,0.0,0.0,1.0,False,False,False,-14.102830278281454,0.08459258490286985,0.3348767346073094,0.9827775734342512,histamine_blindspot,0.08459258490286985,0.24906688471870347,True,histamine_blindspot,0.08459258490286985,0.9232738634894522,0.9323647515728891,False,0.9973537708425986,0.999999993271446,0.9323647515728891,0.9958205947209379,0.99990571183534,0.9232738634894522,,1.0,-13.633540864407435,1.0,False,histamine_blindspot,0.08459258490286985,False,False,ACH,False
LLPC2,234,-0.0,ACH,1.0,1.0,0.0,0.0,0.0,0.0,0.0,1.0,False,False,False,-14.368132556681626,0.09682513359413968,0.333672003628133,0.999999999997836,histamine_blindspot,0.09682513359413968,0.24906688471870347,True,histamine_blindspot,0.09682513359413968,0.9232738634894522,0.9323647515728891,False,0.9973537708425986,0.999999993271446,0.9323647515728891,0.974278118356929,0.99990571183534,0.9232738634894522,,1.0,-14.16583782311946,1.0,False,histamine_blindspot,0.09682513359413968,False,False,,
Sm01,256,-0.0,ACH,1.0,1.0,0.0,0.0,0.0,0.0,0.0,1.0,False,False,False,-14.78925078999304,0.09682513359413968,0.333672003628133,0.999999999997836,histamine_blindspot,0.09682513359413968,0.24906688471870347,True,histamine_blindspot,0.09682513359413968,0.9232738634894522,0.9323647515728891,False,0.9973537708425986,0.999999993271446,0.9323647515728891,0.974278118356929,0.99990571183534,0.9232738634894522,,1.0,-14.776697137774383,1.0,False,histamine_blindspot,0.09682513359413968,False,False,,
Tm36,278,0.0615570796631668,ACH,0.9928057553956836,0.9928057553956835,0.0,0.007194244604316547,0.0,0.0,0.0,1.0,False,False,False,-14.791547096557364,0.07901990279947986,0.33568519341156555,0.973894601832656,histamine_blindspot,0.07901990279947986,0.24906688471870347,True,histamine_blindspot,0.07901990279947986,0.9224815171881662,0.9323647515728891,False,0.9973537708425986,0.999999993271446,0.9323647515728891,0.9955895264672375,0.9999091276964287,0.9224815171881662,,1.0,-14.678710784584428,1.0,False,histamine_blindspot,0.07901990279947986,False,False,ACH,False
Tm8a,234,-0.0,ACH,1.0,1.0,0.0,0.0,0.0,0.0,0.0,1.0,False,False,False,-15.081761699856864,0.09682513359413968,0.333672003628133,0.999999999997836,histamine_blindspot,0.09682513359413968,0.24906688471870347,True,histamine_blindspot,0.09682513359413968,0.9232738634894522,0.9323647515728891,False,0.9973537708425986,0.999999993271446,0.9323647515728891,0.974278118356929,0.99990571183534,0.9232738634894522,,1.0,-14.16583782311946,1.0,False,histamine_blindspot,0.09682513359413968,False,False,,
KCapbp-ap1,280,-0.0,ACH,1.0,1.0,0.0,0.0,0.0,0.0,0.0,1.0,False,False,False,-15.715394627837268,0.09682513359413968,0.333672003628133,0.999999999997836,histamine_blindspot,0.09682513359413968,0.24906688471870347,True,histamine_blindspot,0.09682513359413968,0.9232738634894522,0.9323647515728891,False,0.9973537708425986,0.999999993271446,0.9323647515728891,0.974278118356929,0.99990571183534,0.9232738634894522,,1.0,-15.593275661358778,1.0,False,histamine_blindspot,0.09682513359413968,False,False,ACH,False
Mi9,1193,0.6046549048915433,GLUT,0.8549874266554903,0.0008382229673093043,0.14417435037720033,0.8549874266554903,0.0,0.0,0.0,1.0,False,False,False,-15.759551291236043,0.17258625781801273,0.9103879433922893,0.16860451596371384,Dm_GLUT_confusion,0.16860451596371384,0.12,False,histamine_blindspot,0.17258625781801273,0.5026910237695729,0.9323647515728891,False,0.9973537708425986,0.999999993271446,0.9323647515728891,0.5026910237695729,0.993819859168549,0.5026910237695729,,1.0,-16.03820429540478,1.0,False,histamine_blindspot,0.17258625781801273,False,False,GLUT,False
Dm3q,622,0.3861116724709729,GLUT,0.932475884244373,0.003215434083601286,0.06270096463022508,0.932475884244373,0.0,0.0,0.001607717041800643,0.9983922829581994,False,False,False,-15.839805651998564,0.23204131355234808,0.9271273868328164,0.26198014943333114,histamine_blindspot,0.23204131355234808,0.24906688471870347,True,histamine_blindspot,0.23204131355234808,0.5026910237695729,0.9323647515728891,False,0.9973537708425986,0.999999993271446,0.9323647515728891,0.5054310119508028,0.9946621748667083,0.5026910237695729,,1.0,-15.742727558182839,1.0,False,histamine_blindspot,0.23204131355234808,False,False,GLUT,False
TmY20,282,-0.0,ACH,1.0,1.0,0.0,0.0,0.0,0.0,0.0,1.0,False,False,False,-16.253121004369206,0.09682513359413968,0.333672003628133,0.999999999997836,histamine_blindspot,0.09682513359413968,0.24906688471870347,True,histamine_blindspot,0.09682513359413968,0.9232738634894522,0.9323647515728891,False,0.9973537708425986,0.999999993271446,0.9323647515728891,0.974278118356929,0.99990571183534,0.9232738634894522,,1.0,-15.62616769453593,1.0,False,histamine_blindspot,0.09682513359413968,False,False,ACH,False
KCg-d,295,-0.0,ACH,1.0,1.0,0.0,0.0,0.0,0.0,0.0,1.0,False,False,False,-16.29522957157031,0.09682513359413968,0.333672003628133,0.999999999997836,histamine_blindspot,0.09682513359413968,0.24906688471870347,True,histamine_blindspot,0.09682513359413968,0.9232738634894522,0.9323647515728891,False,0.9973537708425986,0.999999993271446,0.9323647515728891,0.974278118356929,0.99990571183534,0.9232738634894522,,1.0,-15.941447509617703,1.0,False,histamine_blindspot,0.09682513359413968,False,False,ACH,False
Tm5e,414,0.1677101119629532,GLUT,0.9782608695652174,0.004830917874396135,0.016908212560386472,0.9782608695652174,0.0,0.0,0.0,1.0,False,False,False,-16.39032105120171,0.2995557840093258,0.9521310905104106,0.34409605194712617,histamine_blindspot,0.2995557840093258,0.24906688471870347,False,histamine_blindspot,0.2995557840093258,0.5081609173902348,0.9323647515728891,False,0.9973537708425986,0.999999993271446,0.9323647515728891,0.5081609173902348,0.9951647638460437,0.5081609173902348,,1.0,-16.371214147623512,1.0,False,histamine_blindspot,0.2995557840093258,False,False,GLUT,False
KCapbp-m,338,-0.0,ACH,1.0,1.0,0.0,0.0,0.0,0.0,0.0,1.0,False,False,False,-16.65627563164735,0.09682513359413968,0.333672003628133,0.999999999997836,histamine_blindspot,0.09682513359413968,0.24906688471870347,True,histamine_blindspot,0.09682513359413968,0.9232738634894522,0.9323647515728891,False,0.9973537708425986,0.999999993271446,0.9323647515728891,0.974278118356929,0.99990571183534,0.9232738634894522,,1.0,-17.14431886871424,1.0,False,histamine_blindspot,0.09682513359413968,False,False,ACH,False
TmY31,317,-0.0,ACH,1.0,1.0,0.0,0.0,0.0,0.0,0.0,1.0,False,False,False,-16.787740209286554,0.09682513359413968,0.333672003628133,0.999999999997836,histamine_blindspot,0.09682513359413968,0.24906688471870347,True,histamine_blindspot,0.09682513359413968,0.9232738634894522,0.9323647515728891,False,0.9973537708425986,0.999999993271446,0.9323647515728891,0.974278118356929,0.99990571183534,0.9232738634894522,,1.0,-16.409128798797365,1.0,False,histamine_blindspot,0.09682513359413968,False,False,,
KCapbp-ap2,298,-0.0,ACH,1.0,1.0,0.0,0.0,0.0,0.0,0.0,1.0,False,False,False,-16.812038461258364,0.09682513359413968,0.333672003628133,0.999999999997836,histamine_blindspot,0.09682513359413968,0.24906688471870347,True,histamine_blindspot,0.09682513359413968,0.9232738634894522,0.9323647515728891,False,0.9973537708425986,0.999999993271446,0.9323647515728891,0.974278118356929,0.99990571183534,0.9232738634894522,,1.0,-15.926081979243556,1.0,False,histamine_blindspot,0.09682513359413968,False,False,ACH,False
Dm3p,681,0.355593725736809,GLUT,0.9353891336270193,0.0014684287812041115,0.0631424375917768,0.9353891336270191,0.0,0.0,0.0,1.0,False,False,False,-16.82759990564846,0.23964874139150089,0.9336498257543109,0.260479685778374,histamine_blindspot,0.23964874139150089,0.24906688471870347,True,histamine_blindspot,0.23964874139150089,0.5026910237695729,0.9323647515728891,False,0.9973537708425986,0.999999993271446,0.9323647515728891,0.5054310119508028,0.9946621748667083,0.5026910237695729,,1.0,-17.23243093177352,1.0,False,histamine_blindspot,0.23964874139150089,False,False,GLUT,False
Tm16,343,-0.0,ACH,1.0,1.0,0.0,0.0,0.0,0.0,0.0,1.0,False,False,False,-16.968836114778842,0.09682513359413968,0.333672003628133,0.999999999997836,histamine_blindspot,0.09682513359413968,0.24906688471870347,True,histamine_blindspot,0.09682513359413968,0.9232738634894522,0.9323647515728891,False,0.9973537708425986,0.999999993271446,0.9323647515728891,0.974278118356929,0.99990571183534,0.9232738634894522,,1.0,-17.191385493596904,1.0,False,histamine_blindspot,0.09682513359413968,False,False,ACH,False
Tm5c,533,0.2234183481482849,GLUT,0.9662288930581614,0.001876172607879925,0.03189493433395872,0.9662288930581614,0.0,0.0,0.0,1.0,False,False,False,-17.066965463240734,0.28021566874492887,0.9497748880887366,0.3118936883745742,histamine_blindspot,0.28021566874492887,0.24906688471870347,False,histamine_blindspot,0.28021566874492887,0.5054310119508028,0.9323647515728891,False,0.9973537708425986,0.999999993271446,0.9323647515728891,0.5054310119508028,0.9946621748667083,0.5054310119508028,,1.0,-17.64210384175192,1.0,False,histamine_blindspot,0.28021566874492887,False,False,,
TmY9q,353,-0.0,ACH,1.0,1.0,0.0,0.0,0.0,0.0,0.0,1.0,False,False,False,-17.2140053788039,0.09682513359413968,0.333672003628133,0.999999999997836,histamine_blindspot,0.09682513359413968,0.24906688471870347,True,histamine_blindspot,0.09682513359413968,0.9232738634894522,0.9323647515728891,False,0.9973537708425986,0.999999993271446,0.9323647515728891,0.974278118356929,0.99990571183534,0.9232738634894522,,1.0,-17.536599251997625,1.0,False,histamine_blindspot,0.09682513359413968,False,False,,
TmY9q__perp,372,-0.0,ACH,1.0,1.0,0.0,0.0,0.0,0.0,0.0,1.0,False,False,False,-17.673962550468296,0.09682513359413968,0.333672003628133,0.999999999997836,histamine_blindspot,0.09682513359413968,0.24906688471870347,True,histamine_blindspot,0.09682513359413968,0.9232738634894522,0.9323647515728891,False,0.9973537708425986,0.999999993271446,0.9323647515728891,0.974278118356929,0.99990571183534,0.9232738634894522,,1.0,-17.984321025839698,1.0,False,histamine_blindspot,0.09682513359413968,False,False,,
TmY11,374,-0.0,ACH,1.0,1.0,0.0,0.0,0.0,0.0,0.0,1.0,False,False,False,-17.929239665685092,0.09682513359413968,0.333672003628133,0.999999999997836,histamine_blindspot,0.09682513359413968,0.24906688471870347,True,histamine_blindspot,0.09682513359413968,0.9232738634894522,0.9323647515728891,False,0.9973537708425986,0.999999993271446,0.9323647515728891,0.974278118356929,0.99990571183534,0.9232738634894522,,1.0,-17.938439149059146,1.0,False,histamine_blindspot,0.09682513359413968,False,False,ACH,False
Sm02,378,-0.0,ACH,1.0,1.0,0.0,0.0,0.0,0.0,0.0,1.0,False,False,False,-18.075856479655567,0.09682513359413968,0.333672003628133,0.999999999997836,histamine_blindspot,0.09682513359413968,0.24906688471870347,True,histamine_blindspot,0.09682513359413968,0.9232738634894522,0.9323647515728891,False,0.9973537708425986,0.999999993271446,0.9323647515728891,0.974278118356929,0.99990571183534,0.9232738634894522,,1.0,-18.014953247724396,1.0,False,histamine_blindspot,0.09682513359413968,False,False,,
Mi10,405,-0.0,ACH,1.0,1.0,0.0,0.0,0.0,0.0,0.0,1.0,False,False,False,-18.55444242295919,0.09682513359413968,0.333672003628133,0.999999999997836,histamine_blindspot,0.09682513359413968,0.24906688471870347,True,histamine_blindspot,0.09682513359413968,0.9232738634894522,0.9323647515728891,False,0.9973537708425986,0.999999993271446,0.9323647515728891,0.974278118356929,0.99990571183534,0.9232738634894522,,1.0,-18.76587181997618,1.0,False,histamine_blindspot,0.09682513359413968,False,False,,
TmY10,446,0.0229640725550059,ACH,0.9977578475336324,0.9977578475336323,0.0,0.002242152466367713,0.0,0.0,0.0,1.0,False,False,False,-18.969993216269025,0.08941550150295513,0.3342981413903702,0.9899883100311078,histamine_blindspot,0.08941550150295513,0.24906688471870347,True,histamine_blindspot,0.08941550150295513,0.9232738634894522,0.9323647515728891,False,0.9973537708425986,0.999999993271446,0.9323647515728891,0.9958205947209379,0.99990571183534,0.9232738634894522,,1.0,-19.207637542136045,1.0,False,histamine_blindspot,0.08941550150295513,False,False,,
Tm5a,451,-0.0,ACH,1.0,1.0,0.0,0.0,0.0,0.0,0.0,1.0,False,False,False,-19.346687765165854,0.09682513359413968,0.333672003628133,0.999999999997836,histamine_blindspot,0.09682513359413968,0.24906688471870347,True,histamine_blindspot,0.09682513359413968,0.9232738634894522,0.9323647515728891,False,0.9973537708425986,0.999999993271446,0.9323647515728891,0.974278118356929,0.99990571183534,0.9232738634894522,,1.0,-19.59521771598366,1.0,False,histamine_blindspot,0.09682513359413968,False,False,,
TmY4,430,0.0236958349678206,ACH,0.9976744186046512,0.9976744186046511,0.002325581395348837,0.0,0.0,0.0,0.0,1.0,False,False,False,-19.591520144807905,0.09265056305536833,0.3272857107697831,0.9883879407876915,histamine_blindspot,0.09265056305536833,0.24906688471870347,True,histamine_blindspot,0.09265056305536833,0.9232738634894522,0.9323647515728891,False,0.9973537708425986,0.999999993271446,0.9323647515728891,0.9915908853110702,0.99990571183534,0.9232738634894522,,1.0,-18.923326019622795,1.0,False,histamine_blindspot,0.09265056305536833,False,False,ACH,False
Tm7,484,-0.0,ACH,1.0,1.0,0.0,0.0,0.0,0.0,0.0,1.0,False,False,False,-19.73540146295835,0.09682513359413968,0.333672003628133,0.999999999997836,histamine_blindspot,0.09682513359413968,0.24906688471870347,True,histamine_blindspot,0.09682513359413968,0.9232738634894522,0.9323647515728891,False,0.9973537708425986,0.999999993271446,0.9323647515728891,0.974278118356929,0.99990571183534,0.9232738634894522,,1.0,-20.428328778661765,1.0,False,histamine_blindspot,0.09682513359413968,False,False,,
Tm5b,456,-0.0,ACH,1.0,1.0,0.0,0.0,0.0,0.0,0.0,1.0,False,False,False,-19.850449110404845,0.09682513359413968,0.333672003628133,0.999999999997836,histamine_blindspot,0.09682513359413968,0.24906688471870347,True,histamine_blindspot,0.09682513359413968,0.9232738634894522,0.9323647515728891,False,0.9973537708425986,0.999999993271446,0.9323647515728891,0.974278118356929,0.99990571183534,0.9232738634894522,,1.0,-19.755886298474618,1.0,False,histamine_blindspot,0.09682513359413968,False,False,,
L4,1110,0.3976686342847273,ACH,0.9378378378378378,0.9378378378378378,0.027927927927927927,0.03423423423423423,0.0,0.0,0.0,1.0,False,False,False,-21.29113932183896,0.03927053712408982,0.3130972143625721,0.8311365614258434,histamine_blindspot,0.03927053712408982,0.24906688471870347,True,histamine_blindspot,0.03927053712408982,0.9054682456112287,0.9323647515728891,False,0.9973537708425986,0.999999993271446,0.9323647515728891,0.9595423747528938,0.99990571183534,0.9054682456112287,,1.0,-21.061190202705802,1.0,False,histamine_blindspot,0.03927053712408982,False,False,ACH,False
Y3,602,-0.0,ACH,1.0,1.0,0.0,0.0,0.0,0.0,0.0,1.0,False,False,False,-21.96958666598789,0.09682513359413968,0.333672003628133,0.999999999997836,histamine_blindspot,0.09682513359413968,0.24906688471870347,True,histamine_blindspot,0.09682513359413968,0.9232738634894522,0.9323647515728891,False,0.9973537708425986,0.999999993271446,0.9323647515728891,0.974278118356929,0.99990571183534,0.9232738634894522,,1.0,-23.0271247688545,1.0,False,histamine_blindspot,0.09682513359413968,False,False,,
TmY3,726,0.0150764831002062,ACH,0.9986225895316804,0.9986225895316805,0.0,0.0013774104683195593,0.0,0.0,0.0,1.0,False,False,False,-24.673748925639625,0.09179183710545907,0.3340565176757972,0.9933665264378297,histamine_blindspot,0.09179183710545907,0.24906688471870347,True,histamine_blindspot,0.09179183710545907,0.9232738634894522,0.9323647515728891,False,0.9973537708425986,0.999999993271446,0.9323647515728891,0.9959330389753015,0.99990571183534,0.9232738634894522,,1.0,-25.08033878528437,1.0,False,histamine_blindspot,0.09179183710545907,False,False,ACH,False
T4d,1220,0.301201886956432,ACH,0.9565573770491804,0.9565573770491803,0.020491803278688523,0.022950819672131147,0.0,0.0,0.0,1.0,False,False,False,-24.74049750491652,0.04855382791575624,0.3140500538668498,0.8706921616291299,histamine_blindspot,0.04855382791575624,0.24906688471870347,True,histamine_blindspot,0.04855382791575624,0.9134028220977867,0.9323647515728891,False,0.9973537708425986,0.999999993271446,0.9323647515728891,0.9595423747528938,0.99990571183534,0.9134028220977867,,1.0,-24.577678836063775,1.0,False,histamine_blindspot,0.04855382791575624,False,False,ACH,False
T5d,1138,0.2388913378955883,ACH,0.9666080843585236,0.9666080843585237,0.008787346221441126,0.02460456942003515,0.0,0.0,0.0,1.0,False,False,False,-24.9160391535233,0.048600316274320716,0.3246151466954744,0.899024391163123,histamine_blindspot,0.048600316274320716,0.24906688471870347,True,histamine_blindspot,0.048600316274320716,0.9159454781669207,0.9323647515728891,False,0.9973537708425986,0.999999993271446,0.9323647515728891,0.9694290072229479,0.9999091276964287,0.9159454781669207,,1.0,-25.531917216286136,1.0,False,histamine_blindspot,0.048600316274320716,False,False,ACH,False
Tm25,715,0.015277601572357,ACH,0.9986013986013986,0.9986013986013986,0.0,0.0013986013986013986,0.0,0.0,0.0,1.0,False,False,False,-25.11746436373037,0.09172973659192074,0.33406243671059305,0.9932798494349104,histamine_blindspot,0.09172973659192074,0.24906688471870347,True,histamine_blindspot,0.09172973659192074,0.9232738634894522,0.9323647515728891,False,0.9973537708425986,0.999999993271446,0.9323647515728891,0.9959330389753015,0.99990571183534,0.9232738634894522,,1.0,-24.904428118303066,1.0,False,histamine_blindspot,0.09172973659192074,False,False,ACH,False
Tm5f,799,-0.0,ACH,1.0,1.0,0.0,0.0,0.0,0.0,0.0,1.0,False,False,False,-26.97553687895263,0.09682513359413968,0.333672003628133,0.999999999997836,histamine_blindspot,0.09682513359413968,0.24906688471870347,True,histamine_blindspot,0.09682513359413968,0.9232738634894522,0.9323647515728891,False,0.9973537708425986,0.999999993271446,0.9323647515728891,0.974278118356929,0.99990571183534,0.9232738634894522,,1.0,-26.29022846032538,1.0,False,histamine_blindspot,0.09682513359413968,False,False,,
Tm27,1102,0.020956975673495,ACH,0.998185117967332,0.9981851179673321,0.0009074410163339383,0.0009074410163339383,0.0,0.0,0.0,0.9999999999999999,False,False,False,-29.908660193443108,0.0910169724388463,0.33082555818249526,0.9904525377850546,histamine_blindspot,0.0910169724388463,0.24906688471870347,True,histamine_blindspot,0.0910169724388463,0.9232738634894522,0.9323647515728891,False,0.9973537708425986,0.999999993271446,0.9323647515728891,0.9672409554522599,0.99990571183534,0.9232738634894522,,1.0,-30.489518338237012,1.0,False,histamine_blindspot,0.0910169724388463,False,False,ACH,False
TmY5a,1151,0.0993154929733502,GLUT,0.9887054735013032,0.0034752389226759338,0.007819287576020852,0.9887054735013032,0.0,0.0,0.0,1.0,False,False,False,-30.20485602564061,0.32323219482312204,0.9680911727539567,0.36724386419653854,histamine_blindspot,0.32323219482312204,0.24906688471870347,False,histamine_blindspot,0.32323219482312204,0.5081609173902348,0.9323647515728891,False,0.9973537708425986,0.999999993271446,0.9323647515728891,0.5081609173902348,0.9959428251818235,0.5081609173902348,,1.0,-29.361441233468117,1.0,False,histamine_blindspot,0.32323219482312204,False,False,GLUT,False
Dm2,1218,-0.0,ACH,1.0,1.0,0.0,0.0,0.0,0.0,0.0,1.0,False,False,False,-31.93209350960645,0.09682513359413968,0.333672003628133,0.999999999997836,histamine_blindspot,0.09682513359413968,0.24906688471870347,True,histamine_blindspot,0.09682513359413968,0.9232738634894522,0.9323647515728891,False,0.9973537708425986,0.999999993271446,0.9323647515728891,0.974278118356929,0.99990571183534,0.9232738634894522,,1.0,-32.88546230051041,1.0,False,histamine_blindspot,0.09682513359413968,False,False,,
T4a,1375,0.0693870830624957,ACH,0.9927272727272728,0.9927272727272727,0.0036363636363636364,0.0036363636363636364,0.0,0.0,0.0,1.0,False,False,False,-32.422983784256274,0.08062712552451487,0.3258485391238011,0.9690081240568779,histamine_blindspot,0.08062712552451487,0.24906688471870347,True,histamine_blindspot,0.08062712552451487,0.9216837345698737,0.9323647515728891,False,0.9973537708425986,0.999999993271446,0.9323647515728891,0.9667911807580175,0.9999091276964287,0.9216837345698737,,1.0,-33.08393973097976,1.0,False,histamine_blindspot,0.08062712552451487,False,False,ACH,False
Tm21,1272,0.0092413606528279,ACH,0.9992138364779874,0.9992138364779874,0.0007861635220125787,0.0,0.0,0.0,0.0,1.0,False,False,False,-32.87434452453432,0.0948221022067867,0.330905637473805,0.9954599916401621,histamine_blindspot,0.0948221022067867,0.24906688471870347,True,histamine_blindspot,0.0948221022067867,0.9232738634894522,0.9323647515728891,False,0.9973537708425986,0.999999993271446,0.9323647515728891,0.9915908853110702,0.99990571183534,0.9232738634894522,,1.0,-33.26007182894589,1.0,False,histamine_blindspot,0.0948221022067867,False,False,,
T5c,1459,0.0520524255222436,ACH,0.9945167923235092,0.9945167923235092,0.0006854009595613434,0.004797806716929404,0.0,0.0,0.0,1.0,False,False,False,-33.74753024586315,0.08176301749883566,0.3325348367587588,0.977355490602737,histamine_blindspot,0.08176301749883566,0.24906688471870347,True,histamine_blindspot,0.08176301749883566,0.9224815171881662,0.9323647515728891,False,0.9973537708425986,0.999999993271446,0.9323647515728891,0.9750327457561601,0.99990571183534,0.9224815171881662,,1.0,-34.740399589930114,1.0,False,histamine_blindspot,0.08176301749883566,False,False,ACH,False
Tm20,1459,0.0232048833878691,ACH,0.997943797121316,0.997943797121316,0.0013708019191226869,0.0006854009595613434,0.0,0.0,0.0,1.0,False,False,False,-34.13236561654916,0.09101839875687909,0.3295846281639508,0.9893517566270307,histamine_blindspot,0.09101839875687909,0.24906688471870347,True,histamine_blindspot,0.09101839875687909,0.9232738634894522,0.9323647515728891,False,0.9973537708425986,0.999999993271446,0.9323647515728891,0.9681282847435423,0.99990571183534,0.9232738634894522,,1.0,-35.6133123390031,1.0,False,histamine_blindspot,0.09101839875687909,False,False,ACH,False
L3,1379,0.0243738898315388,ACH,0.997824510514866,0.9978245105148659,0.0014503263234227702,0.0007251631617113851,0.0,0.0,0.0,1.0,False,False,False,-34.16330274704463,0.09076775549678753,0.3294057981959163,0.9888224204423344,histamine_blindspot,0.09076775549678753,0.24906688471870347,True,histamine_blindspot,0.09076775549678753,0.9232738634894522,0.9323647515728891,False,0.9973537708425986,0.999999993271446,0.9323647515728891,0.9681282847435423,0.99990571183534,0.9232738634894522,,1.0,-34.38090646230205,1.0,False,histamine_blindspot,0.09076775549678753,False,False,ACH,False
T4b,1427,0.0300790999177059,ACH,0.9971969166082691,0.9971969166082691,0.002102312543798178,0.000700770847932726,0.0,0.0,0.0,1.0,False,False,False,-34.20789225788913,0.09000631347441435,0.3279445935500991,0.9860944959304029,histamine_blindspot,0.09000631347441435,0.24906688471870347,True,histamine_blindspot,0.09000631347441435,0.9232738634894522,0.9323647515728891,False,0.9973537708425986,0.999999993271446,0.9323647515728891,0.9667911807580175,0.99990571183534,0.9232738634894522,,1.0,-34.564428435831026,1.0,False,histamine_blindspot,0.09000631347441435,False,False,ACH,False
T5a,1393,0.0564936564751057,ACH,0.994256999282125,0.994256999282125,0.0021536252692031586,0.003589375448671931,0.0,0.0,0.0,1.0,False,False,False,-34.380825487032475,0.08219484371375613,0.3286456004722025,0.9748878472766831,histamine_blindspot,0.08219484371375613,0.24906688471870347,True,histamine_blindspot,0.08219484371375613,0.9224815171881662,0.9323647515728891,False,0.9973537708425986,0.999999993271446,0.9323647515728891,0.9698545833368749,0.99990571183534,0.9224815171881662,,1.0,-33.496574287096,1.0,False,histamine_blindspot,0.08219484371375613,False,False,ACH,False
L5,1427,0.0728488946009994,ACH,0.99229152067274,0.9922915206727401,0.00350385423966363,0.004204625087596356,0.0,0.0,0.0,1.0,False,False,False,-34.51898644589968,0.07949386314089306,0.32623919302541093,0.9675966551145898,histamine_blindspot,0.07949386314089306,0.24906688471870347,True,histamine_blindspot,0.07949386314089306,0.9216837345698737,0.9323647515728891,False,0.9973537708425986,0.999999993271446,0.9323647515728891,0.9681282847435423,0.9999091276964287,0.9216837345698737,,1.0,-33.30114911363817,1.0,False,histamine_blindspot,0.07949386314089306,False,False,ACH,False
T5b,1414,0.0238473760719591,ACH,0.997878359264498,0.9978783592644979,0.0014144271570014145,0.0007072135785007072,0.0,0.0,0.0,1.0,False,False,False,-34.947293269802536,0.09088033159178147,0.3294861355768398,0.9890607762032076,histamine_blindspot,0.09088033159178147,0.24906688471870347,True,histamine_blindspot,0.09088033159178147,0.9232738634894522,0.9323647515728891,False,0.9973537708425986,0.999999993271446,0.9323647515728891,0.9681282847435423,0.99990571183534,0.9232738634894522,,1.0,-34.772350125015265,1.0,False,histamine_blindspot,0.09088033159178147,False,False,ACH,False
T2,1456,-0.0,ACH,1.0,1.0,0.0,0.0,0.0,0.0,0.0,1.0,False,False,False,-34.956266977450646,0.09682513359413968,0.333672003628133,0.999999999997836,histamine_blindspot,0.09682513359413968,0.24906688471870347,True,histamine_blindspot,0.09682513359413968,0.9232738634894522,0.9323647515728891,False,0.9973537708425986,0.999999993271446,0.9323647515728891,0.974278118356929,0.99990571183534,0.9232738634894522,,1.0,-36.051681260569886,1.0,False,histamine_blindspot,0.09682513359413968,False,False,ACH,False
Mi1,1487,0.0209706762303368,ACH,0.9979825151311366,0.9979825151311366,0.0,0.0020174848688634837,0.0,0.0,0.0,1.0,False,False,False,-35.268480238449555,0.09000534047969524,0.33423534872938665,0.9908382465600885,histamine_blindspot,0.09000534047969524,0.24906688471870347,True,histamine_blindspot,0.09000534047969524,0.9232738634894522,0.9323647515728891,False,0.9973537708425986,0.999999993271446,0.9323647515728891,0.9958205947209379,0.99990571183534,0.9232738634894522,,1.0,-35.6362251788239,1.0,False,histamine_blindspot,0.09000534047969524,False,False,ACH,False
Tm9,1518,0.0145055340008581,ACH,0.9986824769433466,0.9986824769433466,0.0013175230566534915,0.0,0.0,0.0,0.0,1.0,False,False,False,-36.602508712613215,0.09394532071343711,0.32952220191785386,0.9928818865007263,histamine_blindspot,0.09394532071343711,0.24906688471870347,True,histamine_blindspot,0.09394532071343711,0.9232738634894522,0.9323647515728891,False,0.9973537708425986,0.999999993271446,0.9323647515728891,0.9915908853110702,0.99990571183534,0.9232738634894522,,1.0,-36.20635340482064,1.0,False,histamine_blindspot,0.09394532071343711,False,False,ACH,False
Tm4,1488,-0.0,ACH,1.0,1.0,0.0,0.0,0.0,0.0,0.0,1.0,False,False,False,-36.83486152348822,0.09682513359413968,0.333672003628133,0.999999999997836,histamine_blindspot,0.09682513359413968,0.24906688471870347,True,histamine_blindspot,0.09682513359413968,0.9232738634894522,0.9323647515728891,False,0.9973537708425986,0.999999993271446,0.9323647515728891,0.974278118356929,0.99990571183534,0.9232738634894522,,1.0,-36.54730395229326,1.0,False,histamine_blindspot,0.09682513359413968,False,False,ACH,False
Tm1,1553,-0.0,ACH,1.0,1.0,0.0,0.0,0.0,0.0,0.0,1.0,False,False,False,-37.07008191749031,0.09682513359413968,0.333672003628133,0.999999999997836,histamine_blindspot,0.09682513359413968,0.24906688471870347,True,histamine_blindspot,0.09682513359413968,0.9232738634894522,0.9323647515728891,False,0.9973537708425986,0.999999993271446,0.9323647515728891,0.974278118356929,0.99990571183534,0.9232738634894522,,1.0,-37.39147098574123,1.0,False,histamine_blindspot,0.09682513359413968,False,False,ACH,False
L2,1562,-0.0,ACH,1.0,1.0,0.0,0.0,0.0,0.0,0.0,1.0,False,False,False,-37.55110451568322,0.09682513359413968,0.333672003628133,0.999999999997836,histamine_blindspot,0.09682513359413968,0.24906688471870347,True,histamine_blindspot,0.09682513359413968,0.9232738634894522,0.9323647515728891,False,0.9973537708425986,0.999999993271446,0.9323647515728891,0.974278118356929,0.99990571183534,0.9232738634894522,,1.0,-36.94060098868317,1.0,False,histamine_blindspot,0.09682513359413968,False,False,ACH,False
T4c,1605,-0.0,ACH,1.0,1.0,0.0,0.0,0.0,0.0,0.0,1.0,False,False,False,-37.73873420049739,0.09682513359413968,0.333672003628133,0.999999999997836,histamine_blindspot,0.09682513359413968,0.24906688471870347,True,histamine_blindspot,0.09682513359413968,0.9232738634894522,0.9323647515728891,False,0.9973537708425986,0.999999993271446,0.9323647515728891,0.974278118356929,0.99990571183534,0.9232738634894522,,1.0,-37.450615001219944,1.0,False,histamine_blindspot,0.09682513359413968,False,False,ACH,False
KCab,1643,-0.0,ACH,1.0,1.0,0.0,0.0,0.0,0.0,0.0,1.0,False,False,False,-37.91410905439752,0.09682513359413968,0.333672003628133,0.999999999997836,histamine_blindspot,0.09682513359413968,0.24906688471870347,True,histamine_blindspot,0.09682513359413968,0.9232738634894522,0.9323647515728891,False,0.9973537708425986,0.999999993271446,0.9323647515728891,0.974278118356929,0.99990571183534,0.9232738634894522,,1.0,-38.46828109529017,1.0,False,histamine_blindspot,0.09682513359413968,False,False,ACH,False
Tm2,1548,-0.0,ACH,1.0,1.0,0.0,0.0,0.0,0.0,0.0,1.0,False,False,False,-37.936632572452375,0.09682513359413968,0.333672003628133,0.999999999997836,histamine_blindspot,0.09682513359413968,0.24906688471870347,True,histamine_blindspot,0.09682513359413968,0.9232738634894522,0.9323647515728891,False,0.9973537708425986,0.999999993271446,0.9323647515728891,0.974278118356929,0.99990571183534,0.9232738634894522,,1.0,-37.161721700638395,1.0,False,histamine_blindspot,0.09682513359413968,False,False,ACH,False
T3,1673,-0.0,ACH,1.0,1.0,0.0,0.0,0.0,0.0,0.0,1.0,False,False,False,-39.09157614391718,0.09682513359413968,0.333672003628133,0.999999999997836,histamine_blindspot,0.09682513359413968,0.24906688471870347,True,histamine_blindspot,0.09682513359413968,0.9232738634894522,0.9323647515728891,False,0.9973537708425986,0.999999993271446,0.9323647515728891,0.974278118356929,0.99990571183534,0.9232738634894522,,1.0,-38.34453203764903,1.0,False,histamine_blindspot,0.09682513359413968,False,False,ACH,False
Tm3,1743,-0.0,ACH,1.0,1.0,0.0,0.0,0.0,0.0,0.0,1.0,False,False,False,-39.69967734060794,0.09682513359413968,0.333672003628133,0.999999999997836,histamine_blindspot,0.09682513359413968,0.24906688471870347,True,histamine_blindspot,0.09682513359413968,0.9232738634894522,0.9323647515728891,False,0.9973537708425986,0.999999993271446,0.9323647515728891,0.974278118356929,0.99990571183534,0.9232738634894522,,1.0,-39.18073423054594,1.0,False,histamine_blindspot,0.09682513359413968,False,False,ACH,False
T2a,1753,-0.0,ACH,1.0,1.0,0.0,0.0,0.0,0.0,0.0,1.0,False,False,False,-39.996087217011365,0.09682513359413968,0.333672003628133,0.999999999997836,histamine_blindspot,0.09682513359413968,0.24906688471870347,True,histamine_blindspot,0.09682513359413968,0.9232738634894522,0.9323647515728891,False,0.9973537708425986,0.999999993271446,0.9323647515728891,0.974278118356929,0.99990571183534,0.9232738634894522,,1.0,-39.667221060885346,1.0,False,histamine_blindspot,0.09682513359413968,False,False,,
KCg-m,2189,-0.0,ACH,1.0,1.0,0.0,0.0,0.0,0.0,0.0,1.0,False,False,False,-45.14538892450315,0.09682513359413968,0.333672003628133,0.999999999997836,histamine_blindspot,0.09682513359413968,0.24906688471870347,True,histamine_blindspot,0.09682513359413968,0.9232738634894522,0.9323647515728891,False,0.9973537708425986,0.999999993271446,0.9323647515728891,0.974278118356929,0.99990571183534,0.9232738634894522,,1.0,-44.29161074644903,1.0,False,histamine_blindspot,0.09682513359413968,False,False,ACH,False
AN_GNG_69,10,0.8812908992306927,GABA,0.7,0.0,0.7,0.0,0.0,0.3,0.0,0.7,False,False,False,-0.2400279090248863,0.47254573195320415,0.4846970846653379,0.22307370868478063,Dm_GLUT_confusion,0.22307370868478063,0.12,False,Dm_GLUT_confusion,0.22307370868478063,0.3524253749640026,0.9973537708425986,False,0.9973537708425986,0.999999993271446,0.9323647515728891,0.3524253749640026,0.8243080111010853,0.4002948992112402,,0.6917654117294135,-0.2585582731361243,1.0,False,Dm_GLUT_confusion,0.22307370868478063,False,False,,
LHAV4a4,17,0.9366673818775626,GLUT,0.6470588235294118,0.0,0.35294117647058826,0.6470588235294118,0.0,0.0,0.0,1.0,False,False,False,-0.3549674404265274,0.10021888469059359,0.8828295473052699,0.0441200823437365,Dm_GLUT_confusion,0.0441200823437365,0.12,True,Dm_GLUT_confusion,0.0441200823437365,0.074594901996617,0.9973537708425986,False,0.9973537708425986,0.999999993271446,0.9323647515728891,0.074594901996617,0.9928597492054725,0.11952926731246094,,0.7218139093045348,-0.4338247448761522,1.0,False,Dm_GLUT_confusion,0.0441200823437365,False,False,,
DmDRA2,19,0.8997437586982626,GLUT,0.6842105263157895,0.0,0.3157894736842105,0.6842105263157895,0.0,0.0,0.0,1.0,False,False,False,-0.6604684786080255,0.10725644694525127,0.8869525113560488,0.05898765168282688,Dm_GLUT_confusion,0.05898765168282688,0.12,True,Dm_GLUT_confusion,0.05898765168282688,0.07874159528353941,0.9973537708425986,False,0.9973537708425986,0.999999993271446,0.9323647515728891,0.07874159528353941,0.9930285415850167,0.14735243610007398,,0.7894105294735263,-0.6327976018968625,1.0,False,Dm_GLUT_confusion,0.05898765168282688,False,False,,
DNg08_a,10,0.7219280948873623,GLUT,0.8,0.0,0.2,0.8,0.0,0.0,0.0,1.0,False,False,False,-0.6682124354922164,0.14556054223383993,0.9034798083927645,0.12374286200382482,Dm_GLUT_confusion,0.12374286200382482,0.12,False,Dm_GLUT_confusion,0.12374286200382482,0.48603831630528105,0.9973537708425986,False,0.9973537708425986,0.999999993271446,0.9323647515728891,0.48603831630528105,0.9933553956812694,0.4971807248389222,,0.8145092745362732,-0.6665760066186335,1.0,False,Dm_GLUT_confusion,0.12374286200382482,False,False,,
Dm4,60,0.960362270315478,GLUT,0.6166666666666667,0.0,0.38333333333333336,0.6166666666666667,0.0,0.0,0.0,1.0,False,False,False,-1.2100622022626808,0.09603548638092133,0.8797466371105476,0.03372805092646519,Dm_GLUT_confusion,0.03372805092646519,0.12,True,Dm_GLUT_confusion,0.03372805092646519,0.053674695749626355,0.9973537708425986,False,0.9973537708425986,0.999999993271446,0.9323647515728891,0.053674695749626355,0.992687287581675,0.10742212237371995,,0.8874056297185141,-1.1904627740841294,1.0,False,Dm_GLUT_confusion,0.03372805092646519,False,False,GLUT,True
Tlp14,48,0.77655578544446,GLUT,0.7708333333333334,0.0,0.22916666666666666,0.7708333333333334,0.0,0.0,0.0,1.0,False,False,False,-1.9541832792901763,0.13319161668358614,0.8986297699613343,0.10438034281441794,Dm_GLUT_confusion,0.10438034281441794,0.12,True,Dm_GLUT_confusion,0.10438034281441794,0.17458319501959263,0.9973537708425986,False,0.9973537708425986,0.999999993271446,0.9323647515728891,0.17458319501959263,0.9933553956812694,0.4888391912369816,,0.976451177441128,-2.0501982362524562,1.0,False,Dm_GLUT_confusion,0.10438034281441794,False,False,GLUT,True
EL,16,0.3372900666170139,GABA,0.9375,0.0,0.9375,0.0,0.0,0.0,0.0625,0.9375,False,False,False,-2.2009879437759885,0.3945878035373708,0.8455156404233655,0.09891995295795027,Dm_GLUT_confusion,0.09891995295795027,0.12,True,Dm_GLUT_confusion,0.09891995295795027,0.34914652231397814,0.9973537708425986,False,0.9973537708425986,0.999999993271446,0.9323647515728891,0.34914652231397814,0.8951423602162724,0.4002948992112402,,0.9945002749862507,-2.293140997745917,1.0,False,Dm_GLUT_confusion,0.09891995295795027,False,False,OCT,False
Dm11,107,0.8913309584070233,GLUT,0.6915887850467289,0.0,0.308411214953271,0.6915887850467289,0.0,0.0,0.0,1.0,False,False,False,-2.310739365991491,0.10892172482770329,0.8878244576455853,0.06224185507365622,Dm_GLUT_confusion,0.06224185507365622,0.12,True,Dm_GLUT_confusion,0.06224185507365622,0.08699778258050139,0.9973537708425986,False,0.9973537708425986,0.999999993271446,0.9323647515728891,0.08699778258050139,0.9930285415850167,0.14735243610007398,,0.9866506674666267,-2.2973569813903363,1.0,False,Dm_GLUT_confusion,0.06224185507365622,False,False,GLUT,True
PVLP111,10,-0.0,GABA,1.0,0.0,1.0,0.0,0.0,0.0,0.0,1.0,False,False,False,-2.5000447703300663,0.4065830134715794,0.8430007575133767,0.07010458174424741,Dm_GLUT_confusion,0.07010458174424741,0.12,True,Dm_GLUT_confusion,0.07010458174424741,0.34914652231397814,0.9973537708425986,False,0.9973537708425986,0.999999993271446,0.9323647515728891,0.34914652231397814,0.8951423602162724,0.40649335223924354,,1.0,-2.5149336972795613,1.0,False,Dm_GLUT_confusion,0.07010458174424741,False,False,,
ER3a_b,11,-0.0,GABA,1.0,0.0,1.0,0.0,0.0,0.0,0.0,1.0,False,False,False,-2.540262293501184,0.4065830134715794,0.8430007575133767,0.07010458174424741,Dm_GLUT_confusion,0.07010458174424741,0.12,True,Dm_GLUT_confusion,0.07010458174424741,0.34914652231397814,0.9973537708425986,False,0.9973537708425986,0.999999993271446,0.9323647515728891,0.34914652231397814,0.8951423602162724,0.40649335223924354,,1.0,-2.6846802473988585,1.0,False,Dm_GLUT_confusion,0.07010458174424741,False,False,,
WEDPN1A,10,-0.0,GABA,1.0,0.0,1.0,0.0,0.0,0.0,0.0,1.0,False,False,False,-2.549365273924384,0.4065830134715794,0.8430007575133767,0.07010458174424741,Dm_GLUT_confusion,0.07010458174424741,0.12,True,Dm_GLUT_confusion,0.07010458174424741,0.34914652231397814,0.9973537708425986,False,0.9973537708425986,0.999999993271446,0.9323647515728891,0.34914652231397814,0.8951423602162724,0.40649335223924354,,1.0,-2.5149336972795613,1.0,False,Dm_GLUT_confusion,0.07010458174424741,False,False,GABA,False
LHPV2a1_c,10,-0.0,GABA,1.0,0.0,1.0,0.0,0.0,0.0,0.0,1.0,False,False,False,-2.568876400489812,0.4065830134715794,0.8430007575133767,0.07010458174424741,Dm_GLUT_confusion,0.07010458174424741,0.12,True,Dm_GLUT_confusion,0.07010458174424741,0.34914652231397814,0.9973537708425986,False,0.9973537708425986,0.999999993271446,0.9323647515728891,0.34914652231397814,0.8951423602162724,0.40649335223924354,,1.0,-2.5149336972795613,1.0,False,Dm_GLUT_confusion,0.07010458174424741,False,False,,
PLP160,10,-0.0,GABA,1.0,0.0,1.0,0.0,0.0,0.0,0.0,1.0,False,False,False,-2.587160939358629,0.4065830134715794,0.8430007575133767,0.07010458174424741,Dm_GLUT_confusion,0.07010458174424741,0.12,True,Dm_GLUT_confusion,0.07010458174424741,0.34914652231397814,0.9973537708425986,False,0.9973537708425986,0.999999993271446,0.9323647515728891,0.34914652231397814,0.8951423602162724,0.40649335223924354,,1.0,-2.5149336972795613,1.0,False,Dm_GLUT_confusion,0.07010458174424741,False,False,,
LHAV4b2,10,-0.0,GABA,1.0,0.0,1.0,0.0,0.0,0.0,0.0,1.0,False,False,False,-2.605655609391319,0.4065830134715794,0.8430007575133767,0.07010458174424741,Dm_GLUT_confusion,0.07010458174424741,0.12,True,Dm_GLUT_confusion,0.07010458174424741,0.34914652231397814,0.9973537708425986,False,0.9973537708425986,0.999999993271446,0.9323647515728891,0.34914652231397814,0.8951423602162724,0.40649335223924354,,1.0,-2.5149336972795613,1.0,False,Dm_GLUT_confusion,0.07010458174424741,False,False,GABA,False
Li24,10,-0.0,GABA,1.0,0.0,1.0,0.0,0.0,0.0,0.0,1.0,False,False,False,-2.6063419576734965,0.4065830134715794,0.8430007575133767,0.07010458174424741,Dm_GLUT_confusion,0.07010458174424741,0.12,True,Dm_GLUT_confusion,0.07010458174424741,0.34914652231397814,0.9973537708425986,False,0.9973537708425986,0.999999993271446,0.9323647515728891,0.34914652231397814,0.8951423602162724,0.40649335223924354,,1.0,-2.5149336972795613,1.0,False,Dm_GLUT_confusion,0.07010458174424741,False,False,,
WED031,11,-0.0,GABA,1.0,0.0,1.0,0.0,0.0,0.0,0.0,1.0,False,False,False,-2.649013601355327,0.4065830134715794,0.8430007575133767,0.07010458174424741,Dm_GLUT_confusion,0.07010458174424741,0.12,True,Dm_GLUT_confusion,0.07010458174424741,0.34914652231397814,0.9973537708425986,False,0.9973537708425986,0.999999993271446,0.9323647515728891,0.34914652231397814,0.8951423602162724,0.40649335223924354,,1.0,-2.6846802473988585,1.0,False,Dm_GLUT_confusion,0.07010458174424741,False,False,,
CB0986,11,-0.0,GABA,1.0,0.0,1.0,0.0,0.0,0.0,0.0,1.0,False,False,False,-2.672978034592322,0.4065830134715794,0.8430007575133767,0.07010458174424741,Dm_GLUT_confusion,0.07010458174424741,0.12,True,Dm_GLUT_confusion,0.07010458174424741,0.34914652231397814,0.9973537708425986,False,0.9973537708425986,0.999999993271446,0.9323647515728891,0.34914652231397814,0.8951423602162724,0.40649335223924354,,1.0,-2.6846802473988585,1.0,False,Dm_GLUT_confusion,0.07010458174424741,False,False,,
PS096,11,-0.0,GABA,1.0,0.0,1.0,0.0,0.0,0.0,0.0,1.0,False,False,False,-2.7082441519167517,0.4065830134715794,0.8430007575133767,0.07010458174424741,Dm_GLUT_confusion,0.07010458174424741,0.12,True,Dm_GLUT_confusion,0.07010458174424741,0.34914652231397814,0.9973537708425986,False,0.9973537708425986,0.999999993271446,0.9323647515728891,0.34914652231397814,0.8951423602162724,0.40649335223924354,,1.0,-2.6846802473988585,1.0,False,Dm_GLUT_confusion,0.07010458174424741,False,False,GABA,False
CB2054,11,-0.0,GABA,1.0,0.0,1.0,0.0,0.0,0.0,0.0,1.0,False,False,False,-2.750696456629212,0.4065830134715794,0.8430007575133767,0.07010458174424741,Dm_GLUT_confusion,0.07010458174424741,0.12,True,Dm_GLUT_confusion,0.07010458174424741,0.34914652231397814,0.9973537708425986,False,0.9973537708425986,0.999999993271446,0.9323647515728891,0.34914652231397814,0.8951423602162724,0.40649335223924354,,1.0,-2.6846802473988585,1.0,False,Dm_GLUT_confusion,0.07010458174424741,False,False,,
CB1055,12,-0.0,GABA,1.0,0.0,1.0,0.0,0.0,0.0,0.0,1.0,False,False,False,-2.7542926300462898,0.4065830134715794,0.8430007575133767,0.07010458174424741,Dm_GLUT_confusion,0.07010458174424741,0.12,True,Dm_GLUT_confusion,0.07010458174424741,0.34914652231397814,0.9973537708425986,False,0.9973537708425986,0.999999993271446,0.9323647515728891,0.34914652231397814,0.8951423602162724,0.40649335223924354,,1.0,-2.8176556091474656,1.0,False,Dm_GLUT_confusion,0.07010458174424741,False,False,,
CB1141,11,-0.0,GABA,1.0,0.0,1.0,0.0,0.0,0.0,0.0,1.0,False,False,False,-2.777531672076627,0.4065830134715794,0.8430007575133767,0.07010458174424741,Dm_GLUT_confusion,0.07010458174424741,0.12,True,Dm_GLUT_confusion,0.07010458174424741,0.34914652231397814,0.9973537708425986,False,0.9973537708425986,0.999999993271446,0.9323647515728891,0.34914652231397814,0.8951423602162724,0.40649335223924354,,1.0,-2.6846802473988585,1.0,False,Dm_GLUT_confusion,0.07010458174424741,False,False,,
ER4m,11,-0.0,GABA,1.0,0.0,1.0,0.0,0.0,0.0,0.0,1.0,False,False,False,-2.785039841246465,0.4065830134715794,0.8430007575133767,0.07010458174424741,Dm_GLUT_confusion,0.07010458174424741,0.12,True,Dm_GLUT_confusion,0.07010458174424741,0.34914652231397814,0.9973537708425986,False,0.9973537708425986,0.999999993271446,0.9323647515728891,0.34914652231397814,0.8951423602162724,0.40649335223924354,,1.0,-2.6846802473988585,1.0,False,Dm_GLUT_confusion,0.07010458174424741,False,False,"DA,GABA",False
CB1761,12,-0.0,GABA,1.0,0.0,1.0,0.0,0.0,0.0,0.0,1.0,False,False,False,-2.804315597022095,0.4065830134715794,0.8430007575133767,0.07010458174424741,Dm_GLUT_confusion,0.07010458174424741,0.12,True,Dm_GLUT_confusion,0.07010458174424741,0.34914652231397814,0.9973537708425986,False,0.9973537708425986,0.999999993271446,0.9323647515728891,0.34914652231397814,0.8951423602162724,0.40649335223924354,,1.0,-2.8176556091474656,1.0,False,Dm_GLUT_confusion,0.07010458174424741,False,False,,
CL122_a,12,-0.0,GABA,1.0,0.0,1.0,0.0,0.0,0.0,0.0,1.0,False,False,False,-2.804870763036224,0.4065830134715794,0.8430007575133767,0.07010458174424741,Dm_GLUT_confusion,0.07010458174424741,0.12,True,Dm_GLUT_confusion,0.07010458174424741,0.34914652231397814,0.9973537708425986,False,0.9973537708425986,0.999999993271446,0.9323647515728891,0.34914652231397814,0.8951423602162724,0.40649335223924354,,1.0,-2.8176556091474656,1.0,False,Dm_GLUT_confusion,0.07010458174424741,False,False,GABA,False
CB1042,12,-0.0,GABA,1.0,0.0,1.0,0.0,0.0,0.0,0.0,1.0,False,False,False,-2.8415298252505288,0.4065830134715794,0.8430007575133767,0.07010458174424741,Dm_GLUT_confusion,0.07010458174424741,0.12,True,Dm_GLUT_confusion,0.07010458174424741,0.34914652231397814,0.9973537708425986,False,0.9973537708425986,0.999999993271446,0.9323647515728891,0.34914652231397814,0.8951423602162724,0.40649335223924354,,1.0,-2.8176556091474656,1.0,False,Dm_GLUT_confusion,0.07010458174424741,False,False,,
AN_AVLP_GNG_23,12,-0.0,GABA,1.0,0.0,1.0,0.0,0.0,0.0,0.0,1.0,False,False,False,-2.8450147791038507,0.4065830134715794,0.8430007575133767,0.07010458174424741,Dm_GLUT_confusion,0.07010458174424741,0.12,True,Dm_GLUT_confusion,0.07010458174424741,0.34914652231397814,0.9973537708425986,False,0.9973537708425986,0.999999993271446,0.9323647515728891,0.34914652231397814,0.8951423602162724,0.40649335223924354,,1.0,-2.8176556091474656,1.0,False,Dm_GLUT_confusion,0.07010458174424741,False,False,,
cM19,13,-0.0,GABA,1.0,0.0,1.0,0.0,0.0,0.0,0.0,1.0,False,False,False,-2.9078916788417413,0.4065830134715794,0.8430007575133767,0.07010458174424741,Dm_GLUT_confusion,0.07010458174424741,0.12,True,Dm_GLUT_confusion,0.07010458174424741,0.34914652231397814,0.9973537708425986,False,0.9973537708425986,0.999999993271446,0.9323647515728891,0.34914652231397814,0.8951423602162724,0.40649335223924354,,1.0,-2.9577851898774936,1.0,False,Dm_GLUT_confusion,0.07010458174424741,False,False,,
AOTU059,13,-0.0,GABA,1.0,0.0,1.0,0.0,0.0,0.0,0.0,1.0,False,False,False,-2.978682558022696,0.4065830134715794,0.8430007575133767,0.07010458174424741,Dm_GLUT_confusion,0.07010458174424741,0.12,True,Dm_GLUT_confusion,0.07010458174424741,0.34914652231397814,0.9973537708425986,False,0.9973537708425986,0.999999993271446,0.9323647515728891,0.34914652231397814,0.8951423602162724,0.40649335223924354,,1.0,-2.9577851898774936,1.0,False,Dm_GLUT_confusion,0.07010458174424741,False,False,,
M_vPNml53,13,-0.0,GABA,1.0,0.0,1.0,0.0,0.0,0.0,0.0,1.0,False,False,False,-2.997499400311103,0.4065830134715794,0.8430007575133767,0.07010458174424741,Dm_GLUT_confusion,0.07010458174424741,0.12,True,Dm_GLUT_confusion,0.07010458174424741,0.34914652231397814,0.9973537708425986,False,0.9973537708425986,0.999999993271446,0.9323647515728891,0.34914652231397814,0.8951423602162724,0.40649335223924354,,1.0,-2.9577851898774936,1.0,False,Dm_GLUT_confusion,0.07010458174424741,False,False,GABA,False
WED033,14,-0.0,GABA,1.0,0.0,1.0,0.0,0.0,0.0,0.0,1.0,False,False,False,-3.09390949302813,0.4065830134715794,0.8430007575133767,0.07010458174424741,Dm_GLUT_confusion,0.07010458174424741,0.12,True,Dm_GLUT_confusion,0.07010458174424741,0.34914652231397814,0.9973537708425986,False,0.9973537708425986,0.999999993271446,0.9323647515728891,0.34914652231397814,0.8951423602162724,0.40649335223924354,,1.0,-3.121904137849455,1.0,False,Dm_GLUT_confusion,0.07010458174424741,False,False,,
CRE043,14,-0.0,GABA,1.0,0.0,1.0,0.0,0.0,0.0,0.0,1.0,False,False,False,-3.1654416768749623,0.4065830134715794,0.8430007575133767,0.07010458174424741,Dm_GLUT_confusion,0.07010458174424741,0.12,True,Dm_GLUT_confusion,0.07010458174424741,0.34914652231397814,0.9973537708425986,False,0.9973537708425986,0.999999993271446,0.9323647515728891,0.34914652231397814,0.8951423602162724,0.40649335223924354,,1.0,-3.121904137849455,1.0,False,Dm_GLUT_confusion,0.07010458174424741,False,False,,
Sm27,14,-0.0,GABA,1.0,0.0,1.0,0.0,0.0,0.0,0.0,1.0,False,False,False,-3.2079999452105503,0.4065830134715794,0.8430007575133767,0.07010458174424741,Dm_GLUT_confusion,0.07010458174424741,0.12,True,Dm_GLUT_confusion,0.07010458174424741,0.34914652231397814,0.9973537708425986,False,0.9973537708425986,0.999999993271446,0.9323647515728891,0.34914652231397814,0.8951423602162724,0.40649335223924354,,1.0,-3.121904137849455,1.0,False,Dm_GLUT_confusion,0.07010458174424741,False,False,,
PVLP097,14,-0.0,GABA,1.0,0.0,1.0,0.0,0.0,0.0,0.0,1.0,False,False,False,-3.2158492595454216,0.4065830134715794,0.8430007575133767,0.07010458174424741,Dm_GLUT_confusion,0.07010458174424741,0.12,True,Dm_GLUT_confusion,0.07010458174424741,0.34914652231397814,0.9973537708425986,False,0.9973537708425986,0.999999993271446,0.9323647515728891,0.34914652231397814,0.8951423602162724,0.40649335223924354,,1.0,-3.121904137849455,1.0,False,Dm_GLUT_confusion,0.07010458174424741,False,False,,
ER3m,15,-0.0,GABA,1.0,0.0,1.0,0.0,0.0,0.0,0.0,1.0,False,False,False,-3.277878846025502,0.4065830134715794,0.8430007575133767,0.07010458174424741,Dm_GLUT_confusion,0.07010458174424741,0.12,True,Dm_GLUT_confusion,0.07010458174424741,0.34914652231397814,0.9973537708425986,False,0.9973537708425986,0.999999993271446,0.9323647515728891,0.34914652231397814,0.8951423602162724,0.40649335223924354,,1.0,-3.257425539571592,1.0,False,Dm_GLUT_confusion,0.07010458174424741,False,False,GABA,False
LPi04,72,0.6500224216483541,GLUT,0.8333333333333334,0.0,0.16666666666666666,0.8333333333333334,0.0,0.0,0.0,1.0,False,False,False,-3.297124194212393,0.16254744081950556,0.9098579861690435,0.14904095396516925,Dm_GLUT_confusion,0.14904095396516925,0.12,False,Dm_GLUT_confusion,0.14904095396516925,0.5026910237695729,0.9973537708425986,False,0.9973537708425986,0.999999993271446,0.9323647515728891,0.5026910237695729,0.9935135930582429,0.5054310119508028,,0.9991000449977501,-3.4617046436645413,1.0,False,Dm_GLUT_confusion,0.14904095396516925,False,False,,
Li22,17,-0.0,GABA,1.0,0.0,1.0,0.0,0.0,0.0,0.0,1.0,False,False,False,-3.442198696008686,0.4065830134715794,0.8430007575133767,0.07010458174424741,Dm_GLUT_confusion,0.07010458174424741,0.12,True,Dm_GLUT_confusion,0.07010458174424741,0.34914652231397814,0.9973537708425986,False,0.9973537708425986,0.999999993271446,0.9323647515728891,0.34914652231397814,0.8951423602162724,0.40649335223924354,,1.0,-3.543777090931869,1.0,False,Dm_GLUT_confusion,0.07010458174424741,False,False,GABA,False
CB0979,16,-0.0,GABA,1.0,0.0,1.0,0.0,0.0,0.0,0.0,1.0,False,False,False,-3.539623914411766,0.4065830134715794,0.8430007575133767,0.07010458174424741,Dm_GLUT_confusion,0.07010458174424741,0.12,True,Dm_GLUT_confusion,0.07010458174424741,0.34914652231397814,0.9973537708425986,False,0.9973537708425986,0.999999993271446,0.9323647515728891,0.34914652231397814,0.8951423602162724,0.40649335223924354,,1.0,-3.3717491545884113,1.0,False,Dm_GLUT_confusion,0.07010458174424741,False,False,,
ER3p_a,17,-0.0,GABA,1.0,0.0,1.0,0.0,0.0,0.0,0.0,1.0,False,False,False,-3.546182022622262,0.4065830134715794,0.8430007575133767,0.07010458174424741,Dm_GLUT_confusion,0.07010458174424741,0.12,True,Dm_GLUT_confusion,0.07010458174424741,0.34914652231397814,0.9973537708425986,False,0.9973537708425986,0.999999993271446,0.9323647515728891,0.34914652231397814,0.8951423602162724,0.40649335223924354,,1.0,-3.543777090931869,1.0,False,Dm_GLUT_confusion,0.07010458174424741,False,False,GABA,False
CB1231,18,-0.0,GABA,1.0,0.0,1.0,0.0,0.0,0.0,0.0,1.0,False,False,False,-3.6141308216248897,0.4065830134715794,0.8430007575133767,0.07010458174424741,Dm_GLUT_confusion,0.07010458174424741,0.12,True,Dm_GLUT_confusion,0.07010458174424741,0.34914652231397814,0.9973537708425986,False,0.9973537708425986,0.999999993271446,0.9323647515728891,0.34914652231397814,0.8951423602162724,0.40649335223924354,,1.0,-3.6641720852979187,1.0,False,Dm_GLUT_confusion,0.07010458174424741,False,False,GABA,False
Li21,18,-0.0,GABA,1.0,0.0,1.0,0.0,0.0,0.0,0.0,1.0,False,False,False,-3.6781546547243,0.4065830134715794,0.8430007575133767,0.07010458174424741,Dm_GLUT_confusion,0.07010458174424741,0.12,True,Dm_GLUT_confusion,0.07010458174424741,0.34914652231397814,0.9973537708425986,False,0.9973537708425986,0.999999993271446,0.9323647515728891,0.34914652231397814,0.8951423602162724,0.40649335223924354,,1.0,-3.6641720852979187,1.0,False,Dm_GLUT_confusion,0.07010458174424741,False,False,,
ER5,21,-0.0,GABA,1.0,0.0,1.0,0.0,0.0,0.0,0.0,1.0,False,False,False,-3.855616705838248,0.4065830134715794,0.8430007575133767,0.07010458174424741,Dm_GLUT_confusion,0.07010458174424741,0.12,True,Dm_GLUT_confusion,0.07010458174424741,0.34914652231397814,0.9973537708425986,False,0.9973537708425986,0.999999993271446,0.9323647515728891,0.34914652231397814,0.8951423602162724,0.40649335223924354,,1.0,-4.000039583285908,1.0,False,Dm_GLUT_confusion,0.07010458174424741,False,False,GABA,False
WED057,21,-0.0,GABA,1.0,0.0,1.0,0.0,0.0,0.0,0.0,1.0,False,False,False,-4.004927177933687,0.4065830134715794,0.8430007575133767,0.07010458174424741,Dm_GLUT_confusion,0.07010458174424741,0.12,True,Dm_GLUT_confusion,0.07010458174424741,0.34914652231397814,0.9973537708425986,False,0.9973537708425986,0.999999993271446,0.9323647515728891,0.34914652231397814,0.8951423602162724,0.40649335223924354,,1.0,-4.000039583285908,1.0,False,Dm_GLUT_confusion,0.07010458174424741,False,False,GABA,False
Li07,22,-0.0,GABA,1.0,0.0,1.0,0.0,0.0,0.0,0.0,1.0,False,False,False,-4.049345315169836,0.4065830134715794,0.8430007575133767,0.07010458174424741,Dm_GLUT_confusion,0.07010458174424741,0.12,True,Dm_GLUT_confusion,0.07010458174424741,0.34914652231397814,0.9973537708425986,False,0.9973537708425986,0.999999993271446,0.9323647515728891,0.34914652231397814,0.8951423602162724,0.40649335223924354,,1.0,-4.10427802308335,1.0,False,Dm_GLUT_confusion,0.07010458174424741,False,False,,
ER3a_a,23,-0.0,GABA,1.0,0.0,1.0,0.0,0.0,0.0,0.0,1.0,False,False,False,-4.163182257389664,0.4065830134715794,0.8430007575133767,0.07010458174424741,Dm_GLUT_confusion,0.07010458174424741,0.12,True,Dm_GLUT_confusion,0.07010458174424741,0.34914652231397814,0.9973537708425986,False,0.9973537708425986,0.999999993271446,0.9323647515728891,0.34914652231397814,0.8951423602162724,0.40649335223924354,,1.0,-4.256200310178775,1.0,False,Dm_GLUT_confusion,0.07010458174424741,False,False,,
ER4d,24,-0.0,GABA,1.0,0.0,1.0,0.0,0.0,0.0,0.0,1.0,False,False,False,-4.234415462528773,0.4065830134715794,0.8430007575133767,0.07010458174424741,Dm_GLUT_confusion,0.07010458174424741,0.12,True,Dm_GLUT_confusion,0.07010458174424741,0.34914652231397814,0.9973537708425986,False,0.9973537708425986,0.999999993271446,0.9323647515728891,0.34914652231397814,0.8951423602162724,0.40649335223924354,,1.0,-4.353164856483041,1.0,False,Dm_GLUT_confusion,0.07010458174424741,False,False,GABA,False
Sm31,23,-0.0,GABA,1.0,0.0,1.0,0.0,0.0,0.0,0.0,1.0,False,False,False,-4.242043956112079,0.4065830134715794,0.8430007575133767,0.07010458174424741,Dm_GLUT_confusion,0.07010458174424741,0.12,True,Dm_GLUT_confusion,0.07010458174424741,0.34914652231397814,0.9973537708425986,False,0.9973537708425986,0.999999993271446,0.9323647515728891,0.34914652231397814,0.8951423602162724,0.40649335223924354,,1.0,-4.256200310178775,1.0,False,Dm_GLUT_confusion,0.07010458174424741,False,False,,
Li04,26,-0.0,GABA,1.0,0.0,1.0,0.0,0.0,0.0,0.0,1.0,False,False,False,-4.343411746682108,0.4065830134715794,0.8430007575133767,0.07010458174424741,Dm_GLUT_confusion,0.07010458174424741,0.12,True,Dm_GLUT_confusion,0.07010458174424741,0.34914652231397814,0.9973537708425986,False,0.9973537708425986,0.999999993271446,0.9323647515728891,0.34914652231397814,0.8951423602162724,0.40649335223924354,,1.0,-4.511794266868126,1.0,False,Dm_GLUT_confusion,0.07010458174424741,False,False,GABA,False
LPi11,35,0.1871762568732081,GABA,0.9714285714285714,0.0,0.9714285714285714,0.02857142857142857,0.0,0.0,0.0,1.0,False,False,False,-4.45503809484148,0.3357644712388256,0.8441308688326172,0.028683224076897676,Dm_GLUT_confusion,0.028683224076897676,0.12,True,Dm_GLUT_confusion,0.028683224076897676,0.3458566204657988,0.9973537708425986,False,0.9973537708425986,0.999999993271446,0.9323647515728891,0.3458566204657988,0.9111584924913231,0.40339949234587635,,1.0,-4.454980956688279,1.0,False,Dm_GLUT_confusion,0.028683224076897676,False,False,GLUT,True
ER3w,25,-0.0,GABA,1.0,0.0,1.0,0.0,0.0,0.0,0.0,1.0,False,False,False,-4.526722348235161,0.4065830134715794,0.8430007575133767,0.07010458174424741,Dm_GLUT_confusion,0.07010458174424741,0.12,True,Dm_GLUT_confusion,0.07010458174424741,0.34914652231397814,0.9973537708425986,False,0.9973537708425986,0.999999993271446,0.9323647515728891,0.34914652231397814,0.8951423602162724,0.40649335223924354,,1.0,-4.469673296482072,1.0,False,Dm_GLUT_confusion,0.07010458174424741,False,False,GABA,False
Sm30,26,-0.0,GABA,1.0,0.0,1.0,0.0,0.0,0.0,0.0,1.0,False,False,False,-4.558064090593346,0.4065830134715794,0.8430007575133767,0.07010458174424741,Dm_GLUT_confusion,0.07010458174424741,0.12,True,Dm_GLUT_confusion,0.07010458174424741,0.34914652231397814,0.9973537708425986,False,0.9973537708425986,0.999999993271446,0.9323647515728891,0.34914652231397814,0.8951423602162724,0.40649335223924354,,1.0,-4.511794266868126,1.0,False,Dm_GLUT_confusion,0.07010458174424741,False,False,GABA,False
ER1,27,-0.0,GABA,1.0,0.0,1.0,0.0,0.0,0.0,0.0,1.0,False,False,False,-4.600857845683465,0.4065830134715794,0.8430007575133767,0.07010458174424741,Dm_GLUT_confusion,0.07010458174424741,0.12,True,Dm_GLUT_confusion,0.07010458174424741,0.34914652231397814,0.9973537708425986,False,0.9973537708425986,0.999999993271446,0.9323647515728891,0.34914652231397814,0.8951423602162724,0.40649335223924354,,1.0,-4.640663149832997,1.0,False,Dm_GLUT_confusion,0.07010458174424741,False,False,GABA,False
Li14,26,-0.0,GABA,1.0,0.0,1.0,0.0,0.0,0.0,0.0,1.0,False,False,False,-4.761004498238974,0.4065830134715794,0.8430007575133767,0.07010458174424741,Dm_GLUT_confusion,0.07010458174424741,0.12,True,Dm_GLUT_confusion,0.07010458174424741,0.34914652231397814,0.9973537708425986,False,0.9973537708425986,0.999999993271446,0.9323647515728891,0.34914652231397814,0.8951423602162724,0.40649335223924354,,1.0,-4.511794266868126,1.0,False,Dm_GLUT_confusion,0.07010458174424741,False,False,,
Li18,32,-0.0,GABA,1.0,0.0,1.0,0.0,0.0,0.0,0.0,1.0,False,False,False,-5.004587379071503,0.4065830134715794,0.8430007575133767,0.07010458174424741,Dm_GLUT_confusion,0.07010458174424741,0.12,True,Dm_GLUT_confusion,0.07010458174424741,0.34914652231397814,0.9973537708425986,False,0.9973537708425986,0.999999993271446,0.9323647515728891,0.34914652231397814,0.8951423602162724,0.40649335223924354,,1.0,-5.121787425667026,1.0,False,Dm_GLUT_confusion,0.07010458174424741,False,False,GABA,False
Li15,32,-0.0,GABA,1.0,0.0,1.0,0.0,0.0,0.0,0.0,1.0,False,False,False,-5.269897519983106,0.4065830134715794,0.8430007575133767,0.07010458174424741,Dm_GLUT_confusion,0.07010458174424741,0.12,True,Dm_GLUT_confusion,0.07010458174424741,0.34914652231397814,0.9973537708425986,False,0.9973537708425986,0.999999993271446,0.9323647515728891,0.34914652231397814,0.8951423602162724,0.40649335223924354,,1.0,-5.121787425667026,1.0,False,Dm_GLUT_confusion,0.07010458174424741,False,False,,
Pm11,33,-0.0,GABA,1.0,0.0,1.0,0.0,0.0,0.0,0.0,1.0,False,False,False,-5.287624924793211,0.4065830134715794,0.8430007575133767,0.07010458174424741,Dm_GLUT_confusion,0.07010458174424741,0.12,True,Dm_GLUT_confusion,0.07010458174424741,0.34914652231397814,0.9973537708425986,False,0.9973537708425986,0.999999993271446,0.9323647515728891,0.34914652231397814,0.8951423602162724,0.40649335223924354,,1.0,-5.157259110645131,1.0,False,Dm_GLUT_confusion,0.07010458174424741,False,False,GABA,False
Li16,36,-0.0,GABA,1.0,0.0,1.0,0.0,0.0,0.0,0.0,1.0,False,False,False,-5.309997464756536,0.4065830134715794,0.8430007575133767,0.07010458174424741,Dm_GLUT_confusion,0.07010458174424741,0.12,True,Dm_GLUT_confusion,0.07010458174424741,0.34914652231397814,0.9973537708425986,False,0.9973537708425986,0.999999993271446,0.9323647515728891,0.34914652231397814,0.8951423602162724,0.40649335223924354,,1.0,-5.4072380465884935,1.0,False,Dm_GLUT_confusion,0.07010458174424741,False,False,,
Mi2,563,0.8991204715122233,GLUT,0.7229129662522202,0.007104795737122558,0.2699822380106572,0.7229129662522202,0.0,0.0,0.0,1.0,False,False,False,-5.483028438908899,0.1008573811834027,0.8660300735035104,0.08319878864344256,Dm_GLUT_confusion,0.08319878864344256,0.12,True,Dm_GLUT_confusion,0.08319878864344256,0.1315264313763823,0.9973537708425986,False,0.9973537708425986,0.999999993271446,0.9323647515728891,0.1315264313763823,0.9930285415850167,0.14735243610007398,,1.0,-5.4886350344491746,1.0,False,Dm_GLUT_confusion,0.08319878864344256,False,False,,
LMa2,37,-0.0,GABA,1.0,0.0,1.0,0.0,0.0,0.0,0.0,1.0,False,False,False,-5.552822205052019,0.4065830134715794,0.8430007575133767,0.07010458174424741,Dm_GLUT_confusion,0.07010458174424741,0.12,True,Dm_GLUT_confusion,0.07010458174424741,0.34914652231397814,0.9973537708425986,False,0.9973537708425986,0.999999993271446,0.9323647515728891,0.34914652231397814,0.8951423602162724,0.40649335223924354,,1.0,-5.515660757649952,1.0,False,Dm_GLUT_confusion,0.07010458174424741,False,False,,
cLP03,39,-0.0,GABA,1.0,0.0,1.0,0.0,0.0,0.0,0.0,1.0,False,False,False,-5.583858137050667,0.4065830134715794,0.8430007575133767,0.07010458174424741,Dm_GLUT_confusion,0.07010458174424741,0.12,True,Dm_GLUT_confusion,0.07010458174424741,0.34914652231397814,0.9973537708425986,False,0.9973537708425986,0.999999993271446,0.9323647515728891,0.34914652231397814,0.8951423602162724,0.40649335223924354,,1.0,-5.660005411734255,1.0,False,Dm_GLUT_confusion,0.07010458174424741,False,False,,
Dm6,48,0.1460942501201363,GABA,0.9791666666666666,0.0,0.9791666666666666,0.020833333333333332,0.0,0.0,0.0,1.0,False,True,False,-5.703868832945663,0.3503082429107607,0.8438216358984187,0.03551593777586393,Dm_GLUT_confusion,0.03551593777586393,0.12,True,Dm_GLUT_confusion,0.03551593777586393,0.3458566204657988,0.9973537708425986,False,0.9973537708425986,0.999999993271446,0.9323647515728891,0.3458566204657988,0.9094948415340538,0.40339949234587635,,1.0,-5.562326281043128,1.0,False,Dm_GLUT_confusion,0.03551593777586393,False,False,,
Pm07,41,-0.0,GABA,1.0,0.0,1.0,0.0,0.0,0.0,0.0,1.0,False,False,False,-5.805630396380543,0.4065830134715794,0.8430007575133767,0.07010458174424741,Dm_GLUT_confusion,0.07010458174424741,0.12,True,Dm_GLUT_confusion,0.07010458174424741,0.34914652231397814,0.9973537708425986,False,0.9973537708425986,0.999999993271446,0.9323647515728891,0.34914652231397814,0.8951423602162724,0.40649335223924354,,1.0,-5.916828925634585,1.0,False,Dm_GLUT_confusion,0.07010458174424741,False,False,,
Sm23,41,-0.0,GABA,1.0,0.0,1.0,0.0,0.0,0.0,0.0,1.0,False,False,False,-5.812584684649353,0.4065830134715794,0.8430007575133767,0.07010458174424741,Dm_GLUT_confusion,0.07010458174424741,0.12,True,Dm_GLUT_confusion,0.07010458174424741,0.34914652231397814,0.9973537708425986,False,0.9973537708425986,0.999999993271446,0.9323647515728891,0.34914652231397814,0.8951423602162724,0.40649335223924354,,1.0,-5.916828925634585,1.0,False,Dm_GLUT_confusion,0.07010458174424741,False,False,,
Sm18,39,-0.0,GABA,1.0,0.0,1.0,0.0,0.0,0.0,0.0,1.0,False,False,False,-5.823182720121703,0.4065830134715794,0.8430007575133767,0.07010458174424741,Dm_GLUT_confusion,0.07010458174424741,0.12,True,Dm_GLUT_confusion,0.07010458174424741,0.34914652231397814,0.9973537708425986,False,0.9973537708425986,0.999999993271446,0.9323647515728891,0.34914652231397814,0.8951423602162724,0.40649335223924354,,1.0,-5.660005411734255,1.0,False,Dm_GLUT_confusion,0.07010458174424741,False,False,,
ER2,41,-0.0,GABA,1.0,0.0,1.0,0.0,0.0,0.0,0.0,1.0,False,False,False,-5.843349220613729,0.4065830134715794,0.8430007575133767,0.07010458174424741,Dm_GLUT_confusion,0.07010458174424741,0.12,True,Dm_GLUT_confusion,0.07010458174424741,0.34914652231397814,0.9973537708425986,False,0.9973537708425986,0.999999993271446,0.9323647515728891,0.34914652231397814,0.8951423602162724,0.40649335223924354,,1.0,-5.916828925634585,1.0,False,Dm_GLUT_confusion,0.07010458174424741,False,False,GABA,False
Sm13,39,-0.0,GABA,1.0,0.0,1.0,0.0,0.0,0.0,0.0,1.0,False,False,False,-5.996945788057045,0.4065830134715794,0.8430007575133767,0.07010458174424741,Dm_GLUT_confusion,0.07010458174424741,0.12,True,Dm_GLUT_confusion,0.07010458174424741,0.34914652231397814,0.9973537708425986,False,0.9973537708425986,0.999999993271446,0.9323647515728891,0.34914652231397814,0.8951423602162724,0.40649335223924354,,1.0,-5.660005411734255,1.0,False,Dm_GLUT_confusion,0.07010458174424741,False,False,,
Dm8a,268,0.728591328781697,GLUT,0.8097014925373134,0.0,0.1865671641791045,0.8097014925373134,0.0,0.0,0.0037313432835820895,0.9962686567164178,False,False,False,-6.011090053427629,0.1464683837502252,0.9059286785176532,0.13457965099624308,Dm_GLUT_confusion,0.13457965099624308,0.12,False,Dm_GLUT_confusion,0.13457965099624308,0.49162987191268914,0.9973537708425986,False,0.9973537708425986,0.999999993271446,0.9323647515728891,0.49162987191268914,0.9933553956812694,0.4971807248389222,,1.0,-5.8649443717043415,1.0,False,Dm_GLUT_confusion,0.13457965099624308,False,False,,
cLP01,48,-0.0,GABA,1.0,0.0,1.0,0.0,0.0,0.0,0.0,1.0,False,False,False,-6.089079097715673,0.4065830134715794,0.8430007575133767,0.07010458174424741,Dm_GLUT_confusion,0.07010458174424741,0.12,True,Dm_GLUT_confusion,0.07010458174424741,0.34914652231397814,0.9973537708425986,False,0.9973537708425986,0.999999993271446,0.9323647515728891,0.34914652231397814,0.8951423602162724,0.40649335223924354,,1.0,-6.376177220840181,1.0,False,Dm_GLUT_confusion,0.07010458174424741,False,False,,
ER3d,46,-0.0,GABA,1.0,0.0,1.0,0.0,0.0,0.0,0.0,1.0,False,False,False,-6.124148306419798,0.4065830134715794,0.8430007575133767,0.07010458174424741,Dm_GLUT_confusion,0.07010458174424741,0.12,True,Dm_GLUT_confusion,0.07010458174424741,0.34914652231397814,0.9973537708425986,False,0.9973537708425986,0.999999993271446,0.9323647515728891,0.34914652231397814,0.8951423602162724,0.40649335223924354,,1.0,-6.252039427015552,1.0,False,Dm_GLUT_confusion,0.07010458174424741,False,False,GABA,False
Pm10,46,-0.0,GABA,1.0,0.0,1.0,0.0,0.0,0.0,0.0,1.0,False,False,False,-6.163624967264581,0.4065830134715794,0.8430007575133767,0.07010458174424741,Dm_GLUT_confusion,0.07010458174424741,0.12,True,Dm_GLUT_confusion,0.07010458174424741,0.34914652231397814,0.9973537708425986,False,0.9973537708425986,0.999999993271446,0.9323647515728891,0.34914652231397814,0.8951423602162724,0.40649335223924354,,1.0,-6.252039427015552,1.0,False,Dm_GLUT_confusion,0.07010458174424741,False,False,GABA,False
Dm13,49,-0.0,GABA,1.0,0.0,1.0,0.0,0.0,0.0,0.0,1.0,False,False,False,-6.286398507912874,0.4065830134715794,0.8430007575133767,0.07010458174424741,Dm_GLUT_confusion,0.07010458174424741,0.12,True,Dm_GLUT_confusion,0.07010458174424741,0.34914652231397814,0.9973537708425986,False,0.9973537708425986,0.999999993271446,0.9323647515728891,0.34914652231397814,0.8951423602162724,0.40649335223924354,,1.0,-6.439553025007942,1.0,False,Dm_GLUT_confusion,0.07010458174424741,False,False,,
Li08,44,-0.0,GABA,1.0,0.0,1.0,0.0,0.0,0.0,0.0,1.0,False,False,False,-6.286910183001463,0.4065830134715794,0.8430007575133767,0.07010458174424741,Dm_GLUT_confusion,0.07010458174424741,0.12,True,Dm_GLUT_confusion,0.07010458174424741,0.34914652231397814,0.9973537708425986,False,0.9973537708425986,0.999999993271446,0.9323647515728891,0.34914652231397814,0.8951423602162724,0.40649335223924354,,1.0,-6.062008044908933,1.0,False,Dm_GLUT_confusion,0.07010458174424741,False,False,,
Pm06,51,-0.0,GABA,1.0,0.0,1.0,0.0,0.0,0.0,0.0,1.0,False,False,False,-6.381263217554832,0.4065830134715794,0.8430007575133767,0.07010458174424741,Dm_GLUT_confusion,0.07010458174424741,0.12,True,Dm_GLUT_confusion,0.07010458174424741,0.34914652231397814,0.9973537708425986,False,0.9973537708425986,0.999999993271446,0.9323647515728891,0.34914652231397814,0.8951423602162724,0.40649335223924354,,1.0,-6.559186303872291,1.0,False,Dm_GLUT_confusion,0.07010458174424741,False,False,,
Dm18,48,-0.0,GABA,1.0,0.0,1.0,0.0,0.0,0.0,0.0,1.0,False,False,False,-6.504349977723527,0.4065830134715794,0.8430007575133767,0.07010458174424741,Dm_GLUT_confusion,0.07010458174424741,0.12,True,Dm_GLUT_confusion,0.07010458174424741,0.34914652231397814,0.9973537708425986,False,0.9973537708425986,0.999999993271446,0.9323647515728891,0.34914652231397814,0.8951423602162724,0.40649335223924354,,1.0,-6.376177220840181,1.0,False,Dm_GLUT_confusion,0.07010458174424741,False,False,,
Li09,52,-0.0,GABA,1.0,0.0,1.0,0.0,0.0,0.0,0.0,1.0,False,False,False,-6.523179724030999,0.4065830134715794,0.8430007575133767,0.07010458174424741,Dm_GLUT_confusion,0.07010458174424741,0.12,True,Dm_GLUT_confusion,0.07010458174424741,0.34914652231397814,0.9973537708425986,False,0.9973537708425986,0.999999993271446,0.9323647515728891,0.34914652231397814,0.8951423602162724,0.40649335223924354,,1.0,-6.654868599646632,1.0,False,Dm_GLUT_confusion,0.07010458174424741,False,False,,
Pm09,71,0.1067920323758418,GABA,0.9859154929577464,0.014084507042253521,0.9859154929577465,0.0,0.0,0.0,0.0,1.0,False,False,False,-6.924042922508056,0.375570307678344,0.7975589126172651,0.07647934008335897,Dm_GLUT_confusion,0.07647934008335897,0.12,True,Dm_GLUT_confusion,0.07647934008335897,0.35569319700157154,0.9973537708425986,False,0.9973537708425986,0.999999993271446,0.9323647515728891,0.35569319700157154,0.8809376780808764,0.40649335223924354,,1.0,-7.021994084118711,1.0,False,Dm_GLUT_confusion,0.07647934008335897,False,False,GABA,False
Sm32,60,-0.0,GABA,1.0,0.0,1.0,0.0,0.0,0.0,0.0,1.0,False,False,False,-7.038107397011784,0.4065830134715794,0.8430007575133767,0.07010458174424741,Dm_GLUT_confusion,0.07010458174424741,0.12,True,Dm_GLUT_confusion,0.07010458174424741,0.34914652231397814,0.9973537708425986,False,0.9973537708425986,0.999999993271446,0.9323647515728891,0.34914652231397814,0.8951423602162724,0.40649335223924354,,1.0,-7.074130664070368,1.0,False,Dm_GLUT_confusion,0.07010458174424741,False,False,GABA,False
Li11,62,-0.0,GABA,1.0,0.0,1.0,0.0,0.0,0.0,0.0,1.0,False,False,False,-7.26040928321993,0.4065830134715794,0.8430007575133767,0.07010458174424741,Dm_GLUT_confusion,0.07010458174424741,0.12,True,Dm_GLUT_confusion,0.07010458174424741,0.34914652231397814,0.9973537708425986,False,0.9973537708425986,0.999999993271446,0.9323647515728891,0.34914652231397814,0.8951423602162724,0.40649335223924354,,1.0,-7.2535238779043825,1.0,False,Dm_GLUT_confusion,0.07010458174424741,False,False,,
LLPt,68,-0.0,GABA,1.0,0.0,1.0,0.0,0.0,0.0,0.0,1.0,False,False,False,-7.426219504505956,0.4065830134715794,0.8430007575133767,0.07010458174424741,Dm_GLUT_confusion,0.07010458174424741,0.12,True,Dm_GLUT_confusion,0.07010458174424741,0.34914652231397814,0.9973537708425986,False,0.9973537708425986,0.999999993271446,0.9323647515728891,0.34914652231397814,0.8951423602162724,0.40649335223924354,,1.0,-7.569491319611121,1.0,False,Dm_GLUT_confusion,0.07010458174424741,False,False,,
LMa4,65,-0.0,GABA,1.0,0.0,1.0,0.0,0.0,0.0,0.0,1.0,False,False,False,-7.430699725049039,0.4065830134715794,0.8430007575133767,0.07010458174424741,Dm_GLUT_confusion,0.07010458174424741,0.12,True,Dm_GLUT_confusion,0.07010458174424741,0.34914652231397814,0.9973537708425986,False,0.9973537708425986,0.999999993271446,0.9323647515728891,0.34914652231397814,0.8951423602162724,0.40649335223924354,,1.0,-7.43239884230155,1.0,False,Dm_GLUT_confusion,0.07010458174424741,False,False,,
Sm16,68,-0.0,GABA,1.0,0.0,1.0,0.0,0.0,0.0,0.0,1.0,False,False,False,-7.6823161478132915,0.4065830134715794,0.8430007575133767,0.07010458174424741,Dm_GLUT_confusion,0.07010458174424741,0.12,True,Dm_GLUT_confusion,0.07010458174424741,0.34914652231397814,0.9973537708425986,False,0.9973537708425986,0.999999993271446,0.9323647515728891,0.34914652231397814,0.8951423602162724,0.40649335223924354,,1.0,-7.569491319611121,1.0,False,Dm_GLUT_confusion,0.07010458174424741,False,False,,
Sm10,76,0.1010669636121241,GABA,0.986842105263158,0.013157894736842105,0.9868421052631579,0.0,0.0,0.0,0.0,1.0,False,False,False,-7.707242938301076,0.3769918915842997,0.7999114853549688,0.07605787760144381,Dm_GLUT_confusion,0.07605787760144381,0.12,True,Dm_GLUT_confusion,0.07605787760144381,0.35569319700157154,0.9973537708425986,False,0.9973537708425986,0.999999993271446,0.9323647515728891,0.35569319700157154,0.8809376780808764,0.40649335223924354,,1.0,-7.36610826315915,1.0,False,Dm_GLUT_confusion,0.07605787760144381,False,False,,
cLP02,87,0.0905438532696429,GABA,0.9885057471264368,0.0,0.9885057471264368,0.011494252873563218,0.0,0.0,0.0,1.0,False,False,False,-7.807946039874136,0.3706786287079708,0.8434515746530671,0.04634088801370921,Dm_GLUT_confusion,0.04634088801370921,0.12,True,Dm_GLUT_confusion,0.04634088801370921,0.34914652231397814,0.9973537708425986,False,0.9973537708425986,0.999999993271446,0.9323647515728891,0.34914652231397814,0.9043342968087272,0.4002948992112402,,1.0,-7.901438052605039,1.0,False,Dm_GLUT_confusion,0.04634088801370921,False,False,,
L1,1167,0.9069407574590568,GLUT,0.7163667523564696,0.006855184233076264,0.27677806341045413,0.7163667523564696,0.0,0.0,0.0,1.0,False,False,False,-7.86523269703359,0.09933716829418732,0.8658846239920192,0.07960495505473413,Dm_GLUT_confusion,0.07960495505473413,0.12,True,Dm_GLUT_confusion,0.07960495505473413,0.12753956580944537,0.9973537708425986,False,0.9973537708425986,0.999999993271446,0.9323647515728891,0.12753956580944537,0.9930285415850167,0.1434141163793612,,1.0,-7.933108587649606,1.0,False,Dm_GLUT_confusion,0.07960495505473413,False,False,GLUT,True
Li13,67,-0.0,GABA,1.0,0.0,1.0,0.0,0.0,0.0,0.0,1.0,False,False,False,-7.883129944798063,0.4065830134715794,0.8430007575133767,0.07010458174424741,Dm_GLUT_confusion,0.07010458174424741,0.12,True,Dm_GLUT_confusion,0.07010458174424741,0.34914652231397814,0.9973537708425986,False,0.9973537708425986,0.999999993271446,0.9323647515728891,0.34914652231397814,0.8951423602162724,0.40649335223924354,,1.0,-7.55011888329541,1.0,False,Dm_GLUT_confusion,0.07010458174424741,False,False,GABA,False
Pm04,82,-0.0,GABA,1.0,0.0,1.0,0.0,0.0,0.0,0.0,1.0,False,False,False,-8.324179756932189,0.4065830134715794,0.8430007575133767,0.07010458174424741,Dm_GLUT_confusion,0.07010458174424741,0.12,True,Dm_GLUT_confusion,0.07010458174424741,0.34914652231397814,0.9973537708425986,False,0.9973537708425986,0.999999993271446,0.9323647515728891,0.34914652231397814,0.8951423602162724,0.40649335223924354,,1.0,-8.396319880573518,1.0,False,Dm_GLUT_confusion,0.07010458174424741,False,False,,
Li03,83,-0.0,GABA,1.0,0.0,1.0,0.0,0.0,0.0,0.0,1.0,False,False,False,-8.368120999451099,0.4065830134715794,0.8430007575133767,0.07010458174424741,Dm_GLUT_confusion,0.07010458174424741,0.12,True,Dm_GLUT_confusion,0.07010458174424741,0.34914652231397814,0.9973537708425986,False,0.9973537708425986,0.999999993271446,0.9323647515728891,0.34914652231397814,0.8951423602162724,0.40649335223924354,,1.0,-8.375394899958838,1.0,False,Dm_GLUT_confusion,0.07010458174424741,False,False,,
Tm31,107,0.0764242930955477,GABA,0.9906542056074766,0.0,0.9906542056074766,0.009345794392523364,0.0,0.0,0.0,1.0,False,False,False,-8.50468566454554,0.37600887968154995,0.8433669233938768,0.049435973491397125,Dm_GLUT_confusion,0.049435973491397125,0.12,True,Dm_GLUT_confusion,0.049435973491397125,0.34914652231397814,0.9973537708425986,False,0.9973537708425986,0.999999993271446,0.9323647515728891,0.34914652231397814,0.9025561741016961,0.4002948992112402,,1.0,-8.951838760506826,1.0,False,Dm_GLUT_confusion,0.049435973491397125,False,False,ACH,False
Li17,89,-0.0,GABA,1.0,0.0,1.0,0.0,0.0,0.0,0.0,1.0,False,False,False,-8.790300461365405,0.4065830134715794,0.8430007575133767,0.07010458174424741,Dm_GLUT_confusion,0.07010458174424741,0.12,True,Dm_GLUT_confusion,0.07010458174424741,0.34914652231397814,0.9973537708425986,False,0.9973537708425986,0.999999993271446,0.9323647515728891,0.34914652231397814,0.8951423602162724,0.40649335223924354,,1.0,-8.605189804812785,1.0,False,Dm_GLUT_confusion,0.07010458174424741,False,False,,
Sm05,135,0.1112410494829922,GABA,0.9851851851851852,0.014814814814814815,0.9851851851851852,0.0,0.0,0.0,0.0,1.0,False,False,False,-9.616406874569078,0.37447842919560664,0.7957350127824835,0.0768117220259453,Dm_GLUT_confusion,0.0768117220259453,0.12,True,Dm_GLUT_confusion,0.0768117220259453,0.35569319700157154,0.9973537708425986,False,0.9973537708425986,0.999999993271446,0.9323647515728891,0.35569319700157154,0.8809376780808764,0.40649335223924354,,1.0,-9.650415861807142,1.0,False,Dm_GLUT_confusion,0.0768117220259453,False,False,,
Pm08,117,-0.0,GABA,1.0,0.0,1.0,0.0,0.0,0.0,0.0,1.0,False,False,False,-9.757458898674903,0.4065830134715794,0.8430007575133767,0.07010458174424741,Dm_GLUT_confusion,0.07010458174424741,0.12,True,Dm_GLUT_confusion,0.07010458174424741,0.34914652231397814,0.9973537708425986,False,0.9973537708425986,0.999999993271446,0.9323647515728891,0.34914652231397814,0.8951423602162724,0.40649335223924354,,1.0,-9.957891864386635,1.0,False,Dm_GLUT_confusion,0.07010458174424741,False,False,GABA,False
Sm12,143,0.0601224488786351,GABA,0.993006993006993,0.0,0.993006993006993,0.006993006993006993,0.0,0.0,0.0,1.0,False,False,False,-10.306863301566953,0.38225453150675215,0.8432744261052165,0.05321629743002701,Dm_GLUT_confusion,0.05321629743002701,0.12,True,Dm_GLUT_confusion,0.05321629743002701,0.34914652231397814,0.9973537708425986,False,0.9973537708425986,0.999999993271446,0.9323647515728891,0.34914652231397814,0.9025561741016961,0.4002948992112402,,1.0,-10.458329702747077,1.0,False,Dm_GLUT_confusion,0.05321629743002701,False,False,,
Sm06,156,0.1117796081762559,GABA,0.9871794871794872,0.00641025641025641,0.9871794871794872,0.00641025641025641,0.0,0.0,0.0,1.0,False,False,False,-10.501436370370506,0.3662473551971932,0.8189674355348446,0.05713736657248938,Dm_GLUT_confusion,0.05713736657248938,0.12,True,Dm_GLUT_confusion,0.05713736657248938,0.3524253749640026,0.9973537708425986,False,0.9973537708425986,0.999999993271446,0.9323647515728891,0.3524253749640026,0.8989104199989056,0.40339949234587635,,1.0,-10.439314792671087,1.0,False,Dm_GLUT_confusion,0.05713736657248938,False,False,,
Pm05,145,-0.0,GABA,1.0,0.0,1.0,0.0,0.0,0.0,0.0,1.0,False,False,False,-11.269935763246082,0.4065830134715794,0.8430007575133767,0.07010458174424741,Dm_GLUT_confusion,0.07010458174424741,0.12,True,Dm_GLUT_confusion,0.07010458174424741,0.34914652231397814,0.9973537708425986,False,0.9973537708425986,0.999999993271446,0.9323647515728891,0.34914652231397814,0.8951423602162724,0.40649335223924354,,1.0,-11.147610591479634,1.0,False,Dm_GLUT_confusion,0.07010458174424741,False,False,GABA,False
Sm08,163,-0.0,GABA,1.0,0.0,1.0,0.0,0.0,0.0,0.0,1.0,False,False,False,-11.57970842357207,0.4065830134715794,0.8430007575133767,0.07010458174424741,Dm_GLUT_confusion,0.07010458174424741,0.12,True,Dm_GLUT_confusion,0.07010458174424741,0.34914652231397814,0.9973537708425986,False,0.9973537708425986,0.999999993271446,0.9323647515728891,0.34914652231397814,0.8951423602162724,0.40649335223924354,,1.0,-11.939872149062037,1.0,False,Dm_GLUT_confusion,0.07010458174424741,False,False,,
Pm03,188,-0.0,GABA,1.0,0.0,1.0,0.0,0.0,0.0,0.0,1.0,False,False,False,-12.21290042488898,0.4065830134715794,0.8430007575133767,0.07010458174424741,Dm_GLUT_confusion,0.07010458174424741,0.12,True,Dm_GLUT_confusion,0.07010458174424741,0.34914652231397814,0.9973537708425986,False,0.9973537708425986,0.999999993271446,0.9323647515728891,0.34914652231397814,0.8951423602162724,0.40649335223924354,,1.0,-12.644198757081133,1.0,False,Dm_GLUT_confusion,0.07010458174424741,False,False,GABA,False
Pm02,178,-0.0,GABA,1.0,0.0,1.0,0.0,0.0,0.0,0.0,1.0,False,False,False,-12.265007024902506,0.4065830134715794,0.8430007575133767,0.07010458174424741,Dm_GLUT_confusion,0.07010458174424741,0.12,True,Dm_GLUT_confusion,0.07010458174424741,0.34914652231397814,0.9973537708425986,False,0.9973537708425986,0.999999993271446,0.9323647515728891,0.34914652231397814,0.8951423602162724,0.40649335223924354,,1.0,-12.339406448836446,1.0,False,Dm_GLUT_confusion,0.07010458174424741,False,False,GABA,False
C2,1067,0.6585210121699702,GABA,0.8444236176194939,0.14995313964386128,0.8444236176194939,0.005623242736644799,0.0,0.0,0.0,1.0,False,False,False,-13.512458614181616,0.2765626044547435,0.6017296158789651,0.12757642092690538,Dm_GLUT_confusion,0.12757642092690538,0.12,False,Dm_GLUT_confusion,0.12757642092690538,0.3589500070123842,0.9973537708425986,False,0.9973537708425986,0.999999993271446,0.9323647515728891,0.3589500070123842,0.869755392419471,0.4002948992112402,,1.0,-13.867808733648202,1.0,False,Dm_GLUT_confusion,0.12757642092690538,False,False,GABA,False
Pm01,239,0.0390817549795327,GABA,0.99581589958159,0.0041841004184100415,0.99581589958159,0.0,0.0,0.0,0.0,1.0,False,False,False,-13.979425912679222,0.39380093329906257,0.8258683086436953,0.0719913362163963,Dm_GLUT_confusion,0.0719913362163963,0.12,True,Dm_GLUT_confusion,0.0719913362163963,0.35569319700157154,0.9973537708425986,False,0.9973537708425986,0.999999993271446,0.9323647515728891,0.35569319700157154,0.8892529731074809,0.40649335223924354,,1.0,-13.903839991960755,1.0,False,Dm_GLUT_confusion,0.0719913362163963,False,False,GABA,False
TmY15,254,-0.0,GABA,1.0,0.0,1.0,0.0,0.0,0.0,0.0,1.0,False,False,False,-14.79791203760827,0.4065830134715794,0.8430007575133767,0.07010458174424741,Dm_GLUT_confusion,0.07010458174424741,0.12,True,Dm_GLUT_confusion,0.07010458174424741,0.34914652231397814,0.9973537708425986,False,0.9973537708425986,0.999999993271446,0.9323647515728891,0.34914652231397814,0.8951423602162724,0.40649335223924354,,1.0,-14.680990334737503,1.0,False,Dm_GLUT_confusion,0.07010458174424741,False,False,GABA,False
Sm07,310,0.1123802766808458,GABA,0.9870967741935484,0.0064516129032258064,0.9870967741935484,0.0064516129032258064,0.0,0.0,0.0,1.0,False,False,False,-14.8373531589737,0.36604623286613513,0.8188421289211933,0.05708311729842514,Dm_GLUT_confusion,0.05708311729842514,0.12,True,Dm_GLUT_confusion,0.05708311729842514,0.3524253749640026,0.9973537708425986,False,0.9973537708425986,0.999999993271446,0.9323647515728891,0.3524253749640026,0.8989104199989056,0.40339949234587635,,1.0,-14.881285557923373,1.0,False,Dm_GLUT_confusion,0.05708311729842514,False,False,,
Dm10,479,0.0696495721898393,GABA,0.9916492693110648,0.008350730688935281,0.9916492693110647,0.0,0.0,0.0,0.0,1.0,False,False,False,-18.967473718245188,0.3851547195152094,0.8129444938544814,0.07387607692517603,Dm_GLUT_confusion,0.07387607692517603,0.12,True,Dm_GLUT_confusion,0.07387607692517603,0.35569319700157154,0.9973537708425986,False,0.9973537708425986,0.999999993271446,0.9323647515728891,0.35569319700157154,0.8809376780808764,0.40649335223924354,,1.0,-19.15658671139074,1.0,False,Dm_GLUT_confusion,0.07387607692517603,False,False,GABA,False
C3,1502,0.0401765858855493,GABA,0.996005326231691,0.003328894806924101,0.996005326231691,0.0006657789613848203,0.0,0.0,0.0,1.0,False,False,False,-34.55349677195938,0.39242889780995616,0.8288491903016169,0.06887913570043125,Dm_GLUT_confusion,0.06887913570043125,0.12,True,Dm_GLUT_confusion,0.06887913570043125,0.34914652231397814,0.9973537708425986,False,0.9973537708425986,0.999999993271446,0.9323647515728891,0.34914652231397814,0.8912483611043522,0.40649335223924354,,1.0,-35.40881255798065,1.0,False,Dm_GLUT_confusion,0.06887913570043125,False,False,GABA,False
Mi4,1526,0.0144394344231132,GABA,0.9986893840104848,0.001310615989515072,0.9986893840104849,0.0,0.0,0.0,0.0,1.0,False,False,False,-34.8167850301545,0.40149059830110473,0.8365396041661304,0.0706949510497754,Dm_GLUT_confusion,0.0706949510497754,0.12,True,Dm_GLUT_confusion,0.0706949510497754,0.34914652231397814,0.9973537708425986,False,0.9973537708425986,0.999999993271446,0.9323647515728891,0.34914652231397814,0.8932113338315887,0.40649335223924354,,1.0,-36.62296663737832,1.0,False,Dm_GLUT_confusion,0.0706949510497754,False,False,GABA,False
vDeltaB,11,0.94566030460064,ACH,0.6363636363636364,0.6363636363636364,0.0,0.0,0.0,0.36363636363636365,0.0,0.6363636363636364,False,False,False,-0.0835741485630375,0.23287898789701125,0.029669198282700815,0.9999999999971145,ORN_SER_confusion,0.029669198282700815,0.12,True,ORN_SER_confusion,0.029669198282700815,0.14293773057913772,0.999999993271446,False,0.9973537708425986,0.999999993271446,0.9323647515728891,0.9795811410520254,0.14293773057913772,0.9294191567714133,,0.5683715814209289,-0.14415834745926923,1.0,False,ORN_SER_confusion,0.029669198282700815,False,False,ACH,True
CB1008,13,0.961236604722876,ACH,0.6153846153846154,0.6153846153846154,0.0,0.0,0.0,0.38461538461538464,0.0,0.6153846153846154,False,False,False,-0.1642868013635753,0.24491398084077604,0.023719229276222692,0.9999999999971146,ORN_SER_confusion,0.023719229276222692,0.12,True,ORN_SER_confusion,0.023719229276222692,0.13016505276217782,0.999999993271446,False,0.9973537708425986,0.999999993271446,0.9323647515728891,0.9754044605139015,0.13016505276217782,0.930163412576105,,0.6671666416679166,-0.19032261115889534,1.0,False,ORN_SER_confusion,0.023719229276222692,False,False,,
vDeltaC,10,0.8812908992306927,ACH,0.7,0.7,0.0,0.0,0.0,0.3,0.0,0.7,False,False,False,-0.2364178305385952,0.19828252942752977,0.05236407602694046,0.9999999999971145,ORN_SER_confusion,0.05236407602694046,0.12,True,ORN_SER_confusion,0.05236407602694046,0.20430493447279285,0.999999993271446,False,0.9973537708425986,0.999999993271446,0.9323647515728891,0.9795811410520254,0.20430493447279285,0.9294191567714133,,0.6917654117294135,-0.2585582731361243,1.0,False,ORN_SER_confusion,0.05236407602694046,False,False,ACH,True
DNge094,10,0.8812908992306927,ACH,0.7,0.7,0.0,0.0,0.0,0.3,0.0,0.7,False,False,False,-0.2501946263967551,0.19828252942752977,0.05236407602694046,0.9999999999971145,ORN_SER_confusion,0.05236407602694046,0.12,True,ORN_SER_confusion,0.05236407602694046,0.20430493447279285,0.999999993271446,False,0.9973537708425986,0.999999993271446,0.9323647515728891,0.9795811410520254,0.20430493447279285,0.9294191567714133,,0.6917654117294135,-0.2585582731361243,1.0,False,ORN_SER_confusion,0.05236407602694046,False,False,,
LB1a,10,0.8812908992306927,ACH,0.7,0.7,0.0,0.0,0.0,0.3,0.0,0.7,False,False,False,-0.2729577331249284,0.19828252942752977,0.05236407602694046,0.9999999999971145,ORN_SER_confusion,0.05236407602694046,0.12,True,ORN_SER_confusion,0.05236407602694046,0.20430493447279285,0.999999993271446,False,0.9973537708425986,0.999999993271446,0.9323647515728891,0.9795811410520254,0.20430493447279285,0.9294191567714133,,0.6917654117294135,-0.2585582731361243,1.0,False,ORN_SER_confusion,0.05236407602694046,False,False,,
FC2A,10,0.8812908992306927,ACH,0.7,0.7,0.0,0.0,0.0,0.3,0.0,0.7,False,False,False,-0.2874274513197691,0.19828252942752977,0.05236407602694046,0.9999999999971145,ORN_SER_confusion,0.05236407602694046,0.12,True,ORN_SER_confusion,0.05236407602694046,0.20430493447279285,0.999999993271446,False,0.9973537708425986,0.999999993271446,0.9323647515728891,0.9795811410520254,0.20430493447279285,0.9294191567714133,,0.6917654117294135,-0.2585582731361243,1.0,False,ORN_SER_confusion,0.05236407602694046,False,False,,
ORN_VM3,23,0.9876925088958034,SER,0.5652173913043478,0.43478260869565216,0.0,0.0,0.0,0.5652173913043478,0.0,0.43478260869565216,True,True,True,-0.3590233242489027,0.363603632813544,0.03134595461697629,0.9999999999971145,ORN_SER_confusion,0.03134595461697629,0.12,True,ORN_SER_confusion,0.03134595461697629,0.08200031470486058,0.999999993271446,False,0.9973537708425986,0.999999993271446,0.9323647515728891,0.9796701766485089,0.08200031470486058,0.18582123535097705,,0.6742662866856657,-0.43281766332394317,1.0,False,ORN_SER_confusion,0.03134595461697629,False,False,ACH,True
ORN_DM1,31,0.9932338197397066,ACH,0.5483870967741935,0.5483870967741935,0.0,0.0,0.0,0.45161290322580644,0.0,0.5483870967741935,False,False,False,-0.542561467317814,0.2856010698333088,0.009332497991762959,0.9999999999971145,ORN_SER_confusion,0.009332497991762959,0.12,True,ORN_SER_confusion,0.009332497991762959,0.06369477997782724,0.999999993271446,False,0.9973537708425986,0.999999993271446,0.9323647515728891,0.9795811410520254,0.06369477997782724,0.9271547007402585,,0.6939153042347883,-0.5777259626817977,1.0,False,ORN_SER_confusion,0.009332497991762959,False,False,ACH,True
ORN_VL1,30,0.9182958340544896,ACH,0.6666666666666666,0.6666666666666666,0.0,0.0,0.0,0.3333333333333333,0.0,0.6666666666666666,False,False,False,-0.9147231270845108,0.21605339536902773,0.03956896453708954,0.9999999999971145,ORN_SER_confusion,0.03956896453708954,0.12,True,ORN_SER_confusion,0.03956896453708954,0.16797793556142215,0.999999993271446,False,0.9973537708425986,0.999999993271446,0.9323647515728891,0.9795811410520254,0.16797793556142215,0.930163412576105,,0.8150092495375231,-0.8776453330480124,1.0,False,ORN_SER_confusion,0.03956896453708954,False,False,ACH,True
ORN_VA1v,60,0.960362270315478,ACH,0.6166666666666667,0.6166666666666667,0.0,0.0,0.0,0.38333333333333336,0.0,0.6166666666666667,False,False,False,-1.2116226830461363,0.2441692231690468,0.02406234007903353,0.9999999999971146,ORN_SER_confusion,0.02406234007903353,0.12,True,ORN_SER_confusion,0.02406234007903353,0.14293773057913772,0.999999993271446,False,0.9973537708425986,0.999999993271446,0.9323647515728891,0.9754044605139015,0.14293773057913772,0.930163412576105,,0.8874056297185141,-1.1904627740841294,1.0,False,ORN_SER_confusion,0.02406234007903353,False,False,ACH,True
JO-A,32,0.7578784625383954,ACH,0.78125,0.78125,0.0,0.0,0.0,0.21875,0.0,0.78125,False,False,False,-1.663814530065025,0.1581136861635858,0.08987383998185772,0.9999999999971145,ORN_SER_confusion,0.08987383998185772,0.12,True,ORN_SER_confusion,0.08987383998185772,0.4121969274061503,0.999999993271446,False,0.9973537708425986,0.999999993271446,0.9323647515728891,0.9795811410520254,0.4121969274061503,0.9309024179207822,,0.9477526123693816,-1.6618348899405544,1.0,False,ORN_SER_confusion,0.08987383998185772,False,False,,
